"Pre-2023 literature","Post-2023 literature","Qwen3 — overall","Qwen3 — novice","Qwen3 — intermediate","Qwen3 — expert","Gemma — overall","Gemma — novice","Gemma — intermediate","Gemma — expert"
87.1787666725026,110.29380533874,30.6991644093435,21.9540913870449,32.1225048756879,55.8223691001139,29.011564939108,20.8809248701925,28.4797224435796,48.3081578899772
84.7385020817458,108.805133805849,30.776045795428,19.5331191523622,28.3816261134781,60.246343509462,28.4758582106345,20.7354629523761,31.076259860053,48.446850272151
88.7541767636356,111.530633833202,30.7353054912756,21.1394012398681,26.9939542452433,61.528983192108,29.5211284543232,20.7487622838118,29.5682653277875,40.0023990309069
87.6604630148712,109.315350284719,33.063521731399,22.0183983208349,28.4532564221832,61.0109175704951,29.2431074834372,21.2184644699792,28.3777515315282,44.9758689129889
88.7101363531636,111.330073477367,31.9556594953013,21.3077113335446,29.8100441416918,61.6163124915118,28.4098491546368,18.7195076568045,27.8314757663432,48.3321453055364
89.0858505041321,110.572075752678,31.2115381455848,21.9478575441199,30.4955946063594,65.4594201772119,27.0425744892869,21.4900789995598,30.4249308586641,46.4880983534334
84.9661370871414,109.261634175346,28.9456292603491,20.7702725627685,31.7084332879552,61.6538550632675,27.8137977917796,20.8666121338277,29.059345240812,46.1072499145259
88.950308026069,110.888747153928,31.0679373027797,20.9141249631549,29.4362976721534,58.4456973980454,28.6468421376394,19.1965156696853,28.9539581923431,46.0924458630066
85.7540461664647,111.832814936703,33.5631775687595,21.2484691986952,30.2073311312027,62.9554942573045,29.1429284338055,20.8751662052536,31.3621595481454,48.6985767843645
85.6810497332464,112.019898309004,30.1428145799236,20.8670960311747,29.6244651230938,61.2341402655385,29.2756791986747,20.4442150560827,29.7491437387203,48.6169599065384
88.232651063554,112.239083714346,30.3433993495422,20.3396319786361,28.5206345033196,62.4870635682826,28.6237593603085,20.4161072432056,27.7759491197782,46.9637465853339
86.9871385848037,111.639759629038,30.5514702357387,18.9438505360117,29.0779676021258,65.5376327069962,28.1463853699289,18.7656474205947,29.7584572371313,46.245223860988
87.5169237176196,112.898463777104,31.0038653106942,19.7772172774453,29.8566600636021,58.8775875269012,29.1229131000028,20.7043290243186,29.8613789992159,47.9148864924533
89.5809084031991,112.486901380993,31.2130827267101,22.1095674657281,27.2222110616061,61.2602773843845,29.6116433418991,19.5838758540779,27.6344980688108,46.8808481328829
86.4170129627137,111.304685254581,32.3561938587134,21.7773218125351,28.6111785757842,63.8560184952368,28.6533043883569,21.9553916411485,32.4132107543799,46.3088367222891
85.294773137054,112.461129373406,31.8672466746917,20.1205209695652,33.2817723456309,58.9332123315944,29.1603526538248,19.84206703365,27.5499039623656,45.590607845035
86.6260419393413,111.113831171518,32.2968245162346,20.3949784149521,30.812785459924,60.2900376054538,29.1124567004701,21.3163978668271,29.5284479303502,46.6234061432956
88.4854216623702,106.328284147242,30.4120758269463,20.8689411593275,30.2432236938229,59.6844404608609,28.4440778262614,20.6926455719015,28.2856999456647,45.4003236992324
84.5513441511302,111.879824707142,31.5688605111166,20.9069788792181,31.964073972443,60.3216525490753,30.4446989112609,21.2383723131787,30.1429885734578,49.7203505090694
89.4398889547442,113.280336293704,32.404254220265,19.6572657238806,30.3550811975481,59.5131879720336,29.6582544103107,21.5584787978383,29.8264656957462,46.7872179407418
87.4882588973985,111.238808888856,31.1372217435372,19.5595971589627,30.9020756210187,64.55386497582,27.7513797128074,19.4682578801187,29.1940869538069,46.6224607910304
87.2646769438819,109.682650992565,30.9486847321403,20.6710499268914,29.7221294507436,57.4206258532246,27.4532348986531,21.0023691138092,29.67649730974,47.7375352687057
87.3812248182367,112.579477076488,30.9076176556412,21.3111106260729,31.6082155874369,61.9484377275732,27.9846473175696,21.8256338575371,26.9893682447016,49.2248398326102
87.5579045447095,113.18532757197,30.6180996422821,19.892548794434,28.9319010062941,61.8653307304126,27.9843805621753,21.0817563687845,28.8404233579895,47.9161204963643
88.4093954287429,105.898165807589,29.6479829158679,21.1948768783252,28.9261553392848,61.7338563944932,27.9059802761955,20.2998465812662,30.9879166284763,46.6471228979958
84.768308863095,111.483828064759,31.1245786204621,19.7101411529535,29.6233572162402,62.1499052225334,27.6461398020531,21.4480417066124,30.0344588530689,47.3856537832799
89.7176912391333,109.758480166273,29.31923020683,20.3690985768315,31.0249143305148,59.5083006342873,29.670295448531,21.5219755336549,31.2932103547861,45.0918290731796
87.484522438566,113.558971040946,29.2475117768152,20.9085416745603,31.912742471433,59.8871103039407,28.2358346868931,19.3468875581383,29.6013121376459,45.9034968766762
86.3243895937234,111.164375890783,31.7262161418986,19.9921856439575,30.3524945123399,61.469079278309,28.3908873925142,21.1060871026384,32.4025053045692,44.739214461463
89.0368269281632,110.811324682212,31.0232938632342,21.3215388903713,30.8881239518406,61.6576452834956,28.2997017850777,21.0341644796721,29.670943519945,46.9933213370187
86.5823318873702,113.405328291928,30.2275939262157,20.7410413572975,31.6042509466406,58.8502170042734,30.6603269394143,20.1113671855027,28.5998376339597,46.522154374454
89.9117604367125,112.396936072147,31.6502097416598,22.362940726513,31.8198676389959,63.006667993547,28.5977150806768,20.6959005131644,28.762381674809,48.9490123932728
87.9089104220398,109.464170572394,30.2987824878208,21.2256032933038,31.9810720991767,62.5554509591789,28.4891122856137,21.1023745352357,32.0040033392183,44.5170683501781
88.0680419569883,110.91553900283,31.6959945731855,20.3516978266788,31.6759300192321,62.3566801832599,28.7190796080154,21.1661792477911,30.6425960684824,47.5952830321213
88.3723357872495,111.131000735279,30.4568211611263,20.4027029959412,31.3867452029605,61.4421408879625,28.470447230167,19.8931419176195,29.1659546194656,48.0766340164417
87.1121266552502,110.274338623363,29.3921134233658,21.4718525374669,28.3439280473232,64.2068211441216,28.0212805149108,17.3867793093813,29.2608852549782,47.8314090772289
85.723046626773,114.420759926177,31.8237268969022,21.1660746633666,31.4135699357339,62.5003939997648,28.2144955889392,20.1580193819621,29.2657600122959,49.9272055694545
88.2484730201851,108.285671883638,32.1347664203472,20.233529070938,30.3117256700968,62.0810517840724,29.0457410692563,21.1161374424554,28.1931706142476,44.4840533311994
87.9293483504883,109.647918628874,31.2018166131504,21.3596974627106,27.9873038928673,62.1834881806667,28.1047846501501,19.4703365811181,28.2466746487491,46.3331463609726
88.7912842085566,110.502639749224,30.1862699179887,22.4898824528406,30.5400042070273,58.6190977676562,28.8741348441556,19.7477068558004,31.5027700530633,47.435154662423
86.8521128324926,115.491368308397,31.9613676922116,22.2296848301952,32.9757091987071,60.8614813918564,27.4942893730452,20.7911799392343,29.8730024011118,47.9212175178268
86.5390991405048,110.309132812576,33.1898858302361,21.7448999369131,29.5594277685686,57.8999408679347,29.6158299141609,20.6837830504859,28.697303051156,47.5678988335483
87.7879997558962,109.444991200084,33.2339467476455,20.2800443517009,30.4647672100589,55.9449161462769,28.143135980059,19.8815683834153,29.5863381285758,46.7606477495162
84.7822861483196,111.872586365236,31.4547512932409,20.897930092322,30.256896477521,61.8997801820006,28.8762278772325,20.9698432411445,27.7825484589071,49.3729764416959
85.2222115143959,111.567226311599,31.1762822897598,20.2083930974312,30.5198645779319,59.4412733931704,27.4472844218619,21.9714666387691,29.5100299952578,45.2711968180598
88.8918134108596,107.240013399138,31.5209570028701,21.4138358747034,28.6757961518633,56.5664704084866,29.360954714535,20.4953913857509,28.2138719456162,45.5498961005338
87.0812586468409,111.953074878989,31.5518754112393,19.757011063948,28.9927604713553,62.1352739110701,29.5319165656444,20.3171971523601,27.9075377070671,44.3519529002497
87.1164114447974,113.445078575398,30.5608993232991,20.5864047158789,31.0282865155813,62.7988741157344,29.2121431015486,21.1568317953942,28.6924477814593,47.0248168677832
89.0931360550885,111.484568818153,30.9406314105473,22.3432096350886,28.5287693710009,57.88834555378,28.4610489593227,20.2737603559249,26.3477828638945,46.8153096402377
86.0008298427996,105.457567259435,32.3263455807335,19.8732973721411,31.8332346465469,57.023568767447,28.0999794719357,19.4065328480812,30.2865225946,50.129393441094
87.7589449211475,111.018809911527,31.6278227223284,20.3857932000188,29.5124157456049,58.8607228791604,29.1288365837698,20.4866478889925,30.3525107884624,45.4772998810664
87.5930038972522,110.995226371,30.7464335063503,21.9807448301319,30.5619611084059,64.2968959492175,29.2804265184885,20.8937600804701,29.5532707269179,44.4629738542495
88.0575879946022,112.461064231002,29.9402340721802,20.8748199564169,33.5681614873466,60.7048755481427,28.9036238399856,19.1654211413598,27.8118159135943,48.6170258320405
89.9794062320996,109.490897044269,31.4068451368796,20.7205966580685,30.4060843172075,60.2266494936375,29.8298977100753,19.0372632241897,30.1669392604361,45.6943306988358
89.2569642579816,112.014116563843,31.2326522501112,20.1945767055137,31.3699197501154,58.8937955631596,27.4425104624909,20.9994761893956,29.7001581429572,48.9372088752754
86.9830012978802,107.98835356238,30.7961913511084,21.1245884160553,27.3815094223464,59.9054016491896,30.4820748702955,21.8865744020977,27.1188410980572,48.396421347946
86.4365536374129,109.605131868031,31.3200950763843,21.9219069024556,28.4185953611317,57.0780082589681,28.665422385535,20.8888102572855,29.7000532924437,42.5733971211653
91.4327246043616,112.30765297021,31.3377805664226,20.6108909785117,32.2861519173616,62.5485955896648,30.1558332153223,20.1983697878866,30.0318394614701,47.4197554448553
86.0753341614477,112.465732877076,31.6691769219164,20.2811879492102,31.3344731807734,59.7255681723367,27.8990493939296,20.5742174085649,32.7671231201553,46.9845054572444
88.8461336071216,109.05347526878,30.2821413780603,20.8951109897178,27.6613709458357,64.8663836568329,28.7825942677178,21.3471755514221,28.2435965840586,49.1152791083828
86.6103733933622,113.147597496121,31.5972434086553,19.5807916250889,30.0580348666174,57.7426778608954,29.0424241349298,19.8400463835717,28.5518260574398,47.6189019650515
86.7364586531481,116.84760927568,31.0370778976678,20.2621608315249,30.985797644516,61.9887581436404,29.5350297999972,19.0370840275226,29.1029308284203,45.7033451486181
89.7856060361395,109.016054061669,31.8901160272974,20.5127754106579,29.2596139992613,60.1515347336012,28.4252665609599,20.1531936089858,28.996532488775,41.854361320745
92.883366717827,112.313528769791,31.0295821285695,21.0233688121528,29.7808416311569,59.4080239051536,29.121655948479,19.8239123012692,29.5091639390725,44.30938875934
88.5323026731388,108.937949837173,30.064229170228,22.302471953132,29.9926212323789,58.5777696652045,31.1106911383711,19.6460505822554,30.7654419991945,48.1157170192236
84.691964134003,110.081651655266,30.1189197643291,20.3670431678361,31.6207009294364,58.1959352204576,29.136258255794,19.6603905104685,28.2087467201089,46.552286653535
88.6546801869832,110.912151487142,31.940762335771,20.2571976290546,30.4245719494344,63.4496536126387,28.0772097650043,20.8424291034356,29.3432483800255,43.6221004020066
87.7251807503377,109.229581979994,31.2365704972418,21.1823278645728,31.1259934249325,62.2733063471285,27.7741563057979,20.4494474642147,30.1460194676483,46.5129298838053
86.6589861990296,111.134988488994,31.4017499787204,19.8486951019407,33.1912483870518,60.0198824309942,29.0294277412824,20.540114449747,29.3956621235578,45.7395085604784
89.4544844651966,109.83877844689,32.6305577413374,20.8125870762821,30.5034899597835,62.0295370407427,28.1694029614904,20.3385992863089,26.7309287095783,47.0438667015952
86.935121782704,112.906883130773,33.0720190034189,20.9325823182686,29.3628429507474,62.7607335289368,28.2193723183539,21.7462169732833,28.7447063705474,49.2124140126335
88.8215986729584,113.381125797638,31.3972564943345,22.1188550072734,30.9188657905854,59.7479591966171,29.8879060065191,20.9615994741027,29.4444029880735,41.0050227561842
86.2064161294199,113.90602099818,32.4427261656119,19.3922251832381,30.1366754819395,60.6749738540171,28.6528294471344,21.8295171352996,29.5232757794379,44.7105385998769
86.8366855550192,109.770713325485,31.5093214787104,20.6296131832671,28.6474787832627,60.4225611436677,28.88444316892,21.2553789981522,28.4557514222081,42.6388752312657
84.7162828316619,110.34500168649,30.9196069396221,21.794818749045,30.4393449182536,60.1164988962092,29.8369049664061,20.2168331027044,32.9044230814035,48.3650770225242
84.1050800608219,113.082817954671,30.7987548922373,20.5728874793019,32.1663482193114,59.2591723468107,29.2437570548934,20.4887046755002,28.2166533276438,48.4085112186941
92.4787883004438,108.570994100643,31.6262130699683,21.8701324942865,28.0720522016824,60.1420018593037,29.0875014365068,20.9621087711619,27.2783636752754,47.7447881277651
87.7608143509369,107.70604964971,31.2612880940505,21.1585456384463,28.341655451099,59.4384643160119,28.2275206992004,21.225886785979,29.2400924296281,42.7973402159798
84.476484807975,112.511070232241,30.5778453296663,22.4802661234507,28.209872582515,64.7299332272396,29.7295598203584,19.6116443556903,32.8801184744984,51.4046452820165
92.06379489786,112.310465010277,30.8695352855574,20.155612890053,31.5588503956193,58.5103740874751,28.5210035758176,20.6881912111335,30.7530547806724,45.9318243853139
87.9624444307697,107.141492007219,30.9083055959431,20.4447997727475,31.5238824703835,61.616911122547,29.0345791817623,22.3465360138716,29.8488735179995,45.4454146094595
86.0018786252234,110.920572464079,32.0304281205648,20.8509639488462,29.0894650558409,57.7258226753477,29.9579697099695,21.6521495076642,32.3668145400987,45.8149849607173
85.9564105638562,112.509273442783,32.3950749456309,20.5906440483965,32.3903671373865,60.5228858923187,28.323572123596,20.3938344499118,27.2274001028809,46.680077646364
88.6493109604116,111.498237103196,32.5538998594857,20.7824771352606,29.9827007228368,60.6880898026997,30.0459139451572,21.3682795575298,30.5653593584761,49.4654410680591
87.6207470476518,109.2461662902,32.2149996533623,21.3144844913106,31.1970931426748,60.834437660659,29.0896275452857,21.9617532300243,30.8869923318463,44.5769613823792
84.7390493317185,111.552302209711,31.5271647031364,20.2730631073482,32.8251779049671,63.8853014313095,29.279354038397,21.1401106623753,29.6396894068126,47.3750767863211
87.5547013998428,112.121846590871,32.568397358917,19.7118439267886,29.5764735052849,60.5961403653124,28.8182805955137,19.451216254896,30.5968252839264,42.4455391244477
88.0795595849636,113.366983288565,32.9171400239819,21.9853230907784,29.440453297021,59.898408535553,26.7698974836018,20.3718155388404,30.0338063832857,46.8518766100058
90.4764063475635,111.328553858247,30.8772257232563,19.9228965482167,29.1633728893967,60.3315366904937,29.5041682891662,20.4584170345267,27.6076385815986,48.8587529968675
89.9027381064469,110.244798127967,31.9563921172355,20.72216349994,32.8587125083663,60.4133321293556,28.3598128598089,19.9243634110376,29.8804301676684,48.1539005914825
87.1777075733171,112.994671902635,29.5458624519102,20.1760585353529,31.8780052044205,63.8976372883643,28.0604418313183,20.5251289551383,28.9076891027008,47.0629131092244
85.3307620816822,107.851776002916,32.3189944483891,22.1653473860617,29.6490445830835,57.722878027103,29.2085455610498,19.5003501060591,27.2143089391458,44.5247548569438
89.3526225587821,106.546470499278,30.7337802386436,19.8066997615672,30.7993576967323,61.23751822339,29.6860247264061,19.7337342057526,28.3679807161972,49.5834158984654
87.1201773889798,110.853557948549,32.1134220453261,21.0437319605669,27.6020719629836,65.7087244158598,28.6406368234385,21.5829252074216,28.7548940874159,49.7945397783414
87.4605813324707,107.344596507249,30.9385814400584,20.8696612764282,31.5672430973981,62.0581369121478,29.5567633951717,21.8904706879606,29.3279724731909,47.0977147156641
88.4060669934538,110.49021549155,31.3017187873587,21.7353674266261,31.1227550111893,58.9710177278871,29.5634544751752,20.0264037176255,29.5285350505041,47.5870702990618
89.8147090995917,111.564210382643,31.8235075526276,21.6707017093576,28.3384426354619,62.7863590727599,30.277853230991,21.8019889794396,28.9770780247071,43.1274215586833
88.323942419728,109.995063710646,30.828942117093,21.7282782951675,30.9635121523251,60.6979735889339,28.858709622808,20.853158831731,32.1986593255313,46.3926920225242
88.9046650296157,112.782422371276,31.8230583191051,19.8223544171018,29.1037423574238,56.6618065905729,27.8366485413118,20.5448742460595,30.2785742116178,44.7964209056202
89.3298412049519,111.160413802413,30.9825246874891,21.2513683704043,30.6120129702898,63.1023656557067,28.7323122860992,20.5195677353677,31.2336646181664,48.0630753267825
86.6838984701528,111.428248545014,33.1363614800051,19.0688395740978,29.7883444921572,57.4611960382842,27.7966802746657,20.8149047431932,27.8611691066862,48.2614506712653
90.6949428788132,113.344354663568,31.9221356374948,19.7711328644493,32.0949444632097,58.8912024284482,28.8918691384194,21.2074291727807,30.3798562819197,45.9089077522742
87.1926693254485,112.186739216029,32.141212650967,21.0258840355296,33.5762191684826,60.9856385683573,29.1001887475104,21.002069942854,29.9787023311865,45.5315431598162
86.0071796990711,108.546040314199,31.3005543282771,20.5554645672892,30.2148281501795,58.7122422705221,27.2361881519591,20.9952574084163,27.4486717565932,47.5826489021889
86.9243029758689,108.806221420302,30.5741479619377,20.4286208367571,28.573955586002,63.8510559237126,29.3333197538608,19.9973458763707,28.3963510592521,45.8370775875068
90.9116204788598,109.8236931317,32.1961968630499,19.917375443426,31.9030129399725,65.0395375257267,29.1416681733396,19.9446919650299,28.4367684721926,46.5690329157209
91.2458294317335,110.935596577244,31.8819144026968,21.5507831174077,31.1968389826593,61.4147364415852,28.1601039308348,21.134440700149,28.6256058075441,44.9080092137384
89.8834307811539,112.992785547616,32.021062900678,19.2381315925549,30.1563934838897,62.5888159903969,29.8542315733646,20.203243441419,30.165935975322,45.6973240320341
87.131639410293,112.488789200785,31.6864872109852,21.4013066935257,32.026739819233,65.3488094496075,30.117146568368,21.1039746358745,29.7503832601294,43.5080987117618
86.5966003041747,109.304441093422,31.5105549453971,20.6539739806309,30.0985457506029,58.7170650349705,28.8019116355881,20.3183112776575,28.7234071896174,46.1372500620729
86.9621150247897,111.046331061624,30.2835121720223,20.4503614859209,30.2375229325791,65.3055871233675,28.6592045670323,22.6572971809064,28.3862261291883,46.0446835829636
91.1952034072737,113.777559179923,33.9491861113278,21.1854373641255,30.5100255227598,64.8721464346761,29.0353307020109,21.2399795053312,29.1400414235489,46.682372584043
84.6864775184833,110.943255055504,30.626420890464,21.2180911026452,28.986040311524,62.1836097235564,29.3731827441052,20.5407033501108,30.3413546133992,46.7407010843665
92.423859315824,113.267981528285,31.4063924469823,21.6752973941711,30.5066635839604,56.2497849619233,28.6189226865274,20.24196425343,29.3905613365525,45.4670219551698
87.3266351920042,110.046458863268,29.7831766295003,20.7367936389668,31.3738451025746,62.2162634356174,28.7705402571794,20.3781017993187,28.7875213069793,45.5888332631319
88.198215387034,109.659117231534,32.5631321784302,19.5545419164262,30.577422686529,62.8396171000672,27.2774209878079,19.4370585614926,27.2560767692856,47.459616420373
82.9842692904503,112.864494666471,32.5845889925793,20.6082470138298,27.401353916522,64.4831934052769,29.1515954549324,20.2253036667705,27.7130410503335,45.5226910898838
89.2536129121694,111.759995806548,32.0136716720454,20.7842715874226,30.0086496152029,58.0392230368662,28.5615154510044,20.9807253915464,27.7866312992012,49.8349755797695
86.8717680364572,109.801953838303,33.3476396904786,22.3060782201898,31.6860703672203,60.289441314087,29.0060688158504,20.7162670075626,30.5196260299824,45.0550701707308
86.3627023808358,114.286762194946,31.1088447138858,20.2149131134032,30.2663423534653,60.8465684035348,28.6298881049355,19.7782063422724,29.2196987736162,42.6000739886919
85.7180713072461,107.916118660359,32.2820467345548,20.5776178404154,30.8437938839723,63.0422632742653,28.2284996738444,21.166915296049,29.2052331978058,46.2619866901962
86.4956143764081,111.065928319107,31.0316656908521,20.1833012178401,28.6809822143288,56.5527759382873,28.089661600482,20.2001166488307,30.5877265161724,45.8088109607656
89.2186948359627,108.154355438196,32.4015026163956,21.8228433580238,30.4072775567178,60.6354255373595,27.9042709920432,18.7366438541672,31.153973909236,49.1823237204605
89.875120546576,114.654768797187,31.8037490205623,19.7997190890979,30.8106597317831,61.4831378607249,30.8433677827341,20.3180203935538,28.5372430500358,45.8942723748598
86.14787198591,108.413519963914,32.8713332153978,22.3900174347879,31.1424148371457,60.8197034849379,28.5803576829824,21.7993230509379,28.779086301454,46.5866600252628
90.6028347032228,109.391328852373,31.6898775401106,21.8345035088591,30.476344923647,62.8664971853776,28.0231365595029,19.8370828223414,28.8959299340995,47.4029191867857
90.6528524163552,110.333048472314,31.2221230075942,20.2370860471182,31.6993302338376,57.2644140501652,28.6415813991293,20.7736901329585,29.0661371267046,48.4537397559842
85.9120584118824,110.426381363021,30.7338016289456,21.3317665534057,29.7620319214888,58.4303874429065,29.375305690567,21.2181047332551,31.1297798103485,45.1002517620125
89.5795242024262,111.449989986507,31.73335494678,20.80527841324,30.0020915774276,61.6376108283433,29.0820581269862,20.9944474072282,29.3517138737999,47.1196621317101
89.0757137577622,110.860106224673,29.9237308324547,20.2918064247157,31.6859485845492,59.8345925820821,29.0036325459817,20.7445742102841,31.2162700588587,45.3766434890776
89.9813985731274,108.433886507442,31.6666037742979,19.9186771989777,30.2897973589689,62.5645017357288,28.7997946379224,20.4301861078734,29.6304127250997,48.5223669868952
88.901751701629,108.643740093847,32.8491398415984,20.2220085835884,28.1919858474053,65.959129229294,30.5295823444629,21.1040135557164,30.4456578221919,48.2535634344014
85.8634958906098,110.869013559935,31.2733316705412,21.3888163121087,30.8301117918027,59.9257980277847,29.0019707743843,20.706097286891,28.2602531893607,47.6871243380114
89.4920692620588,111.915250303672,31.6993700146363,20.7413337822785,30.4767343760874,61.1659807038357,28.4870921853282,21.3747513875602,30.048884600452,49.3831677012064
88.5931673060168,109.434797365564,32.9097751798785,19.5726925809131,30.2980432069124,59.1507540438247,28.4120239535776,20.8554541680498,28.2490456265825,46.5321003191098
86.0237096985936,113.751101353877,31.5394376384457,19.2448496278049,31.7661574814786,57.3068684727452,30.2622474924352,21.7193376588114,29.3515359486235,47.7273517465888
87.5587753484143,110.199616975651,31.1071646397916,19.6734249479521,30.095867431782,60.4582401972183,29.5170106305075,19.0630001326832,25.9308140741386,51.9613682748777
85.4802638178471,114.505779984341,30.8614744509774,20.5249907214223,29.4912202121313,60.7866975841454,28.8476682176115,21.1539128116042,30.8043265159796,44.8689412672318
86.0971404004697,111.529000414408,32.5092941936411,21.0766339861049,32.2251244504675,58.3682755009256,28.6132502963927,19.1215469333101,32.866975492593,46.7737030346678
88.0120308051536,107.291425018621,31.4698948159564,21.4430038994704,31.3635809408749,65.004542118928,28.4104875721899,18.5562102994474,28.7481354204666,48.1794342600035
86.2853214095748,116.494855242434,32.3357160249722,20.4367446908334,28.2915385828525,57.0563794718327,28.4181170164563,20.1676154742973,31.0003458824546,48.6124453665619
86.2209681641369,111.800019996798,31.5125954649315,21.4066318016754,33.7722433119044,57.1577028472506,29.0053496325125,19.6525139670839,28.056097680195,47.539976874272
85.1264708744752,111.327925490954,30.1449327173713,21.3192199768054,27.9155336326327,61.065172465416,29.4949799696712,19.8969978726866,28.2955300111624,44.4591449537321
89.8616449441237,114.264109714854,31.4420066070412,22.2330659947056,33.0692860691896,58.3982624165193,28.9603836659833,21.5375938704695,27.972955195155,47.6195202876198
83.5691008937889,108.532578016557,31.1947413676276,20.5328684468445,31.239190212889,60.6890433741378,28.2527457716012,20.0100835541117,29.255665384039,48.6731798443218
87.1906402135959,109.012858650827,30.5374647898161,20.4968618430414,30.0001014749494,62.4974202612133,27.9555379410111,18.1044561687617,31.001039106457,47.3312442684925
87.2178395949877,110.70528705857,31.3939809110012,20.5149558001181,33.4378437337303,60.6994642180834,28.479666086401,20.6780727888644,28.7295018042678,48.2814829238228
87.0035416838637,111.16062720888,31.8381352125859,22.3512266156146,30.2852857981942,61.4394267594822,29.248421876336,20.2781713651856,27.7246389855475,45.7726756438714
86.6353295593405,113.133048209907,32.2106693744185,19.7613221637927,31.1279082587167,57.8161238590858,28.5016249457153,20.160777134072,31.4773828074276,48.9122176995479
89.3576473272233,107.423824832801,31.9127881497175,21.2952923948983,31.5200642191798,61.9403314501327,28.423617753126,19.2773515272555,30.7460995915253,47.252279639559
86.7412165611996,112.300611919043,31.3555040041698,20.5660608520996,30.3002013179547,64.9943881908097,29.0992531202403,20.2674675908043,29.9602955853769,47.7522298482133
87.27915110768,108.506191091087,30.7290462926632,20.0146928757248,31.7588443963715,58.6637924317314,27.9447212098064,20.6380110801674,28.3355635468009,43.2290736503628
85.0976668419081,115.212775036859,30.5928131129913,19.6356786379375,30.3487448580136,61.0726866798215,28.886515883756,20.3072613904176,31.0925559801133,48.7794655027561
87.149980356141,110.167493795925,30.782675725088,22.5358352745532,29.9286132220733,58.5272567538661,27.9956098222442,21.7504910120993,27.1742210732794,44.8086008865919
88.0135314053014,114.470738931081,30.7234568846356,22.2274815014847,29.0490716922027,60.8758568839608,28.5949652017982,19.0676857079942,28.0246579787887,47.1839896460039
88.449721763115,113.939335939755,29.9269741483775,20.015538471445,30.5010528988247,62.6201496981873,27.728874006888,19.4829048950354,31.4942364236125,44.7998280012147
88.4187389990885,108.234261991972,32.2068111265043,21.4487174774158,30.2198836227304,60.4186666598704,29.128580173576,19.2123236442267,28.8448892155156,46.3300919810661
84.3649201095145,107.282933758454,32.9539498746162,21.284681652099,32.8960143327671,63.782178483823,28.6826707038312,20.2874355310813,31.5872673996834,45.1374404594954
91.5301237158245,107.723198336818,31.858037993082,22.0594849059899,31.3436161206171,59.2962496706862,28.2154844001719,21.6090185861977,29.9368295347891,44.2689828122778
87.5470474226191,112.75596739155,32.5089825435752,22.2542243043828,27.9812639003268,59.0242659391038,29.0717117454402,22.3442090243086,29.7753174151763,50.2731849465509
88.5734734423214,112.547019092333,32.6617307661867,20.4899232898319,33.7411678865848,62.9616298317351,28.2452267489739,19.7663665153788,29.2002864468778,50.5994229291091
88.8992072674264,111.817343241884,32.0119231844393,20.2203633259345,30.5884580678479,59.9953560338762,28.2103306087223,20.7173402439614,28.8279111273033,47.2038528134295
89.5393495159672,107.564936364354,30.7751351459952,21.0652977541645,29.0110334923103,64.1074346667443,28.6825844616582,20.7181583629884,33.184276934763,51.009193323258
90.4786991658961,112.464303742624,31.8111439777902,20.193870912259,30.843031429592,64.5076941857394,29.5584900591453,20.4246458403713,28.6879006101566,46.8769994030891
90.7192089023206,113.042365921495,33.2121803752874,20.8600194298408,30.1300910837372,63.6702944171121,28.6970123851235,20.4234072195909,27.2788254795946,46.2380998171855
87.8176851905167,112.753399452649,31.9532501671719,21.0200477489019,30.9091850822792,59.7632869535577,29.2823692466148,20.9264733451465,29.6938194025399,48.2007740661385
83.5541088931513,110.328333490848,32.6293301921088,20.3247266996913,30.4374198415301,61.1051093993454,29.2713527355816,19.7178913684045,30.2715633617709,43.6394216000019
87.3963229925105,107.004827915267,32.7335795158799,21.565286518724,34.8705387494251,60.7754252104504,29.3243221324427,20.7520695280608,30.4897498790853,47.7176731085632
86.565976757315,108.870881120298,31.6248245975898,21.7365362874343,32.3337974474933,62.4273136883948,28.2936686025707,20.1651520137696,26.723201574872,42.4825117652615
87.4087480279016,107.694895187007,31.9691320740659,20.514020003049,32.3569850917279,58.7950261815152,27.9098328238141,19.9846228557384,29.2697632174754,48.294203648427
88.2772613936096,109.807305982627,31.3422953277451,21.2526868424507,29.9440857303611,63.6620359174343,28.916529597238,21.2747074819819,29.2945838640994,45.9369866739855
87.2508645432013,111.037505177662,32.1813643140081,20.754976773755,31.0844000060219,58.5611162825894,29.7872095073019,19.5516709472134,29.8879737546122,48.3886762966926
85.5233915472261,110.666134767001,31.0293772920174,19.5384700519213,30.3492412411164,58.3243583784113,27.6400544687702,19.9698126877653,28.5532690422124,46.7809465701678
88.2458046245368,111.965756019805,32.5790278678605,20.6552555306811,28.3349055304038,59.1035776408662,28.2096811609045,20.9992640079954,32.7247682862957,46.482732163932
88.2810454597893,113.35119430115,30.1513792830851,20.4610774033784,32.9394261692012,66.1247068399767,29.5719504683563,20.2154231461978,30.0989894428371,49.6762658526607
87.9699152800147,109.028742732794,31.6280695141539,20.332234532202,30.8097895444971,62.5624172600695,28.9836353419834,22.0030846345674,28.735121343068,49.8801826095595
88.6748637771818,112.174177628815,30.7385105816134,20.30149485631,30.3750134528202,61.583676763603,27.5226357407631,19.1177164151813,30.3038989705304,42.9728169292085
86.5898835524373,110.379141242739,32.4319193597316,23.0044389141378,31.5656070846818,63.4068070792676,29.4841704311295,20.2558691776114,29.3692316127163,41.8273045858754
85.3416073992925,109.146105393578,29.8278197953418,19.4642555066015,29.367908035757,62.1972157383458,28.2284843734745,19.6913853531556,29.8452975386481,46.1173155410886
88.1907468074813,104.157210369065,30.6534051787496,22.1572564603611,31.6759821377188,65.8753629600504,28.2167143444322,19.1507085559409,27.4691762480915,45.8653833328807
88.6008845242938,111.476067765468,33.0873125825615,22.10592339419,30.3303503586219,60.8566070211197,28.3872401349348,20.1031337387213,28.5513808931839,47.2068782131399
86.9535413631156,110.134048113832,28.9437875229119,20.7922641828207,31.1377768753899,66.572455239307,28.3673554502387,21.4480421189384,30.4345467400525,46.4573836799888
87.252814016664,107.581293591237,29.674246830577,20.2210758439874,30.1758823684745,62.1141904676393,28.7563952126509,19.5961939709744,29.2076921503676,47.0634070490266
86.915543090076,112.196378632779,31.746150099463,20.8655016599445,30.1954812200604,60.0936618641371,29.7198900402696,20.5248499769078,28.8304340347886,46.9950909541832
89.5651980190418,113.517264094674,31.9358844231643,20.3613313953999,30.0564576523029,60.0437522275838,28.1735528857907,22.3000412594558,28.6026429994159,46.1519682872643
85.4243215699821,110.31215626081,31.5315948088568,19.9677226483961,29.1473415638678,61.7019735043397,27.7140696427836,21.1141758640199,28.8659953754959,49.4328345746683
86.2248006890343,113.736367382066,31.8453548091859,22.0110994960377,29.6684589589365,59.1757020020671,27.9142783468011,19.5369380818717,29.1488116052113,43.9573408254878
88.5625151739187,112.035724054454,32.2762541812899,21.6378381800782,31.1474598447552,63.6393209545605,28.8248432614346,20.9194218708962,28.7810337865836,43.558336184034
85.2479973031291,106.317123844335,31.1493207689509,19.9664338438407,30.4408090349557,57.7660011097889,29.1834455031948,20.7781223076433,29.5186038871385,47.0315421973647
85.0707568594702,111.534025600832,31.7178795175592,20.3855483651857,28.9652603511651,62.3866948734013,28.8647309245233,22.0940418730667,28.5992653159502,46.726096878955
89.4120407770939,114.421543648361,30.4839929073345,21.041983835709,32.0132377479518,60.8831719026271,28.4260007588895,21.1312579368157,31.6520522110046,45.7401246065766
84.0820267573032,111.177819560693,33.1699005247274,19.6209383656359,29.1133434300947,61.5065582483085,28.5580964636848,20.2651219949174,30.0046304619072,42.356336428993
85.5266172212319,114.228687789945,31.5792280063301,22.1109440124382,28.7527020830636,58.5084857223919,28.2076545722954,20.9316232596031,29.3996880879732,43.0573883383157
87.499307594399,113.542228830262,30.3532278820094,20.0106241093043,29.9089019402676,55.9487396503655,28.6382134314915,19.0390951182784,29.1408806208449,49.6819841681511
86.7839437262986,113.927787175913,33.2997207905871,20.773594043181,31.076255748209,62.1199196569582,28.896984668272,19.2097654074563,29.9979432836742,47.8907232153012
85.0612299523172,111.502235761965,32.7234232760213,20.6973615366242,30.6018596020346,58.6089085043533,28.6564552660736,21.1261663901176,28.6458079986683,45.9330566047898
86.5650334872783,112.851135929364,32.6737828088978,20.9494328261427,31.2412627054002,60.3295474961952,28.289391683851,21.2124400986062,30.88425340063,44.9385472426806
84.6602259022979,110.70784598535,31.9497036166229,22.0641547354597,31.9431878516952,61.447219149381,28.8502778645981,21.5983869514735,30.1491135345332,47.3060554133017
86.2355618624795,111.614437318109,32.7369862423603,20.190714953441,30.2416777106821,60.9764662024547,29.1186149318613,20.9287847562186,29.8799814315045,49.5321246647955
88.3065115607676,106.858829469363,33.313340199985,19.2673967835417,28.9066909458838,61.6797051018106,28.4289567296246,22.3371960809509,29.5441984536842,44.3318018538227
89.6178953588475,109.620646597652,32.0770493387726,20.2220122471269,28.6017412137934,63.2277730095716,29.5039428522107,22.6535291084758,26.961676036273,46.6005552497805
88.3983574588406,112.18714669459,30.5784034970821,19.4830109674169,30.0235571758565,60.3560643803177,28.3249186158472,21.5703321002782,29.9003943007611,50.6934364265838
85.2754997417058,106.768079849378,31.4306154661558,21.7505817740188,28.4915814890274,66.0844229277347,28.612306251183,21.1179791718206,28.6221275617646,50.5439075966272
85.9915124165582,105.926002753017,30.6445548858584,21.9962024673881,27.7806450211893,60.4932176228242,28.4983286551492,20.4838533556938,30.5210774658222,49.5735995588801
84.1666016966375,114.181374250289,32.1821821342629,20.8013621779208,31.8569624686754,65.9297574671174,29.7395189690244,20.3908684505605,31.4067795595511,47.1933808193066
82.3425584460827,108.562538971732,32.4972476672142,20.8678082368537,29.8573427263476,61.9594654979149,28.644369476431,20.6756315790998,28.3074098404545,43.5861948532668
87.0699286025666,109.023555218944,30.9249492120992,21.3226215597814,31.1502733262635,60.6984079905144,28.6940583864793,21.1896412306332,30.6992520861318,47.9967604191043
86.7763446034509,111.683263589194,30.6282806683388,20.4930918483383,29.5105022321542,58.1478608126283,28.4459710955573,20.4855282469,30.454370919352,45.4824415940061
87.8719258527445,109.705449651744,31.6754251256558,20.7165123598416,29.7481604617577,61.4985455582449,28.6918364795343,19.5144339935818,31.6182445393946,46.7978166939375
89.7254668251411,110.813837608933,31.4037725483385,21.4862582848869,28.6449337364404,58.770930230276,27.3176968210481,22.0518492950045,31.1477874109861,47.0967847644681
87.6474770562829,110.508399190685,31.7732118659506,21.2248643950146,30.0335262095598,58.7437913828754,28.7119422450741,19.7801003343889,28.7471673396074,48.6985780493302
83.9778327762516,113.433829000957,33.1505450644163,20.6814704798037,30.5207656822697,62.8541773309519,28.2863667530127,19.0804922343463,27.6853141594204,47.1616532626587
88.8213731733391,112.35198408173,31.8731184565532,21.4520123106873,32.781351856968,61.1984831810593,30.2901313881081,19.4533609588716,30.3574482585082,49.9065473209695
86.4647254215883,111.161542820233,31.0738646478382,19.6810258641684,31.3085386888203,62.948543639475,28.5748194880157,20.2048641951569,28.8753648989971,46.375608589774
86.4650077096111,112.968158986306,32.0731239052468,21.419717753505,33.7857828827866,62.3595604512603,28.340570046394,19.1316724530266,28.2461070567954,46.2261880421078
86.0636260513716,111.336245624829,31.3880495326799,22.5520473288378,28.9240562742777,62.2836950805134,28.9118049452351,18.347068649759,31.1737913444277,50.7392299025131
89.3108576511353,110.147352901453,31.9749772845175,20.8425435913118,30.7509781924214,61.6265413577279,28.081535038589,21.4049672461253,29.7030683971065,51.4337519433951
86.8392530580665,110.799504234754,32.9965483707045,19.8632005154305,29.6189512125154,56.5980255850801,27.7004229805993,20.3390734411742,30.3383194103672,47.2315205677202
86.7240966929044,113.481660883624,30.2617267969946,20.9844489464539,29.7270378291216,62.5306997057163,28.7981565052898,20.777855845341,31.7346292165151,46.1142181183366
88.9744033800163,110.325994241854,31.4423959145252,23.1524228564386,30.521076031319,58.5349955060684,28.3404894138847,21.0470085101343,31.2302152427583,47.0459296682219
87.6344542533603,110.777675527834,32.8459928878705,21.155303974445,31.5908130564623,62.9343276460229,29.193811221365,21.9112882602521,27.211790662749,41.7524264110811
86.1999306966879,109.178482797677,32.2051621312509,22.5047226543104,28.5630855953182,56.4027747195567,27.9291896553968,19.1105105569042,30.7596710209575,46.438016379753
87.2413332970358,112.439857671813,32.7221577731178,21.5488900988902,31.3979338660982,60.8139283395608,28.3090866210628,21.9166324623528,29.5714604068169,47.3831097399174
86.1794594505112,108.315990214892,31.6540081700528,20.5018980777125,28.2478152682151,59.2670845838392,27.7148476320544,20.8918536230585,31.4574882973262,47.2002211192891
86.663523047429,111.220674030661,31.6891908228081,20.9677511360072,29.3048452767466,61.0348952120758,28.5625797109021,20.9433171719677,29.19798173089,48.32171080592
88.4927457818903,111.725235709967,31.8715276715188,21.4178145741051,30.8515016722569,59.2422733699396,28.6519515912942,19.6871977483388,32.7612892143005,47.9604142781654
87.3859075560384,113.317480766474,30.994411943944,21.3410630604843,30.4828139798238,60.6485655485613,30.5952641042054,20.1912410344591,29.4867656939316,48.5319183117753
87.4608447139423,113.547661780488,30.8558076733572,21.3585550676592,30.5321397663405,58.3676921745228,28.1031618314657,20.4774941775383,26.9995142024918,48.5143635550293
81.4023617750347,112.457980941506,30.4991202476857,21.7148541468268,29.6217657565164,60.4431663863008,30.1818941520761,20.9601475468701,30.5159408011638,48.7811848052191
86.692550966401,112.726119556205,30.9903680500488,20.2626499351371,29.0065730320139,58.4799170976756,29.467512719036,20.7756890806439,29.9202754334919,46.2804474401343
86.3855650237375,112.435415172601,31.8826968041743,21.9511770654002,29.4117266694418,65.7190176346684,29.2986913001399,19.7776516903124,29.8638377617763,48.5300031365687
86.9756511691015,107.986522105822,32.1640527068908,21.4744254421431,31.6551084367935,61.9568087083167,28.6251164622737,20.0291711754765,28.3698231998285,46.7987119191898
89.2801525371579,111.87377001154,32.043120417445,19.8487286419008,29.0042243161315,61.4905673890566,29.1335116763341,19.3605874092294,27.4649934766866,48.0065120215987
89.0220754454233,110.014281151268,30.3788888737142,20.4396086198903,29.6006099322772,57.800835053201,28.2876508194841,20.3596539017506,27.0711116890506,51.1784728988223
86.9457129826357,111.839377254038,32.2907577137996,22.8472855596313,33.1022045220975,56.7812458285852,29.0041507097276,19.6030407103003,29.3980957420114,47.1621890192501
88.7767823966644,116.343705235433,31.2116410111501,21.9783557739819,29.287103589601,58.7607126446703,28.9778618548102,20.5797035006084,30.3038858301522,45.8134304315548
86.4165832573068,109.786929301971,30.9514451660156,21.3603555050711,32.6124889769198,59.3819057372184,29.8426805151328,20.5277718711642,30.4596839484338,43.9539080915574
84.445270234601,107.430866551684,33.086861208694,21.731921050835,31.5539014155428,59.7426449528578,28.430313650197,19.8623124992352,29.6325883796741,47.4534250819881
86.7535106432984,109.248975518989,30.5516212678078,21.9160166025067,31.0521714343652,60.903727714372,29.5640044816325,21.9182097599698,31.3378715240879,43.950068484103
88.1525470929036,106.717002033823,31.2771063977033,20.8754686784085,35.1215102063729,60.9158777841925,29.6759792125206,19.7424021072635,26.9599826603445,46.8407291899394
90.0323252107377,111.697296921044,32.7551553610368,22.6084731682332,32.5592109868274,60.0994347473283,28.5304644539763,20.9577721882943,30.0397629144127,48.6530224847701
91.7653383349314,112.669178589228,30.9207278598862,20.4077069628644,29.082191405827,62.5502098717157,30.0915650735795,20.6715752061197,28.61617218968,47.0743805902379
89.7843166593549,111.127323436302,31.7613237362719,20.5110817815475,30.3639023825871,60.2685057808031,29.3099499005449,20.5232720083598,31.1494244461822,46.4768724826847
88.2427483306124,113.785894167248,32.9513920102677,22.6457586807478,28.6817414733763,62.1796757438432,27.8005161925513,20.7515608215326,30.8693593683078,45.1014135424223
88.6650379554898,112.248791516262,30.9456218663551,21.8308387465546,31.5537606441514,63.1408319992235,29.2509765329534,20.4172264068504,28.8721145429028,44.6955259124962
84.3558501651202,110.838688499542,31.1141983648255,19.9560943944555,28.6585900517698,57.8957212354325,28.7246367811368,21.465836412554,29.6963094592203,48.2623502235012
88.3839251389884,108.489366781719,32.3520110895306,22.7595871760463,28.0672313939931,61.7949213365102,29.4715702179959,21.0105397997657,29.9565030031492,46.0204859396592
87.2837204967799,112.844713283737,31.1152051914153,21.1389397716588,31.689981273107,62.5900136258823,28.2999036984076,21.6521618386281,30.6144913735081,44.530764900546
90.0731375487731,111.481856155473,30.6816585932282,21.4408093649839,28.8916938162568,61.605552384685,28.6478473184349,20.2555716680716,31.3655694680174,49.0416771043035
86.1916246039087,111.068456975216,31.4093438006225,20.0366766800885,30.1103615108288,62.2376663895024,28.8682855561435,21.679202420556,31.5656132759467,43.6022546354223
88.5183387886346,113.044251319218,30.657867946951,21.1586151493277,31.6865505200061,60.7568337315651,28.2383505430684,20.289690974491,29.7128895886896,48.2948960361508
88.0706135628805,111.974122219015,31.0821051520125,20.7675228454808,31.4466277375911,56.8669985774368,29.0999219094346,19.7823209173103,28.2154636593176,48.5252316974498
87.6481227014731,107.676112019909,29.9411373162664,21.3441662969007,29.2112406342934,66.6752821884347,28.0075361841433,19.8332812598494,31.9721299760164,45.0148726861495
85.6488609911934,108.8299014025,30.1561437111422,20.0156608777974,30.1531360897981,58.634543110321,29.1463026348207,19.4864752939951,28.1954893258778,47.0849271018905
88.1622857632536,110.957392364508,31.4412013828337,23.352270186968,33.1276668716291,62.0439760868361,29.023086681527,19.8927499521592,27.9204628172627,48.9232650519134
85.9340288434422,110.463931280904,31.5114405944765,21.0156854092991,31.3668746925023,61.2828897257988,28.5857118426885,20.6675383783156,29.5611260844568,48.734211269027
88.1006483468026,114.650539970836,30.4660295516972,20.211442527071,30.0930666817091,57.2568890247895,28.8483427179923,21.6248218233085,32.3201788753066,43.8937500607091
86.6452743747745,112.83336277466,30.9592454616243,19.9126742458881,30.0488487487495,56.6679959111262,28.6587160558323,21.3978996081582,28.195064897758,49.6403264126784
88.3058399154059,112.655465173228,30.5115478223175,21.1658943432879,28.9420794462644,54.6156206007456,27.4166559229752,21.5061749046027,29.3768660412985,45.2243461250758
84.328431818538,116.067756809073,30.570762183631,19.8133903983369,31.5965425240407,59.1413806556792,29.6249423290364,21.2953135534448,28.9670605551237,49.9952795063896
89.2250296249757,108.499263750205,30.5591234498504,20.4453029425158,30.6615109478295,60.2920193686825,28.9384443124175,20.7634926685064,29.9968324693982,51.0516906543213
88.3495263199585,108.912227047699,31.9158667305799,20.4968132570023,33.1175182424877,60.4929912487317,28.6768046693885,19.2260090266988,30.3323042456038,44.1942326998091
86.9217260275846,108.192322127438,33.4400708097634,21.3877877648125,29.9641664559637,64.8535582434268,27.4012883415334,20.7139991758213,29.3658922382526,47.5228939367155
85.1553144753341,109.324775227626,31.7284772903532,22.3315149059835,31.4094961211606,61.9898176580756,29.724570417829,20.3915357331454,30.7892452944641,42.7905186727788
84.9876006403915,113.309058396875,30.6835041688718,21.1800732782546,33.1514415063673,62.5068800164851,28.8017075800606,18.6842228313583,29.5369447018434,47.6968402235522
89.8183202391547,107.77965455292,30.6130599815552,19.9663270781997,29.5134810121845,62.3181459579356,29.0926882760979,20.8077338608054,29.336771318832,48.7518982718658
89.2590448837378,108.381894938489,32.0046012046398,21.7331103138465,30.9051362419968,62.5391479601618,29.8228874539289,19.3823195491844,30.1685756238373,45.987116604449
87.1704915065761,111.600262471483,32.4844526342631,21.4963336179437,33.0059016245262,62.7675905929856,29.6043876768755,22.3652202200341,31.3637951757722,47.641221590195
86.6496631676412,112.577039955804,30.6001089497278,21.3871987896058,34.8619335692049,60.2490945834365,28.9114917342186,18.7222707841735,32.1042840505238,42.9548634570852
89.8434227911326,109.015095692934,31.3846429560569,23.1187765600856,31.5731609129228,61.296273752769,28.7564033500866,19.8330240515084,30.6033424306056,46.9390539923028
85.8060453797445,111.155362162394,30.6548294044348,21.9769057981853,29.6689632428771,59.4579364097016,29.1387287966298,18.9430084143377,26.8193967177049,44.048601678008
87.1037045428192,110.73330899543,33.6929981865215,21.0161326837785,33.3481167157636,60.5132573025294,29.1494300404855,20.5778734878486,31.0938101356814,44.9551789971002
89.4879692608714,112.207453200564,32.4622781562917,23.1462805509017,31.3513237301206,57.4734884080795,28.7093538235812,19.8305011498401,30.2046095370125,46.0899493742652
84.0783396139079,110.536718070823,31.3651612157911,21.6798494202064,29.7559118380332,62.3306302118813,27.1998187944694,20.6723774000807,26.7525196579865,46.8188404765863
87.9920860676274,109.919461745964,30.8531687910128,20.6846798073276,27.6398789535841,62.1012721799655,27.4632378891697,19.240340263435,30.9867228270576,44.9646482541512
86.1561663722289,108.614053847819,32.1308671874717,21.6826330637761,32.7684461291312,60.6009655205208,28.1589698083445,20.6713294722727,28.6162210251838,43.7630350173821
88.4069129930843,112.321828789598,31.008392645578,20.9110991484289,30.3667888054162,61.7890062140159,28.4258554374953,19.7874791277727,32.7369590670431,45.6809057978256
86.8129571094742,109.957812928194,31.8784865707718,20.2356505596395,31.8979385371619,58.9836513869325,28.499663672367,19.6407925727899,29.765383596172,44.7876409276098
89.1286588837237,110.156155693786,31.2763068083972,19.7684183595753,31.8906407569978,57.6848567336074,29.1979269159874,19.400951914829,31.225972405777,48.1587687287088
88.9111842569775,110.753910959006,31.4573722709161,21.4472268692228,30.2208930549522,62.4621938299486,30.1023920911667,21.7567866860343,31.6657868864893,46.2425589695027
89.2955120986274,111.771484417219,31.7004343012297,20.4396564203687,28.2917049999855,57.3277598629354,28.398547211136,21.8747282771257,29.8779165218628,48.1698130541549
88.2821691044728,108.490287667746,31.7672744108945,20.1641284234163,30.9080154388501,62.0381610080757,28.5355685728295,20.6445083630177,29.9144589735818,45.5954501160109
88.5070741509811,111.352981762938,31.2435258499577,21.7402383197002,30.4558244221083,60.2588331760757,27.9433641120483,20.269600728655,29.6396140648669,45.6826002855887
87.5214460284536,111.47209086779,31.861613391767,21.7329789308354,33.1178537399124,64.8729080839192,28.4592260581571,21.1782243859972,28.8281877938478,49.6290233022046
84.3844765299217,110.001115645902,30.6394496772423,19.5374731062071,31.1779487044085,57.9509731187221,28.6546347161346,20.9717053335074,30.2929083719913,44.539655784877
89.2471873169227,111.207187179909,31.3966707265183,20.8649834824153,31.2927087120614,59.5894732689362,29.2426831443907,19.7849621767775,31.0853420611898,45.4168443091949
89.5966381986721,110.769220635951,30.1533248443486,21.3623736813153,30.3457431255065,59.7498934497797,28.9568855130094,20.8857629056644,29.2185046950747,46.5664520730713
88.8681618515366,111.868358731917,30.3117733597697,19.7892778824727,32.3137332637461,64.9693280265755,28.2173726973933,20.0023830199946,28.8332134220906,47.9508445228391
85.3309868172066,115.214660101706,31.6634590713614,21.1581213089074,30.0142902885388,57.1694344383606,29.5767480751778,19.3538554769622,29.6555279321756,46.6783015532137
88.1541071297968,109.282521407438,31.9622796511277,21.8003123874738,30.6837785736067,62.7100294974364,29.1799109971966,20.81694626552,28.3413516379446,49.4050572556803
88.9915457782126,111.916255297254,31.1970232374099,19.9540501347833,27.9791885069043,59.4888329977873,29.0116703628124,19.1202857503146,32.6896540099566,44.744276847521
82.1156908036775,107.977693569317,31.8556264366896,20.8029421446133,31.2210749620039,58.3979788523412,29.9571724130772,19.6167501756069,32.1298652827895,49.4544602512591
85.9899282317366,111.280526980014,32.2406309152656,19.9695293127803,30.7688573798904,59.3610677842225,28.1007323951263,22.3528157174711,27.6126927273367,44.8760893380955
88.4490321538041,109.631203978827,32.0479536270437,20.5204028594579,32.1580568562893,58.0516760234904,28.7799695632975,20.4302636331434,29.1431171876203,49.9815018604847
85.5537274835254,110.974033161698,31.910774073879,21.2685212299533,29.8302616060302,63.5676897199225,28.2643999399907,19.0005435479575,27.4766511368078,47.0669632723311
88.6272324624433,112.526501485487,31.7404431379711,20.7451754081141,28.9807273647247,60.801766339691,28.0069725524337,20.7680372762375,28.7574233298958,46.0679878565631
86.8099206928483,111.074747265664,30.7281549185477,22.4175078230403,31.2129857467569,59.3047797490412,28.826465713625,19.7783131381319,31.4251015720615,47.4723377482269
86.8477623801359,109.701460237479,31.8024449438328,19.5707128026295,35.1311040299377,61.8996150185735,27.8537340872162,18.1306582800897,29.4334007513937,48.9305314781615
85.8652979057307,109.677723525894,31.5870921640129,21.4707822807126,31.4119194395588,57.6166085960912,28.5702733006725,20.9761597185954,27.3533312527034,46.6881077169861
87.9239819325683,112.603427165873,31.6575135720014,18.9868244531856,29.883228100793,58.9208170112422,28.5379235278321,18.9365529253386,29.1755522794454,48.8429972317985
89.5041039004708,109.227641522989,31.728460758646,20.7108905667277,30.301200234187,57.2751522197472,27.5837857247991,20.0968630161887,29.1683947934321,49.2998774330529
87.8724974044534,111.253019376344,31.9264365933719,20.2828920137225,30.4509469023011,60.2884224004795,28.5181427038773,19.4653825663492,29.2118032104203,46.6445323347256
86.8636283666571,109.759650573333,30.579320235276,21.2869969281563,29.589119754592,62.3391072720868,28.8289844131475,21.6087408400607,28.9235395165221,47.3983831271691
88.1178203429361,112.316160404189,32.7970925046017,20.7724886088766,33.1476526720856,57.5741201121307,29.9802345916911,20.2618976464435,28.4215223827766,49.7830893810664
86.724557356237,112.370061747681,31.2011063351962,20.3218888747163,29.5561110290262,62.6908054717579,30.3978354192819,20.7664842780861,31.3952816102383,49.3198384358406
85.1187550966191,112.723698290108,31.64022875313,22.6370009157081,31.5540987793293,58.1717659913776,28.8792290369032,20.5624092506441,28.4396950049035,44.986855805757
88.7354549900936,114.483957743641,31.3563569688695,21.0170686636423,32.7622478267015,63.7383453030368,29.548709273472,20.1906006239736,27.3971796641126,43.4860637085788
89.1244407436324,115.434073992448,33.3432029371993,19.6769687586556,31.9994361643191,60.6812491093588,27.3079696586121,19.6611169580743,30.3986694393617,46.3890116853217
88.3064427021536,110.929346580386,32.4235197758995,20.2861872688606,33.2589512753174,60.4695152565572,28.181193157311,20.449878669506,27.9010691103694,45.6007600614823
89.6614942941812,111.316334635821,31.2311429752832,22.1238915585447,29.3372905754418,56.2625971727733,28.9869334635032,19.6651310999671,28.2410631369495,49.0840843084456
89.4369824274764,111.610583775478,31.1547920308354,21.3641983444611,30.5142954506207,60.1353007939472,27.9983564698766,20.2917372877032,29.560118580551,44.1258610754738
87.2013810627879,113.731069499944,30.458367182787,22.0504391835239,34.2725888941599,62.2254343153978,27.9646781054003,20.80408109577,28.5471126610001,45.9195132788907
87.0893989755353,108.600783963524,31.3494510206149,20.9967937962213,29.431021531217,59.2353366881915,30.0708832714886,21.6817011344039,28.6055112817169,46.503851789405
91.9225503146751,111.24691802374,31.1662831434867,22.4222113040498,30.5059260362044,62.3163475392054,28.1512630853038,20.8211503257517,30.0013832328572,47.4501402061139
89.6936696534177,112.273347293629,30.0214918718328,21.3934763165919,29.5547128287888,63.0735593704154,28.7198020938775,21.2432057367882,29.946431446101,51.8055238626623
86.1061707686158,109.664895275052,30.0411177763727,22.2462236673475,31.1672227190848,60.6785499247135,29.0559642343301,20.0436455693413,30.2076550958803,44.5307633412148
89.2025231849605,110.361692066613,30.8467757611887,19.6462817802441,29.0031359123681,60.2480306745327,28.944621267002,18.8930454131223,27.6884030208426,38.5161604293425
88.5035976306697,109.814956300824,31.294675205037,20.2174351056987,32.3634284603043,58.5722732147567,29.9481169942943,20.0692204702856,29.8690650868936,42.4267408079022
87.7343705316803,114.736659980253,32.2906496970328,21.4828141171292,28.7959639467676,60.2013972273063,27.2612999576825,21.1033846486225,28.461272317928,47.7242459971389
89.4411177672082,111.791689897679,30.8705991040928,21.9102094520578,30.0696569548043,61.3614154366665,28.3664030040849,21.391016887875,31.3620772417037,46.2813085659455
89.3383462939303,111.399463674774,31.437988229121,19.7128459408679,29.8999952700458,61.1898678419441,28.9964074082381,19.6240775540416,29.9799718746569,44.5161341965531
90.7590493539405,111.378673573911,31.5234040778198,19.7593566750522,29.5146028062183,62.9735832708426,28.0888666885431,21.1166506224535,30.6943980911735,47.5259101106004
86.4995017379716,108.660551435493,32.8094469948764,20.5449978146887,30.6317394443495,62.6684744735418,28.3970025195428,22.3441097708459,28.3401607102295,45.7020428572655
86.3313476717381,110.900770723926,30.7503589675066,20.2841139149925,30.2669153470293,63.6861546703528,27.5353115573337,22.1397545148619,28.1288735830187,46.7033327289246
87.0402756912464,112.612976103599,29.964088550172,22.3088202159294,32.6982859228577,59.6112913166914,28.9077730035793,21.0523184053283,28.0304580908126,49.2531622435567
88.1580481886757,110.691399372852,31.2449101614124,23.952439210421,29.944377121135,61.9060779933972,29.0957310137831,20.3909022627256,30.7476762526434,47.4128349074965
86.3375874077824,111.230365814471,33.5313648697712,20.3629901257154,29.8495107875638,62.1615309385905,28.8845126128574,19.0093644990801,29.1420727256411,47.6367519010354
87.0768566265317,111.828858675279,31.5368488582749,20.0120036559895,31.394769244767,57.0223266208923,27.4933715016213,20.0211519316096,29.1820401440674,48.3880538515352
90.7215425000394,107.696301085618,32.3466661853145,21.4718324245103,30.7607456602279,60.6660861923103,28.1559552878528,21.6687205791766,28.0662822825659,49.6640484720486
86.1949001568466,113.139108308933,32.3740849442292,20.4286706202732,32.812767833952,63.9924118548028,28.6565909923168,21.0444341590061,29.1483154655755,47.0687178991365
86.137140035562,112.230606449982,31.2584993898736,21.3309112230162,32.5227625125935,61.398721824239,29.3518346859551,20.3558849363411,28.0550775056152,48.0484680320079
85.1631625597276,112.36241370232,29.6944404450652,22.5501703834153,33.0054949849835,62.1346880264057,28.366605135893,20.615704098009,30.0579072206499,46.8928936378027
89.842931819846,111.773209446486,33.2873197252006,20.6757115750541,30.619875708126,58.7533962235191,28.0830555488129,18.7131426054606,28.2090022314702,47.0295927548379
90.5632242613091,110.466143596582,30.25519017294,21.4047201249448,31.6121347528822,59.9442067573247,28.2404671117744,20.3880828761117,26.7479335322776,46.0507708591021
85.8701235099449,113.329407721749,31.8748422342749,21.862501865201,30.9449710024339,62.6061913180778,29.1868076143307,21.2782115425379,30.0767530837789,47.0105709209204
86.9799959155387,114.942466150066,31.3358293433076,20.1468520958566,31.0619148537343,59.9285242288663,27.7801440093921,22.6643640075128,29.9903553521463,46.6943778869817
92.2315363343343,109.637027379566,32.0035365310008,20.2775364364224,30.0147159138918,57.1504042650789,28.8014274848892,21.3531440336399,31.0649035327014,48.5545435297045
88.4852274232819,110.845109865157,30.9881365887584,21.8450122038636,32.8419428994548,59.9674896568003,28.8698475583334,21.2282435856511,28.9113380319836,47.0317411704589
88.3391798276693,113.752721410524,31.1338041433656,20.4786757475517,30.2742444263181,59.075721082528,28.9125820776919,21.0203799202361,29.0323434851072,49.2274801975543
84.5852278649367,111.499870176792,32.4421224828583,23.2168472554883,30.9718107683827,57.6425094563817,29.1476352334558,20.7855429540177,29.1503422056998,45.5868528430046
86.4349122370569,109.770675541951,32.1424693456408,22.4255308694951,30.4885834524949,64.2538305368977,30.4481868478806,20.6391943696273,29.0679216853879,45.4599091701228
85.2823387002583,111.76260106968,30.6056231903964,20.5721739127223,29.285104515714,63.8786366155892,29.7334044990066,20.6246241952913,29.5985675006108,49.1323790708216
84.8032734248013,111.499632319448,30.9781671118461,21.4477349819027,31.8887005071609,58.8761364228991,28.078208660319,19.5178465568544,29.2410046884349,49.315704857619
87.7582619868564,111.50177431798,31.506525297185,22.7138144103555,31.3591629739847,60.4933530545503,28.2719340701865,19.8334312127771,29.8374249994608,46.1650525007223
91.0320221442009,113.536270875959,31.5123988893124,20.966715138384,29.6580324517231,63.5016398409202,30.0171280110973,20.2492080867692,27.897509429524,46.0257283098404
88.4655047645737,105.361037133981,30.9263508536036,20.6120355356145,31.4565919247932,57.7804953519348,28.9657424466252,19.7385860300296,31.7166517361625,45.9224414764226
87.9348558137944,111.60890423154,32.2394784342898,19.0897751950722,29.108028996526,56.8869044233324,27.9461679884068,19.8273005805647,29.1431909450297,48.4327989746741
86.5685312073855,112.029829309656,31.6268946783203,21.596121931137,28.1496856925447,61.7788999795857,26.863371085603,21.4917319709006,30.4067881841292,47.6891408629624
85.3946900864389,112.102537820297,31.8065615033421,21.1466633498902,29.9333222358872,62.7523141650159,28.1221866650979,21.053598251237,31.0841994783156,46.1758983939263
84.3653164200922,109.798545614026,30.8304377929899,21.7289373407823,29.5939609884855,62.4168488525544,29.0669463592669,21.075448364099,28.4864411252612,47.3860580332262
87.8269013252331,112.877372811104,29.373267617942,20.897439387991,27.2064738228078,65.5862103600365,29.0746181020674,20.8844894940835,28.7609518279534,44.395820859739
86.7511701885664,112.203756560045,32.4663625751839,21.3027051904324,30.5441516249136,62.6030242923983,28.6169713393307,20.1985881227834,30.9607313703712,49.6348401758264
89.6553885785724,112.602640322628,32.8292049155095,20.5618023609821,31.0537575165587,62.2617771761259,27.9199534222561,20.3794450534372,28.7095078625384,50.4505865629369
86.6983002420823,109.48481683338,31.7909169491297,21.3543263853165,27.2773251534204,64.4905203695683,28.325640821941,21.1388077084176,27.838485712002,46.5027444419097
88.1187713277835,111.354765924644,30.6306053394341,18.9880327103854,30.5104093418946,60.34533611237,27.9731213545268,20.0341600344845,29.6725930914165,48.5477051321773
87.6864535758659,113.56494504754,30.7503608000815,21.6079235013988,29.0076019468562,59.6050545857384,28.5790894906062,19.4269363031899,29.0886127344025,44.3620752013835
84.2780541481234,113.837783951606,32.4356583491977,19.7407937433626,30.4751816218187,61.9249600746065,27.3958621570283,20.3601297475459,28.7764020360412,47.7664461258545
83.8684850246913,114.718506599803,30.8821000241631,21.1271209330932,30.3681871028955,58.8012786106869,29.1204940915476,19.7632655885473,28.4322782537601,46.5668080746463
87.0811941924795,111.782278621618,30.431000533954,22.0100067784696,30.9034072303477,62.099721852753,28.243396269764,20.389870964539,30.1074133480729,46.2393417870558
87.0011628679429,111.938701755235,34.1679618778431,19.6356989554319,30.5282377246289,61.5283017243603,29.166539639727,20.4548397246573,30.6046382582326,44.8084967173771
86.8991337179985,111.018201635559,32.9228086892818,20.8710406198264,29.5351959663784,57.8160654645751,28.7814408351294,21.8188537357655,31.4216328260973,44.4364317178672
87.3616537901084,108.967053978533,32.5797737575079,20.563116393183,30.8060653884791,55.0307531407147,28.7668107946237,20.7298042749802,29.016718979464,44.3055371719336
86.28273298598,112.031155392663,31.0934861776665,21.1428964539962,32.9955508043105,61.335981678671,28.576972320348,21.1765857269127,31.3762914144322,47.3601120901829
89.9682871485023,112.063263206372,32.3395472853974,20.6825809926641,31.5877899766119,61.4507195367591,27.4019937700035,18.5952518254826,29.8614191296309,49.1785110519408
88.0406039078174,111.86109279201,31.0476502767552,19.8963684050601,29.7211559957272,62.8245449931932,28.4334458386238,21.9366987483992,30.3595131970726,46.590470468375
86.5485972823687,109.462240140324,32.1819378553384,19.2029929560568,28.2400146253948,61.4806291311157,29.9947828623244,18.9383681740576,29.8596219389194,49.1835065238187
85.9124846949128,113.977792797496,33.0182461155191,19.8988506382254,30.8113463230629,58.0741719995205,28.523015784441,21.4264557789672,31.3452839889111,48.6082563219704
87.9407840741724,109.416388688082,32.033177668711,22.4689622075603,29.8065047193514,59.1485867830097,28.0866270831141,20.3131201896447,30.0991975445345,46.10593845014
87.8984413109682,113.772114303508,30.9358878116127,21.4057805718326,30.6130755739998,63.1509033864006,28.5924398040613,20.6139348037155,32.0214183133723,45.5712183036672
84.9423602808945,113.966063322962,32.0028510924706,19.0795535054336,28.9267323646067,59.0322460267814,29.953023309779,21.9773717976276,32.0222315477407,46.0278394325675
86.5665978147701,109.770059499473,33.538164257195,21.9155060351317,33.8085357037242,62.7318198798438,28.1559669412054,20.6288509941151,29.1012552422128,45.7385478895146
87.1624293199031,110.576236231681,31.516277464821,21.2108543228395,28.964748183926,58.1585360512129,28.7650242895338,21.7295751686054,29.4491623948707,47.3166604171644
85.9460222374476,114.235231742303,32.2083958575244,20.8053468358796,26.8843845494629,61.0571148406475,28.203371102856,21.5257327359362,28.9633032982301,48.1361142146268
88.6357124177753,106.82081990122,31.9705680936426,21.0936597155979,30.3650476414554,57.2521632958848,28.9633084977852,20.6790314947747,33.3827373382484,51.30524866713
85.8127850257671,110.269906184494,32.0521336415546,19.9707638405552,32.2872169924966,62.4194479395975,29.4241555743402,20.3422371424276,28.1572947332574,47.1130931078175
89.2267456591121,110.249558999109,29.2200479516921,20.2557988371349,30.5468536633653,56.9593387984721,29.3364739677754,19.5807731046517,27.8639914021641,45.112594683289
85.1241721983654,105.909645322028,33.7874545749075,20.8022085584585,30.3930776293664,59.2173842268648,29.7444345376915,19.6014372444483,30.7867105732387,47.1692580154051
87.3801649186655,109.303955792279,31.7282508992506,19.6292023505865,30.3330271818101,59.888185962605,29.3986280572549,21.3954204937908,29.5555213512456,49.5890581116158
86.3439915138827,111.086152993602,32.5644479081265,21.5928455257028,30.9120918373934,63.253724290694,30.3426189020699,20.7521255575245,29.3507689076829,49.0393823881506
85.8922488262887,110.341363579037,31.6516008461548,19.6152135430566,27.7554364329888,57.817901854717,29.3425261853577,20.8757918822007,28.9094825615176,48.3360127936954
86.1049923281483,110.253969679002,31.5315407901515,21.4811547822012,30.5750040296257,58.2634356850581,27.1905563665526,20.3232633745087,28.8307569191605,46.4149009524975
87.2990389775217,114.466269984206,31.4757615105478,19.2845590112609,29.5743581947874,65.2139278459995,28.7367749950475,21.197668798685,29.4978472753083,47.4154728384152
88.3626626519104,112.697039697105,31.3286997769021,21.0453033325041,28.4882321205364,59.2924902023539,28.0850649418376,20.5953442462321,28.286892422983,53.14141139946
87.9150961742938,113.63789960983,32.1916731977417,19.3351668529082,29.9780371497229,64.1304547716635,28.3954126137718,21.7546808321217,31.8516031909079,49.9936171063173
86.7916094000898,114.146308736132,31.8806930400228,20.5042372793116,28.2048398767963,62.2487362756643,28.0988496056962,20.923923839338,29.6241880586727,44.7029585856921
84.1430263813657,112.458856188607,31.5322620552648,23.6263497011974,31.1277968320141,57.6739535438452,29.1247285123344,20.2805446318584,31.8570738852918,46.0287862632162
89.7716192793277,109.804161660866,31.6283173502729,20.2655754481268,31.1748435593572,59.8531038117556,29.3573634998411,20.0776520303463,27.6580708722852,46.3383006996126
86.4754957875722,110.606932612568,31.3537715287465,21.6759114923142,29.3488150502028,57.3256777591192,29.4297028845085,21.1680171598308,29.7374509823496,46.1842317657965
89.7409849243946,112.691213493942,32.1598088223957,20.6725129236864,29.0879747142373,62.1302125636415,28.0310527152375,21.0229845798991,30.3112464882871,50.5470524266759
85.9880495417633,116.876212021375,31.1338479092555,20.4932385880185,32.0920792555736,62.4755166793854,29.2548670705855,19.9294644936316,28.3506456861639,47.6590941079758
85.4087628305698,110.954369068905,30.775083555686,19.9525795455121,28.7675294425016,60.4920452570968,29.2927630150384,19.1129742295858,28.757642667105,45.6942597634747
86.7757548816308,109.928129652473,31.4619246776136,19.5674845924058,32.5932502940008,58.5387543125973,28.6681357502449,21.5663296151203,30.71059368525,49.4064815600693
90.5084851488406,115.057791623571,30.946948817893,19.8828291607396,29.5439069745769,63.8870653210977,27.6973035579,19.338936794542,31.7495479711584,46.3420738968503
88.1934802725537,109.014929699488,32.8197163744257,20.8389243838205,30.6505294644202,62.3187819911656,28.904303160921,20.0107285212988,28.0245261246851,45.749475917252
88.9263107754986,112.689859979639,31.6022649874748,22.0112682691383,29.8013233644161,62.3682259636527,28.3057230545802,20.3878381607203,28.3577438587426,46.8134395611868
88.9036634493421,112.190289272417,31.168366314922,21.0495392906465,32.3780085393007,60.5979389106052,28.5932178298481,22.468667096972,28.401144848402,44.8160324761329
90.933234260414,109.529415517,30.4821820104328,20.6573496770613,29.1896131074836,60.946945794814,29.1999075858486,20.3060762766635,31.7497783760347,48.1195791482336
89.2244364871993,112.188082061835,31.5712326857522,21.3323600237059,30.4404142198134,56.2841857074771,28.8178705648082,20.8807670080192,30.575481366532,46.4545089041113
89.3768819598197,112.773189386705,31.2842592924697,20.4549577914064,29.1684043270791,58.1609354011289,29.6370214034772,20.1003787932678,26.992603161858,46.591232043652
90.9948391659432,112.100882794109,32.4315054831633,20.515587303255,32.9829708680437,63.1540360742378,28.5963628143414,18.701053745184,30.9108406421939,48.7419119532765
87.5344467039506,112.805233737607,29.7749506803622,20.9529663628262,28.3839741972415,60.1986990104128,28.8284077822067,21.9084836920419,31.2261976821437,47.9887092571516
88.8482801382944,112.75608456032,31.0485495546504,21.0806043147654,29.1765413554989,60.8745763650301,28.5074711594948,21.318780471775,29.6388228078216,46.5848795420564
87.1678430122578,113.738938891254,31.7704477823183,22.1423416586498,32.0333294622147,63.252347346396,29.245966689109,20.370000474122,26.4916786711532,46.5177657474333
84.1514581982902,108.959794550299,30.6970440027466,21.021123205131,31.4980301508275,62.1524148340875,28.507399942517,19.8727200885683,30.6205639120153,46.7718645993693
85.8381110429247,118.501362763068,29.4848863038568,21.3924528345749,30.8715174048157,61.3642308112668,29.5074412655035,19.7131303520062,28.0670245754164,48.0946775492213
90.0751351453923,110.823334905587,31.034731633459,20.8476163052812,30.7070069271822,61.2003247164445,28.4250945610438,22.3747922061611,30.6572491653351,45.5634028411297
89.6516157555947,109.915066939158,32.1725030632448,20.2616940873234,27.2762560620416,62.508530108923,29.5838620406328,18.6208478304581,29.2728138659924,43.1762525831532
88.8293162362898,109.304154181719,32.5191439319269,20.9949511473007,28.9024637327379,56.7795610273953,28.3174025734894,20.8724081857984,30.1602159749472,46.122486098965
83.2604766388738,112.44436928055,31.1692764509709,21.1492743224547,30.0504530998099,57.9834854911947,27.7737142908645,19.2849083982169,28.6676909942239,45.9295806682797
89.3333156376923,112.078416924803,30.8248110396806,21.8122621309002,28.0665799091184,62.6481004324663,28.5094940369111,19.449248547956,30.1717491466149,49.3077644496461
90.220062639168,109.228009629353,31.7706907526394,21.7807250284361,32.2103945825053,59.4591160641172,30.1395199352354,20.1380562887077,28.9637605583186,43.0657212929043
87.0590166880994,111.588035874158,31.7924775422895,20.9944174124473,31.7239353988235,59.3265555053548,27.9024450247608,20.6264896314533,27.5970529856803,48.5886723661675
90.1513680672055,110.082390712146,32.4603803450182,21.6611246038566,29.4120586843313,59.4932399704331,29.5660307309202,19.5922031276437,29.9078674611574,45.8049895619111
87.5197162511634,109.033629260882,32.0465114631705,21.1635036562683,30.0029637201121,63.622794453378,29.4811028699421,19.7697656626929,28.3458872868674,47.8472999236946
85.6852621372142,111.127578537899,31.1321487656807,20.4507240206016,33.0372092467228,66.8918835942339,30.7256259599925,21.2582601731916,29.273705927495,49.0981379010864
89.8305554828531,109.890656041667,31.9846650134034,20.9931193958126,29.4087007824594,58.9368630616984,28.9110448603992,19.9119885887782,28.4725382826708,48.2741054601348
84.0134600568893,115.354932600414,33.5566292075437,21.3416311765633,32.3529036520962,63.0710120705074,28.1784481342404,20.4154561180872,31.1016214382174,48.8775713444034
90.8214668069572,113.052113479523,30.8562527644447,20.5934885595944,29.8391308705663,63.9926957138956,28.4986294159712,21.0470438053894,28.3979353560848,47.0406223502127
91.0059000488512,112.269127660379,32.4354552003757,21.0087249627826,30.2067309786664,61.4240260468217,29.7679384922519,21.091702402749,30.4103795134653,47.3619392838859
86.0142261963496,112.506672029647,31.2163124261523,20.9075791646794,26.8232734442789,64.3931285940793,29.521739720602,20.6683668610613,30.2040757830002,46.5522963348479
87.4368242350139,110.058649080211,30.2938716023214,22.936452967027,30.3764670230526,59.9829195420793,28.776063980221,19.8441289158797,30.6898652701498,47.863893919818
91.9738353900285,111.645723906103,31.6274779695285,20.7362948816328,31.5631504605528,60.4251958937487,29.7189701112252,19.1554088882395,30.3700553324299,45.8068842628043
90.0058954795214,111.823284125641,30.7066820340019,20.8561666893965,31.0707315611807,59.7034030908123,27.1560038384254,19.1084657652647,32.9394395139215,46.762720369891
86.6872898038619,114.703975537127,29.4260082827769,21.1581379640397,32.360691397897,60.6968160305862,27.4281811317376,19.8176438233406,30.1391631319929,47.0704141657075
86.0830097493429,113.210930239726,31.3876803928984,20.8905441181924,32.3149847563984,62.9557448173949,28.854888396392,22.2724700975378,28.6259094442478,48.6265884034942
87.7987562804764,109.940620521243,31.6884583966745,20.7869025437317,30.2987263769487,60.6258115480533,27.9658858726528,19.9334994696798,27.4921235139934,48.7470346081095
87.0100010960027,109.353879663081,32.2320821727117,21.456825362665,29.9998481945478,60.5178150608637,28.7316390702331,20.5883456027224,30.5727003245238,47.3737253710463
85.1187935065067,110.296803071738,29.8065670676556,22.7005897288031,28.1807435288327,57.8916123711829,28.6156923624344,21.205528376831,29.204166256876,48.6347104544364
86.4897737431733,112.764362483768,31.2232731648946,21.5295641504998,31.3418233763193,62.9750404176008,28.8050865833208,21.2507519997302,31.2556312334729,46.777729939349
89.6487368588179,108.624698051619,30.7787638324689,20.4383453443201,29.614740454946,62.0038673109431,29.2430681619855,22.2942830205031,29.8780332603425,49.1452752123969
90.3420297445472,114.217219394613,31.1962910812472,21.3132602831855,27.8312809858934,60.0087326352424,29.0385920100764,19.5899817392555,29.5503188647329,47.1076155936204
87.9348220347193,110.407013597342,31.1760266216655,22.8324322460305,29.7011535624955,61.869253889773,28.8245533947032,20.6164058313832,28.8376728176882,51.1107901716869
86.9991305074289,109.449275841485,32.3410604014385,19.9086021242708,28.9859103141606,63.0436649236059,28.9735537970006,21.4794357650686,29.1831408938473,43.8095414184016
88.7330541004234,109.242953632822,31.3076983009292,21.0285528959583,31.550683270642,59.3844169542564,28.6531224083482,20.8070816964891,29.2873421714908,49.4910718920662
90.0565666264918,112.293414894361,31.014916014938,21.8684468595733,29.7019824000018,59.9477340779957,28.8794982745464,20.20003803954,27.9580924392268,48.3779025648392
86.82321253391,111.659929638487,32.1796597169647,21.828246650317,31.4466953882505,62.7499150931394,28.2838291343387,22.4708501339229,31.2777457376063,50.0547857021382
84.4500069982691,111.384932439668,33.0652403817784,19.930448826153,33.2777719854673,56.5222657952097,28.3142796276933,21.6772185639834,28.1971099165884,47.0406501264802
87.2813459569157,106.656531673778,31.4513418512269,20.9340269804152,29.7748384137889,62.9985256201764,28.8409810990648,19.1510531816137,28.7577882112558,44.9399284541631
87.970124082966,114.234888279612,31.0751645525107,18.9858113462709,31.9596144891347,60.0428093393311,27.7470461012535,18.9575365677011,30.2522389625853,45.3904891149397
89.8101343197177,109.795087385137,30.1772989015245,21.486473493722,30.3417592444952,62.5697814320573,29.4888722795607,20.5971618682824,29.2296117507825,48.1288541427247
86.6421988722419,111.963943115848,30.4513912764927,20.9766040049554,30.2964600586365,59.6744095215488,28.1155103823684,19.4347871586799,29.8225784585804,44.0281277457139
85.47559753814,114.271188257215,30.7433778905527,20.987253152379,29.4614621177729,59.2949099701706,28.7056537630629,20.2843800214605,29.9616807542039,42.7542329584773
90.2405754379609,109.162132969523,31.1063315777018,20.93312228228,31.2824426501878,61.6937747989271,28.265650947346,21.7444461250217,27.4301604781091,44.4711883600188
88.1154374696681,114.631771811142,32.4902325416417,20.7103184310833,31.3583840116343,59.3738036903375,29.471099771909,19.9230325280328,29.5824978480445,46.8040854882051
88.4495581380127,114.099907070711,31.1318889924979,20.8780000781328,29.0421180033364,62.5867453663019,29.3213700935707,19.5189754683033,26.8398361461134,49.4894004806097
84.8557576389611,111.949833890328,31.154905254687,21.5832966735837,31.8693565826872,64.2951955813713,28.7186190758325,19.8863521475693,29.1880573960276,46.4870713089632
84.6612684642007,111.972853444392,32.1188449566779,21.4404632301504,33.1008050413167,57.685452938462,27.291592699486,19.8364064379812,29.0313811419366,46.9818288978324
87.976808488639,109.346580113231,30.3546252775222,20.3333038494586,30.4148217738666,59.4177253148845,28.8161681847339,20.6170073462126,30.43672172647,48.4253720743622
89.2283805497927,112.188116477968,31.1635605024934,20.1433645737368,29.5051774368996,64.3337739067441,29.350325289404,19.7075426667485,30.3221294789635,46.9605939407328
89.2970668492081,110.227242233768,30.2938892312372,20.6724140648135,29.6522610830063,67.4764814520453,29.9313105863642,20.6361893591048,30.2640791660489,46.8121459055621
86.7022337518453,114.181622795191,32.0548414556208,20.8693716189652,30.6071340963042,65.0950368217998,29.2051716327008,20.2091696196464,28.331148406099,50.7064612095216
92.571774214513,110.270126253772,32.264741396487,21.5147579819299,30.1691673560208,60.840975060255,28.8970183281954,20.3637479954104,29.4987948260616,46.5213932294049
89.7190233899597,113.569306748963,31.5562383954767,20.6897539877266,31.0962811535701,61.6094374808112,29.4673619035878,20.2979787613637,28.0247840901807,44.2501882809213
87.9655572937515,112.148821453237,32.2143492513987,19.3105673305604,29.9421230336652,59.611173715267,28.3210777597795,21.5954094280542,26.7856753388016,46.137837807292
88.0847455263386,110.278441884891,29.854688351332,19.346058617943,29.498930194683,56.9258692926213,28.7310398316096,19.7875149626014,30.3455729429232,44.6608423441575
88.3588306351425,111.653616284932,32.2063680446519,20.1754184133915,31.1381346061429,56.9723031493184,28.5734655501452,20.3882137388615,27.9665044677852,46.3925422010414
87.1835288893861,108.117609798291,31.7609651979779,21.042504658156,31.0102155744038,58.3832675780009,29.5384450828465,20.7941769044424,30.6792580086329,44.7046653001066
87.5950818906338,109.611046954149,29.844998212956,21.8883009482382,29.4232001014532,61.3852673252368,28.3832110581527,20.2138973558377,29.3732955732552,51.2773828772934
86.9727312518651,112.868793345267,32.263830461559,20.8513847331329,30.294742769605,59.8656697009533,28.7746900711681,19.4141609879209,30.3748717790817,43.1279923800389
88.6071384884821,112.801277771906,31.4852613658885,19.8075446895805,29.0027184854889,62.0834955924964,28.6679769306998,18.6965265416765,28.5915024079639,49.2451602443378
86.1802686790754,111.665140948339,31.3483712173041,21.1087425168112,30.9831215771284,60.3860032303664,28.8290696466456,21.1210898189028,28.6290910111565,46.9526116119041
83.2226196680736,109.276725702765,31.525112125819,20.1851003784621,31.0580958089921,60.3680480053281,28.9480442688692,20.0247347619882,27.4087819708446,47.4422055648826
86.1989532204537,112.076348692485,31.2212169158399,19.7834533413692,33.0360978267498,59.5245015544678,29.4533914119263,20.7711706881828,27.5251415999987,45.9255816525189
85.8911376478942,115.366117734359,32.1980062094231,21.3773659870094,30.946765542126,59.9578887563862,28.7769178788319,19.8217443400706,30.0403299886316,46.6690219090707
90.8004177064157,111.763986547969,31.27897747793,20.455762802732,28.5174572640219,58.3093086067583,28.2322699598713,19.9076118978095,29.9594395822601,48.2019448961361
88.3722032527229,115.50535107254,30.8589587263947,19.8592609903254,31.5744926172043,60.9323513578157,29.1850496873589,18.2829902685229,26.7434499485608,46.7216381860738
88.1210882305591,113.951864277753,31.6100083222512,21.1742352800174,29.9294830903425,62.2836072230074,29.3144049167754,19.7379413202882,27.9630360585011,47.2541405221181
86.9838079257757,105.14648755023,31.0663290149017,19.8302298133725,31.2341259162324,61.9375230272125,29.9025998276308,19.9467754640374,28.0494663538019,48.3254755977106
86.9319106934666,112.439441470714,32.4785959891509,20.3700728587701,29.7757450241525,58.4707153993916,27.7954624060983,19.9733794942273,27.7404648108431,45.2136956611178
88.9932631485501,110.936458988971,33.2756965709036,21.9255457928938,30.7047181175701,60.2625376307643,29.6366216058183,21.5864870161187,30.5205438675491,42.559033240644
87.0245857913356,112.419279845536,32.3251309216728,21.3485000762891,31.3883354902188,60.6218147952055,28.4341064512399,20.644475854566,31.3453704972829,46.7337206916249
87.9227189853841,110.244031082077,32.7732182984884,21.8910539714386,31.8947800876524,58.7574342327908,28.7480154153439,19.9037229398413,29.629898680882,47.4244905227393
86.6724127229375,112.16979976712,34.3003194309575,21.3322097195573,30.3685752048702,61.8522869773703,28.6699809413586,19.8692136745267,30.0603775737345,43.8173545021755
87.3952071871609,112.533277748614,32.7308859479889,20.9208434997433,30.1418025330038,60.8276372317566,28.7161172105767,20.80354123688,29.4375810564563,44.6884053880192
87.5422939038287,110.665796336942,31.769280358623,20.9864840506628,31.0006289153388,59.2303563377737,27.8798658322711,20.7308862889909,30.8792394092852,47.7461937885627
89.2351735008136,112.75375923915,31.9382215088391,21.0408037810098,31.3508983500651,60.5751587348782,28.4869934939497,20.6288333054477,29.9209077062646,47.218552385619
86.036635288457,111.57476831443,31.7103939036757,20.2028531754619,30.1915905730094,56.4215086695722,28.9440694709122,19.6007719774805,28.4868604544254,48.1955211375662
83.6469555434706,116.272026585321,31.6770144867583,19.3847922544129,32.4280183868382,60.5910853979813,28.9919059134344,22.0792644385883,28.7718529849919,48.3032642430652
89.5778305999319,110.946930022669,31.2106750595297,20.7524305694324,31.1668558068329,60.5698898702347,27.9590187581008,19.05668701033,29.5165964437023,45.6900883229433
88.4540593025359,109.355027232847,30.5455783935697,20.9512880915549,29.6951719508705,62.5525627618768,28.4897493174408,19.4392940193759,28.2775732075203,42.8494488033301
85.742468548732,110.8720571409,32.6831855734989,21.6290817197283,30.4313998684569,61.7172900536965,29.1607347326427,19.4207893315961,28.3303640552482,46.1599897962629
88.0016011107792,111.394586478869,31.0674308945208,21.0455623728429,30.9572307250588,62.8450468387581,29.6959024866269,19.5377445547425,30.1579991104798,43.3552027850095
86.3951056950693,115.72577349419,32.9549304223697,22.3972514024238,32.4016404647533,61.3127535665278,26.3167177289872,20.6723044692448,30.745326119478,44.847111424043
87.2003100758856,108.97022778926,33.6708748563284,21.9865978173274,29.3179140554341,56.3512570584473,29.1297722211256,18.7501046087451,28.3244751799096,45.8814767383666
88.1892023408652,110.49305711596,30.8363068460518,20.4989495832653,29.527608282985,62.9762938461359,29.0258079700956,18.5681897310861,28.7427194555759,48.8223186502224
86.221040202468,111.443873774153,31.6868204272357,20.4214390717612,32.0020736133591,60.9219742903855,28.0525680934562,20.9903671214311,28.9026746806034,50.3038364479788
88.5065160684906,110.24385503946,30.2801787760837,21.5466753768472,32.7394098945228,61.5415548174784,28.767516180983,21.630292474149,30.3929821654137,44.9836184754221
88.478167997362,108.434385239552,30.846058843287,20.8905296983841,30.7641675604345,61.7472544360974,28.0287346946749,20.1924977715677,30.9605438894309,45.2210112334086
88.6550585796634,110.26378529547,31.1742206990317,21.545724313463,29.2236210570431,62.1773461218258,28.4672588950683,20.0686117824893,27.7153871634673,45.9648978872372
84.515225969278,109.009337211106,30.9198079650241,20.840906548238,27.5796761954186,55.9080357187673,29.0476805383734,20.7323625462478,29.9104695246883,42.4175664372987
87.1189653197882,109.425373929769,30.6794873044648,20.7559146289369,30.2008570008616,60.3996115620014,28.5294674941113,20.3965597990389,29.3153749789881,45.5282780986524
87.1129866604714,114.041793805986,30.6848944342795,20.0223848206232,30.6108882144659,62.5670131693255,27.9132739922111,20.7317513780892,30.8073776985734,51.9200711525606
87.3119335146045,112.547909018885,31.9184564616922,21.3098669303851,30.5789465849732,55.7847397643694,30.0727079547932,22.1438079078269,28.7734313153045,46.8211558325499
87.6957333870258,111.287970029813,32.0214111264704,21.6344126239287,33.2430324037681,61.364509029151,28.7025199658074,20.1228039292851,29.4543133436965,49.0943317542563
85.5392915125699,112.976670828113,30.9002943653449,21.6760143703984,28.924897449575,60.5878991579422,28.5595674312107,22.5560687546487,29.7678416744122,48.5722746513009
88.2995001771126,109.440625044929,32.3416765039635,21.3266247947778,32.6488564723014,58.327831455432,28.2239694847436,20.9995529718846,28.4336941410458,49.1661361586131
86.9590024443475,107.934888023168,30.0146961748836,21.3339986833041,28.3272165285048,58.2021094491962,29.5951406836017,20.179606668258,29.8805146973734,42.8587453136456
87.1587102428303,110.527706734419,31.5986741746659,21.6386964203441,33.3602647374109,57.5965579857773,28.3830266203141,20.0563778310369,32.1794495012688,48.7152324294199
89.7674442039865,111.036729283802,32.6123648334781,20.284577564701,29.819457942726,63.0613880464762,28.6640372670519,19.8108416651504,29.0898513925236,47.2166446160396
88.7467154734986,111.536371742441,30.789990745539,20.0347272501185,32.3824943959845,62.9549914654528,28.1934659879706,22.232986013406,27.9990677952479,45.8450652945802
88.2355470934877,111.63719454721,31.5308504465778,20.3780051279667,31.1429982221256,58.6034966556706,27.858529473532,20.6857136121811,29.2010315406329,46.7425280701428
85.3999879995033,111.472374980638,31.6524265257434,20.3069815076176,28.6409689349443,63.2257317305702,30.1690818747981,19.4444593962857,26.6360718878155,45.593576647179
86.4486055099008,116.111135106551,32.7290518183791,21.5804313668343,28.5420129984318,62.9821240441486,28.3851232402114,20.5929459111454,27.8980340809287,49.2902616062261
88.3969660483652,112.744603585893,30.9668468051631,19.9578038867063,29.6886073862573,54.9532379958285,29.0063012893265,19.4483561179725,29.3440450780057,44.7180553626495
87.3802477874146,107.776268315314,30.4238285593321,21.7248701666662,31.5677044645076,64.8557264108063,28.4755584361402,20.3013969985786,30.7933531686594,46.8825526832439
86.6333873456354,109.801154898243,31.9304753740931,21.3984683479594,30.5166658344417,56.5837185129907,27.6984385224554,20.2589341870313,29.6157381991236,47.9900271919685
87.384489171885,110.234869585322,30.4497179205971,20.4541306020301,32.2383854677673,56.0917055589568,29.0033683957419,18.4582774162438,28.2321556843688,48.1684414575008
87.1000570967604,112.208064118458,31.4401375748747,23.040541301483,31.9492508635294,61.3509103694842,28.5938177100479,18.4907495512005,31.9781082420664,49.5794529973357
91.3801046206774,116.172150486908,31.6154992705609,20.8697958338792,27.1697587252685,59.2246748292298,28.7571863873281,20.8303118075656,29.8851862594578,46.6685851568816
88.8006831885548,111.476036090571,32.6196261637375,20.1921039986723,33.1337130111509,59.2506922737566,28.5912763600418,20.2705167706589,30.4910554357823,48.1396009576119
84.019682342074,113.011433567282,30.5665692711492,21.326603926626,31.0566713327258,61.6362742822436,28.3842984450709,21.0421615278899,28.5883066928213,43.1948691891861
90.6391274547016,113.7487169687,31.1433110486079,20.0003759363354,30.8276338968938,61.2451067395096,28.8395707106274,19.4408466387775,30.1551429157315,46.5375074123971
87.2979917520678,110.516783016785,30.8364825282476,21.3359979323741,29.1652143247069,63.6499223043283,28.6398830232306,21.498313871614,30.7809773399924,45.8587530873361
85.1888613208189,109.561559155352,31.3454580958049,22.0022768543722,28.2808108481193,61.0520540060647,28.985210002446,19.4108749950662,28.6523867982698,46.4386956742122
89.4175637117615,111.274320756424,31.4351831315998,19.2493114809603,31.450117459615,62.6606017197168,27.9944950808965,21.0447380011516,29.9500188945732,47.5577479103859
86.9939006111883,110.271463955166,30.4341932361505,22.496964120474,30.658467048418,63.5400717068129,28.7023506032469,19.6159425565156,31.5352553914169,45.3485509886238
86.8354173533637,114.372021132494,30.9849194624645,20.4924092199146,28.1709479729272,61.7148376855011,28.6008330486033,21.1213930603557,30.2440209914817,44.6645180029025
89.9686479087676,108.986528551644,31.3157386556062,20.3061188738754,30.5388619550882,63.8396740540669,29.1430629667828,20.8046475204944,31.4135007521563,44.3648935622739
87.5374897121078,113.48275375095,30.5603911810349,21.7852312150385,29.8941124394341,62.0488484793865,28.8994717689895,20.3539723423354,27.8081453170862,46.7557536715971
90.3205096436263,105.368483904779,31.7906697237263,20.7584134531842,31.0370852696422,61.8525684388145,28.6358778884297,20.8000993236775,30.2839232235963,48.2796990198324
87.511282654596,109.429027911237,31.4678098484807,21.187805218455,32.459231834016,63.3555032877966,28.6691198335521,20.5603099516874,27.8523866019266,45.6805974907963
89.0402845220048,111.740371712834,31.544307301525,20.8418356808883,29.5765037940365,58.8546174562087,29.2517983888061,20.4060029948661,28.7646537800545,46.230707507124
85.4287221931305,114.113065634985,31.4566952434122,20.079500760101,30.0814171054739,59.7986708257403,29.4793910314445,19.1104628431374,29.982675319791,48.6082911395662
89.3506467134861,109.40355831314,32.0115048366963,20.31263596998,30.4995270306886,57.6774300466833,30.0142293124757,20.9078262016699,30.251864665322,44.6002847958455
85.7481547022884,111.724749349397,32.0381615446521,22.4108029605634,30.9576813243353,62.9694781871216,28.639233026736,20.1330127751448,27.3018509082142,43.1281091299519
84.3618201919339,110.220758661083,32.7439114140474,23.1870129093933,30.0978632859409,62.8958638366756,28.7736974141496,18.8390671307877,30.762231987062,48.2340994997327
87.8010167209935,110.654754762435,31.4543259824214,21.6011539957728,30.7339141050902,57.8298599434565,30.1429965265378,22.6354840210779,28.5248225784819,44.7182707644526
87.3123182786242,111.24726223489,32.1751395212599,21.0601915662176,29.1327286007849,62.6357217990002,28.8341745160259,20.6223714353199,31.2135558907286,46.8407805104095
86.4708873655567,109.19872692005,31.665805946344,21.5211068983278,31.2938248815203,57.1000178793621,28.3379448843085,19.549191230613,28.2483531632709,49.0753551469522
89.3904820496253,110.130923050212,30.6848036703489,21.4842462270856,31.4393867890833,60.8042205465788,29.1968050151182,21.8470322058945,31.3169699059998,42.8758970650593
84.6315919743992,114.173124746157,32.083637943218,20.5594219709684,30.5242566780429,61.8939729765604,29.5856761793967,20.9330705292993,26.7952616381985,46.8864028125301
85.3976290675561,108.229844725946,30.8661028261645,20.5210857700071,31.0148532772673,59.4177883937052,27.3153923883288,20.5203322463637,30.3758524441769,46.4527124621719
87.9785847891637,109.660514741488,30.9560995289354,21.058830126476,30.851597878309,57.9057441644237,27.463515715385,20.9378469300652,30.7437676409047,48.8584353337486
85.9980842286141,107.356544904888,32.2547427018429,21.0087875019718,29.7243565537578,60.1375630649222,29.6166698932655,19.8731434635963,29.9582870684542,45.7495704922945
88.669960593177,111.42994872826,30.4161625813241,21.3927470760136,30.5483446116674,60.6822046727395,29.4097512091765,19.7787271616864,30.9949766835974,48.437997348354
87.5745070178628,111.281309956496,31.4431818727121,21.6465194130939,29.3075680233773,61.0985002756108,28.886658587072,21.435099091782,30.656082583844,42.5766539260958
90.4150721939864,112.677352173519,30.9727436780933,19.2625355815808,31.9998644337721,61.4199589565838,28.8125109978007,20.2646900780259,28.6091449970515,46.1384525056805
87.2657475316357,114.105092366174,31.3269903566259,21.1883096151677,31.708086547872,63.8276711910809,29.8254099460039,20.8936493025429,28.9689164086869,46.5564567748197
89.4451540663406,109.998633829684,31.6659199422946,21.5954441474127,30.1398932274358,58.7873162966281,28.7554104256812,22.316130205385,27.2604206522607,45.3708085253706
88.8369417581131,107.442871313518,31.0919369026385,21.0230829532659,28.2901520426546,60.8436446049011,28.8689206073794,20.9394173005495,30.8154072404915,46.1831557418764
85.0874353192567,110.163051294389,31.5825847262855,21.4303642538715,30.5662942922266,58.8395726571377,28.4888124294375,20.0720793103578,31.407782321765,40.4667430568075
86.6313497274077,110.893557431911,31.99083090479,20.9851612045248,32.277792623432,60.8285443325163,29.8648119701553,19.3729947180784,31.5056905764645,45.8587998515594
86.6499118462661,114.235115484924,29.9422896736109,19.7346122404718,32.6922939295014,59.9007078393607,27.932647248236,20.9467406661601,31.421475550281,46.3699248039118
89.4712908337431,111.114255162959,31.229046061968,21.5244734835773,32.7254663445304,60.4816380159456,28.5157152363079,20.0339314700533,30.1768217174205,47.6804372770101
88.3564843267546,112.453367965058,31.6026400552331,19.6872142472352,32.0857433086881,61.9252907893686,29.4341612092359,20.1739061318011,29.1908033625518,48.9836083598928
88.4101449564511,113.271702018388,30.538473871669,21.5003251057005,31.352281222384,61.3833605646134,29.9533416788737,21.5358482498119,28.746673698161,45.6563077798811
85.6298345808732,112.869356454527,32.1634285295124,20.694332029107,29.8770663170058,61.4119778437496,28.4081441270783,19.5535296374916,30.3445160610501,46.8825966219441
88.9028988820225,113.623839702224,31.8039528915977,18.7212717471731,31.6215232425834,58.5822284057978,28.5096831256237,19.8321175398572,30.4747982753295,48.5476485090282
86.5272225746076,112.663408050668,30.9056482346511,20.2186709536171,28.7379756256255,61.2771633865985,27.8871060982309,20.2906929294059,29.0234540110432,49.3150776008915
86.187716835917,110.820268849876,31.2190705681468,21.3187728244075,29.6612358279609,63.8294726342729,28.9951555056205,19.5689814799054,33.2029436849542,45.6048890072956
87.2135041577454,111.825908640109,31.7147296904973,21.0604817662225,32.4991229179485,63.880140674803,28.9432463133949,20.7765475030683,28.442569680964,45.3201870964728
90.3165014371752,107.652753773323,32.6941155989295,21.5771177836705,31.1949322226892,61.3902422822398,27.6434589421543,20.1368365515546,28.7908786575539,41.5329393717116
88.6968178723553,111.184698489474,31.5545015371494,21.9862922874741,27.4557591946855,57.844784945725,28.1793160803084,20.3988933838057,29.786301473884,46.851964319328
90.5407246990116,108.00923809846,31.5740138085491,21.8756036375277,29.2661203490038,62.4745736266096,28.57990819196,19.5670894865069,28.953551713081,47.1609231374531
87.5724946604636,113.14123566956,29.8477080051302,20.0493830494945,31.2906617384825,61.0454550311768,28.5249332358498,20.4207945994266,29.5143479585225,42.5021517099687
88.5929979866671,111.979865010846,31.456258362236,21.3507038317434,31.9259925691978,59.4724302038462,30.3456300657831,21.178974790959,30.5737691748321,49.2169480925614
87.9591067554186,112.838426192753,30.3314506648681,20.8615285405244,29.8446314434048,60.5063472510427,29.7472528096676,22.2926008530192,29.2801393002888,45.0138237112778
85.9064313646443,108.412111117247,30.8987073482369,21.5081391566959,29.8494891851389,57.8018431149716,29.3358549104695,22.1018268555059,31.0711715681473,50.2333013973085
88.6875146144619,111.839416197819,30.6786324005291,19.7651585264157,30.2831816239466,63.317714499587,27.3916748623187,21.5056287045484,27.9532078030173,44.6406241574136
88.9816030117538,112.5910808067,31.5595016802294,21.0614015793315,31.9810004126367,61.7957036680912,29.2820790751927,19.7992475189626,29.7949723228815,44.7747195019826
88.5226227449316,113.654284859382,31.6782491406512,20.8306737764242,31.9266940246733,65.2535746332565,29.0108897480749,20.9759420279302,29.21993944312,46.9500629049661
89.569790903079,108.607053515399,32.1354004701933,21.8131417816944,28.9755340242869,59.3558109169684,28.4794671691719,20.7032757163732,28.2914674625876,45.2430391585781
89.9582258918958,108.11583396178,32.1231724122312,20.1926980953659,29.6502825196101,59.9536806588523,28.5871555513274,19.9059342997179,30.4268810077055,51.6813220078211
86.3137368782022,113.340746366346,30.3736000258067,20.1239414353834,32.5648537430964,56.7332159165934,29.6445210642764,20.9475300903403,32.5928676141184,45.3019977650346
89.4528594310702,109.648859440518,32.2895275126887,21.5695913434406,33.3615085275064,59.2461094400556,29.5223782053939,20.2533481210035,27.9321084039707,47.5601520057585
85.0866866512758,116.475721241789,31.5428438694447,21.5998262296864,33.7634890626226,59.3788582225859,29.7770754958759,20.5549304252545,29.3352931087669,43.8691262239848
88.8158270388033,112.48242543802,30.9388000872255,19.7472622088927,30.391237701397,62.4185376758687,27.362981721682,21.7585953184752,28.5106338080252,44.9500984405696
87.3826849308763,108.523261016457,32.6340789852429,20.768507486696,33.514351418349,57.8138675325739,30.2825136667797,21.2773253893585,28.2968543394596,45.7921156620854
89.4158755849378,108.156279662905,31.8374248994516,21.8984705602757,31.1593604480305,59.3541593511355,30.2874896222783,21.4244052298582,29.5020219852194,46.5409260138884
87.0207335571002,109.972232678949,33.2344255919368,19.2349874839698,29.4017824563101,56.3137079341907,30.519569608268,21.1388606273876,28.8147319881668,51.6537494038346
88.5192788683567,111.458011259092,31.5468746270853,21.063901152877,32.3208518726842,58.6518501086787,29.4234342807302,20.7649613615481,29.7403372800666,45.4409441171505
84.4738934409165,109.349595049429,32.5959163879759,19.9791524180149,30.1012318001693,58.9257666260221,29.5780360192063,18.5551418975828,28.5806175103618,49.7369284097993
89.7568420113788,108.44052272959,34.2700119406574,20.8493389048798,32.4761407895351,59.1538246550331,28.1419936605086,21.126704694623,28.095041646784,45.0821971399892
84.0479491404696,108.799835239188,30.8944387863829,20.3195222058306,28.4463173371578,63.8765816917917,29.2370242320701,20.4711072541293,29.8968603149048,46.1405800446306
88.0667318567975,111.417338836754,31.314610864348,21.6584199865359,28.9744314872308,60.2450379830698,27.951646720621,20.8338923709249,29.3388425400997,49.6728904280878
90.7238577876741,110.586906064141,31.470642325466,19.98539343999,28.8529404907341,62.3071287287467,29.5048701361477,20.9819432529342,29.057188736858,47.1388074695656
85.7235618805435,113.968628541813,32.8901276954249,19.6592000789261,29.4670142117435,62.9761241738044,28.301890006085,21.6124786175555,29.7011986116055,46.6523883116634
85.544963522266,111.147372450949,30.5352117079965,21.6812771322279,28.6502920141841,60.1723838404274,28.3426057575591,21.8220950996806,29.2953117292358,48.3061765526087
87.7979841261342,112.814663457851,31.3063906978015,20.6878747869028,31.4017523972569,62.1655188379457,28.0987851577224,19.7740414025924,27.612183512879,46.4335973838153
87.5667534714558,114.223507174898,31.3874744343598,21.4541998653132,31.1981943215125,64.5888603446545,28.2576079466389,20.4702513749358,28.5619400451834,45.2770192890267
87.8491254226794,113.095678880994,30.3112614586504,21.2877026137021,32.0581804412511,61.9107659917661,29.0666029480203,20.756679537487,27.2760977700546,45.9931053661311
89.417217801987,111.534192082283,32.3492132376005,21.0876212993477,27.1491961827542,64.754766761782,28.3118965761591,21.2248303835689,30.5835980728648,47.0190868398605
88.1458400669483,112.903237584007,29.7334235640523,20.9558634608533,32.1308119376869,56.824166161288,27.7508368273691,20.8796931088886,28.2899078797143,44.3388071791459
85.9829082559862,112.829635663648,30.7942976690562,21.2927022796014,29.8452884967005,64.2573983062572,28.9175848419903,20.9225239968296,28.9690520050092,52.4460664109023
85.9913829608265,112.390944168206,30.5508058642413,21.4510935207559,30.9946506979024,57.1551619785177,29.8395526050025,20.5268078096912,27.7423938490694,43.7432609943409
88.368311473309,108.443123540617,33.2655773018831,21.0712960640205,30.7379065718581,56.3481717455244,27.8990076908334,19.7127552851791,31.6942209142024,51.7599832677906
86.8169257562835,111.445096921914,30.2271891458597,22.9512877140202,30.0262664003274,61.5812823530774,28.2301468439932,21.1187307362512,29.5107776590806,48.689273076624
86.5715142653081,111.844378553934,31.8158808726402,21.0437763521861,30.7490124903307,57.7287425941727,29.8261908869941,21.7448467066621,30.3094245386244,45.6529857791895
88.432017340068,112.271826656992,30.3709483228971,20.5880298160273,30.7869670627347,63.1530321769829,28.8739520310012,21.3088832319749,28.64344370293,45.5028752714648
87.5034823223193,113.217673903265,31.8096029570514,19.6679994987732,32.7431897226427,64.1513370410153,28.5641462155967,21.6836993524163,31.8232589807828,45.4462918462597
88.9276737936227,109.102725057118,32.3727593904426,20.3387074372042,30.7293599331903,62.3681465535501,28.8130022727957,21.3469587958516,29.5139757277748,46.0914644934957
85.5971678495877,110.688469850534,30.3846044330244,19.707547872175,29.9455223566135,62.0273640095273,29.2926552747343,20.678555015683,29.8432771348866,47.4884275949337
87.677743843203,110.6291728232,32.4473163216473,20.4042825768203,32.8354406777297,58.1941696044689,29.4822617708528,20.7820740749131,30.4498109399589,46.3490929786955
87.7711803445897,112.409582846216,32.8957197057512,20.6991702952492,32.1331934664418,60.5290382312932,28.0229086756328,20.3077871300422,32.1498743041759,47.8733521824749
82.6734666104827,109.757435437435,30.9002467862845,20.6822466414881,30.2165660944403,62.3097230480957,28.0466102756588,22.0735877331493,27.7758610389186,46.7004320317128
86.2089450767694,113.383313059166,32.2571470731365,20.5350732084676,30.3975866945428,57.1721496083249,28.8075415609896,21.6430861912957,28.8263384404754,46.4115194442333
88.975381295179,111.327442916318,30.966142322194,23.1222909431539,30.1805630592032,60.1216415786872,28.4098381246386,19.7073996574497,29.5068517687259,46.6630647020203
86.7640174891398,110.658111621642,31.1630867375866,20.9994357608433,29.2265006886059,64.6403513970296,28.3703124510878,21.0732718420093,28.8703367671598,45.9247992875347
87.7842345778022,110.129425858235,31.5411363019835,19.703639496087,29.1454869833984,60.7542089237097,28.625974180214,20.3716774975209,30.2688072908101,48.1267797115421
90.6626741036093,108.474318894055,31.6105584746675,22.1380343759953,30.4149210262363,62.1122363042287,28.6085038348442,20.8251492901614,30.1028316662299,47.7252262214631
88.4633044266404,108.684513661456,30.7060660555361,21.764273837871,33.1450006085122,62.542799546738,29.3767834471211,18.8549035080323,30.8515258052133,47.7312762541356
85.6623067416125,114.498241228327,31.4074960746624,20.3752453937796,30.5887718940982,60.5367025638198,29.0957075753597,21.2859914851553,26.4877030676142,43.4801393395399
89.4217306897876,110.143976873303,30.5515067105418,21.3103492752056,28.969401846918,61.0928948799353,27.9390776944535,20.6596536628334,29.9862340272657,45.3366485245575
86.2442455772132,109.589694444132,32.3856441248544,19.9016807953267,31.1617304701011,58.4849432291528,28.6342746165612,20.1974470571764,31.4868438540424,41.9840762219235
88.9020951976645,115.289381445351,33.1325576625293,20.7288846779789,29.8035367979147,60.8719959339888,28.8364770332551,21.300459065015,27.8830141526561,47.2220407604869
89.7703914513153,111.301300593205,32.1041192936856,19.9738670312876,29.6326982326143,60.687202384282,28.5262523535041,20.4272909473598,27.9569121253472,46.6425837880082
85.2505382132378,109.106152295827,30.0825509593642,20.4077545761003,29.712258988243,60.4557708083518,31.230342533414,21.1183583194943,28.5860600199139,47.5589565736382
87.2909498251469,110.337801371591,30.0422749839383,21.4271694093252,28.7911296579941,62.1355858279998,26.8693906878834,20.6958161412334,29.715243050547,46.8355196214872
85.7283868951105,111.790448200653,33.4292334999466,20.5052827525157,29.6065324538777,59.1052694807836,28.5664978412441,19.9827357527272,28.9683540169656,45.0902466542872
87.2621517428805,112.419082046724,31.4716656488936,20.7964997424193,28.7079569562645,60.3267200395469,28.9426058768969,19.3697066192859,27.9378143185681,46.7501854442581
85.658478445276,114.458373198256,32.0566386191757,19.747265961564,28.2954731819772,58.4041190870089,29.5077788961473,21.1291583978542,28.7517646501516,47.491924221956
86.3158432812029,105.4854572615,30.5537995508964,19.3697031189967,29.0409091615465,61.6969616215379,28.1345320581793,20.4371008058026,28.1659746216292,49.843132177152
86.2144614334186,109.607572016944,33.4624785717012,21.2640332858498,31.9094102331561,61.2429327407674,28.6936154043805,18.9165762394058,28.7735959052519,47.3260417821882
83.5303801880652,107.830226219683,31.0513255959453,20.414008460834,29.1830920453347,63.4573674780559,27.9288142508261,20.1617915472727,31.3080637216073,48.7512471797668
86.8403623046034,114.4930899452,31.2868027564377,20.8543937935179,32.3257620466441,63.0132713650296,28.9311874468504,19.4067481160574,29.5347101863518,46.7022297826728
89.0745706229151,112.554467039223,31.2441484390399,21.9664512198589,29.5244739069935,61.1412448345168,27.1719485569553,20.3086999953547,28.5117284604534,48.5163335669142
88.6482777716678,115.069893135777,31.9860817096956,21.1551120018149,33.1758074580397,54.7413362657159,29.9011107662132,20.2018558762912,27.2723917604254,46.0278378402525
87.1638058273673,109.186051954081,31.6743031932061,20.9287596598416,31.3617311370086,59.5013643765622,28.5952655157764,19.1116350135911,29.5477253419621,46.6598037122115
86.7440092483811,110.203613293047,32.8136816706007,22.132371145612,30.8798833418738,61.8326613410407,28.8531620256297,19.836439744672,30.081216352853,49.0176465912624
88.4937719182587,109.445754979551,31.8243138475688,21.8679788703243,29.2866886477419,65.9265137368333,29.0880398503749,19.9835708898817,28.7241464721564,47.8459858365262
86.2728168883899,114.260727480454,32.1327899368128,21.009686315422,29.9507628385954,59.3697274443455,29.9164800982157,20.508179453077,31.7093131530077,46.3034104065404
86.8856094343109,107.758096850219,32.841464001798,19.7393181914347,31.7389138454343,60.93129512972,29.0154807344163,20.065048897327,30.4552235616542,50.6468790568871
87.5929777648579,110.794533005287,30.1230596790552,21.3358624712239,30.9301935558113,58.2389360686583,29.1428040962712,20.4707890069549,27.7702799256296,46.393539316203
86.5110737662376,115.154660657391,29.8875448315374,20.5423760341985,29.5480515068183,57.404092544173,28.5159950424538,20.723188931194,28.1249154742165,44.8183747218244
87.0815298389114,112.514237873234,31.6584223185681,19.479823344499,29.2511398159476,59.0780800169256,28.3037953917906,19.3026824337307,29.6881107904192,49.5616724291588
92.5232559949041,112.001958199749,31.8943130390633,21.042871262903,31.4836439563488,57.4274980680798,28.103754210163,20.3720421769361,28.7817894109719,49.6832510065023
89.2688970317079,110.966672581645,32.6216326610113,21.0263255689385,31.4864135758004,62.2697270529798,29.404105999354,19.5950491479691,29.6483930940589,47.9087879728843
88.7127456935653,108.207158627724,31.4194517549286,19.6940040903999,32.5476371887062,68.3381430618776,29.1180172626502,20.0457900717161,28.6900292846919,45.5756990786635
89.4738689069258,108.428160862066,32.5601492856642,20.2214420858793,29.8027941264041,62.5561898501098,28.1341275388589,19.622666916966,29.8161768226246,44.9589627762427
88.0480439706378,111.250501656754,32.1083657848147,21.732007162883,33.5966869679769,64.087250929598,29.1884155605479,19.2999235075033,28.6530460117955,48.4194046199393
84.3821734200414,113.919058550076,31.9080297915449,21.0076932078494,34.2891837362164,59.8129689800762,28.0045572899488,21.0735174811662,30.248028274818,50.4983734193612
86.0302278021676,113.44949740892,32.1306647157242,21.3860003381954,30.0401417921046,59.5222045413052,28.5151297367447,22.1782163272146,28.9716695201225,44.4435469521103
88.5298618776726,110.335171746804,30.4328760233707,21.1003226099058,32.9016363485684,66.0736880811334,28.0442554932198,18.5893768569249,29.5227891948838,44.7982897470318
88.8592158086291,106.790948838784,31.9690366957712,22.0768400548589,31.204504398037,60.9037658355477,28.6700476523768,21.8877203839705,27.7344931237327,47.8943842409013
85.8209969249018,112.338720704569,30.8968782937661,20.7390035826883,30.1861127600722,62.933420009642,28.6278599127902,20.4817226349948,30.6897874434684,47.3093220493548
88.163739608827,111.518808192828,31.1409045480174,21.0075395700345,30.528034380831,61.4393450208033,28.8413471241331,20.5441494576517,28.110930161431,47.7556534334994
88.2077755233857,111.71769060032,32.0570254901861,21.4698306670186,31.4974882642392,58.0937441767183,28.072069940009,20.1603640727973,29.009817309386,43.1638263801502
86.7526092072481,109.775391626791,31.858120429914,21.2839251502756,30.7026172156853,60.8637714787991,29.2145457255635,19.9804202425252,31.3394301029179,46.536325322177
90.0089914026108,111.004262055401,30.2045281910565,21.0528859351336,31.6410180718363,59.5260856964055,29.2050197452974,20.5341441624936,31.2584854366241,45.9113671835439
87.4600999121422,112.397842877133,30.1224116156004,21.5440826455575,29.637209142512,59.2220345073131,27.8228637000815,20.9899179112834,28.118171433161,46.5328799317652
87.2815894497991,110.026388605218,32.7431030197152,22.4074978190349,31.7003467599771,63.0448786390997,27.3666207813014,22.726602771229,30.7630989241474,48.0947232896068
89.1236907829316,114.586234513693,31.888719763271,21.6045410818734,28.897971141479,58.2528027473501,29.1112407717591,20.6451160441589,30.7404049493218,44.0764382295764
86.58831440766,113.390337156701,31.754277594047,22.0780276329789,31.8801609034399,62.0665629570108,29.2490619792547,20.3926055381749,28.6498048136935,48.7532778166912
87.8770291134883,109.48217499809,31.1246128830613,22.4688794490661,29.0995553811408,63.0651427659139,28.5776292049935,19.7798472690957,28.5876161840238,46.7463031619916
85.1826007775785,114.139669130294,34.2581635288565,19.8474938691261,31.1034271278095,61.6561609081954,28.1846072873473,19.788265588141,30.2691501636533,47.0640986625625
90.473244356092,112.254356197773,32.6075648104617,21.3477305635486,31.402989498805,59.2060327378704,29.5967502186256,19.4201726146226,30.6654150095681,44.3358491695784
86.7850270360594,107.411599837615,30.717327345308,19.2841706383914,31.2023390977799,59.31632892326,28.1177047045241,20.5424370106381,29.7512485099124,46.1258153977351
87.450648695977,113.162558464476,30.2589807826556,21.3031841060278,28.6608097524412,60.43104127108,28.8065471828713,20.3901954999642,28.6721756841255,47.1035966932012
88.2569058885462,110.643172164996,32.7813891808996,21.9316553131426,32.6715531553709,59.1555124384271,29.0743715079815,20.0462241539439,29.6586716716836,49.3928519399203
84.553378264997,107.743026718705,31.1550263979812,20.8166174238913,30.8379692979852,57.4543792867755,28.8098595909265,20.6710142008371,29.7344891047799,47.516553481298
91.0744616054668,109.121460336194,32.1776988405629,22.5591212638113,30.1798213410999,61.8980690816609,28.2051303967887,20.9584550831516,28.6247259990456,46.6141216405052
87.3480592960937,111.357022150708,31.8224950892352,22.0624306250362,32.4488163562776,60.9599708905456,28.2589800294109,21.2246200105865,29.4468477761881,49.236253197598
87.6799469604874,111.502504272781,32.7859167203834,19.5918639666948,32.1787328171118,60.5718833782572,28.259094170718,20.8993228610433,31.2092884330257,48.7087315210005
86.7497731315264,110.740739201565,31.7163963055123,21.3479209421816,31.6736764344187,60.044495860073,27.99365236971,18.5388911475585,29.4326360612242,45.592520733102
91.9560934442635,106.709646329216,33.4958288445235,20.3872708619484,31.9385015879022,60.0726980335337,28.9080515816404,19.722127385692,29.8819623774872,46.3125510100668
88.0029720579254,115.614840813563,32.0686912735443,21.3009003524238,29.9340178182081,57.1532679750798,28.5838928320344,19.7267566041108,29.2905486683229,48.940153656134
89.2224284677919,114.50766823926,31.9464755906624,22.7864947994041,31.3552435821087,61.430939341609,28.0904161629875,19.1239091668113,30.1380897024097,43.994303848091
87.8884458632273,106.840404498588,30.283377601715,22.3644848083307,30.1598402865905,58.4679788616197,29.2244754526008,19.8693728610524,30.4852743671711,45.540714813474
85.4585317331441,112.106708372635,32.2748098719761,20.357181526131,29.5683533765391,59.7325253736112,28.5002444391818,20.4184766905969,30.237944785302,47.3405056806906
83.6565819293946,107.80154051542,31.6917829912087,20.394236838052,29.4147570907748,61.9484434698383,29.1885014327054,19.5818200666408,32.6195820167049,47.6543255140763
85.1952600224458,113.255394672965,31.2370217662661,21.0654294258805,30.0039889626398,60.6202143162805,27.8081400929657,21.1895772723432,30.7763700660611,48.3867743261141
90.1402799221426,114.301233893563,31.4820005504634,20.342491989927,31.0956946449054,64.7738367810196,28.7655308281206,20.0830396815184,30.2191125561361,45.8979191662815
88.5079964960003,111.565449105197,32.03045623793,20.0962966265894,29.273967066887,60.1155409540206,28.7102148994694,20.9667729033724,29.6586453702506,47.4339897484329
87.7568702927867,112.04296984438,31.3999893122054,22.80208668661,30.244737094483,61.5039677527071,28.0303263516954,19.0198317850624,29.006649801988,44.8484051855735
85.533948530226,115.112293392023,31.2054183075136,21.3534267741833,31.8138154115486,60.0900511374003,28.4917041158118,19.5720304690928,29.8206956382605,45.5179007148177
87.4813984822885,110.163675112767,30.3447861105258,21.3186370637115,32.3328634595813,61.1173679895076,28.0243966245405,19.3356895603085,31.5839802526435,49.191508556804
91.5400241512817,112.101694785436,32.1768541685516,20.3367750791419,30.2188761230106,61.1386943476979,28.6767651691587,20.4648160855627,29.1459407964645,46.812031110553
86.3642208010967,112.234966935246,31.6025244880018,21.2676158011673,32.2179751526194,60.162828821823,28.7805784456911,19.4808013630754,29.7715108142265,48.0651246227759
85.5473599189213,116.812252098547,30.3062664256119,20.5448471305062,29.2605696693593,69.3702232028662,27.9468844058268,21.1908223788034,29.3078871137638,47.7392079834277
86.7526017190654,109.12351806371,30.2923504074565,20.671231864453,31.3846155627987,60.879843819992,29.0289874435733,19.9368274520692,30.1291967539538,47.4910354663905
88.4715224632622,110.463538832476,33.6680883715663,22.1492037579972,30.9864359723861,58.9738983454017,30.12359126088,22.9204011908462,29.10196945459,45.0273352698803
88.7206137646696,115.647154575968,31.6116063691707,21.2522606240998,31.2278763106545,59.7017880221489,28.5520146761187,20.3268443332773,30.0667653323525,46.2353014108668
87.4492132510964,109.635221396987,32.6887824634622,20.4372112500821,28.8976989681905,61.9163295840629,29.8685643922586,22.008570433552,30.2402076068556,47.8996469913234
83.8200090216181,110.391805979524,31.5092278517322,22.1597485814433,31.6970401624717,58.5262526562123,29.5140657830317,21.1554215658266,28.8922198150962,44.7678402310403
86.9660470705852,111.928118114549,31.8247971823331,21.427393603346,28.8656078326786,65.2265539008736,28.4186140765833,20.2356657392089,28.2491148839854,42.8207236508974
88.5899131767252,111.85905288314,30.6745251857457,20.0992211340939,31.7658492028737,61.6415005018785,29.4207257783535,21.8710848329533,27.5316092140899,44.819740460423
89.0624568401917,109.748870318953,31.8201486095016,21.4459211395932,32.5493798654657,58.8697552623113,28.4798933703539,20.1274686785458,29.0131640059643,42.6846268659826
87.1954860602235,109.905780264763,30.9987590658986,21.4709640406059,29.5748310360301,62.5511295510649,29.3675565538006,20.2541540063374,28.4370712995892,46.1859037510236
91.5886910833736,114.814773451886,32.7031634082393,22.4467200900189,29.6996870704723,59.8783817711323,28.7449686618905,20.5170436830185,30.1166531800374,43.614380111789
88.5223976835566,109.656617865586,32.2987569474554,20.6773376646521,30.5884155382396,59.509598212454,28.3097560632831,20.7147842284421,30.5862837810871,47.5124735208091
84.7158503140442,110.998294972362,31.0027744753796,22.6190584036664,29.7866361373295,61.8763745881471,28.5430828554939,20.26854971458,29.5065470766393,47.7978678871674
85.6930446068624,111.778192037469,30.8404221408629,19.8688042831655,31.0184634460265,61.2467577651405,28.5240585539236,20.4854147220054,29.9750258310956,47.8604299938738
88.4527533085124,112.613292327954,30.155626102469,22.4722437626688,31.8431386998303,64.1202332707473,29.2961947617799,19.0317206310285,27.7392013754698,48.0520152662838
88.1286765473579,113.196298301223,31.8966638857323,20.5883182899289,31.0107995613599,56.7663254807051,28.322608664359,21.0439043236339,29.6702439789151,50.1240283747135
85.5167335801066,107.150350022876,31.5367138747277,20.1986162798514,29.8355022866729,62.4589701719532,28.706714598226,21.6004777464284,30.8974153385546,45.7647109739829
91.7835014837389,111.40478896015,33.1948665690348,20.2929884058098,30.9820284771064,61.1033245384351,29.9626331596343,19.6041723718727,28.2098035836943,46.1459216366808
87.8425810247067,112.959871887012,31.8231980193922,21.8710148157111,31.2005498332157,57.7385551689466,28.1654084845976,20.1923154214407,28.6003439036554,49.2919198048567
87.036639288867,111.820005435329,31.7308339823105,20.9441549010796,31.6657931148224,64.961014839999,28.1412912093636,20.0962597720724,31.3834792823728,44.6320488228301
90.9277512165924,107.758156370598,31.9446155580579,20.2464398859436,30.0919887100181,58.7164141323518,28.4291277621524,21.7170137392201,28.7028962404846,48.4351074261338
88.9060924416559,106.501831289666,30.4245451481029,20.3150906437482,29.7286242377771,60.925729272938,28.3739835714739,19.6971269377068,31.2725844560501,49.476440356916
89.8225002209909,111.987071309821,31.2052447278578,19.8811177772715,30.6556399973732,59.1809762016554,28.3597620739772,19.7995402546916,28.5413936775747,45.0607029627789
86.5399566494371,110.9978632737,32.0186543969384,20.4931086195706,32.8042918872773,61.5228787302485,29.4437925096403,21.7900063036177,29.6877336126991,44.9564128655402
86.8630844156067,110.96388727921,32.0855938285017,20.7884459494379,32.8335876348601,56.1080561651303,28.6905878204851,21.0452204916139,28.7295692635236,49.2454609862692
86.3005831195597,108.843234964394,31.9148541918967,21.0162621934397,30.5165741582678,55.9009530869702,29.0051242511329,19.0482041672965,29.5459923171883,46.0946247684791
88.2514195591188,110.507472214124,29.8659277629349,21.7161855081843,26.216174926399,59.8756293731353,28.3420215148893,19.5635872234029,28.6012646904287,45.34741944347
88.8966587051112,109.323882567414,32.2902209370496,20.8052537862724,29.6644585804705,59.546929468723,27.5501459167869,20.7584613303571,28.2757850618099,47.678613871816
88.1815003016953,111.577910795167,31.433720719865,20.4950936363475,33.6869360220983,59.4856989589879,30.1057549532358,21.0170340724337,28.4436655289236,46.0697627982167
88.7769137161273,111.406708219952,31.7338158472552,21.3841270832708,29.6152077603495,60.3031181726949,28.7006196885897,21.4040934114836,27.1919038591997,44.3016473213645
91.6495107206793,111.563008903414,32.6312260306272,22.6427195248351,29.819515130448,60.2760631882213,28.5961568350139,19.6951430420359,29.1257911728752,47.2468934309095
89.8892568470767,112.046547337716,31.8443573386831,19.6962089683718,29.529333588232,61.2165882953027,28.8938170489557,21.7789032960732,30.4137427309136,45.0306028350115
91.305441368938,114.222987275587,32.2056960675873,20.9793154890836,29.8308816072672,60.4164530021261,28.3675702576928,22.8884137126338,30.4085307912278,46.8542768591802
89.2132910366144,113.614998297536,31.6411204021368,22.093591544883,31.0572651975916,60.7180887606847,28.1804414796821,20.3685522396403,28.2220249540119,47.5362351101384
89.0623578925873,109.123740396249,31.8075731817418,20.4634466514229,28.3131172285851,64.1144919348881,29.358049267666,20.2361198275637,30.4298912129312,47.1159895751514
86.5804435015978,112.761041306374,32.3810358288834,20.936376749172,31.9131366537253,59.1122140546738,28.2964163865696,21.4502304750639,29.6836212860462,45.6131934212945
85.0356977898593,111.010009489298,30.8822676983535,23.1471982423065,29.3718122428342,60.7815316010286,28.1617304458713,20.94240606073,29.314078245451,45.4936438411123
88.1307122856422,109.271981588815,30.6430934928024,22.6722038876193,30.7880770458332,64.6184156084057,27.6752862144401,21.7882185945136,29.740402700978,49.3480354436664
89.3121049983863,109.934268552662,31.0564589680907,21.9231842374231,27.4142152084149,58.3529119513773,28.7720681601279,20.310024878041,31.63346932832,45.3250011496236
86.4371577835026,112.556292639907,31.5621384092011,20.6770339906408,30.7253940439494,58.2994121024552,27.7336095053065,19.5210999441735,29.5287215711451,48.9664398137762
88.8727001196549,112.257256988524,30.9944387757534,21.5127304427217,33.1388148630386,60.1708511623475,28.8718823259771,20.1368652391397,27.1656107170045,46.5965351712843
82.8233890702199,107.690954484979,32.1822978216678,21.5175523650541,29.5740950342625,60.085610405759,28.891579675268,20.026880616246,30.3748420046052,48.0252844791677
85.4942307599176,111.689201699674,31.0930905617411,20.5630948910782,30.5212853992431,64.4211011496478,29.0337338339111,19.9437332368781,29.7264143578042,46.9981486626179
89.712931913454,110.276338680306,31.3387316413926,20.8182373569165,30.7383037687697,57.2183225207698,29.2744221541055,20.8167453784985,30.9990375690868,50.9655954808432
85.4864046790344,114.092351751407,29.8578697695821,20.9925093663555,30.0131571364748,59.0082977171686,28.2623987320057,19.7377732569026,28.6076658923801,47.0461728218028
89.1089714950243,110.200830189178,32.0215241943324,19.8774601637382,31.6405871583561,63.7815176791696,28.3446575255887,20.8076911610601,30.1874427786198,46.5422097320275
88.691478193812,108.097069996106,32.1901948483725,20.4428130852077,31.112576269821,61.7397287623245,28.9877895675388,21.2604453007179,27.6687599283175,44.4306739335277
88.4869130282028,110.343846381651,30.8579960520891,21.1333007799196,29.9071385288038,57.9730730576743,28.076219183221,20.1660379302325,28.0184321009507,43.3150046701875
87.171890803658,110.517779764722,32.549689939851,19.7631005732707,30.2663938165086,57.1585122048323,28.1848057797927,20.6850922841296,30.4378009105717,46.5059018955221
87.5096731699785,109.742131755758,32.3808361104945,22.3013467828685,30.1455519192556,57.2946510909787,30.0662947641267,19.0448443413907,29.51555949659,49.7437993314474
87.7046465045297,110.909031333603,30.3070891049201,21.3427751400188,31.6547182377052,59.8195421832243,29.7431244701381,20.007284460956,28.7047907690293,46.538666950087
86.2290313630395,113.643145650016,32.6809547695726,20.3401896583921,29.1059896886546,63.5772910307393,27.8052952342161,20.0892097898783,28.2738309965115,52.7767254163083
87.7668389590313,112.086907230363,31.6837338375628,19.9639781650067,30.3649559085118,59.7409250650281,28.1448387200556,22.0148921469842,29.0365616253839,46.7174074163978
87.4639193544299,111.801307445871,30.7991008980066,20.6707817544548,30.2098920160306,56.8069106962721,29.0441609249458,19.7755214612581,29.4746878976502,47.6268940985617
88.4369992417137,111.083878797687,31.4607969288221,19.6990617734723,31.1807546063585,63.5713981143861,29.7704766573431,20.280388387692,26.7616957843116,47.7473435255038
87.4642078951301,111.254276941025,30.8897491835135,20.3933742791693,30.3085730089097,64.9539281746,28.4807538450719,19.0386830239752,27.5894584428401,51.0867550667863
85.311804281316,111.228554585836,30.1475888501373,21.8956097853667,30.4859057834272,59.4885786757979,28.4191867533068,20.0329841320869,28.0642842659522,48.7592603111021
88.0924348763849,110.997579107286,31.0571671675457,21.759165497143,30.4624992326863,59.6120211241978,30.2158711290748,19.2451076291733,30.7923939138387,46.980154058459
85.1968130566071,110.519987083516,31.6703469864115,21.5462588358169,29.5915121135311,61.4936156990788,29.0203501616816,18.6228261860036,28.3777399942299,46.8873786388089
87.2550791031349,109.642387691572,30.0607000645535,20.5681915107523,31.2631529066906,59.7711361664711,29.362298057592,20.5610598162804,28.9194809750624,47.6056176588156
83.8318878001524,111.738073390888,30.7379868460775,20.5767692817505,30.8708462067659,62.5024375730966,29.2585262180402,19.6244147144726,27.7866495493263,48.0209347632082
86.1491780529156,110.709843620006,32.7626137598511,22.879042400452,28.9413187192824,60.9883982787533,28.1847658355271,19.3127136670065,29.4009267614854,44.0853997421027
86.5199207457225,113.858482566819,30.8929553361432,20.4878227157661,29.757842337157,62.7127894510589,29.4509932258338,20.7399450428441,30.8170628430857,46.0850226353101
83.4706773678185,110.69632875104,32.4488171619096,19.7480707930913,29.8685693573781,60.4758113695995,27.3280687025006,19.993943825407,28.7887481493712,48.6802992283263
88.2893795355075,108.985719400505,32.1301534368851,21.6857325383702,29.9560058541688,62.0580352792119,29.7533459383312,19.4881826068663,29.0217488951907,47.2493604978792
92.4031900654164,111.038466629251,29.5246542591921,21.1564474544672,31.9678063370851,63.271567820368,27.6349976721643,21.0592294295624,32.1836755625929,46.3903507459921
87.6549785585403,109.931152521704,31.726638417483,20.1049343620331,29.9257045874337,64.5440426428279,28.944625396776,20.3134906524662,29.8568610624578,49.046106369405
90.6747537045739,108.927402876474,31.3465827474131,20.2778375770508,31.6357241438662,62.6123430269486,29.3239887563224,20.5288260437405,30.1450375890461,48.9691172632948
87.5436512977809,110.915154114629,32.8731082705063,21.4965525543623,30.3405851174453,61.3958321448947,29.0523057330365,20.7872273638819,29.6289958392404,49.5499425690498
86.3011454967592,111.54090274206,30.658860737221,20.5864214545767,29.4461470745398,63.8091817559603,29.1864568874611,21.2041688974724,26.7507409755452,48.2161535143747
84.7271797182298,109.038004099432,31.5347040705729,20.8924151760634,31.1308658103518,61.4590111492892,29.2119486257505,21.5601552514672,31.1654929844637,41.9708412483883
88.3862926412286,108.670582073121,31.5391810723362,22.5291418043465,29.0574391245916,63.1097799878974,28.9044557901883,21.922640007066,31.694314374894,47.5529007193017
88.4171065697229,109.286489482383,30.9293831385914,21.2953321050211,29.7154423815818,61.7550959704762,28.7463489410853,20.3161451172999,28.7867965088103,46.4011884076007
84.9880206431754,112.962574058076,31.2970413496136,20.9735332553942,27.7913607157566,59.4688907116574,29.5270564791944,21.176211597741,29.9037046169026,49.7517091308441
90.1852515099968,110.134510699267,32.5426401446609,19.6680571542167,30.6649948992507,63.2317009681033,28.1209482913815,19.9411580837134,29.8831738955774,45.649068387869
87.733952593684,113.091730978548,31.4206339296757,21.5967946734381,32.4217764352835,61.7081091629857,27.3657530616178,21.3923356756313,31.0259187934224,46.7798572595715
88.1831735551879,112.056775175083,32.0687892232393,21.1755693596793,29.0875296915318,65.885387808578,28.8869995186215,19.7863111308844,28.2103976606742,47.1193525795241
89.3348867894012,110.826800612708,31.0140731745526,22.0310962666215,28.3416759320047,60.652372698769,29.9834366093205,19.8579990121961,31.4586386211789,47.6650149801678
88.460536914281,112.192030204427,31.9375922487597,21.8467056277617,26.7400579746219,65.9123333653486,28.5901583473369,21.5328957381319,30.6466633800819,46.9294622057352
89.3302164254853,111.102316227023,31.3169876440436,19.5399892769329,30.5690836806401,60.2033728373222,28.1466082862304,20.9665426272535,28.7782153650023,47.8480116637901
87.2610423697502,108.116608842037,31.106558518134,20.7851362440488,31.7663411584479,59.534415010059,27.4766031935404,20.2894176087561,29.1909239917206,47.844895897949
86.3967018424964,111.160389902323,30.371879070021,22.1717730680734,33.7432627388259,63.674534962985,29.5928636078252,20.0825504728079,28.9066081401384,47.8579144144887
88.3943623291029,108.532219641132,31.3332760340268,20.6050772561716,32.4401851571271,60.4420348432957,29.1705073234337,21.3046013791337,30.731900820475,45.6932801002441
86.6772991602539,110.940025822918,32.4624716976862,22.5772257123165,31.1703604614526,56.94952911394,29.2362816614499,21.216845973762,28.4194656659582,48.4526660295667
87.9756654935696,112.92925940576,29.8581746371565,22.4016117320249,29.1824170226812,61.59548130268,27.6446155035317,19.6110108498357,32.4967492060974,48.33311344318
88.0934752544175,110.1752019043,31.5519365483786,21.9272418479997,34.8088568548175,63.8903370738335,28.467463650738,20.3519617998126,28.9420432756208,48.1653332371885
85.8920424488503,113.10788911181,32.4593599313711,20.5386536568308,28.1683726015044,61.2209626470934,29.406287145167,21.425435294584,28.3970736541906,46.5834630718444
87.9825978767815,111.816905666984,31.2828610093134,21.7146432299823,31.7832392703602,62.8658352044342,29.3386222048146,21.4449873350389,30.248143294886,41.7304883779503
87.9479183168451,107.72769789736,32.5954484978474,20.685103060791,30.5714362773962,59.8027797395748,27.5968282018819,19.8174966378068,29.2282483572934,45.8601266350087
89.4948605514088,106.578323355276,32.1699351295889,21.0548075297905,33.1841042357133,61.5947193889662,28.4661832007494,19.2731881705199,28.3420559656249,49.0476573480076
89.4157019135455,116.004546518946,33.1313628447093,19.6227215018894,29.4289762233183,65.1057210214279,30.5963451827369,19.6107563161639,30.7786435606981,50.048987018152
88.6533925489317,111.559484790702,32.0045195540465,22.122394472178,30.6779511169438,62.0813778676753,28.9013732062949,20.1828477393552,31.819586102509,48.4782663602993
87.1336351283346,113.437334436449,31.8432298172978,20.3238154231756,29.2393020852297,57.9294867443224,28.3085747714941,19.531144192313,29.2912257818953,44.8720800359673
87.1355616682288,108.898704306162,30.7730496673232,20.3440951466785,31.4932163220718,60.7605036378819,29.4128294395622,21.1165524880337,28.6697008001751,49.9364648061939
85.8301488477492,109.110411676263,31.4967539426657,21.3890866461205,29.1826829142311,60.7375769047,29.3175905454023,19.8226287376933,28.6346602044455,47.4341983278921
83.3830761765266,110.903886638879,32.2925517625825,20.4216898835362,32.2751349478216,60.6339066741605,30.3813496725048,21.4936970707615,30.5354086919638,47.5477773454663
91.0433661256083,108.8825441179,31.1702969343826,21.586323336398,30.1725201910948,65.2892917479703,28.2422257626009,21.9319768327561,29.5081198667228,48.2430760821255
84.9328753692841,107.935729055607,30.491684755976,19.6327443841659,30.5913490567804,57.0671677077353,29.2062587252496,20.8197528265145,27.1036698433834,48.6500593445621
87.4355659816589,111.697680854815,30.9455724682665,20.8469483064771,28.8710900854344,59.9848447884853,28.9224216300282,19.4370072468315,28.7767694988372,47.1868066942388
86.6018771004732,111.024726175225,30.9082993688944,20.1513496601146,30.6569652916565,57.4153426325304,28.6864538676955,20.9756246879454,29.6718266230064,49.706822071563
87.012934459842,112.245457555774,32.6559756710271,20.5523890142488,28.5595399080644,60.3549699428844,28.0744730316575,20.1615863178146,29.8102931392107,45.8961978754428
86.2786102157167,110.183553612368,32.6126929655096,20.3495963962788,29.9517482504829,62.7946947075939,29.5950320389115,19.6272262455496,30.3843729435877,43.5834075821911
87.1078779426141,112.476944044592,32.3633907164731,20.6090988897184,30.6853504341511,59.8406498105856,29.3830404757307,20.8333583062554,29.7890687032157,47.0022463869765
85.1200804683841,111.62248271709,31.42700423077,20.8608716502029,29.4279055809577,62.3480536328911,28.9671403869669,20.0330189654841,28.2909147570835,47.0788708602338
87.6369367193535,110.457838674448,31.6063730367132,19.6735983862726,31.2709801699891,63.3836926389898,27.2194592336473,21.2710771083722,29.5579741631877,46.7360675271361
88.5239302458365,112.573791500942,31.9198991233978,22.0381624685286,31.4344980818493,62.7267768798871,28.8068029941748,19.360371666575,30.6247045579094,46.8683280826314
89.6983677367519,109.29031941536,32.5939563756526,21.5328746781796,32.4804931484034,56.4781898616285,28.2786532287345,21.7591609348235,28.1325939377878,48.3991214770941
91.6379560884809,114.174935371542,33.6248918996666,20.8480494754389,30.4960367648978,60.9210388491287,30.1359964652006,20.2020750119073,27.4297842879357,43.9942686011503
87.6552695054122,111.423674072902,31.8594794424824,20.3985536128534,29.4596834712851,65.0491385558649,28.729968584586,20.3956661470961,30.1456186025386,47.0400304704243
86.2335498654288,113.501282730949,31.5674175070924,21.5268155886827,30.8740886591691,60.9129413844796,27.7201505759644,21.4796301892899,28.796780857189,43.0068825596632
87.8532808524445,111.793806029495,30.7304670946669,21.5161847504083,32.537871538938,55.9225526652937,27.5664569092745,21.1122958306056,30.4670953046584,46.7339776309308
87.4087001453741,110.34850305529,30.4693480115235,22.2443879219466,28.7599265990877,60.3375718505495,29.0206759684124,21.8946673333114,27.199288831568,47.9993314589343
89.8783197764894,108.270565306007,30.8868706920151,20.4440510476209,30.2532028984455,59.2868241485375,29.5252120554134,20.185179061147,28.6986447473376,44.4095697984906
86.9980966005138,111.640532420918,29.8433655940117,20.4599410924114,30.5146725595272,58.7893227722275,29.2424610689036,18.947691316609,29.7678164935866,43.5567445464212
86.1570969470121,111.917685457169,31.3562832760534,21.2531804396376,30.6824050583921,59.4356549244254,29.9735787030768,21.0792200526409,30.0603771637097,47.6397631189575
86.4007597266135,113.321991256466,34.1707919424775,19.7010182133281,31.0366756526195,62.0058639696761,29.2103015917405,19.7614611525781,30.6290809926202,45.1270006832144
85.910549222205,113.865900361091,32.3120890736883,21.5483955445322,31.0173530911753,60.3898456578181,28.482107618212,22.0404786490372,29.4784045634507,46.587085091884
92.3008291062973,114.918573353389,30.5281530968554,20.9946510445113,30.3606147717438,62.8764544416824,28.8822676068721,20.4753547538148,32.4301717550771,44.0973779246373
87.2655953078422,112.260596256272,30.8619698970297,20.2801265741826,30.5517689673909,62.6361065025495,29.1509068752756,20.3276270146577,28.7560890577608,47.662026772266
85.1191783172601,111.972514416413,30.8070516422288,21.7423277473312,31.7951854991651,59.6937837494556,28.482094838634,20.5507890303686,28.669130155364,48.4883199447136
87.9671737205056,108.374892567143,30.7740307705105,22.4741228642375,27.9861353965016,62.7138727187695,30.1882223994491,20.0457715786043,30.0273824126995,43.3982924032881
88.7257118713237,111.40616026075,31.9278919728097,22.0884124552241,31.3593851997081,60.5745045696341,27.8651161578105,20.5313705046083,31.7209542960299,46.6260102562744
91.5816816997145,109.614724685087,31.1903524459161,22.0777067226819,29.3071424364436,56.3173298038092,27.7264024177946,21.3489845711689,29.801589276022,46.4159037696914
86.1091939074348,111.971283614629,31.4158176197355,20.6912386378962,31.0023235474804,62.4382094853701,29.1553988832863,22.5516168622307,32.9163666019575,44.3364170059893
88.8298345869097,112.405712605264,31.0272985977514,20.4048802840366,32.5152328133481,60.8630538632803,27.8395801577577,20.8850671684494,29.0459766744223,44.2819302981362
91.647005100074,106.882161910371,30.6168491931686,20.6078731041891,30.9631074457312,61.26630946993,28.0735229681159,20.2548641396202,25.8816762491264,49.1586185077948
87.5769905547956,111.551868037733,29.9838425947212,19.6950198861121,31.0254563802795,61.436505563849,28.7976576759844,19.355581455455,29.8473085732543,46.0118807472241
88.0491486117412,109.46855249351,31.9216301823698,21.0813973228781,31.6711896953219,63.0147005547562,29.1644729969199,19.5363671037427,28.7897283950055,46.9914094385528
85.4698216893408,110.942693068263,32.0860909792681,21.1486953587265,31.63613040044,59.3174499822862,27.4646946355426,19.7110925387748,29.6512351447394,47.7592304006587
86.2915950402452,112.9302388161,32.3936758946513,20.7361526210772,29.3225666958482,59.4902181016957,27.1459200211366,20.4349546287016,29.6043583940914,48.3252623448262
86.1692687008307,110.416131639161,32.076689421069,21.0809654457104,29.6617193916067,62.7374148534322,28.0657926876393,19.3776521483634,30.9225996279936,48.1440112205986
89.7054465248225,113.41518390967,32.535877456397,21.7311611815624,29.3547199823812,58.1019495649851,28.6823443263483,21.5033494892289,28.0095843479126,45.1987788990424
86.6936930016628,111.10493253657,30.785144185869,21.1212717724064,28.207854998524,67.4779274603958,27.4768528192733,21.2483709514856,29.6862889827352,47.0019756305973
90.4958037657239,110.466606008711,31.0083593663386,19.969392775674,29.6526792836741,64.3664647964429,28.9817488572155,21.9200980390823,30.5128066684335,42.3300196508134
89.3424432629098,112.086544534705,31.4362282928345,19.9325645489888,29.6439517962303,59.8500809213317,28.8023555936705,20.8074441277534,32.5584181472078,44.2169023329216
87.6415303066969,109.788708747494,29.4230401609353,20.8485134701986,28.5128605032399,60.2571997594753,27.9616235848433,20.3088702945267,29.9339461730554,47.7457042863415
87.0545042112852,108.171186362315,30.0436467686714,21.6294753294641,29.7902529674102,62.3920707733323,29.632289101664,20.5277872008409,27.6925525547904,46.1088623104572
86.5455551057914,112.07246330062,31.436722772272,20.7417640017629,29.6895631356249,59.7227026893541,28.4518787999576,21.2602865076506,27.6863558579763,50.0312071093508
86.0793368179215,108.677128382284,30.3582901115165,20.3476449162588,29.6325586839701,61.3436019948598,28.0307755498992,21.1123715589247,29.6332151822892,45.4337974640385
88.3082811347381,110.591430854942,30.9839211555376,21.5986646385698,27.995155949921,64.2473289874405,28.9981265257614,21.1484522634448,30.6581719340385,48.1150866161394
88.896360227788,111.724101660491,31.4649324239486,19.253219822623,31.7222512553115,61.0302304705681,27.2900720998954,19.7105553132364,27.7330157709106,47.5859855634523
90.7142885675902,109.730552847368,30.0701623962079,20.5197866886488,31.3300685643417,57.0712676268474,29.5476434835181,21.0728673232559,30.4223531541767,42.5099584402104
85.3617895923126,111.63626429949,31.6543901108684,19.9675404383838,31.163236804236,59.5272955699528,28.4844152617603,20.7214421766737,30.3520547815315,46.9359458131693
88.3075148706421,110.274043358428,31.6370669465776,19.5906095310343,29.301478965473,64.2396247778559,28.7109912486531,21.0938900526741,30.8973994628981,46.0951423812241
89.48389556369,109.392246128572,31.6806475184146,20.8120212182177,31.0700026583644,55.6310325787735,30.4309070480334,20.1061612500179,28.98390692865,47.9823965218828
87.9728696934257,108.62949754279,31.3770625844878,20.6763913389481,30.1402310296053,60.65912806547,29.6404074959745,22.0072534401658,28.2798111288449,45.3652663495769
89.6058505215958,110.108961722404,32.0180479615412,22.5131694265959,32.1473469125246,62.193315699714,30.2471447180296,21.0229648323395,29.6021609193427,45.3068287530853
89.2756707724858,110.257933135026,32.7733009083956,19.3695194425579,31.3729774723967,62.3306634985466,28.2179697604301,18.4228482563074,29.7199891148274,48.6363350600539
86.9921968884186,110.75695300009,30.1754621978032,21.0287725907097,30.3939621453018,59.2649921217736,28.2932011578488,21.8130797674922,32.1078196594205,46.1761548315156
88.0748762799545,113.111190314592,31.193328466929,19.10578558497,29.4666383266339,62.0378259301743,29.134820679354,22.3784285258099,28.7648172966414,47.2293425154411
87.2506524833463,107.101519611038,31.2630957702447,21.9000244250234,31.5228103550762,62.4970012183069,27.5427819082894,20.8385475878463,28.4007793895518,45.2591612092982
87.9056621992638,110.358174814182,31.3758071506873,20.9322315973854,29.5948241378608,62.7441245446406,28.6515685077826,20.79882504235,29.710617022708,48.5919726542215
89.459483090856,107.698368247195,32.3355367484423,21.6776804241487,30.4958623699414,60.7484397938066,29.0835190187582,21.6175990913195,29.3816012347278,47.1592900484867
86.5346092909345,113.621382247388,31.5665167313801,20.0033337205132,29.746511732244,60.649754427528,27.6725650514182,20.9067764426487,31.2700659333284,48.6026097708113
87.6435784017172,113.266826351849,30.3301375272108,22.2030382741554,31.1488523933109,59.8993092801968,29.4836642454243,19.4845837446854,29.0320763913509,51.3042336093305
83.795897191528,109.852015867777,31.2074981465605,19.8759428853536,32.1116477990775,60.3483105101628,28.8693159245485,20.4203153717769,30.4836042573315,45.5885262613431
87.0504964426441,107.553749341039,31.6909461055313,21.9040821156524,29.9720566535234,60.0690098788063,29.9034981938329,22.7088974143043,28.3125829526631,48.9066105171041
88.0352169593243,112.203958986385,31.5642711782605,22.1541801078473,28.4633786106197,64.72005461947,29.3241636361978,21.2843442562076,30.8708552297958,44.0924964385078
86.3743770147316,109.847439886922,32.5013376905061,21.1146992750884,31.9093282575362,58.8324487076,29.4340850983509,20.5739555567988,30.2001122404313,46.8102441354737
87.261487836299,110.0666703789,31.5782708468898,19.8908618311696,31.549583910992,66.4415138162002,29.1015133437481,19.0758879713822,26.9897196048928,45.5928692123296
85.2923582564063,108.857042529467,33.5551915546208,19.1171587291979,31.605899365882,59.0948453281129,29.4122583273335,19.8466950901208,30.9477909101479,46.686011045029
88.1412088212083,112.458815277404,32.1583514639796,21.9979570108996,31.3604023929432,63.0068020991134,28.21363162552,19.575606462211,30.6043577262284,47.7288312267443
85.6918605764702,112.694537341,32.401584454693,20.2807550808479,30.4135927364877,59.7236233665609,28.1352251032377,22.1029561340082,28.6097536471709,44.274679253507
86.8502394630104,111.75354298373,32.4599793432374,20.4635557067646,30.0915340537522,59.9931429319381,30.1328155216521,20.7519689000781,29.0081225752945,45.7440351764299
88.8918160368543,111.31101243484,31.9808618757269,20.3808475198103,29.9753978820552,59.8046481076312,28.6104231860625,21.374347305671,30.0399007314569,46.6758708296954
88.2170541000587,113.222920487817,31.927066429275,21.9165289329194,32.5182378555884,62.845012555543,30.3050235379395,20.3468630845406,29.6615173487315,47.6754747783553
85.7813981004649,112.019928701039,31.8500040975459,21.7888169413391,30.9428790750673,58.8579040938813,27.8606853580306,19.260633290068,27.0078899072386,44.3591453482367
88.2551551082614,110.311383430634,31.1927135884499,20.9058221085751,28.9168952132631,60.3995424019422,29.8248165123324,21.4947333146953,29.5004597963442,46.3737397016487
87.5140245548291,110.780372958563,31.7927858496378,20.3200387151919,31.7333529711442,63.432300368091,28.8454011128736,20.1973778254551,28.9731840087509,48.1948228608184
86.1256974981009,113.27164517181,32.1897656817688,20.8557026115914,29.3030538726641,62.9402929221879,27.275009075373,19.6316109607134,28.8921801503736,46.7522952744437
84.5699408518235,114.052190221765,31.6453768132724,21.7656921941863,30.2911142552343,62.4086767234659,30.2096395164892,21.0534475714813,30.7086135601942,45.5914436312691
89.0531869684419,111.21135854953,30.9533570437069,21.2646219056228,28.1027334491273,61.9868579024051,29.0653808710998,18.1779809313812,28.1595804975054,46.4406971099065
87.2297184025779,109.733836398065,32.2298314395032,21.5422733175423,30.126957728488,57.898542814732,27.5831270264618,20.5815105729881,30.602834798713,48.211343975489
88.6235999015723,112.281270359509,31.7952668827919,21.6810204718469,29.8309969497397,58.6005514514629,29.7702029018379,20.5341141788786,29.7409105928312,45.9202358641365
88.6538034494009,109.138883272344,31.3527100648092,19.4904518793698,30.5456317157904,61.8837802918205,28.0896594088976,20.0485587709517,26.4638016819081,47.7649386927572
88.4833348072294,113.175810633879,31.117197668025,20.5808838367401,29.86857151,58.173266170564,26.8755283972443,20.425825589472,29.052217690797,45.4751648780239
87.2055318890796,111.802773394718,31.4774340146075,21.3472224860662,31.2516929263671,58.2099042845223,28.3013217322542,20.9128767652461,29.3950362851354,50.9079907019687
88.7270796355955,110.118919211235,29.3401756805108,23.1021146028919,30.9393750282087,61.9269372463195,28.9292488112553,21.7880338023664,32.2352791039925,46.1581283274785
85.8867996882596,111.544206518938,31.263321781675,20.3805018585169,30.3139495625451,60.4539405951279,30.9712920774598,20.4605735242421,28.6179127660675,48.1216719922584
89.7138563100553,112.078268998954,30.6929124157446,20.4916799166997,32.2375272717858,62.0295156687761,29.7505411347402,20.362407281592,29.2202079649228,51.2959568215568
86.9138688482511,113.100668055989,31.7684280014233,20.3663607836299,32.7410729320881,56.3701542632439,27.5944906159888,20.8412693562416,28.8729048672802,47.91658887415
89.3632725181018,112.722161869585,33.0661735745412,20.7746698763988,30.3717008743827,65.529314136947,28.3497598658467,21.6490028564519,31.9190229488018,44.4886581748468
83.5438379803182,112.634630356051,31.8854645020899,21.2203535902716,31.1115744243657,62.0062675503689,28.16377719687,20.3494697270751,29.9670856217079,45.1155711417486
90.7084167276147,111.13650342585,32.6413340903267,19.377280995572,30.3175103879148,65.1510788006244,28.0313670992007,20.4375911802218,28.4942286598402,48.5035193418596
86.8651073543741,113.622439810707,31.1467851938995,20.48894684726,30.8204583774555,57.2938832013431,28.6506998841832,19.6553607274891,29.4154587176956,49.8250365337568
89.3726490816897,111.467655744594,32.4341456992095,20.4757558954485,32.4160298768382,61.1029231571559,28.250700918249,20.7512249609859,27.8083887841237,46.9069079984627
89.7090334538058,113.11958821235,32.7018059254672,22.0036964027679,28.7825891041703,63.6613840977407,29.3682541306936,20.4007200821065,28.3734641788762,44.6127452821174
88.171504691947,109.062895849098,31.2759819418461,20.8400833774704,28.6615654650846,60.9706563478113,28.0676595973447,20.1720172289888,27.8877179093415,51.1758339687513
90.7354860221986,109.84229477701,30.6772372939209,20.6429032950424,29.1434307467858,64.294711846896,27.6362991258064,20.4900739654745,28.4301149095773,43.425614865035
87.1426821478072,108.77632526937,31.2233015543888,21.4093257618436,27.2886924611455,57.7379456664332,30.3268156953297,19.3219234542142,30.1692854857451,49.259603362878
87.5491938683527,112.574296786709,32.3004748907755,20.9169490892588,30.6374237105063,63.1494367054461,27.7134070940715,20.5323214716284,31.2097214286243,48.5870856455577
87.4918586857528,112.359603987459,32.2228536401228,20.4110339903199,32.9224520900387,61.1988872228199,29.2593606786661,20.2123281265634,28.9035714298294,46.3792750337387
89.1916387548729,111.549529640177,31.3067940409216,20.6011807272446,31.7852460783819,65.1084207289529,28.2176250383592,21.1015309718852,26.8969766258669,51.4922724631388
89.0078354958231,107.044185765406,32.4789260170186,19.7344425927849,31.8844426579565,60.8148883806905,28.3816650037561,19.719230450066,26.9069537624064,47.9670196619307
84.0655596747776,110.340576736748,30.6755983152156,20.2395535270625,31.2613004935636,58.3619019805697,29.1007317025393,21.4910638901555,28.1576251991922,45.0984612956515
86.3519634686484,108.610619028563,31.8685548559321,19.9394341184834,31.6002833679484,65.2426597411844,30.2078233661676,21.8161302954532,30.756989555997,41.6924988009647
85.3298827507441,112.865898983373,32.1939317703231,19.3395265852031,28.5157001547007,61.6908725031955,27.1702098582892,20.5127283744044,27.0748916150656,47.0219566912254
88.6108226209363,109.324892001514,31.4628637557322,21.384870129043,32.7535145811954,62.1325452579533,28.7486652587158,19.4446983128254,29.7560578038426,45.649266307392
87.0472414900503,111.390445590694,33.7378921508127,21.2239504414366,28.6344570326518,59.756770843429,28.0258403131672,22.5962397338578,28.0370349757819,48.9545799259391
84.3778729019399,110.717233795356,32.1332353735646,19.4674747828879,32.7473212864965,56.112191288788,28.9775805175685,20.3382415920015,26.8399759264217,46.6510617312277
87.4659378775575,112.853791820763,30.4256266899954,22.1607366681423,28.529162089327,62.887770889247,29.0025086380917,20.1656433095549,29.6362510223942,44.2311493917519
91.1788186271723,113.111472426649,32.2452407797656,20.0388346299837,30.3122094314077,57.239956219637,29.5666228832868,20.8415862652013,28.7168424168859,47.1147633074728
86.63027666858,108.72711532728,31.4716931249851,21.0186125843691,32.5442551281212,64.7730020212488,29.3970248703027,20.1631607222317,31.4806630812783,46.2734184345862
86.1743117101339,112.583980989763,31.5261907216824,20.6540809598715,27.289201604493,62.6143579030767,28.7923518438864,21.1292680641319,31.3829722979257,48.7412532057612
88.1516979666234,112.413768368618,32.4574104837406,21.1309344301928,32.0669951365154,63.6664023949866,29.5186702519645,20.4227498212242,29.5559511634858,48.281092057619
85.0840814044726,111.917021460018,31.0498557167503,21.6016279391835,31.6439481063458,60.5383499206503,30.8466104088993,20.6904494919958,29.581409144992,48.8660679426065
90.5865571876562,112.518586962688,32.0029650636677,20.8361288180532,31.5486046869082,60.6068473231738,30.0535361530469,19.5682013607518,31.8707324306649,46.0123267126212
89.9462692372838,110.143635087074,30.3008827550933,22.0971457737261,29.8401911773512,57.0914759455928,29.8902751644662,20.627062443425,29.8513735532381,46.7068555496652
88.1937027250927,114.832820071863,30.2878469966586,21.0987617658323,29.7064147332167,60.9537771303046,28.9173282935965,20.9298281261814,28.5520431720327,50.3510304509506
87.5692866891962,110.243942869805,31.0521741031088,19.5350947118303,30.2833958989138,62.6127584646163,28.9065245423735,19.7048015308619,28.5755705474672,50.0535393210606
90.2697212372087,113.344009572047,30.3763549914378,19.894112702566,29.7454818783655,60.0384434908134,29.4624548114275,18.9843232783297,28.8639669749897,49.0389077800486
87.2150634889713,112.101366488439,32.4693008404087,20.4793589488659,31.7713046911269,60.9100538342145,27.9275116713248,20.269907641886,30.0899785448404,46.0528731585855
88.0323479581124,109.441298051261,31.5985217671845,20.5673323536361,33.6072471807503,59.1380215902219,29.577882009749,20.5200943167882,31.0515912146417,47.8087020485762
89.9495653007505,111.900828583727,30.780287931434,21.5457998274065,31.7478723520671,58.8570012301273,29.2821104873488,19.8179466063999,30.8400657730572,47.9195364015305
88.9345131886347,109.026620348756,32.3199200458397,20.7656553427168,30.0855473420717,60.4918389820469,29.0706107288068,19.7989340540558,30.0094437082386,47.1111390113619
86.0350649903056,113.793799802871,32.565220938183,22.4361200131223,30.5333794267607,58.3056386557999,29.5215084743667,21.7818299061897,29.5747688001384,45.4779198568839
89.7183197383453,110.93777339769,30.6377183960673,21.3989351378896,31.442380171046,59.8221447505712,28.6469951531084,18.1564693032475,28.5094856190732,49.5653919533769
83.2263201467066,108.405280864121,31.5662673252739,19.8473655063116,30.8581050501847,63.265610267705,28.3056288993229,20.3937445926997,26.6672787053518,46.2648705811205
86.8806513709959,108.906119216071,32.365907821914,22.4567299814954,31.0715488021656,62.2118211529582,28.6830501031217,20.4816559719567,27.3194502679232,45.8043644879544
87.3133501877077,108.118177348031,32.111242518093,20.1984535554426,29.9849692869275,60.4250323863678,28.2010846151856,21.2192465056561,29.5463663953265,46.2396278887098
86.8486970214348,112.905352602702,32.8474765166117,20.3405931324508,29.9142833482001,62.2246305597721,28.6164453531263,21.1606951968544,28.5629771336431,50.9058536302265
91.745829011893,112.676517471948,32.4370724428073,21.5066804150219,31.0199584400089,60.7710736496094,28.7758652543309,20.3568453241223,29.4984764655776,47.3887481321861
89.1876960576649,112.01977780597,30.2978593049709,20.199336216091,29.2047819211569,56.4306035568188,29.3191636370721,20.9509234079906,30.6341820564199,46.7868566189634
86.1557115514295,107.206999172727,31.0792143126977,21.1652211474827,29.9901713385712,60.503292120641,28.9672203331972,20.1063176592861,29.5582890468557,46.7875611388438
89.0842412868625,112.638030935311,31.1226422521651,20.7239444492605,28.8049827704518,61.5945058771313,28.6481239022311,20.178853439647,26.9902276109197,45.1330170580579
88.5732532128038,111.576043142217,31.6287098907392,21.3886092435762,32.5831301125067,60.8300313698322,28.8299159471858,19.8365751150888,29.0286348593097,45.7239192167971
89.9995913653365,110.438538581122,32.0201173231011,21.1524860798233,33.0762977217349,59.77892476793,28.9013183401317,20.5239512410681,28.9037001266282,46.7646842142784
89.0263541334418,109.274108023237,31.377515813051,19.6340672396928,32.6861350474556,59.2747893605937,27.5978415633621,18.6146461443057,29.37717700234,46.3357973158852
91.3204110473505,109.369652447558,32.007690967382,20.5322436712666,31.4021021460378,64.328987415114,29.4448656912657,19.5625854730935,28.283135534148,45.9815684206744
86.6231925088313,113.452280219189,31.7706013158672,21.2388281859821,29.2246922710863,59.6983175301136,29.4860884359596,22.686186268574,28.6403953157379,46.4790159219043
87.4071493247959,110.84715019046,31.8385910061728,20.3843817471076,32.607217968708,63.3954479049473,28.5202834344094,20.6254196393769,28.9634304567715,46.6630277444809
89.2822907691425,109.800980002744,32.2460378711003,22.2063044902867,32.8760033883634,62.7679918015491,28.6047955170152,20.1724809183064,28.5803366926265,48.2942882328922
88.7753561977303,109.668163896798,30.2569954878265,21.0569725387567,29.1681146751435,57.5174926880927,29.548471643931,18.7487243933849,30.8166469626848,49.0053429101271
87.4260588690332,111.721924175307,31.8802491585916,20.1868985915596,32.0033181078552,60.3589340151371,27.4673305568995,21.9071892912915,30.3704303938888,45.9604063368086
88.609085985789,110.543551448591,32.2102367398787,20.8280569290377,30.245301340756,56.3447878615796,27.7235981842582,21.3930633550937,28.0307348438928,48.1097817432345
87.7905644546719,111.385956244912,32.8843658621199,21.5981748082139,28.2457188196934,60.5074853298319,28.1470184753594,19.6749000518655,29.4538035292342,50.0249503840604
87.6676852342848,111.085679711631,32.2391127747477,21.081885320455,31.3712189051399,62.7385034963186,28.6378978253789,20.8014655683116,28.5946078527892,44.5851819444572
85.9439453569234,111.659659209618,32.5153245852251,22.0276079036458,30.5605912812097,58.8810427213365,27.0414207639222,19.8819539511543,29.9054719508859,43.8320782701721
86.3863871995981,111.435046080036,31.664098396739,20.5291865632874,29.6528438937324,64.4744195491928,29.0399609235828,20.4919452281733,28.3851433468225,47.6844523034046
89.5671484706712,111.519015343333,30.7084528459325,20.8251007735791,29.0751044549935,63.9694364748339,29.1695203868051,20.5044157910205,28.6848555469786,46.5945207682522
87.7706628657093,113.090620312382,30.9213143960995,21.3927119864119,29.8398943331762,63.202107723564,29.1630744937275,20.1290481480153,30.2523761374289,46.0338071724435
88.6489776776627,112.356006038544,31.5762237347935,20.2782373946701,30.9737009686842,59.0469635063792,29.0262319720065,19.9503518199519,30.9271977111591,47.5799521745491
87.3931368649894,109.965456680253,31.2866596290571,20.2764647179501,30.2501560261394,60.7904769628102,30.2069816138111,20.2474663578979,28.4516208636039,44.9961702714826
89.0966698888639,111.673316288274,31.6925933604201,21.3618250499114,31.7723570328016,59.7547704104327,28.6904909972016,19.5101717933169,29.1377086148553,45.5385708637625
88.6789477199676,110.832229790713,32.0001972524882,21.6475893451705,30.5793709794947,57.4756135804485,29.0020693742383,19.8925281248497,28.7514687670522,46.0848426851559
90.1811794945581,108.144769197283,32.2661651439556,20.9267064799082,30.9735177978941,60.3298893836746,28.4871251705545,20.73254739043,31.0101910225934,52.2591918811378
87.9946594603184,110.063313871808,30.9889783962722,22.3073027827173,31.8760365322016,58.9433559891988,29.0980268674771,20.4670989451866,28.0269544535798,48.0545729636438
86.4751911546435,114.205325698923,30.95480465119,20.1492951195488,28.8232087248231,62.4822165938607,28.446905837464,20.2734791688228,28.4882778176595,49.3974320988294
86.7985981614756,112.404785049508,31.0852556682018,21.087373914684,31.0888462104497,60.3177128959572,28.63032619128,20.7462350698398,29.9495180721691,46.3300918389044
85.6727011438703,111.617540819623,32.9121416985539,20.5254999292877,33.8831908191091,62.9987433630906,28.1133299138097,20.8273092038738,28.4133431286523,49.3532171332199
84.896815574989,113.916508856063,31.2533678439618,21.3839980404715,31.2335085236841,62.3963059538164,28.1956284709217,18.7351394646471,29.3236919314305,44.6677116827245
89.9157594514048,109.967592468736,33.1860679792158,19.8819514020449,32.5099222588609,58.915171514939,28.9149350030394,20.8734422243391,29.4386393127304,45.6521719001451
86.7668363999395,115.780906796145,33.3887447803703,20.4905266763191,30.4230038927493,59.71036429044,29.3769560476256,20.6153880119246,28.9881208716629,51.7242252266081
88.2368102854156,109.95773490782,29.2754695898574,21.3115618267692,33.3373207240711,60.1616689652491,28.2465875805146,23.2599075659938,29.7106366501457,50.169408232792
86.8096865370748,112.740707615371,31.257796810131,20.658236502963,31.2955329822316,59.4811032263495,28.3940744588382,20.7349452692884,28.3185902019323,44.8869205336213
86.1066289086291,112.307576904923,29.560120119694,20.6432281875673,31.6012353183836,62.2420260336911,28.3316249887634,20.9233878839773,28.174925432799,47.7433744439208
89.3349597766066,108.562734408466,31.2876845324528,19.633478392948,30.4886380521373,57.4470283555787,29.411593949285,20.9844320901706,26.8003341143866,45.9838235096289
88.1332823624464,110.490487284198,32.9414544372732,19.3886139603131,31.8516009942875,58.0724703855802,27.8123187214397,20.622822597407,30.1170918974186,45.8855855048071
86.5769513595832,109.925126897532,31.5905648810964,22.1739251774604,32.7302205965387,60.3704199073128,28.4924713077849,20.9759347253875,27.8290074884526,44.660311039535
85.5287905060271,113.447374502694,31.8261403948434,22.5291007286208,30.9554573731028,59.5993810177111,29.3461203670533,19.954792609202,28.1017999165449,44.2108322999071
85.7173003242837,113.205379357053,31.920652929577,20.5641213655704,29.3365640956718,58.1472968921403,27.269375938178,20.0821849550301,31.2888975448601,43.9442174540263
89.3317300793206,113.057231499663,31.1115449463464,19.4428182727616,29.5085198785904,60.5075620902706,28.130856895604,21.089384292217,30.525617930292,46.5845688962109
89.7923418595472,114.684791449963,30.0639488277222,20.9480076174977,30.6723034467131,61.4832988723414,27.9356677270633,19.7757446314857,30.314010296828,48.6743592601902
89.0776805652725,111.052453874239,31.7090802307356,20.49252738079,32.2057697086117,60.1952371638061,29.4328052955193,20.9549485311294,29.0140183153423,48.809600312426
87.2737106408588,110.532376275373,32.8548440416772,20.0639758279208,28.807016767862,59.7029220580438,29.0825785480189,20.8148333465219,30.0466846916383,47.4703915488991
87.323040873347,109.575153998059,31.4852117560507,21.3633617354315,29.7250324302763,58.6639537391802,28.9857419129152,20.3726662470011,28.7638856644054,47.2088888007957
86.4311402166182,108.794617380609,31.7278908370432,22.2584144457133,31.0314685700518,66.3534629322762,28.0986986182258,20.4371235611944,29.774320078367,49.6049114065241
89.6693067321986,112.112640830353,30.2631777847328,21.0313712660822,30.1417195945902,59.0879118702352,29.5193381940752,18.5174832722534,29.9772570691348,47.4075855554884
88.7527303056731,115.010723311338,30.7426710688407,22.2199893172572,30.1808369211302,61.2665365145092,29.9733450283512,20.4733658453314,29.2838252566902,45.9932285768767
89.518114614314,108.838584527475,32.6699241997556,20.5259551757643,30.7747994219998,61.8281506627303,29.0670790912919,21.0957233242326,29.342703213975,46.4742904692604
86.7900663165628,109.014002373079,30.5834723842861,22.1595238347135,30.7081745617867,60.1148239904814,28.37435269663,20.8492363246134,30.5927211901014,51.0873333393867
86.8392536890018,110.353407005354,31.8501316649762,22.2107546264594,31.3519599122453,58.440519397106,29.0769743509918,20.4341137115942,28.9784178368188,46.0026796307041
85.9601728792087,111.879568808356,32.2557708687299,19.534893550068,31.9473305030385,58.3853995488613,27.5144545444472,19.5628730209855,28.3668490002272,50.2909435604181
87.158465943507,110.973226060478,31.1487203178745,21.6861897078829,32.9537699354429,58.2816868883993,29.8203750785855,20.3552168999502,31.3449035798038,46.9116984295121
87.682179017973,113.500739358288,32.6680906828718,21.004249012833,31.5207393291493,64.9098593292129,29.4433984403505,19.1911824915544,31.0548823865531,45.3513050858451
90.4806059466708,109.732145831124,31.4145495571543,19.8799456322671,27.8613585919175,59.1531462481238,28.5983499903758,20.9353426093275,30.0628373599153,45.3227559304984
89.2057274150744,111.167296565941,31.777900073549,21.7602806040784,30.1115860716445,58.7005597543181,29.18301554365,19.5946260221247,27.747007995725,47.3340759506807
91.1484463459167,112.97752979574,30.6279538825573,21.2653068667586,30.4988176462324,59.1616580122276,29.2572555113868,20.4283241379666,30.7382636120526,50.6326766123989
87.544039668013,109.114537444699,31.5442829833859,21.8595338858153,28.2027117394394,58.7151002921955,28.7142121323837,19.5321737223279,26.355779993643,43.5949317238755
87.6951291320746,109.342169408587,30.4839964052168,21.5355628862536,30.5623256850879,59.9684098625177,29.0556217334461,19.9662915828962,28.7514941511142,47.1482304950027
90.0734843736738,110.126516412973,31.6086563450757,19.5761913638009,30.9501964408075,54.6253451605741,29.5555660318645,20.6888214692774,29.6928648124062,49.7170142751692
86.9505460159981,111.16980392396,32.0352710120452,20.4767720065848,32.2301080705068,59.5536906775884,29.5371993830901,19.2700168500284,30.6471312049756,48.6608723046796
86.8041020654319,116.197297506237,31.9623784020145,21.6942342420617,33.0971430624686,55.5050746281791,28.3233715208529,20.3727154025491,30.6668968793407,45.6436622534632
89.4150435426921,109.740335154402,31.0615391141939,22.3413534013953,29.9018526631227,62.4980353407603,29.3101479543359,21.9044695649074,28.4063683497024,45.9917975686851
90.4862420533949,112.043945864472,31.6462083877966,21.0052040579462,33.4445923655553,58.5930467088578,29.7842915003684,20.0943350008359,29.1834402746693,47.8680331823549
85.6284588987746,112.362426884768,31.2641133218711,21.4338223900982,31.1109512700441,61.3363842145134,30.7731099844228,19.9841527488579,26.9781754233211,48.6515771035345
85.3457086009883,112.71259002887,30.2154829721649,20.8368999098333,30.5951679303845,61.4888946420395,29.8904699557161,19.7095516489594,28.8722492895117,46.0269250552325
86.350522599163,108.370288513177,31.0519457349363,20.4464825784707,30.0456035869044,60.4119977012851,28.8107083314291,19.6742118171114,30.8816805031676,45.4711878260747
90.9302821520602,109.006037975698,30.2090135476851,21.8401974392699,32.3391685696304,59.5203603829717,28.9967871935618,20.4444267844838,29.8993503473107,48.8892228721241
89.0637450773893,113.887455746851,32.7960204638344,20.5747491417206,32.3313669844021,57.4728970900909,29.0670029707784,20.7172591103275,31.5831562846671,49.361257473642
90.0642028772435,113.454207979892,30.8112201117153,20.1885477179155,27.253393093063,55.8534572964568,28.6663674529283,20.1890617074241,31.9109609533193,48.1463253755135
88.3959377874419,110.149883678467,32.2912043503323,21.3112335410333,28.061962406649,61.9999852483765,28.2093291375663,21.2162839163037,30.8662344170092,46.739774164574
87.7994588188939,109.9263405285,32.3205209465799,20.2172935719039,31.1954745821357,63.4238267899189,29.6554544962154,20.637145934107,28.6120418874334,43.9994240440352
89.6276048688576,109.897421919159,31.6558275283934,20.9904861870955,31.6777998415359,62.7630212573795,28.4072599588943,19.9313569950026,27.1002900721272,44.9656722453773
88.2326173828891,112.405021794897,29.6358585745168,21.3826013538192,32.942484927738,61.0607268229636,28.7046451959521,20.9392200863603,29.5114973653766,45.8935444413733
90.3170419276252,108.523631268771,31.5211575881422,20.2020695109715,31.4685243954467,63.0585672680124,28.7787484450942,22.723073904131,27.2662794635464,43.2920148265729
85.9305901344855,109.495219593256,31.0061993781802,20.4847190391557,29.7269385729728,61.9115159280372,29.1323329908503,21.1426017043009,28.8643652090993,46.2812093645087
89.2377323102552,110.14354292291,32.0182641876651,21.6958718286843,33.0104098464819,59.8132188158286,28.699560653283,20.322538071326,31.7620408666899,48.8121886439417
89.948438070592,109.624557114578,31.0412811842552,21.9682405751045,30.2210307972263,64.735293241897,30.101091184028,19.2209451619079,30.1986941289658,49.6183036073838
88.1070383663991,108.364535648786,31.0461395017016,20.9448343854224,30.0183687822827,61.8033886079314,29.8469322139807,21.9190822227912,29.2871290111508,48.5471514928415
88.4140337371924,111.547284139523,30.8716343816749,21.2119055694022,30.040164855436,62.3498613688268,28.9220676768774,21.1819442006643,30.4153904307438,51.0443439479908
87.2296809851941,111.959903738408,31.5892201602253,20.7992536056495,29.1406319249198,63.3771884829686,29.6939074450665,20.7123956582479,30.2156710414362,45.4208989624708
89.160978508046,112.491888091922,31.8900465108954,20.6902555610758,31.4552193752659,61.6590765190727,28.7133156908992,20.3464858994306,28.3515685380074,44.0701484168218
91.9599383936957,110.433035819699,31.5666819272793,21.7579475056987,32.8479662972583,59.894710905136,28.8187660823741,20.2184743100939,28.8244877442006,45.0475915375146
87.3145402435505,111.266810135926,31.2605109368123,20.6295517610971,29.2406342239465,60.1395109558039,29.8814209915712,20.718291045319,29.5376165789266,47.6934395819964
84.686162632697,106.793607339544,32.9111957162992,20.7325972902571,30.1426672524217,61.5070066025631,27.9613393372216,20.0344221752334,29.3792407490783,47.915886853843
88.4016699065679,108.432572001542,32.5777240464756,21.587221826618,31.3064780769604,60.7464332687965,28.4899320040974,19.5575963571585,28.4612621076579,46.9647073009882
87.5933362751023,108.947005462894,30.7563500914192,20.3070151993289,28.6853842809741,60.0232472979254,28.1432221915355,20.088832455425,26.9011400921104,46.8256090824165
86.4529587874909,106.843191016836,30.6488127763441,21.4716036902207,30.2455716549196,59.3504385158865,29.4911156392138,20.5102492790195,29.0538535083973,46.7280402496684
85.7883171577346,111.74399241472,32.9309143338916,20.6701300657446,32.6824393371647,62.9507774804659,28.2825625797098,20.1407969663802,28.4347548921708,50.4204693962284
87.0215061356031,114.698854817305,31.0657574904971,21.2393444455166,29.2448062485032,62.7340459006981,28.4134887095989,20.1144825032334,30.5529333635432,49.1781945654958
89.2356191352249,107.714304809183,31.9516357441749,21.0367717443039,31.0756945257388,59.4167459972628,28.2526813788547,20.0804382858191,31.5911618814874,46.7953219889463
87.5412828030467,113.408123068331,31.8103255613118,19.5279361696139,28.0121494359146,63.2243066715256,29.0054930336063,21.0853182119192,29.7171483428643,46.7309450772297
84.8697631753694,111.12592303831,28.9326141041663,20.9288102869399,30.2147889308547,62.1054866159548,28.812794475597,20.2241689064518,27.0533390899241,49.8618177143958
88.0255051544581,111.678937907478,30.8509483228264,21.238391684352,31.0333936778444,59.0617527885315,28.4114818211296,21.9943965693408,28.0961335064745,47.9314479856442
86.1954398710157,113.280990911578,32.4060518665868,20.4109278868564,31.5630865520248,59.8840748198767,29.0224933423235,20.6356231742135,30.3955048906827,45.8219535706096
87.3683098448176,112.804060144825,31.3355861289241,19.6988174775868,27.7841859665014,60.294369658616,29.6776495636079,20.4392865575483,30.0862964165073,48.8391367696213
89.9918316929428,112.946951626584,31.9025776380388,21.2579471708068,32.9015704302183,63.8744363404097,26.8786863004381,21.3893390830773,27.8485814966171,49.5903575361978
86.2330842491741,110.831352714112,31.8819661044152,21.6326014100168,31.5204550191955,62.9179194651232,28.0079100437778,21.1152117762293,27.6328032932062,47.8721191986412
89.440922302037,111.679540333847,30.5471679204925,21.4852576346885,28.4885848682472,64.7065642207117,29.7809971899096,20.3053289849084,30.248029869189,48.9205054378524
86.2199934369856,112.185463844261,31.0014661303738,19.846778774932,32.1783194266649,59.6321279975872,28.9746817245162,19.715988136156,27.5608313445003,48.7798735314724
85.5372019252019,111.345973654921,31.0671788811887,21.2571929978367,28.4365102702074,60.5121235747471,27.0842614818709,21.2746975220469,29.6897514305423,45.3025885778843
85.5866121192959,114.521812848749,33.8158335528718,20.7509874687486,29.2217191426213,59.2924020410539,29.8311050889292,19.7369779455942,29.9825985964357,47.3571527655834
84.7499868912689,112.750302783616,30.6805581087264,21.0401551454997,28.8097157866186,57.6404082379837,28.7963317954631,20.239137966906,27.9673749032425,46.9366118778621
86.7408131443972,111.048438514634,29.3113736627169,20.4321486757975,30.1844435412144,58.285193314613,29.0475448671341,19.3702698619306,30.9704811384759,47.1428603216912
86.6610076505396,106.669196795115,30.7121949639639,21.3044403606374,31.3296578575892,63.8615651760809,30.0385628215916,18.963123600808,30.591057073188,46.3359240146472
87.2381587402274,107.192400537594,31.6521265302828,20.2366968036507,30.4375218339932,58.362151362791,28.77871700682,20.3003311986053,29.4307398904395,47.0448991010531
87.3692635343598,107.622150015774,32.0079880569569,21.4488262528263,29.7318677218816,60.867963802664,28.7453944261791,19.4241344039099,28.7110180508194,47.4690338713398
87.1743473440361,109.617644996648,30.4437750387123,20.8986783892842,29.9732191812709,59.9468613991261,28.1013222750275,20.2890514471904,28.4093930972513,46.2025628752541
88.7844515207696,111.245680851822,30.8543805592063,21.7974746552161,31.549146459799,57.8897953534342,29.2648303860971,20.0276546037803,29.9352177399991,49.6863175017336
87.7710653480841,114.401428764841,30.7417373006428,20.9061264522886,28.2294779796269,59.2932055861229,29.4483398142074,19.5309156055967,27.4491020800792,49.3737523878391
85.4832827118196,109.082287994957,32.7269438665629,20.3323379669458,30.5287032911031,63.6213580220199,28.8561018719194,20.8605833974996,28.5839222483787,43.1600226258741
85.0479488753488,108.249161554439,31.9355965324516,21.2931742239076,29.3220170422024,62.8892133376681,28.7748324528194,20.3152611750748,31.2326539566855,42.0826717943666
89.6944302068,114.534543825656,31.7368422634097,20.8570943177287,32.184141242297,57.0118036870386,29.033817353711,19.5252453979391,32.8816343279506,48.0843273474225
87.24006276767,108.764900999704,31.5683774281318,19.9206936980901,30.2750514760223,60.5198996789386,29.3510945136203,20.8172747661192,32.0254511289875,45.6787237001229
85.7194206457544,110.712005121177,31.2675331695371,20.1319144407119,29.8181215794421,60.3554865589206,28.2544935260437,20.6541373603933,25.97325133122,46.8197060307557
87.3721421201898,111.02612068654,33.2501063470479,19.5143214468928,28.7072811311258,61.715397339039,28.2886080310961,20.666940980574,29.3014977749835,47.6617614015644
86.3655377316933,111.586878469439,31.5630191296837,20.5869087030271,31.8318954589429,59.2448727386707,29.2818342214018,20.2047902066765,30.2334244673354,47.5282415785591
86.2286319513593,110.051674129038,30.9839331780381,20.2065845633449,30.135317666871,58.1052907262506,29.2517242355605,19.694116696087,29.2369485282991,46.1940800650043
85.489585310063,110.091472886577,32.3401533274224,20.2794872530811,30.7121486696165,57.9983505808864,28.667886377381,20.5954871658086,30.000826130803,48.4931875102471
88.8461645424251,112.45210166684,31.2923249084346,20.2059340256546,31.7185206593874,60.4229206127575,28.6966358640009,19.3655437235386,28.2040006360518,43.8777393599424
88.8833833832372,112.087255138114,30.7974378876329,21.6178533962141,30.7773265003542,62.9028981224239,29.2536443454968,19.1354176552375,29.8048291070389,45.7780162185836
89.5141277607897,114.151061746897,32.2698207859209,22.447437220291,31.5733790229252,62.2076995153947,28.0338502613396,19.9130558352747,29.2469621198051,48.0272022349078
87.2696929335139,112.251525293232,31.0753663822498,21.8705519049162,30.2641374473076,62.9628976844413,29.3706796626292,19.9815645024911,29.5024029835547,39.9220319422818
87.8429695522701,110.087119711293,31.5376906772882,21.9274775082478,29.9102077040137,59.2116448870122,28.1392639054859,22.422379698538,28.2455721579879,46.4166772172106
82.7245928988524,112.088000666044,31.3436349572948,20.6035269741794,31.4700445332512,62.9169509569636,29.005466286884,19.8437891470133,29.6965075023238,47.0215909860386
86.1768702464071,116.188809482636,30.978039138503,22.5056256449236,31.1761273372492,62.1317443223468,28.3470753199506,20.4075555650375,28.1858504057477,47.5129287301099
84.9887152420833,109.314060796344,31.3611101553108,21.4668251551541,33.2125360929902,64.1633749245116,28.9128284517199,20.7593044893097,28.865196679564,45.3235824354401
90.0976140981485,112.493459561076,32.8739708701924,20.5371754064944,30.7057183525157,58.9548340001087,28.9295554667762,20.6569033650445,30.8707484486874,50.164289562886
87.5816782982914,108.95241161686,30.6701285590063,20.5920595626839,29.0334700878045,57.4164660476012,28.8507864702336,20.8384660420068,30.5791854298484,48.0418322386605
87.3393329676965,108.868725518918,29.0055552200233,19.5403905899388,29.7696313584302,59.0175576711387,28.6723413964631,20.1643839341453,29.9119556707891,46.0642415938923
86.4655324861001,109.913905292975,32.4047844609785,21.0798471035297,30.8901342746755,59.3373084975557,30.5387735153646,20.6625907737302,28.9077455439793,47.077075383597
91.4381990922972,111.385781319077,31.9783010970358,19.8514226606185,30.8861257760308,60.2648613842741,28.2423888956673,20.6992886728825,29.4420804377722,44.861170350604
85.9769446434697,109.70795770717,32.1645038325517,22.148271786156,31.1761259895938,60.7589671075692,28.9747224672447,20.1340474348538,26.4002336344361,47.2694341432223
89.5095396267339,112.993863343199,31.6825942820963,20.6497855697135,29.9355910263971,59.1207702228967,29.3103328987561,19.7844503151889,26.1977167976267,46.7523173738029
88.0189864852487,109.129668216428,30.4980062858406,20.4052022847104,31.6815253047823,57.9069191471446,27.6064994743491,21.2441517675143,28.6624959999937,43.9959149507178
86.4687472027518,112.409283230229,31.802466572577,19.9816213947365,29.0927323316497,61.3050692698219,29.0599038062594,19.8446109673314,30.5198921607968,51.564145060462
87.1582552187826,111.629705780718,32.0618178325346,20.5240827278757,31.5267817170016,60.6272542414839,29.3302598858551,18.3696346354857,29.7952197512321,48.3686582159698
87.4361448336238,112.793222555582,31.6113333414108,21.5261390268525,31.4100488530314,61.7021105124589,28.7777240409474,18.7269770633792,30.6204219191469,44.4759705973967
90.8582430143894,111.791276005077,31.3296125141214,19.9927801903141,30.289833114636,61.2667619774232,29.2667996940086,20.1636909222525,28.8001402062252,45.9041939573514
89.9426080744448,111.844799806482,31.4366179243142,19.7070480547631,31.2656001355552,65.5328599914983,28.7306017451825,20.7280520004672,30.5228258532789,47.1408314507317
84.5019032124176,114.805730510921,29.8761340889286,22.4743948795833,31.3196922417013,62.462938026608,29.3061164456892,20.5246933505053,30.8951705555724,48.5216060073133
86.0481946606001,110.757915657194,31.7138757152564,21.6601274641702,30.6267218735813,62.6718015042558,29.5013044388759,20.4989854035094,30.2667532983034,44.4039049473617
86.1152792339839,112.126015869156,32.4448811156434,21.0230349948569,29.068337892861,61.0205013611854,29.201578397832,20.182799281554,27.4623100326616,49.4225958674599
89.2266684674541,110.322277413606,31.3662466062998,22.8804044675072,29.4925804629895,60.5695827079596,28.0827014399842,20.445367074668,28.1584951900576,49.7572737894233
85.8390276509087,108.653151004495,30.6535074766299,21.3104258587451,31.8572341994132,59.451550569808,28.8976935304194,20.7617380332085,28.9951966663652,46.8123333850461
87.4914064935597,111.148375209834,31.8437260133384,21.5435442455459,30.5284613771409,60.079259739278,28.2637237559919,20.4693784139885,29.3376017340409,49.3825406316774
89.2741942250876,110.208849926282,31.657159635223,20.0508239282951,29.5901554411613,61.2131803427916,28.7352865772369,21.0616624243015,30.9284534781229,47.3561883454485
89.3751207162749,112.598430913876,31.7520139461544,20.3506684987271,29.9536111526748,57.5806752894077,30.179404956656,19.6239172776332,27.7157970358826,49.4853120028575
86.260240707489,111.063787898705,31.4591828714334,21.6252065407545,34.9822920410359,59.4531440680436,29.3972018132006,21.2330037883837,28.7529555641045,46.95121650561
88.0895011032453,113.517601094514,30.7927115492897,21.6317102388879,31.0821747726645,60.3315681541002,27.92580737135,20.1963155106444,28.6197269192753,47.3877071594945
88.0382388922308,116.397649276321,33.6411052568505,20.8475568592714,29.5328281560673,57.5855255469537,28.7681721637941,21.1784375006028,28.8729165817555,45.6758626443873
88.4428291104786,111.394861173766,30.7898904369133,21.5710371353583,29.6357032957744,60.8613818894363,28.6403187089682,20.2315475207111,29.6115874984471,46.6721668701471
83.9276489449712,116.284208512946,31.7578706690737,20.4411665455477,30.5876225419243,63.5263746299744,29.8943659996702,20.4069981664592,30.04324567687,46.0115666541576
86.8373434743431,110.477724526868,31.8318486730021,21.165163894123,30.0876012348976,59.9213756201822,28.8314322160708,20.0375861948267,30.0709722400756,49.6336072019443
86.920923883328,108.140237196156,32.2423066312593,20.364401044523,32.2959679013993,64.4698606945702,30.7566744414496,20.8791608147319,29.3976474877124,44.0823725725903
87.6676278588598,115.150807755879,30.5617200564708,20.6691408468834,29.8858452628718,58.8963812305422,28.8962112419652,19.0971828149395,29.3818206721856,46.4383797647195
88.2914425235046,107.190717078964,32.4381202767082,20.9157311733421,29.3870044825053,57.0135936366688,28.726290154294,20.6689736717627,28.6470622835899,47.965882761585
84.7614514948456,110.501566735236,31.7678195781129,21.2784823657487,31.0439763938948,62.4582693742702,28.3393096161687,21.1893433866022,30.5390936745169,45.7218539203892
91.1029865466024,109.59402433386,30.285049345646,21.166810227486,27.5248847318737,63.4018249895607,28.6053211192623,19.7715762243837,28.939498940253,44.8084448330878
88.0489877964513,109.519110640523,29.9334334886566,21.5415156024406,30.5694346518224,58.5175255433718,27.9432321342856,20.5739581776101,27.4095411027159,46.623129758218
89.6311413653037,111.274733265377,32.6917063376504,21.0501137108357,28.7674180927291,57.7883833592592,28.4843835260473,22.7510970737007,26.7606896632606,47.7942184300866
83.6825425588882,114.44062454207,31.149211119218,17.9535974006449,30.1333990167227,62.2447632198162,28.6780163064394,20.2216686992427,28.5781951396391,45.3950498711263
85.1181007911601,112.737166963326,31.8696370635834,21.1616823104577,31.0645160029564,60.359798952303,28.7091517899825,21.5900329329993,29.1684615163751,46.3234485813831
89.0366752287703,109.560521567442,30.6963179045856,21.1080005468145,27.9886376593482,62.0392232310113,29.4811631939282,21.6097828979345,28.6942364480997,45.7224505605532
86.9851366429417,106.215122275732,32.6860642627442,21.1316598169559,30.3074489352919,58.924739490686,28.7454537087015,21.1138696894395,31.1058034562151,45.6123441166035
89.5369104996111,111.892608117344,31.7529461095402,19.819878567112,31.3123506764484,61.5228405821494,29.3298147128368,20.2220988734522,27.3844427316313,47.5206498320105
89.1060625833098,112.638175709959,30.2940893926466,21.4442999215808,31.9567418001631,60.3673007841162,29.8644615999447,20.1752857720271,30.20040708897,46.1879326065433
89.1472210819971,109.441652239859,32.1077051136335,20.4999059889992,31.9200172617621,55.5766724962508,27.6153447979335,21.321481306872,29.6596405796048,46.522228844988
85.7784997006988,110.770930574131,32.7704138982407,22.051991789982,30.8725763929095,59.6869359263679,27.9152580126683,21.4189871139735,27.7773534503812,47.9896867964107
87.8953327219119,114.772090945411,33.3997424118885,21.3529047031777,29.1787600865692,63.789290649855,27.4265833133104,21.3224826726286,31.9863616644659,45.4969978027204
88.8219934253208,113.30014685597,33.2109378028617,19.6656739281448,27.4688322048668,58.6044797881108,29.0903707165945,20.8579179710881,31.4696443586408,45.1834501069391
87.0965304610243,112.390970919509,30.9479334754485,20.021367020153,29.857021586071,59.8639414946705,27.6488559043717,20.7591806580424,28.2852240920752,43.1439765662827
87.2540560571819,106.375563206086,32.48309436387,18.9908774242507,34.0040121990277,63.7417720021837,29.6131199997756,21.1926913795879,30.6035086672808,49.6493636080485
87.2980702729192,111.915964233713,32.4910529936468,20.8331006500969,29.8932970581574,65.5954078776051,28.355498984142,18.9423573156169,29.5764002951731,45.0326310512311
86.6465554432644,108.883079196217,32.2084721725362,20.8388777535572,28.9036217660148,62.5273464487938,29.6318265026726,20.0114753620123,27.5803296432036,48.3339916908807
92.4587265461793,112.920556129517,31.7552551005608,20.2500285594515,28.3554895643949,61.9971993320422,27.9798436797644,22.5108572725387,28.2404852732152,49.2355514455973
89.1106745580263,114.4071115695,31.340444732574,20.3240189355284,30.2509377299301,57.5517464943859,29.4332313113919,21.5409210092538,29.2914904474072,46.6271450384177
87.6260346744339,111.2345971993,31.3305903123711,20.2040471303556,31.4301316875489,61.3186002837614,28.3042871218912,20.2242841356616,28.9007678866604,45.7570024794821
87.8897107732993,106.22460853996,31.2487395073994,19.97180867511,29.6773469661318,58.2984561342425,28.8719793605785,21.4070659562071,29.1416211350085,50.0207739009503
85.5720364895054,112.188672442341,30.2297526097049,21.7038808418825,29.6200593545424,60.1935078933695,28.9774230672132,20.683880759439,31.5320652985828,41.0664230343077
87.8367052805276,109.957941686514,32.4369889683545,21.4402829092741,30.6042438986848,61.9848004594064,28.1892300074403,20.5719428279001,28.7991882726377,45.9205244362854
84.9566369209536,111.916644612356,30.7886224893914,20.4866032985057,31.3473553892312,61.8772983940567,29.4849838725588,21.1408350895678,30.4239439948891,44.5450531243502
85.4601731333935,111.85436105177,31.6175384644235,20.6616439222579,30.0894212489598,62.9117363649672,29.4332226976059,20.4720447647737,31.4178423244742,45.7091004916877
86.3190166838261,109.678933416545,30.4223633220296,20.460325305494,30.3467885222525,62.4963594103892,30.159476101527,20.1799287366418,27.107200558286,47.1518812211571
85.6105205087942,109.143494932951,32.4876074557736,21.6168668499628,33.6809478661025,63.2290496931771,29.0859100996639,20.8077640584792,29.7590707650839,46.9906929910481
86.0100358303312,115.643393754181,31.9709039186838,20.0839458902214,31.492353770036,62.9973234002255,29.7968866882329,21.2404573671744,31.8056783427277,46.4531318421685
88.7076609174269,109.181487534783,30.4661110244391,21.6807931444879,32.7858735362082,61.2371834183155,29.249371340328,20.2588455115598,30.6782207799177,46.4853617102476
88.5954729148553,113.263177762421,30.1203087983138,20.4034538205818,29.5945691378767,61.3352478490799,30.5190795841529,19.9974353698596,31.1383496261437,45.6510157040158
89.9845259435309,112.424503601995,32.8442659046314,21.1447402887741,31.5266222275688,58.7131258750209,28.6613898889168,20.7069933363787,27.928291621061,48.6260708678347
85.3013882801589,115.813806924702,31.3800314853733,20.0590007049634,31.4680600372819,65.3340912374117,27.9382779412628,19.1961869398506,29.0650796470598,47.9186046839805
89.3128800659427,113.569112432543,32.6923473304234,20.9796127582896,31.9272113626803,60.9048567886173,28.9227500268915,22.3509922796389,30.0367822875436,47.0149597003964
90.5790624480528,117.407176343431,31.1920354606972,19.5741983189225,31.9510270683442,64.581106079642,27.9109238206254,19.9752526764977,26.576518578519,46.7624455008611
87.7249395451857,112.502650026588,32.5170286613875,21.583614719961,31.2632900515984,59.256434382233,27.2819133136955,19.5393296663738,27.2890519713702,44.5392298168028
85.7008392271394,114.13120909256,33.0415440858399,22.0621200454212,29.8906456932908,59.3628905886578,28.7065824666175,21.4995677940621,29.5244061934424,47.8069834842129
87.585286742545,107.350332777934,32.6838120119056,20.0831134734772,30.5889300595657,62.4833969984481,27.3122123245344,19.6658135616375,29.1204281457952,48.7724980473463
86.6192690631433,112.21230978902,30.3626047966862,19.8032987436086,32.735077671405,59.7206413637203,27.6799884777812,20.6577213164827,28.9644420472806,48.7559820804022
89.189875533211,111.075713593007,32.3996647394626,22.2030951106749,28.9709056714537,64.0899614474651,29.2479947898412,20.8040095539753,30.2024038457944,46.9293081296252
89.7301027323545,111.429018728855,30.4012957759494,20.239746074617,29.6939216776766,63.164846168471,28.4654197255743,22.0588825145988,29.7872310561051,47.484670788572
88.9619807939066,111.261422851229,31.7055515212616,19.7878320092895,29.5703679612939,65.6224551691886,29.3411780858103,20.7884884439486,30.7864242507673,44.894844203775
85.99335773022,110.509337871647,30.8020808323206,21.4535080167201,32.7941713940279,67.1483931255528,28.311265137767,20.9247482153215,29.3583792102176,47.7617839856699
84.3696058277583,111.51503990052,31.2340621619847,20.6442603066141,30.6261034612018,59.3481282250563,29.6384092203193,20.0593861267405,29.5517674873343,45.7271878880587
85.6475450484309,109.769510397747,31.9903859033496,21.9179205116708,28.605759873989,59.5790551202512,28.6617060672878,19.3801811334377,27.2342115159317,51.985398988898
86.1818491444811,108.771193282588,31.2085265829568,20.7171939817001,31.7324703108458,63.8784844720554,28.6210830613461,19.2086508387247,26.7020168912692,45.6304233025359
86.6134743690394,113.602894136759,30.8933783710896,20.6288423990697,28.7875514734515,62.241072688358,29.6571797430258,20.5855102613319,31.5889235544639,48.1173885773609
90.616404213429,108.970632557153,32.0321413503584,21.3362159335555,30.2576028184505,60.5859776364284,27.9056438663897,20.7917259052455,28.6776704212883,44.3431300060345
89.6103282921087,109.285881757762,30.9380545417056,20.2485615755418,30.1675356682646,63.3569277090246,28.561873916866,19.2251165790919,27.5631532528343,48.1655437088739
90.8195902531268,110.786625888573,31.7324239229983,21.3054158086108,30.710408412358,59.0355119464251,28.6215385499587,21.5420726424835,30.5416993284504,46.3977673029526
86.4492618867419,108.504304478476,30.8646713676324,21.7455403447058,29.8653755698762,63.4470397597824,28.7831467456955,20.1367955276448,30.6797889077905,43.7725980054649
86.0315699288371,110.859423415985,31.46090177821,21.5162828929911,33.0208520537396,55.9949696237115,31.0836299311869,20.2835258991097,29.3189763419496,47.9961451075767
86.5726132216329,111.159449305884,31.4237677553709,22.5810521128592,30.9213076256124,58.9961318124512,28.1207690720988,20.7208798777774,30.8380147171642,45.9098194070107
87.6072145197893,110.918037177382,31.9559163743466,23.4989340140334,31.6887239585462,57.3045862071592,30.013768459529,19.6936359256972,29.7546129420802,47.8118815350696
87.4361829864438,110.490599647071,30.3125433081151,20.4601245378872,29.1865933741873,59.7785542146214,28.7043849202583,20.0716598122683,29.4027949232219,47.2722030112056
88.1414751656182,112.732163123728,31.5628699926758,20.7609517713306,29.1757897871625,61.2477537877369,28.0833600055796,19.5052869263862,29.6328198741242,47.4182535235403
88.4231012761519,109.973806207483,30.6404219740262,19.4805592042249,29.3257830255848,60.6768114840338,28.8622159069015,21.2807156033612,30.2386674903172,49.1667012180437
85.6387713181747,109.79638313642,31.2799643194123,20.0222685850689,28.8366753413235,64.655148209244,30.1601936311104,20.8236121625726,28.7156685226818,42.1400066225361
86.1399855804708,112.690321047869,33.3652202122787,20.5133310230878,32.968065061753,62.7432850715565,28.769653947676,21.5050506811161,28.9623870373521,49.3139959011751
87.7153642964104,113.760592135356,31.5836274549914,20.8235029112151,28.0935704490924,58.8782512154689,29.3292648650483,20.9543455377482,28.6167857713856,47.5380924479842
84.605904283161,112.460216857995,30.3028402419041,20.8396374529373,30.6889603744018,64.4165607536838,28.4734365580324,20.582213045395,28.3470107357125,43.2408797178918
86.0206419642156,111.002350398944,29.4695649575244,19.5657391134783,30.9994216116326,55.9320120965916,29.0162643849257,20.9301901854276,29.9695941855806,46.0065928097283
87.0217474865563,112.221713584237,31.412332270713,20.5057329914918,30.837922547983,58.4466428803145,27.8551221023148,19.3755554772832,29.7894855672286,45.2441036261709
84.846736148512,107.793823585124,30.5549804919898,21.5335832221305,27.9145922045089,61.9226065124255,28.5837827207128,20.449582839232,30.9349884721152,46.8595536447001
87.6387517736415,112.606436313979,33.1415074878824,19.7113350351065,30.8610499076148,56.8339473979882,29.0369909194061,19.5265902197046,31.1603465085799,46.0440723818365
86.773502074531,109.78955295749,30.3556601638144,20.3194905000146,28.8322244946537,59.1612482077112,29.4382714771903,21.3154467864347,29.4493656928186,48.6793072293346
84.7753874632534,109.577845793099,31.2691983739785,19.713279144363,31.6779611355898,55.2915307637386,28.0610531112995,20.9685880355292,29.6827292563951,50.3253578461382
86.4751067652615,109.115291617582,31.7608905718012,22.6921130271209,28.8194620281228,64.6433538236697,29.0889002875307,20.0206143220925,27.0693504037121,43.7276478969719
86.8172959259583,111.322037577613,30.111142478072,21.9404647862496,30.3881208629786,57.3224484277575,29.6323063677843,19.7622217254274,30.4911271531601,48.5784038766439
86.3293053523728,110.351033456649,33.5410749311381,19.4428657424564,30.5144787826045,61.8227742170243,29.5523662904513,21.0923553726145,29.8564909706436,43.9384189906999
88.32584630182,113.178699712951,32.0533047849501,20.8189726505124,29.930298472794,60.9671180411392,27.921720146004,21.2472381176768,29.8392980068731,45.0264652917353
86.5484910083128,112.559829015457,30.9681535059817,20.5059309582223,31.3311497148454,58.9029379198848,27.6169750804226,20.4918898020689,31.5829366312007,48.5915817620283
85.3047194831469,109.889235056783,30.8053701925285,20.2602029289616,30.6527660680109,59.1661711510931,28.2337000049643,19.9062125618313,28.2041546866398,44.486527206922
86.6433225862023,112.221602969218,31.3857001873868,21.1356898857184,30.9402963522474,59.8657325336246,28.9460007266928,20.3170853014216,29.3613851774273,47.1169781745658
87.9810889886955,108.87487188335,31.0546749562196,22.2059147754074,32.306868279434,60.8614845630455,29.7017805892688,20.8378221889251,29.8394268479617,49.6698172144257
88.0513916908092,119.363422130614,31.4220706353034,21.9996529419057,30.1264880978314,63.0161584185902,27.959926162019,17.9845284783512,28.4478003806184,45.7351456910036
87.5986134067422,111.30228973607,31.3141697883172,20.92621247005,31.106360513285,60.6559652803311,28.2236771815335,22.055661044234,26.8574962338359,44.5897671673432
83.4125917012574,106.746793922437,31.7961119069614,21.9965813435395,31.230500055983,58.6851460710994,30.7064987916187,20.0331484448041,27.2314073751627,46.0577058012134
86.6156177299411,112.106375554257,31.1691308239597,21.1962084157039,31.6514788931595,61.9822808770315,28.4812171172686,20.469312051435,31.6800957976667,46.4222924922351
87.7301412106285,111.027736443995,30.9639238948578,20.8683566459434,29.5131687294091,57.0263558198947,30.1298704775829,21.4118108667848,27.5142579712725,49.8511661686167
84.086574226963,109.154332160359,30.6752334367951,22.3247078717816,30.587566342767,65.0109416821797,29.5712957493125,20.6173312298003,33.2171174699534,46.0490798431472
90.0128398754087,109.115325590084,32.2182600040765,20.3314411991483,31.2050707001878,62.1963077113974,28.0293397058396,20.3231661081827,29.9025375134248,45.3224978223651
88.5944417411474,105.664917424297,31.684382850714,21.7028315617853,31.5338415807153,59.3220016710827,28.9884400488135,19.7984860379742,29.0562249847569,49.6363885267676
86.8605841488405,113.152048175095,32.092000151276,21.3829425411144,30.9144672633127,58.9929133198758,27.7571709178813,20.5218576339031,29.7456203367651,45.1181960755255
88.6546639299337,112.873162291778,32.3899574530174,20.3210337419515,29.7020057262092,63.9967389050321,27.4742024113665,20.0177934387543,29.997016019108,47.2478840428915
89.8887406042883,107.995127419214,32.2615000455392,22.4184310169283,30.7108855753906,54.8777537618617,28.5640913330099,21.2443291417671,30.2732116146648,44.6263078354394
86.3309677796224,113.52802500711,29.9907710620734,21.3329000779182,29.7125946699034,58.8866799093648,29.278510523869,20.8417452794418,30.0666724956483,46.2725700760284
88.9985654936551,108.821343496013,32.2990375167379,20.8565040645532,29.3513238097504,56.984864083794,28.8023022377281,21.9052529377472,26.9390063404678,46.9037640804817
87.8162129282755,110.274004974382,30.5179370192094,21.6629382803093,28.7239451667729,62.4169912092765,29.0891425388249,21.1520630670814,28.5084988526969,44.3259461303283
86.3419205449788,112.624693645182,31.2334566448154,21.4996512614061,30.6267263417438,59.3076981362312,28.6047426712517,22.5191895436667,30.313746999792,48.2661333508683
90.3483436092908,110.158867962116,31.5602373763746,20.8125294664298,31.4894524789791,62.2512201557714,28.8719180228119,20.5062567554874,29.5371838646655,45.7589678471791
88.8828841506738,108.576692314431,30.2542638418955,21.5178667048838,27.6753548320466,63.5431957292648,29.0250992627375,19.8441050945679,27.0281059098796,46.4069334908169
88.4996953788095,115.144271162183,31.0506051798926,21.234716916086,29.5586060177057,65.3452286390561,29.0010349925351,20.9272708604573,30.3186576899636,43.4538451633332
85.4100177026695,111.776581834022,32.1659647187461,20.8089112843365,32.9615646164278,61.4937944552925,29.0957571492572,21.4695832002677,29.5143475232787,49.2121219114358
88.1033056615945,109.84699868665,29.6977986193645,20.0735785105789,29.5183168274442,54.4065052750984,28.9883507554257,20.5652682024676,27.3342494796099,46.1297371044008
88.2017063767086,109.749695420756,32.6110053714805,20.9079700548697,30.5950306253626,64.8117862895379,29.2632091831637,21.8056061210435,29.4282904134429,48.8219311554682
88.0240882048851,112.029243727497,31.9492196956663,21.7788930132888,30.7265228892905,60.9699999244226,28.1648253733062,20.8493579479331,30.0724853095809,43.3348937526013
86.7407043044431,111.667473701574,33.5318142443629,21.233398993622,30.19316173569,62.246239180543,29.2643417157515,21.8105057257719,27.8795290133723,48.0879253049283
88.7110740915901,111.610232044429,31.938073165354,20.5981955784803,31.6464422023249,62.4874907956478,28.5531416534885,20.8592572268992,29.7598357448559,49.6442465770275
87.8827377301581,112.315150919234,32.3668773283246,21.0632440189835,32.2764615646758,64.7515351775221,28.3450404124427,21.4811327266844,30.1461941272623,48.5761629988796
86.3260037987336,111.963974746692,32.3771017810426,20.5493502113484,29.5876510283702,57.2472814805453,29.366265807239,20.8069963480844,28.2167734948281,46.5496309891171
88.3024482555901,108.169964893941,30.7015398336787,21.2576386629766,29.4986547226218,57.5854572840199,29.1067942046713,19.511315220865,30.5232067776532,45.6228086938865
91.3166633232086,109.078735791438,30.7956170149862,20.6419133235646,31.3561219105059,58.8190144119736,29.2587367251595,21.1430947394967,28.1271235678392,45.4268990470798
87.0099116670025,110.055938808812,31.8163994649261,21.1940331129189,28.1468808246182,58.5725893119457,27.405097425888,18.9214022949581,29.2548369555083,44.0687924722833
88.0729723980497,109.440414497802,30.2469146565246,21.4103852085241,32.4965636117402,59.2159522625957,29.0151047352316,19.738944153199,28.1696633696029,48.1045298202264
88.5810276996063,111.15835936684,30.8590913666422,20.8586853978739,31.2735043208326,64.5780877717007,28.5996663289118,20.2196351102269,32.4211154147686,45.5410771462648
87.0129137663276,109.47946692781,31.3808142938581,20.9341662063131,29.0071789580957,60.2779754311824,27.7748398309059,19.2012832654286,30.2108692268419,48.6564625476181
89.2956971959157,111.538293759707,31.3822422036181,22.2937467792537,30.6866325026764,60.0189671262813,29.8076594230588,19.8810680550518,28.8944475473028,51.2740342594122
89.1121612289362,111.427626691533,32.627332588497,20.9159286303839,31.7038014505518,61.88359908529,28.1931424178837,19.7657128261205,31.2829794133934,42.6198448408865
85.6048692472907,112.440648841996,31.3773093567419,18.5028102675974,31.1988168871017,63.7816588245534,28.8885551961311,20.3352212407139,29.2296076447975,46.9870015654926
89.517416311715,109.097881653522,31.2008619719653,21.9634480451884,29.9049847928231,62.9451236560055,27.6129476980108,21.5823169870399,29.1426460854178,46.2077890107355
88.3279279336903,112.374623659005,29.8151807393872,19.675601847913,33.4513485383719,60.4078256426408,29.2455362274246,21.745058759377,28.2799604489351,47.7647634470989
88.5964127915575,111.996266570197,31.7223650187604,21.2171046079477,32.6570363711159,61.5117452687583,28.8717381398795,21.5391253831727,27.0524311100306,47.9273974382483
86.9665218455407,107.641904550183,30.718115709947,21.1549053222229,28.5524810714999,58.1425666769953,27.9441412695423,21.3688202474059,26.523288593503,47.846213423185
88.031803333426,108.065847242259,31.2579242834042,22.1906448103716,30.1749790189572,65.2843880206801,27.5983002913957,20.4819497468162,29.4068317241291,47.6618817383673
88.1607929254512,112.729559606992,30.701596534907,20.4517894879575,31.464172836029,61.9670650472027,30.4563723978269,19.4446180322806,30.0060503064483,48.1655403885114
89.6252627902805,107.844470457673,30.6525593749356,21.0869711208591,30.3503953139211,60.7710744740031,29.9304218692313,20.3705665231666,30.0142872889544,47.7913097878157
88.2376548336615,110.19557581046,31.6748416006046,20.919822286763,29.5494072534134,59.9668772534493,28.254464059804,20.2921952984407,27.8232546299937,42.8416266117941
87.167036845184,113.771106662637,31.3735697992401,20.3802109956478,29.3754802229698,62.3250768291607,29.2220009029489,20.66497679256,27.9461061030238,47.7349856384952
86.4773185612192,110.277936456408,30.8867558746797,20.6854881005873,28.7377973023584,61.7652324180915,28.3019720296861,20.2833738908621,31.3389916883988,47.4697789601177
86.4779234840822,110.057866216065,30.8885469806196,21.375790207895,28.0871539975745,61.0491886520703,28.0201984672408,20.9085362366968,29.4254055460549,48.7769629353766
86.4934707904104,111.205028411411,31.7886665048866,21.1219301629625,31.9860042088386,61.1875200132471,28.6284812427418,19.9369431401045,29.3876295844407,48.1791007789626
90.2207945449206,110.768339586582,31.7654571875236,20.2230394948619,31.7693994197156,59.1135016797121,28.8586210383738,20.4969676407913,30.5138171229241,46.3652519036656
87.7757255821133,111.360980953532,31.1690787998748,19.9974156875884,29.7634871356623,58.4493108011784,29.3842508645887,20.7699803309447,30.0740322343471,48.7441061270334
85.2544461888165,114.036045740616,32.6421009596407,21.388007984457,30.1828783423956,62.3388749098718,28.4926270698035,20.5607565407972,29.742294526614,45.074415880874
87.8983647466416,111.323059300301,31.7109928087156,21.562620402612,32.1787333601626,60.946438085764,29.6990893491093,20.9791457792048,31.231772822182,46.010244295226
87.2792971414937,110.827787928403,32.005586973289,20.8398901973421,32.2845443756451,61.8671181591647,28.0861801354029,19.1607831836171,29.7621674329836,50.7632928043954
86.1773063550735,112.262555196426,30.6240950300349,20.80546065257,31.0214803622283,63.4739398841675,27.8017326435726,21.3562266584767,28.4189484783504,45.9320409412898
86.2330116625537,110.664243793929,31.8029015381874,19.5954373807872,33.3543342535328,60.1422898183693,28.2906325721978,20.2217921350815,31.1506325391417,45.9375452847688
86.384652748179,110.088361758018,32.6652691905402,21.7649433278783,30.4510993576272,56.7437620909453,28.8706063630404,21.2196536242547,28.0965257091508,44.9569971641605
87.0806669413234,107.543536809113,32.8786853974685,20.7190595024544,32.1654817172877,59.8928101452566,29.3900615561873,18.5889183390481,28.7098837159617,46.8551771696291
88.1205357889282,111.416577087641,29.5994243915959,22.8646249759899,30.6843810702389,54.7919433399139,27.9162378794898,20.9544938085737,29.7119486723729,52.9933121338651
87.8095802541044,109.728665351385,31.5291968494987,19.6313373078135,29.9355509059256,58.3143321425933,28.9758672027524,19.4935338585124,30.3016130457968,47.4079510722914
87.1305622691543,108.132842515548,31.9245696513581,20.7298461593397,33.969731193358,58.4959102534484,28.5379066568296,20.7600372863732,29.852128687307,47.5907023721584
83.8507657030076,104.730827824271,30.4805847125929,20.5807886329783,32.0002544845497,61.7926342268281,27.9019614569003,20.2595230202824,29.5183932045346,45.3707793649087
87.5164853862951,111.678959922702,30.0802221836619,20.0255732959159,29.8586872792126,59.06022220181,29.2519303993308,20.5931271208692,30.0853900010332,45.7449424153768
87.5246838565857,111.771767559037,31.077408649885,19.9854541390689,32.920068192212,58.5309789885672,28.3563483712815,20.7135925094395,29.2988114957963,46.4338247652426
90.8178286337355,112.219694851872,32.533315584437,21.1040566100754,29.7591032122156,63.3756721107276,29.51302310159,21.0410254756478,28.8836105903072,47.8799067569619
92.1699052604492,108.60874180004,31.6412160828715,21.2029203277441,31.0279790775124,62.5829873126969,28.2110255115063,20.0255780762055,31.881370353722,46.8541751190601
87.3458592676122,111.610729326824,32.0513718627837,19.9746393686762,29.3757955750115,61.8118593915689,28.6976080240457,19.4677784745735,26.2491735799828,45.4502491378545
86.1986385486239,114.471236749298,30.9533686914581,21.6753658528602,32.4500055444723,57.237429126548,27.8533143115472,20.1125782890718,28.6759179137365,46.4237073627613
87.8836592283255,108.238533740851,31.3860686077397,21.4720900378587,30.8660256952383,63.888432089417,28.2607598536628,19.9963300702476,25.9598357064481,43.5102984281737
87.581913905446,109.242374346697,31.2990157562605,21.2707366950518,27.285698651297,61.4383674510096,28.8358028681848,20.6370523563994,29.9214933918601,44.5148470799531
88.12234201199,113.163606100123,31.2927379348184,21.5045259436993,29.8376932709557,60.6872490777418,28.4495984499903,20.5994796611656,30.6750966838337,48.9151721808866
87.5291588173394,114.96445237906,32.8119692243312,21.7357359514645,29.9788711070389,62.2348405665628,29.0227223655735,20.9653646788008,30.8032346958189,49.4516040453167
86.9343426862735,114.863802844299,31.5436301004307,19.3144025440924,30.5067806189963,60.0065241977195,28.3316511779243,19.567188444994,27.4827718965969,49.0167278475182
86.5300049283449,110.956715309308,31.3164482934643,20.3208833552944,29.2217553153752,58.9620486161203,29.7414037898915,20.5618499988462,28.4005056962902,47.2406525319737
86.7998451139635,109.058599794479,30.0614191358126,19.9339183030289,28.318386146357,62.7043598929884,28.5615104577369,20.4307098183169,30.3550362813725,45.93590730771
86.2387716416684,110.240249601228,32.3028215096137,20.906135500521,29.0628845954103,62.6176252841736,28.5806042795745,20.7033256076685,30.1342046621651,48.2519810098803
88.0977372546482,108.491317361018,31.0359876087387,21.9067374370703,29.4789277844378,64.4550187661559,29.6538487333775,20.3726455112604,29.1671574541437,45.8594010624649
85.599451568401,111.215346588444,32.3070315415535,21.8242030311605,28.7267414466412,60.8963554988701,27.7457927274446,20.1104408627072,29.15709490234,47.0970006176579
84.9293881047421,111.771107262568,32.8157319734446,20.8293523404963,29.2124404959311,59.8168693757372,28.0706662076837,19.1502547767705,31.5691346640465,44.9705176906389
89.2145090199207,113.384745838764,32.0690575949361,21.7218399990315,30.405448903441,61.3186971442747,27.8638309447043,21.1076234091049,29.1613071900281,45.6934121602085
84.2907037685032,113.072631076146,31.5170525993584,20.4675391215241,31.1421574786298,64.9361887954303,30.0685579365404,20.1484811366818,27.3759387883234,43.4383547250448
87.9324726392871,113.984220805441,32.0565831938836,21.4954587212918,32.3991706026297,63.0126399732162,28.8962476614464,19.6479160280394,27.9136567071094,43.0443259116837
89.001791534514,112.782222553496,31.1945643479245,21.195678505344,32.8400081128515,59.5800881613715,28.5094565706203,19.7762738485865,29.055502841552,47.6623565148566
89.1051953142691,110.381714315351,31.4401325101702,22.2530742129552,29.940378764589,61.758998581511,29.5096897959123,20.0028944978962,27.9017906100949,43.2575269553655
88.1326094121637,112.422537655439,30.9575543175828,21.3072101237654,28.6600254044589,58.9160244275086,29.6006406982191,18.7130385221696,31.546982347974,46.5784647945089
89.7477019018483,112.043699892637,31.0764321985688,18.9011394162917,29.4150016078175,62.3948318082339,28.5727517962337,19.9887900994456,29.9610388854583,43.7211957562123
89.180329733849,112.928366870531,32.8643544909559,20.4859613105439,31.5524566482592,60.9361856361339,28.9272853197476,21.5283832350128,31.3248941326453,50.0930638941021
90.0852264086295,111.997146095001,32.825627534723,20.4139630405225,32.8372395781306,64.6506645730897,28.720157570435,19.7842829644748,31.0745131830566,46.0166059050373
88.1970041927373,116.205361016527,31.197734841899,21.507855670715,31.3415199159394,59.7753422397249,27.9415223661874,19.6389050577163,28.3954064318522,44.7095747502547
87.7093154438052,110.851129274837,30.272193643655,21.4949718332515,33.2369546865956,58.9520027688175,28.8855502221299,20.7425672991905,28.544827182083,43.8045829398382
85.2068422371325,110.481840224164,31.198004997993,19.4107117594656,28.1727780684421,61.9547235058676,27.7143199071718,20.0499485831205,28.4574327944302,48.0496941419403
87.6309948137237,110.290949808473,33.0288652335866,20.8765805409319,33.6461764446616,58.4219378563827,28.5992485497607,19.1909394174007,29.4160412825372,46.4535742411084
85.3533015308856,113.72361653712,29.9630733336983,21.9248905621015,30.624527449246,58.2275483761938,27.2746260409706,21.6255844229007,30.7353111688053,48.5129006543874
86.843484705043,109.565632122985,30.542551410706,21.2073594338192,29.5511686302795,59.7514733283627,28.4615182841961,19.8135408643637,30.9496926383702,44.8336874936023
88.6918008003571,111.497955502708,30.4435244641028,20.8220098176099,31.5949623327276,60.224712543869,28.9051956052227,20.9181187738646,31.4445802483455,43.1835480735848
87.6454273984443,110.634015561198,31.59530616326,22.0634321110937,28.3067652635289,60.5824645341634,28.7089143581461,21.7805506535238,28.4050771251177,47.9708960030644
86.3908485715775,113.030819710226,31.0527573221058,21.4547054920636,32.1015080840174,61.9971424709753,28.1832395706875,20.3518156535559,31.8838713033419,46.3935767890812
88.130571927869,112.059207558525,32.1010236956511,19.827031892607,28.3378372717237,60.6816842968812,30.2747131223047,20.3991760660016,26.559173391307,48.0129025609519
91.9748058378096,111.149534813182,33.4369022424674,20.123216139102,29.6554827698712,57.2051635017932,29.7578320091234,20.8827113625739,31.3400490922087,47.1732126012866
90.3538371504986,114.723908768186,32.130231061758,21.9190768041701,31.8666103821056,60.773101435069,29.6715720071583,21.7718062492266,30.1337267722926,43.7221977451669
85.8258942786895,111.300406091186,31.0781577009335,20.730190027897,31.5307684679736,58.3488440781752,29.0156591148079,21.068370700132,29.8909204275416,46.9453804451921
85.9923730338263,109.715145414357,34.3123855032465,21.2216145980624,29.1018608707617,61.3041704541785,30.3962732632174,21.1491640662716,26.8975507146864,54.6550476317086
86.9603272181259,110.561087507094,31.7844080794835,20.1466909578467,30.4804776546536,60.8677651410113,28.6251872064108,19.9601570084924,30.4191171217511,43.9142786554753
84.7697706664979,110.448067273929,31.1118136052287,21.6774333145851,33.8052429739229,60.174485854277,28.5418817042534,21.0132244664729,32.1730455148846,42.7692040901787
85.5306316890557,110.697617713585,33.0920386231796,21.8606011705679,30.5945976404572,58.5593073098399,28.5863230944689,19.7016538313566,27.534099338623,45.2019574185417
82.7167935363425,111.02605774813,30.555943817542,21.6467206396706,31.3187763915103,60.8707868880484,28.2934233872718,20.1658337310446,31.060804795581,43.8825689253196
88.5182593437522,113.059329506382,32.6751710092033,21.7624527473938,32.0418389167136,61.6107155279444,29.0494948015684,21.3541575960737,29.6068009553415,47.1971607149716
88.0367314377919,115.04597544179,31.6579065604633,19.7695520547109,29.3060287141728,63.3925698038793,28.6312042812141,20.1842701147128,29.5359471504811,50.4365700221081
86.9020031580169,110.855352544418,30.9217065890737,20.9215360838397,32.7678154675318,65.386654689281,28.5603315295809,21.5373525615894,28.9313888815505,46.678638724288
87.9009909550358,107.249431513216,32.1014014725693,22.052486758823,31.1298556583967,55.8537926970701,30.1480580804924,21.2125851842721,30.2726978439812,44.035973399792
86.6634531847776,108.385609222793,30.6872796279757,21.1181006419798,32.4353881104948,59.8309635651511,28.8949389509843,21.1079837047402,29.7665022234214,49.1530444575634
88.0167971310564,108.730666627593,30.2707225244207,20.8140613286159,31.4181503648634,58.047715933148,28.8428214729128,20.9326645836267,30.7132538495568,45.8231140705434
84.7084863120259,114.243699338867,32.3945750072552,22.5128380650622,30.3520451613589,59.2313748792834,28.9139093537906,21.8399900003907,29.3370901495887,45.4960431946712
88.4152585098604,112.061451314967,31.4179211601132,22.5195285647462,30.7096361420435,61.9237446768535,28.8436278788891,19.6575182414035,29.5631964225263,49.3272445257963
87.3527235064053,112.242651026563,32.0828705127546,20.1018752106311,30.2005386630623,62.8900152828031,28.2856963078159,21.5212532922883,30.3690875249089,46.7582311407244
86.9136508181005,111.100145611375,31.5383180616735,21.921450604485,29.4844173671153,65.1076434714164,28.53851900393,20.1334439882313,28.2647491488676,47.3210737949175
89.5562574128586,114.682174160871,31.6945090293863,20.8275170608153,32.7833035425152,62.7172242490924,29.5908574586526,20.2796019689807,29.8567586455733,46.3221038069537
91.3798882173069,109.14489573572,30.0882497973005,21.068200648111,29.7948193385456,58.1720925181307,28.106035064118,20.8107756219089,27.3909592153022,44.333791709053
87.0179354461812,111.873939685182,31.8134456067851,21.9326149788669,31.5001124258038,60.0769784520933,28.3564863856889,20.357501713666,29.6523359695079,42.7385651110801
87.6989388830333,109.595118327243,32.1218228571465,20.1355296045901,29.0132703737091,60.1054921080012,29.5615797422593,20.6750618313633,29.4343944815947,44.618267778547
88.8528114430992,111.072976696429,30.8087502557081,21.281868057311,32.2456806772412,61.7712760447618,30.369589526096,21.2434340760485,30.5923382302875,51.4044231198565
84.6826080356753,111.136902754032,30.8052728951553,20.9601533554023,29.6729279770858,62.3214414273029,30.0246181130574,20.5308134906338,30.4277775894639,48.5586267785794
87.8304413060112,109.147457777321,31.8439458784655,19.3711905470036,30.326715425373,58.372212081504,26.0898756569078,20.1256695094341,31.0629101987059,45.0095141776393
88.5037809220543,112.224288393724,31.1067413844504,22.2037394812259,33.3692662376318,60.6547026811467,27.3097728501773,18.9536602604031,29.2735520077428,45.304883684556
89.1217012204631,109.014237007194,31.830274806449,21.2726697069851,29.8443553933871,61.9325585743386,29.2246320595423,19.609423553171,30.5935851552274,49.0040326958453
90.4738348151038,112.975536851513,31.4159642799247,21.0214399149522,30.2772402001781,60.4412612590879,29.1815254964613,20.3687646112844,29.5974554262074,47.4443041671772
87.3343630915553,113.113511501179,31.7855750866976,19.1930827519598,29.8073482753464,60.1521886433414,28.9362970884384,20.6568304863948,27.6784334959655,49.1111147171589
88.4535350743471,111.050363314935,31.4010087793156,20.6257480472057,30.4433528996029,61.3873094156111,28.2868781168449,21.1544618992789,29.2246041443193,44.0401886592504
86.6766797803162,109.299818866905,31.1987488262313,20.0327751781306,31.1677069561127,62.1590883723666,28.9917986197166,20.4384874330573,31.0425335485867,49.9550713089101
85.8620486333035,113.697535727048,32.4524455698864,20.7300056137981,31.5822535233555,60.8440671361685,30.0398081087524,19.1875041177101,29.1668885332086,47.6542512061571
87.0375032011619,113.440459998996,32.2437279594555,20.1696232385744,29.0738270525967,62.3041752129889,29.0811675806573,21.1010371142076,29.4622286155655,47.2705825134725
87.8469686766831,113.270203538846,31.9493568909516,19.907412906481,30.147497828319,61.7515119267024,28.369090116248,20.1961708280581,28.4047660539818,44.6882871354434
87.9605273790554,110.138580164593,31.5385172632241,20.2039068026106,30.8808913737378,62.7594268114112,27.8423366520215,21.6897753999088,31.1364632459495,44.5045688741841
88.5126321139201,114.644958861246,31.6839169921046,18.9391288290056,33.2016399695735,58.909234419759,28.9272793296281,20.4480371973516,27.2045259107779,45.0784955698266
85.4609937257415,108.91267104195,31.9649845368453,21.293965529161,29.695456980677,64.9750277965363,29.7934672462615,19.8461587355037,29.5473245896279,46.8127940399617
87.3370484087174,113.093268104918,30.3051167082357,21.0924588958988,28.2812273826489,61.6472196109248,29.4309548674028,19.452931479779,28.764325681064,46.698215795914
89.1476030845698,111.489017313951,32.3644660668869,19.6216691782535,31.8821129843737,60.1744040163445,28.8930469407158,19.575615401359,29.4978439397386,48.1721309798901
88.166670631012,111.763493346147,31.7331388499707,22.1407826746245,28.7718053130392,63.8688680957834,27.8159885220092,19.0298978481451,29.5384213477147,47.764549592091
86.1336648306225,108.539098728508,31.8016536416493,21.0639913463284,32.0187196609055,63.0018719735535,28.9007719661994,20.8892156826268,29.8288108886907,46.4314565007967
85.2014869496563,114.999395520926,31.9682005887395,20.4911439234655,30.862046181165,61.9400011222749,28.1976957128664,19.897856254082,28.1513838066627,48.9232572597128
86.6104217390895,110.116409151116,32.4591611809729,21.3867846282486,29.7916222032519,65.0120969410753,29.3640739320838,19.3620253310329,30.3323255936223,43.668695612959
84.474976665424,107.780882130523,31.8904003596096,22.4175920524687,29.8626953994022,60.0569060289726,29.2029669892269,21.7626737467344,28.074064058248,46.3884999781443
85.3031818019897,111.074164782159,31.9114076511775,20.9472288650938,28.2600129141412,58.8357838240329,29.1460372384096,20.2675004214412,28.8985556114238,49.6869543784933
85.1565345059183,111.852995847874,31.4226476151374,20.7729699180964,28.4761979803935,61.1632624190632,29.2155576570899,19.7026383111998,29.648192556116,50.6026581446645
87.3865381577321,109.718917126574,31.6156057803583,20.3869982378671,28.8985892625067,61.2589611068728,28.4328047887722,19.9908107836155,26.3787617125968,46.0813153296471
86.0193510497574,106.523317385578,30.7893513366131,20.1486439190453,31.3995978875053,63.447701204536,27.5376481702776,22.2218235774137,29.0308025463966,49.3733566164495
86.2664489059679,112.782467105554,32.5891241800161,20.6496101896558,31.5738936330409,60.6778091637324,29.3138532531066,18.5216977658427,30.8021624141732,46.934764381484
87.2692478855905,110.33024135582,32.8346475862897,20.3807384672206,28.5860749482476,65.796378800279,29.486000741028,20.435514327376,26.9726863419431,48.5439594092702
88.6558205179024,109.450079238148,31.2397054167481,20.9964160929235,29.2238373841704,61.4089327245128,27.7085436023789,20.092672340781,26.7876681800217,46.6109349764644
86.4726357267579,111.572148984697,31.2437400114271,21.1592575257316,31.1961794696857,60.558136467839,29.4260993721315,20.190312790986,28.8181124528376,47.0042769613769
87.2137561015082,111.598974484806,30.7723352129698,20.5122937369555,30.7385873842006,61.8098546670642,27.7453630210992,19.8335624591403,31.1765306786223,48.7378574191409
87.2335423482389,108.964149661761,31.2623136113739,20.4942473288605,31.5802511254582,62.4150271625683,27.7389848673399,21.2265709147302,28.8766556160474,44.9562460155332
88.3594184275366,109.22983270292,30.6633140962894,21.7381038013997,33.5048222381494,59.3071330289696,27.7823748772938,20.7365876113685,29.1242755042098,46.2939359195963
86.5948034401155,110.607352461449,30.1660755785569,21.6840349356887,27.9671211741594,60.7266932042579,29.3183635128243,21.0044047556582,29.3761034980898,47.0124736464955
92.9254571673405,114.143821609196,31.5879661304985,20.1826597197652,31.4359356587964,60.1167906914214,29.8611519307134,20.2041234727379,32.0055770803681,49.6390708908089
87.9130547897478,109.421271897173,31.1306488236569,20.4864391782491,31.6456502311125,61.8181069417916,29.3568770795754,19.8481788988541,27.7798283555097,44.8807942550664
90.2366042221897,111.616995522792,29.6816280424202,22.3580043018274,34.2830450261235,57.9737844867789,29.529478721667,19.7467553942742,28.4903500913576,46.61680533938
91.4851532042579,114.347949968803,30.8545430538922,20.9933641011308,27.799472880369,62.2817329698828,29.3651878673147,21.7115463304933,29.2356109481984,45.1230858218198
89.0873156389767,113.730499820225,32.2443444058057,19.7481244178755,31.671088998524,62.5538463694439,29.3216818043582,19.1494977380881,29.3160932607256,45.0158844583109
88.4357828126239,111.00947107397,32.0190209404859,21.0897456310179,30.9873569271683,63.2596585321032,29.0803810825591,20.1139404469378,29.3959888573622,46.6415481092173
87.3886029267787,110.807556836543,31.4875869508487,19.8855194795924,29.852858874316,61.3904908608157,26.9080805135892,18.6510545418727,28.8006870378038,44.792406767224
85.1308470162715,109.796651081846,31.2784049899023,22.0106322047075,31.0712585043948,59.4840125591064,30.1537968785594,20.5268712292915,29.6449004551039,43.1500438799171
87.9403396381658,113.885989190974,32.4608364586768,19.7110276311851,28.5700762470152,62.403071506754,29.8548846488351,20.9500670121413,31.0433115689518,48.3543844743422
85.1965794979998,112.040504621636,31.4479579834692,21.4562815760961,32.4097730007549,60.6440828885139,27.6694001743958,21.0409594740395,31.3896618595046,45.5039880989614
84.451267473313,110.580807757024,32.2046107816304,22.6886499716527,31.5432704359845,62.4023317770729,30.3668007494839,21.6627946380293,29.5589390435325,48.8436181825995
90.7302321283982,109.314307598646,31.6413785919548,21.2659570882581,31.0192247634612,63.6314509353736,28.5180074528955,19.7500307155357,29.1218036161673,45.1429585458223
86.4860470602103,110.357844075493,30.2990589244058,19.8895497352394,28.4528670129821,60.5795110035471,28.3433294473349,20.2164989521264,26.1943099363522,47.7623791152128
88.5530560500769,108.599472066268,30.8530029546006,21.8972517349634,32.0766120033345,62.354285344293,28.849213688457,19.0491417324725,27.1956161397728,46.3065465583133
85.7618038105716,109.693406040947,33.4796013800014,20.7189986783258,29.2762521812529,58.7500390651401,28.213536281559,20.6320137465909,28.0255878551253,44.9556378256296
86.4872269926902,111.187380981105,32.6213853164602,20.6778443644417,30.745938030666,58.840862663605,29.1418482723418,21.895165192862,28.4556474038729,45.1223246651779
84.3798499796095,113.958088983686,31.5715414241535,21.5761537928992,29.9192617929626,61.8715915806753,27.8224546075914,19.14974913779,30.7822625666686,50.1615207020134
86.5999296822625,105.575439171601,32.3560522703923,21.3014296986606,28.6449038964777,60.7435612516341,30.1199438458416,18.6382776636271,27.6151550049872,44.2973661460503
87.1506181437768,114.176911726436,31.2128594724692,20.4758811588194,32.2591807398035,60.244982462614,28.8385880244747,20.8779405447816,30.0663447474251,43.3471463567217
88.9153803837405,109.278325161683,32.4997126818091,20.6743641321062,31.5846467759597,58.9324619371108,28.4633676097006,19.548672938108,27.8712142686575,49.3193247608163
89.2836055600947,113.099912988547,33.8622956763982,20.4279441626116,34.1117479597897,59.9731398184806,30.1602301223765,18.7134793924155,30.3506621380985,46.97526300081
88.5516746389073,111.085319323992,30.4515996573092,21.1032337100206,31.2868791333842,59.3854118512341,27.7328409220239,22.0028734839556,29.5636020196891,45.4957912271454
86.5549531345901,108.137953691375,32.8757909913651,22.1151639587268,28.8702661196363,59.358363802777,29.3324973183642,19.7209256750652,29.095794837442,49.2450756578759
85.8304898747819,114.08281187966,31.5839356616006,20.7107452130701,31.9957111644145,60.5894205289175,28.7759962857842,21.9161986700282,29.9960206637526,44.4220471310235
88.4436389675832,115.526332359423,31.6270742259613,20.4534430591277,29.1677932611349,59.464057801401,29.7548195462085,21.1208484627435,30.444113162071,45.3967257028799
87.7524197690535,110.582781983562,30.6985908224429,20.0157120117404,30.9837543803781,56.4562762768223,28.1676929112253,20.1714510170391,28.2623237842122,45.436051368514
87.9900877912033,109.821777815585,31.0241963737978,20.7948538758861,30.7250917034373,60.4252601622427,28.4366211488754,19.8618668633072,29.2288254420654,49.0560945741994
83.9663204090277,112.893645005325,30.9416404901527,19.4539085481322,29.7907371547386,59.5098479759366,27.8241552953235,20.3696857637009,32.2877699305863,48.943941426132
86.2924039161647,114.301960543328,31.6255430469683,20.8314202594969,28.3897863877843,60.2055645388803,28.2589684261354,19.65911490913,29.5180047875304,48.2648009855232
88.7549009559267,110.32293134168,32.3740377516423,21.7736492781387,32.4069544363665,58.1849912603863,28.588539780309,20.3134578099589,30.2868105424956,42.9277674888
87.4858090012003,112.280872303258,30.8975365342704,21.1531573117526,31.5247406481454,58.4086331225457,28.6515275649342,21.1593258892861,29.5116245363226,46.9366988451485
87.9172555816357,108.893785973741,31.3702638338616,21.4208476152327,31.5964447987465,59.1831594326365,28.7099373098636,20.7342510198553,29.7593449545582,48.4219934860542
88.3494516985776,114.892629512535,32.0446537995269,20.6047516217491,30.7971247932855,61.7437641041122,29.3203672375068,20.5369667494871,30.2199933518144,48.0466519168393
88.4935667523589,113.747855463387,30.5918016293836,21.3539161930814,29.5128372787343,60.9341917544997,28.4142344967509,20.4456532243819,30.2191763687488,49.0518515929156
89.669838597921,108.60852139031,31.5158598169734,20.7857332387222,29.2820515583831,58.4717204279757,28.1037717078841,20.2382900631454,29.8133329110125,43.876865099593
87.6398225361096,111.107374678932,32.4786716595152,19.3453267083311,30.311622266325,58.9324390378107,29.6616394928754,20.3461675615341,29.0761091839745,47.3767619540566
88.0934907213818,111.614136731434,31.1708446613981,20.2289839476765,28.7958836034259,57.1024387020801,27.9768171765138,19.7006500756949,28.679864103951,47.3033751856906
91.0679344959002,108.020466677174,31.0982557019582,19.7766732798162,31.4499961211704,64.4973786462222,27.3155144504155,21.6201352218146,28.2665641470551,46.169845732443
85.8107217365236,114.222571500945,33.6067931511422,21.2392824100718,30.2690224538866,67.9048183844497,28.0872736719909,20.0551087698236,31.327299587141,49.2842474885635
88.3135999865322,110.190505460254,31.0797898097324,20.4874501529069,31.9139918373256,62.3092554230442,28.377396082823,21.35050010023,33.077890018542,47.4396566110585
88.8389897051458,109.690177189641,32.1555363329712,20.2736024205317,30.9003731283491,60.1286800063818,29.0142803434984,21.7585694046626,28.7720993396941,45.2461754360712
89.7130600412215,111.47661319286,32.2735475939006,20.5740376924322,29.8614562469701,65.4740252046326,28.8195289668374,22.1150520418735,29.7431497310077,45.9414423605422
86.62390162464,109.424701197741,31.8643483334575,20.6310968265758,30.1540649466165,52.4293028265891,29.8051771522186,20.2244656071948,30.0358763630196,45.6284074259274
86.4793286526035,111.475993169345,31.7060213064468,20.6590038333656,29.9407320403232,58.7568068514547,27.3180431071536,19.456866204964,30.3582677144442,50.8304714891115
85.9267847164572,109.055479889657,32.5037310868783,20.2707272475386,28.6056108699003,59.3770228819248,28.9684734531081,19.2432052180827,28.3292038248513,47.1685655096606
87.4260281033289,114.123042881436,33.3475686886461,21.4144998878979,31.4299768409167,58.6398448106571,31.3449493045977,20.5491543242937,28.611863809768,50.776487462136
89.9019752724484,112.445109194339,32.0211571070219,20.3331150568367,28.9959464516184,61.1937669944715,30.0750816496279,21.1108943445146,29.5090730824867,47.0913839265886
85.6199057531527,110.974730686302,31.1912586481364,20.5109904113234,30.2762087291559,57.300299914147,28.1681247785249,20.6685150775998,27.4512379997357,47.6356510340563
88.103807743165,111.682199432267,30.9554257564094,20.0539331293508,31.8900089473619,56.7723097882495,28.1689078557876,20.5335510651925,28.9695388155643,47.4652436692272
84.8865896742158,111.397498492042,32.5078994017043,21.5918988616064,30.8758222998238,62.1107729332826,28.0480842884404,20.8834989863975,28.2755977485326,46.0632046374298
87.9707722010773,111.540707502626,32.1902171236893,20.8006762191397,33.3519907948263,56.6160401640768,29.2658472145402,20.7440059764232,29.3797101647485,44.0264602175547
90.6822630269338,111.948492032447,34.5288471727883,20.047416550363,32.5056415096618,58.4557560910723,28.1013771725855,21.0921391907969,31.6174388199946,45.269833962543
86.5034545772011,111.979084905456,31.9856367828618,21.8054957097045,31.6938260439354,65.2855255375154,26.7538684744361,20.4997324968295,30.2324953993234,44.3583966670417
87.5231019938857,107.034346625932,30.2647892110864,21.4955550358993,30.4720565300274,60.0629420742884,28.9582754705317,22.5380218866187,29.4937001032271,47.8225152756573
86.9192974209339,109.360406108296,31.5918300451159,19.9144453405286,29.8614302293717,65.3667784283943,29.0924710340664,22.2821558887252,27.874542158682,43.5073860299221
89.238550460396,108.769491218078,32.082421351129,19.9823195579195,29.9101186353374,60.7437767663909,28.7359080842763,20.8601836325355,29.8225529503816,46.256983230372
90.4787471101058,111.611830519484,31.5189831615232,20.2943855534474,31.6935570536519,57.6781645926826,29.5322783733621,21.2477902219971,29.2867162442999,45.0907937577206
89.517009845592,112.997139439049,30.7934996072554,21.5656335922712,29.0753680120591,62.2488580501989,27.2112397261648,21.6814842973041,29.3595230174696,46.980247908754
89.6123564367803,110.775807361005,31.3539211210145,21.8401682444572,28.8513474795495,56.2316166181111,28.8318304321795,21.7090204338539,25.7200117043118,45.8490779606737
86.5924101384237,110.04519213735,31.9755221278986,21.3927224300791,33.9683207967444,62.2131670069216,28.125668205327,18.7398446385258,30.2829980795019,43.9330053839165
87.8695113818149,112.273082927353,31.3639635454077,19.3378461784633,30.7253918708903,64.3287778798121,29.045317261153,19.8417877686758,31.235936089524,45.7427214855561
90.0835342992559,110.697919417451,29.1834712485407,21.0727204926522,32.4023311894906,56.0810308931343,30.2933018494219,20.7019982233725,28.8125411398529,49.6469054981586
86.0355325064139,106.891279566811,31.7674083220796,21.2070336012692,30.2740846306863,57.7025783966389,28.4603238428451,20.2616099833254,29.5054886198951,49.781584833707
89.4353134858672,113.326095691789,31.0046654226875,19.9149803661648,32.1034966260718,63.6590684855427,29.396864004979,20.3911231098595,29.245580675784,47.4127414379742
85.9118722114506,111.271144555721,31.9831136309369,22.2140572727368,27.6008025959651,58.1014010513689,28.5384484729344,20.133008033256,31.0130611642355,43.5051945945327
88.677441092261,110.938952348237,32.1721403045054,21.0077467270762,30.189372752416,58.6019895426546,29.2970647585386,19.97454761362,30.6553038994242,47.1715341184083
86.1521357836866,109.566724008418,32.2138403625841,21.4571402300541,31.0155600873352,56.7625862734685,30.4427981298622,22.1834945176511,28.6174961390958,46.8899320867152
85.5756159061562,112.442772115065,32.4747464408019,21.682979546751,30.9323469005164,59.7584212852484,29.2871840445015,19.615967714747,28.4083841660561,46.4271750936068
86.7793226150134,112.261509854559,32.3335393566834,21.585778417678,29.8414170340663,57.3897098543883,27.9904429539275,21.3573965286818,29.401829599654,48.1168992891056
89.467133663775,110.791962853557,30.8597859089601,20.0340403980157,31.4259685884888,60.7929173733976,28.629352633339,19.8060605349988,29.0104847842372,50.0209163982751
89.3580742203011,107.337285924006,32.610478793831,21.5599318303362,33.4845521859316,58.1545255344698,29.3222019487683,19.5977507578705,30.2897842729266,47.9422511891448
87.5402875595321,106.185877235894,31.5492330751901,21.1680100355625,26.3458586836873,62.394805164823,28.1900224254809,18.9391817429958,30.176105740304,45.8795756993294
88.9887371758794,108.065295803081,31.2857282429326,19.5776688371782,29.0496596860546,59.7152344245564,29.1121898412272,19.2005666307319,29.0931960965642,48.9624985631361
85.3244946263398,108.881767825162,31.4392621522185,21.2740019116018,31.5996049303881,63.8115731046482,28.1899854206622,20.6422967382139,31.6631550214427,45.4221305706339
88.3646220777248,112.037147824014,32.6406377538222,20.394122345709,31.7941449057337,58.9406702218197,28.4253881420505,19.758781435779,26.9763879932949,47.0609550838761
88.9693407298135,112.726117775427,30.8516338925164,21.1654898455101,31.1058722136945,61.1924244984002,27.3438603328977,19.5527915310283,31.6880849712156,44.2351702088861
88.2290109952181,113.774653941967,30.778789394324,20.6245534785618,32.3665135451145,61.9550032786734,29.7986268003897,20.0538716434433,29.705742621469,49.2747489972824
89.2512486919984,111.266497413391,32.1564075564623,20.8145139930773,29.7345684175108,61.2785609182568,28.8804767963995,19.6406491758013,31.5931700737943,44.4755825203298
83.5695125546589,112.694978477821,32.9932896800916,20.7265397815646,31.1428316938623,58.4158533362492,27.9174823344394,20.5859588577915,29.4725747987396,53.6857110263592
87.0009310153037,112.188603603135,30.8599951287287,21.1547256890002,32.4543663259022,60.4189815504894,27.8087804094683,19.0907515320341,30.4767195468578,45.2662221745363
87.136301424181,112.278731144153,31.3726302967444,19.368911048685,29.009683892974,62.701366049293,29.314438346067,21.6405318568612,28.1725108409838,47.8545367207511
87.9342658612056,111.947414699756,32.7709520351605,19.8719613163407,29.413833827101,59.3595046628843,27.1122139908726,19.5659359171458,29.4305041635497,46.0077373659986
87.3985037648469,109.457882909493,32.7815009950935,21.6386103879303,27.62833777884,59.5024455755457,29.9046245007151,20.2379926195791,27.2168516272748,47.6494780374582
86.7692608063142,114.382177111244,33.1814165849314,21.3302560557155,32.2091168504828,60.9607698027776,29.0849712846917,19.7841628453549,26.8747115513917,47.8879499241403
85.6061876510021,114.85577102274,31.0869029842975,21.2742878504139,30.9916140460032,57.3170871375214,29.1592688758889,20.1171849914412,29.86150987757,45.3027785356729
86.0151505757479,112.447641436774,32.1878115984338,20.6295287088331,31.1776165937946,61.916726746977,27.0848406174251,20.9708507118485,29.0441614372063,44.4449505541
90.069835201001,111.673246943044,31.4295725868597,21.5223424611826,30.976496760884,61.128895926295,29.5997538460702,20.3911071663516,28.6090125496994,51.6489012728779
88.0170963591096,107.37365893349,31.1764237743464,19.9797511166934,30.5739673389928,64.3578114445796,28.3035699692515,20.8036465151269,31.4003484453701,46.7166503792947
86.8038328753688,110.115616121303,30.9004959379245,20.5226913191643,29.9730893712988,60.1801859079318,29.7472053417916,22.8486539457774,28.4628855803566,47.5210003536488
89.9557242133549,108.726796609814,30.5911220920369,21.622263428095,31.0139555365212,64.0158248498043,28.7906431682778,21.8903499159889,28.7647987524602,49.5084480253699
86.0466762262376,109.669653588659,31.5835788757872,20.0877069315871,31.1883090931094,62.4668208103986,28.1309617652923,21.1049273539043,29.3423467738286,46.0006097628708
87.3654570443465,113.143111728309,30.3297900616501,22.5859019760279,30.950608963053,63.2570601339869,28.6479512294464,21.4778361672288,30.928221916753,45.6808206194225
89.7523849838592,109.819736711368,31.4794544120096,22.3781819895653,30.8095417792702,58.8796646745544,28.414485224977,20.0830054123996,29.9427402270635,48.1830847170557
87.9559557098024,108.557145924555,30.5924328622699,20.378680924571,32.0822984286832,60.5370233686874,30.1274368481978,20.4112384676749,27.6563467550868,45.6994992121865
89.3000812542017,113.868139890379,32.4832032385113,22.5341156392636,32.6895338615602,57.8009772848109,29.5669686539422,20.9780748867949,26.9835156750081,41.4364926570341
90.9543792193137,109.518839174926,30.3912899853429,20.0670027903302,31.2260001339055,61.974300074811,28.4966496724792,19.979319471472,30.6675414708187,47.2857801242986
89.3183261019468,111.226082458727,31.1904418239675,21.9136738584268,30.0893186753807,58.0388105818825,29.226538147646,20.8338699664727,27.3382539183992,46.2939810507243
86.1351273585787,110.351044308624,30.4885501204534,20.9375186015356,31.6266580076543,61.0072213978844,29.9595586290764,20.7926997550679,30.0042224217243,45.1212189946976
87.3735417235464,112.2433690913,31.3488360565158,19.0352637630665,29.7474349130461,56.6129732063388,28.1891352832605,20.451019170872,27.1281421599504,43.6859993844669
84.9136446817713,109.912277168342,32.8799632103562,20.1869234216377,30.9610244321315,57.90235826617,29.5510397901766,19.3067920073464,29.2789334661523,44.7039729741918
87.5527155194367,109.012462016805,33.2614279695998,21.4687894920057,32.0951496113772,58.3574661507117,28.9489397714004,21.3401808141818,30.8732471593502,47.1168582586231
84.7591866220584,110.241276565478,31.5783954858972,19.6921848849277,31.3717912675436,60.3570545594463,27.9661983558938,20.6033148362773,28.9772670157142,48.4031920809407
87.8212967776308,113.349267405255,31.9147645856895,20.6754678511305,32.2185940220129,58.2360076123439,28.0570320879806,21.5593566771852,31.1377749152542,46.7492789689293
87.3004410052608,112.424606490099,33.0360808276788,21.3263467134843,32.1302236086778,58.6391799372881,28.1992101682521,20.3138546695138,27.7037626802735,44.7514500211149
88.4115309063125,112.339793118591,31.160562473016,20.5308010973823,30.3690757253869,62.6503856273991,28.8255885920391,20.1481425069344,29.5246310910449,50.3996182122889
84.645141553654,111.470179417269,31.4533991037083,20.1563630592929,29.0054434439324,66.9770242154171,27.5920423738903,21.0824351749844,31.3414766393415,46.8332501356002
85.1466050979873,110.834395169252,32.5750810618433,21.0561476968219,30.0736976679813,61.6064373288045,28.3272961369273,20.8931183993073,27.1871775041389,46.4063944369605
90.3187198784307,111.855489469368,30.7535711897537,22.1649910144816,30.6747267542493,58.4468662068287,28.8044220287506,19.7527576730471,29.7918380809649,48.6549852611613
88.3943294417469,111.783095892486,31.5046366815087,20.895372678589,33.8652901280546,63.8289658029689,28.0220179613747,20.3252002170385,30.1336498794913,52.0887313308824
87.4039016960977,113.63653281917,31.8565770388597,20.7971298308989,28.0294425827385,63.5450586616249,28.7323118735711,20.4224403653355,29.5546607790803,46.0348747379218
89.1423225660138,110.352368404312,31.5515181887796,21.0372912579349,31.9011014846513,59.881782424862,29.0199188992625,19.7169454385339,29.8400431405171,43.9390367721328
92.7708442298727,109.544055326162,31.2575431717285,20.6492001435818,30.2754522838941,59.9332780029289,27.9248844531056,20.5221008788998,28.208946330918,44.6107038601434
85.8476988505037,109.823227002391,30.9277314682048,20.9085827278393,29.8269068236088,58.0555665449706,28.9756799738435,19.8988186019065,30.0571189375721,45.7990372493907
90.2557751883459,107.672353467438,32.0099571132717,21.318059785378,29.8236690410158,57.3556492128887,28.7488789120713,20.5865573626388,31.2835712295072,47.6406366200119
91.0105733263425,110.732536385076,32.4417776021013,20.0734461646571,30.2624330081237,62.608820772905,28.8008072188589,22.6389594484688,29.5825901055263,47.5354706862106
88.3677948704041,108.970474669569,29.5244968956509,22.1242832695828,31.6430056641396,65.0899870793119,28.4207965235246,20.2816431067723,29.038885081079,42.3617164511743
86.5649621252797,109.617497600076,32.2281281745681,19.4912772610827,30.4578078050114,59.4652617187999,29.1273804220836,20.3136835990134,27.9651614000451,46.2184011751301
85.2979426206176,110.673075747604,30.5209959099078,20.4151968768675,27.4312809418041,64.4521445664422,27.5492620071041,22.0171239412504,28.0060805275136,45.0175377352922
86.7554100017733,113.640623920866,31.3369199298083,19.3054103607727,32.3613904131769,61.9791325342384,29.6287665224742,20.5441803993557,31.0764725054053,45.7865184174756
84.9946018146179,109.908900903907,32.4441658566136,19.5179479196978,30.8016915409167,59.3444874774389,27.9730803820034,20.4764006010377,28.7971852874511,48.2212921287828
86.7062969025602,111.011737420631,29.9654955160056,20.8650776121213,31.4328061070943,61.0593326468512,28.5729983471614,20.1309788997417,28.2755980512416,47.086733056603
92.3142410913477,110.31522687611,30.5483365426787,19.4781304971012,31.3344714315439,58.2335014934226,28.898051733928,21.0226869398615,31.1660996876448,48.3114641058288
86.6074817011371,110.465590677291,31.2063165750564,21.3370737623502,29.9387147603065,62.357354096328,28.3258263605537,20.2814613084849,29.1164616553919,47.5730039514329
87.5649028838641,110.445913455487,31.0429579991395,21.6835771211161,30.5449518357073,65.8452223547509,28.3360428293674,19.8988803063771,29.2010944163556,46.2235550357385
88.7782691954079,111.321309732772,32.5869850238782,21.2482148505832,31.2618706970144,59.1668704077382,27.5068328225141,21.743571025202,29.1041701240714,44.1167055527855
88.2566173548799,114.244964446925,29.7126008433668,21.4385919025082,27.1604847564097,62.352332138205,28.2059883482766,20.650700484886,30.3341699244614,48.3257563932898
86.9603462500876,110.271980809796,28.8604804431385,19.0604112879064,30.2591094299998,64.7786344809159,27.8886376493209,20.7641659015901,28.9560935084668,49.5913102505856
88.66770704764,110.264824198898,32.242084930525,20.6899149500657,27.2807578399763,61.5723230090171,29.128297018237,19.0426376359309,30.4156507634697,44.3588502857987
88.5444640131648,111.537726106465,33.0854523034238,19.8116893358927,28.7583235333416,59.3438718939646,29.5659074831245,22.803489651921,31.2601996422433,44.9560485330079
88.1702550539586,106.584521878419,31.6209308300693,20.8354493018282,29.6014226577338,56.6221080089878,29.2080454003448,20.6807338182017,28.3472291938291,45.1510931345843
86.6284087920105,113.720872629224,31.4502793390042,20.8782311943448,33.0175994198938,66.3262625450076,29.5016621919044,21.0622305511972,31.1247991869996,44.2941101969323
89.8975686712234,112.668204216776,31.895226594649,20.4267167823569,30.8769679376228,62.6097280217522,28.40849967015,20.5828241066553,28.387647515486,45.531211407674
84.9557967486913,111.11927386157,31.1434157365216,21.029397502062,30.8669040908201,65.2100706117501,27.9873372868012,21.3376288490272,30.0325354235207,49.6946909018276
88.4455935106701,111.183578867561,30.6417615775033,20.0382728632204,30.9948728101403,63.7462820178244,27.9314530113363,19.5938650267016,31.3383905887897,47.8366871104159
84.6243041965709,112.747093903515,30.9867138351012,20.5648587432567,30.0577532822907,63.9368432991274,27.7117326417611,20.2409163514031,27.2249300723088,49.9314132654519
86.4304890117214,108.506989532836,32.0130457036218,20.451380965379,28.2155924711722,55.9094329051934,28.8003546199639,19.7424037637961,28.0949535380255,49.2569292025322
88.0475677752442,114.399020449347,32.5546406559939,20.1525204553012,31.1378064689153,59.3609651369139,28.2547724313858,20.7695194328856,29.1106884029572,43.7015594436781
83.8224786436004,113.590068334583,30.7500735788438,20.6693887191447,29.6272250397553,58.1002036348591,28.8423969668016,20.4914490706909,28.1894180697812,47.6170208528238
85.261776591719,107.675969636055,31.9379942715559,21.2967484921754,32.1342770212973,58.350524163737,27.0715228167497,19.8407802638034,29.457140568892,50.8351372354028
88.9393135434555,111.08611848592,30.857417783952,20.5378319838968,31.1857783691356,62.2770945769031,27.3443177022031,20.8703161782378,29.1356987543272,49.7037693209548
87.7514209756024,111.305165567347,30.8434796212532,19.8018490716059,32.756770950235,60.1315044982991,29.7908196280607,20.3718635526105,26.6942155710651,45.5413962972518
90.2509947301081,109.921350236997,32.4306181175905,19.4144446916776,29.5669566748147,56.930160620857,27.6604023593161,21.4533744791064,28.4238218557149,50.7194377324468
85.774296518243,111.841485051537,31.0279912547851,20.7763833395333,30.6190625562403,63.7149240721663,29.2496718942043,19.6881351545644,30.6419708938448,45.4858304672213
86.0156077683639,111.72464545095,30.3663413418501,21.7580425971361,30.357579790532,64.8835470935715,28.6232298028342,20.3778335089799,29.8982882282841,47.0665071252792
88.0457790868199,109.133706639636,31.0747167220837,20.9984509336379,27.9758666631998,57.8117129105078,28.4423353803239,19.7514336262779,29.7643279364637,48.7259841989924
86.9406118041567,109.005135361451,31.1349161195397,21.9768020648346,30.2536618142259,60.9783774573207,29.6843634011205,19.8432896085855,29.3387993407997,45.1591972236539
85.8676116845379,111.91226925493,31.4254433656232,21.6242395123633,32.1859970876559,64.0348377749501,29.608515292936,19.9218302107948,28.8221477181588,43.7678553504048
87.5811586347761,110.24050348006,31.7472980037332,22.5746005810254,31.5077261830486,58.3481050236459,27.2836896463443,19.2171231111773,30.8917657747983,45.1351136898138
89.5301898743352,110.611737968702,30.049900176917,19.6080000025788,30.4274506893278,62.3941834587616,28.362990330959,21.9836958390275,27.926420160672,45.1876022941615
84.6224788359739,108.967611659535,31.7049671637054,20.5134839348556,32.8026266149614,62.8769190772084,30.4845877389731,19.7892690583203,28.9560981846036,48.9559793469843
89.0439225919518,112.264883876755,31.364449656382,19.8465645457727,31.3459766857115,60.3720796634799,27.5197157541294,21.83389036386,30.0800876048763,46.0611612883295
88.0936335228054,112.070504148199,30.3228470300181,20.8360513619822,31.0156302248748,62.037024646587,28.4649916156003,19.4705201626805,28.9648908366206,46.7570392969419
84.950238325428,112.728558281218,31.410673778791,21.8023223972443,30.124349867408,63.3782978060684,28.8580588070569,20.2497484173568,29.2357907165075,50.1396502193265
84.213088374361,109.156523691359,31.3028020111236,19.9157175420544,29.2683166453978,64.8646949595343,27.1069634115938,20.033356405866,28.0581779874928,47.0777843916499
90.0056010966033,109.183848765553,32.2341331561425,20.1686789748229,30.0946239940315,60.8061619148255,29.1314289945688,20.5506305944461,30.8438354190782,49.7148616372774
84.8281472263197,109.004796006017,32.6090579473724,22.4147293920135,30.456044491702,60.9432509583735,29.1828584505023,21.4933351356757,30.1317830218388,47.61441482381
85.8971795155275,108.908013640205,30.8945869665288,20.7130015924478,29.8609239927067,61.4672186424971,28.6349664261157,20.5272964854554,28.8638792976477,49.3751644451562
85.914419946084,115.701738810269,31.6049275750537,21.3734547393269,29.468577047453,64.9320247909647,29.9495437827926,20.327194577445,29.4198650362895,43.4169875784807
87.3846680037527,114.079689282585,31.4696466915701,21.7155741779687,29.8900120689815,56.0459939930131,27.1034926428683,19.2308391965665,29.1592966330885,47.3242985140112
90.2520704529106,111.120166644101,32.8206624160797,21.608537946248,33.8580975308374,64.6179385105364,28.1144835081486,20.2951814212343,29.5304399472828,49.1293796556907
85.7278008205114,113.884456529799,31.1972459058165,21.2775980267381,30.0794234860081,62.188173981437,29.1721267824813,20.5515257773793,31.2164021102407,48.2752369614831
88.160176986134,109.364486741733,31.9863767678176,20.5158691282163,29.2855922423463,61.1595696293634,28.4146931718028,21.4489082506656,29.4262953248375,51.2678372614863
85.5137356078542,109.576286019152,31.1761780880352,19.7906255272809,31.5127777589119,59.2975582533066,28.8326641160139,20.7382387993299,29.6227409294329,48.0605622292283
87.7616784183665,111.631973711019,30.12884572182,20.9304645861658,30.6399884162578,64.5840576494485,28.642629748486,19.5122589463879,30.1803639295534,45.7118948917939
87.5422449671917,109.668320928816,30.9447936301336,19.6480567684545,31.9777323939288,62.3778349507363,29.8544423776083,20.7255230943401,30.398719275103,48.1679685055262
87.1298874805372,109.246725456148,31.1140394746017,20.1524616145187,33.1329858604848,60.3952219182958,29.3050607030631,19.4651703735011,28.8140349991678,47.8622740780251
89.3917052497522,113.030697039373,31.4710112288699,19.3978306081116,28.884858559964,58.6693270928261,29.1083488968483,20.5409631212054,29.2760080377403,48.1331957802872
87.5509394622091,110.956095291097,31.9686085456552,20.77841515647,30.2792805157291,62.8988771065567,29.1002152399509,21.6862734106197,30.9812801139875,49.5840854744412
85.079466857493,109.129662917605,32.6447996563672,20.1871045295068,29.3077445576907,58.3063117517348,29.0757795602927,19.9109049721734,29.4458325957651,49.0655864153629
89.0989952063109,110.251355670582,32.8263044665422,21.3484146857322,28.9516058043516,60.0577724104473,28.5963107911728,20.6983588886232,29.1132185133154,48.3319449527747
90.2084594271837,109.709335858125,31.000817093463,21.7507666612645,28.9003673157218,62.0277795825022,28.4792248038334,21.7854054555753,31.7801783758669,47.2897476655464
86.5781557735386,109.444522087787,32.3769579640251,19.8943601000321,32.0257883993149,58.5311996283461,27.6068374881094,21.5250560335311,28.1843960461531,45.3498414550971
87.7346733850374,112.783572441225,30.2291964795741,19.8180203795313,29.1850823280605,61.240929368158,29.5900446843839,20.6681394601699,29.4381070444037,49.7431481114617
91.8590278302682,109.5246773839,31.67930740158,20.3731776726104,31.5528620004245,60.6458938386769,28.0539847072646,19.4876049896457,26.4396496564438,45.3621342180267
86.3027559798395,113.534004160585,32.6995642649138,20.4001989578945,31.8749836686027,56.4599107635766,28.6236288280603,19.3901567446137,29.9608034352471,49.7299464845956
89.7786668150949,112.021647253877,31.452382998717,22.0687761231156,29.6100286141102,59.9969780681181,28.5595303505565,21.733046372411,28.3041338341844,45.322392299374
87.0588649002384,109.675960993293,30.0462115175164,21.7881738829665,29.6051624927852,60.0630518211872,28.5404637718653,19.6797830281677,28.935747276135,44.3159623378675
85.1108539425984,108.057675204979,32.3551606231512,19.1534390721111,31.1791956460346,60.2367355418448,29.2448537628685,20.9041255755265,27.5825224089076,50.0922303128002
87.9216570467511,107.642249310501,30.8333700745617,20.2147709974686,31.7095714896248,62.2119246559107,29.0748323858614,19.3568479518411,30.5110850904059,47.2818250306924
87.2049919922442,113.021782540487,31.1816210615034,21.4889262806356,31.3970345053958,63.8004634417783,28.2792022318001,21.411415378173,27.426784773434,47.3027085542127
84.5880858772762,113.026556888253,32.1677736766362,20.0770570762194,29.3610673368474,60.887853072738,28.7134393142031,20.0414283284264,29.1503436443575,48.2111414109579
87.2151908563416,110.316911151564,32.3659289029606,20.9854370278118,29.9336398430897,66.1311532733129,27.7536875763223,19.7250824822059,31.4195277125594,47.0749034708192
84.0114737025216,111.643291701035,31.5232142655039,21.138581060253,32.986454537062,60.917249509292,29.1472935353718,19.8579140456484,29.9285577980618,46.6249707803256
89.6177031071871,110.889825424015,32.8275426889819,19.8590377924782,29.2219992604994,59.7364630735887,28.9304437068465,19.2408816347116,27.3694644244874,48.3393986103696
90.4131726238892,111.459886721774,30.7421270709982,22.20137990202,32.7355279136228,58.9654354522363,29.101400787804,21.5245001105876,28.4505740998652,44.9073477713555
87.0552687648943,109.870913114881,30.901084521492,19.4943712504721,34.3916227341957,62.9531857732645,30.1614543670358,18.5074867823651,29.4815677481801,44.3206746675485
87.6884392540498,111.054986328956,33.0212260625228,21.1057663764047,31.5518788515096,61.1102273984516,29.3217284631053,20.8280766759636,27.8507809389296,46.3000434318426
85.9996852108976,111.654273818521,31.2931924719131,20.7006014145853,30.8668654169861,60.514503854844,28.2344969853852,20.0012806624709,29.6184478287837,46.9268511057506
88.2610764014721,108.081153398283,31.6491498426066,22.8904624953645,30.3285343907304,61.6932219461821,29.2986410109276,19.9045634983132,31.9365979203036,47.527554599026
88.4184811609482,111.584917271744,31.1404268700372,21.0058333746651,31.135034231417,60.2706704692536,29.7834210060032,19.4112605691729,29.2039618974507,47.4627583959166
87.7586133741898,106.136867806514,30.2049482463263,19.9649273058847,29.6928118608588,62.0110806027764,29.3256135624155,19.9378303095324,30.9476180128651,43.4704217389904
88.5199490533228,109.899102557091,31.1706941937341,20.7886825670924,30.9317838696851,61.7143778683723,28.1169202276397,20.0597499724741,30.4704465464688,48.6150035742159
88.3173053647789,109.323089111496,32.4725127823435,21.4150221174378,30.2384003645287,61.0595586235021,27.5677732323402,19.7687840964703,30.3158860501455,46.3899712763318
87.9387952942549,109.137635916409,31.1641642929157,20.3569930883944,32.6434343429622,59.018120556966,28.4118256805149,22.121673819011,30.7332403767329,45.1164291076662
88.1254814205446,114.798907438968,31.6785296917678,21.4797537996402,27.3889836430296,58.018048290246,28.2769212575207,19.4386755310343,30.3443279569777,52.2949148042464
88.1060650166895,113.175090386833,30.8266532324563,19.5371212676138,30.7446569271458,55.3849701383986,27.64084720733,20.4219681090716,27.0335299460445,44.758346226296
86.3671854199085,114.038135609471,30.9646019592049,21.5153795883215,30.6509816970035,53.4808444560514,29.3659674480641,21.7669410174868,29.5009360117788,49.4737193567291
88.3285790823307,112.560379859318,31.0020921906766,20.9733168062204,30.651343350542,63.9080126102168,27.7268136063422,20.824884587338,29.2241498966816,45.7380681683441
86.0514779437203,110.737443258894,30.5803495633515,21.1979426974792,31.3560415936649,61.1375012717544,29.5970203050305,21.9607664705654,30.3869779865971,43.8656584873387
89.5030282839394,112.402202374123,31.9154243492035,21.4413007657838,31.9117541662959,62.8564685863521,28.5763953686037,20.7386571091884,31.1025351097626,48.3208247618265
86.3826517085893,111.438728610074,32.1032782409268,21.0219169819969,30.6472743247904,59.5839354185482,27.841425509521,20.800509296903,28.9725752151788,44.9950230326162
86.9916106735653,111.960185847249,32.8704281959326,20.7611769474045,32.0622378356752,56.3473555888191,28.4753820209174,19.5193659469003,30.8020540610586,46.5803665773253
84.6373232291953,109.290070241481,31.2185474446253,21.1509464924971,29.1917977507277,60.508521183691,28.0283223062714,19.9737199094134,26.8631604793985,46.3628695026047
89.0822915526747,110.994786910363,31.7660372538655,21.9118542209029,33.6278933133698,61.0856506396784,28.6699648649805,19.6879343747996,29.4909577072838,47.4704292044558
87.5143509880243,110.138682662635,31.8800969090714,19.9119791756364,33.459117294537,60.4964304715331,29.1981533709892,21.1074559177692,30.6591981452131,51.2491217037852
87.6226763745506,106.992826757616,30.2891310027228,20.4544419655878,30.6453143091726,59.4532200312472,28.6151162194194,19.4561991044542,30.6817397718178,44.3394751874204
88.0346480561249,114.343579933638,32.0038600460622,21.4468227655943,29.9158545344727,62.5168233256241,30.3193693882632,20.0543161462028,31.1687140379731,48.002242523258
86.7487388963308,111.204890823745,31.1274124766947,21.2346763798204,29.4794668920639,60.8149874486521,29.1036732148002,19.0890016280808,29.3093288621105,47.1783242818882
86.0389406829665,110.238695332822,33.2295926120225,21.856054581737,32.77134273702,57.2379551274562,29.9258461645847,20.0072676345708,30.6135133496035,44.4518328644093
87.9386459599533,109.844388278332,31.9022470149186,20.8358205173546,29.9131299948071,55.6989452541374,28.8365989818821,21.2675925751284,29.344114824923,49.7946288417543
87.639424528976,113.393033874182,31.9647522610134,21.3669463046306,30.457214835093,59.8618018036422,27.5208317284388,20.3572835663762,26.7410204067156,44.8720284432717
88.3197251218172,107.966520052649,32.0312080880366,21.6940567486758,29.4256882483065,61.8048488045516,28.1121590428151,19.2299553293682,28.0741612218487,48.4216410649862
87.1350503872659,110.108159513896,32.4602542033336,19.8606713413505,30.2424171656002,68.3815554103057,29.1901897979312,20.9699977676866,28.5884361737121,45.933225979332
87.0923744322272,109.638224279358,31.229187026895,20.1898059018446,29.691625793252,61.4188237762613,28.0224261221409,20.7320021432359,30.5523435161387,47.597217810341
88.0839632649016,116.033062339116,31.5921020413203,19.72087351468,30.8986117106313,56.9262771301732,28.750567114717,19.2486650021532,30.9303377285794,45.5366625753725
88.8811720535295,110.161581228501,31.3774917197812,22.999049211623,29.1890527072189,60.7584086321288,28.8091256663286,20.2704413619171,28.1691564567201,48.7537337505951
86.4408937835879,109.833644977088,31.2243381705597,21.632060249042,30.7587759499733,61.6002330442871,29.0173520086349,20.0691219902414,31.6103788816096,45.7819514801583
83.4523348036345,111.199350353284,32.3585289071013,21.0826596365925,28.5939463547051,59.8885098165571,28.3456819414152,21.5356178271909,29.2988964991486,47.9123931659269
87.5732428690075,113.466356171715,30.3374580205515,18.5441172239424,26.4559569207063,62.2743091753392,27.8251959315692,20.9029326349468,28.5824886901747,45.8392610459468
87.4110980018756,112.441142803372,30.6729139741506,21.6073899704205,31.3411551209341,63.4171817299874,29.5383794983269,20.0904827877545,28.529619936597,48.272238531798
88.0593209634621,108.860153709456,32.2261161746868,21.108424671542,31.8760542268931,65.7698475079552,29.1902745498468,21.0253939307475,29.7354227600074,49.9632087139489
86.902027004381,112.932972953158,31.2448472950458,21.0337854342357,29.5373580518001,59.5518156544472,28.6526175611544,21.0808137468926,27.483034863475,51.3755317790868
90.0448567183058,115.848578961206,32.3303745041894,22.3688951488505,30.6728652690073,63.2161606017424,29.2507684761245,19.9503234882893,30.9328879695002,40.2183939640575
89.5778576049614,108.49279481261,31.4575047918168,21.5975716853019,29.5335399789467,58.1427716281427,28.2195453131949,19.8038882432049,27.5873766077773,46.9690743847919
88.9743900847856,109.115589374043,32.7172045355466,20.9587742822809,31.2398405713963,63.6510209767412,28.3024833641079,20.1760895364623,30.8172114677274,45.5464810934099
87.0887797297897,110.154252478221,31.8034800455893,21.7073130707797,30.5396836993115,59.2878441107688,28.0483960866605,20.7532083737168,29.6588885738446,49.011755353436
89.4710289619682,107.627864676589,31.2724631387077,20.5141922416517,31.3757391017812,59.9318428073553,28.9084908047906,19.2014211126568,30.7295478077191,44.6796903820786
86.1672321148521,110.552454711708,30.8043283269762,19.4139990824011,32.7348746416596,64.7602849988619,29.2767084252511,19.1324115268837,28.1046910750223,47.8077865771682
87.280979389457,110.766011387927,32.3082571436018,20.7478160259265,31.980308725259,55.4239707272501,26.3900951138198,20.1675542274729,30.1051638367364,46.7599082515054
88.9740672523104,112.185022898235,30.8046447103609,21.7257370013812,31.7264036717244,61.295230522288,29.3370204077109,20.4056009272067,30.034612394919,45.5986390445366
84.55881490268,109.030990579505,31.3352393531791,21.0520322193159,31.9119281498791,58.4407386733921,27.9769138477878,19.9328515931436,29.5154314268249,43.7056601477559
88.9027233077688,112.904634079298,31.4509805066273,19.7914221022749,31.681537803915,59.4271557678712,30.0962728221591,20.806164914143,29.6973359905448,48.6492675783487
88.7144733201034,111.520126194571,30.95442177625,22.0606335787993,30.9279283244957,62.1530319369465,28.9594177433657,19.2549824624678,28.89358765849,46.8811268821372
88.4972575038759,111.549859267694,31.2800282336821,20.2684550042778,32.1718687838926,61.9666742677781,28.8754237804067,20.7064512342538,27.2765733007495,44.248089220882
86.3044063231824,111.756140191209,32.5643721796738,19.5102586216415,32.5994464977995,58.1229581091463,29.2393452780645,21.0571660066556,29.8064778065082,46.8848827630535
87.4855681127653,112.930364253036,33.0180725525568,20.3307479666496,28.9862146476785,59.6888141973645,27.9466099595324,19.0582035946084,28.8099885921595,49.8234336329886
87.0089498780947,112.406360741991,32.0410644989804,20.5909003866301,32.2358206033733,67.8707387996134,27.6872517071385,21.350933219139,30.3830239113538,44.4431137747741
88.4470490727947,106.659118219435,30.1615803779514,20.1289753950748,28.8978968925438,65.69823202357,28.2956972123843,21.4761630932546,27.1551263415024,45.4992733551391
84.2858650854097,114.563620926197,31.7566469425142,20.5847823800871,33.1104575491234,61.1363339953209,29.708230028671,19.698234287732,31.6436275829715,49.277601023478
87.5647299701591,112.83771139902,31.7824498166403,21.642957070861,31.7566257509169,59.278154501933,28.7707515604161,20.210737755862,29.9540303923628,47.1274396222063
85.7850469264472,110.151933703273,33.1187352268136,21.0074783898739,29.0475432254084,63.2771910740705,28.7307446514149,20.4939610641771,29.016805369206,46.8520508123421
88.2498745791322,111.731306363099,32.3652245277045,22.2888560869659,30.2133102416808,64.9501112161692,27.6942181273681,22.1275502453707,27.1712617824541,44.8448803183019
87.2954153044408,116.714912350832,30.6495695461613,22.3611655742867,28.7018981545717,59.5766117189742,28.3013697164855,18.9021905433606,29.2618749718052,47.8739139021357
88.9127882185907,113.130739486058,32.3390507886788,20.1832111046959,32.6516966781794,63.5781767228774,28.9387965330155,21.8043522014652,31.7946361543599,50.1681521165105
90.3651335353606,113.425430963787,33.3064426059582,22.3884939943191,29.4713232523897,58.8457283918055,29.8424701642413,19.9642204970716,32.6245163726816,49.6672225019328
84.898852344,110.155706720416,30.9581664488939,20.2322339435502,28.4207522608855,60.8029903236152,28.4406715134982,21.2058299396712,30.7976662682176,46.8586674588928
89.6500637630287,114.045994146895,31.8227653987698,19.8053142487895,29.3420350492014,60.8749941518611,28.3873765872542,19.4720978079932,27.761340111743,45.4262485904197
84.3272851787605,109.990925908422,32.2101274710279,21.2745951087176,28.399264092506,61.1148330852406,29.0173375500207,21.2382836386762,29.8074101651289,47.4792826495857
88.266142870436,113.18765143941,31.0915360859417,20.4790341456808,32.016478992248,57.2934881840663,30.2397455085453,19.6723414180525,30.6809612677607,46.736002913492
86.0935095008763,108.151901861585,33.1636719441047,21.2045621539029,30.6233830839281,60.2746458348105,27.9863613651547,20.0128857747362,30.710944262925,46.5738502635188
87.5917053395413,109.11174826741,30.888657789617,20.9866599974912,30.5023876698288,56.1893155598448,28.8631044434698,20.3874824338117,30.4199720914263,46.5308039462302
91.7766195134365,111.950450029969,31.5696101349451,21.7003494220468,27.7342148762923,61.1265552160726,28.6147903706364,20.6736959074908,30.4012445103184,46.7675210008278
88.4681690278142,111.784763590267,32.0250593808024,22.2292728525049,29.9165078596558,61.0776312357566,27.2796068880304,19.6211060121718,29.3292463672065,44.2087955623404
85.9380827784535,110.501408536661,29.8814097670839,22.6897184421276,30.8056459649692,61.6377359923065,28.4950332015833,21.5870500092009,30.7735850550815,44.1187812228336
84.9561745171202,112.12893901789,30.8903810567514,21.1844672503619,31.1678819339837,60.9920486593034,27.6338116211212,19.8483986284718,29.5177031362381,50.4525916458191
89.6221592336261,109.164065088745,32.0810891483533,20.1030503681977,31.3597987152503,58.8238140697549,30.2684475410532,20.8942083682168,27.1058263170341,48.7166848026868
89.1192996700631,114.025191953017,31.019613029727,20.1956656567423,30.0231815044088,61.64883287013,28.1376112133617,20.0728807585621,29.5101202507395,45.392924621135
87.6306683123809,110.790563249102,31.0341557726962,21.0962127922193,33.2907401329435,62.4029669594336,29.3152305222567,20.9555908314548,31.6138385593874,44.7785664226599
89.4865351409604,109.82017937459,30.7887321464014,21.8831835613686,30.6337370415794,59.5354368825221,28.5452759158373,19.8527387253933,29.8346283683782,46.8810434235232
85.7864100593263,113.028538625825,31.1657497205839,19.8426802782389,31.9615825832487,60.767155170389,28.2321636508027,20.0224840005322,30.8519520655907,45.6654968931041
87.690122779178,112.770098304011,31.7602406535334,19.9977819634339,29.2313596547582,59.5793224780924,28.3037197311463,21.3805194869633,30.0921046422614,49.9454458333361
88.463114401237,106.694963088841,34.4930531841675,21.6758355466564,30.2894790529494,59.5576286082255,28.3067656263348,20.1569430428479,29.241902589841,47.2039127544505
88.5306854651892,111.900140059642,31.6812209633897,21.1763560771694,30.4974168195395,58.1296508999908,28.3287019783664,20.456127179183,31.2057456133373,42.4794876474058
86.984367773214,112.437921980556,31.9987095850588,19.4525078514113,32.6369632563139,58.3499486039089,31.3846435209386,20.7481400174015,28.0776058495861,43.8721887945063
88.7511395276883,111.234016226397,31.6490303735429,20.5922583842435,30.2903463337441,62.7525410726031,27.9726137180928,20.0959493967934,33.1838375429826,47.268288735261
85.9802078738941,111.02587615412,31.2850370929387,20.0784730678633,29.0753587341884,62.7885245434827,29.0113414364338,20.6069904719363,29.3029127875639,42.8183801300347
84.8111045783834,114.018554094817,30.6642154613955,21.5038803351611,32.1664356186818,56.6048571707976,28.8063879360861,19.1228509653114,28.8088018496489,46.6614216478445
87.7295461333879,113.048433717355,31.2735655218208,21.9431468346278,29.4293676582389,61.6353331942254,28.4354203472876,19.1223928902238,27.0647367978721,50.1370032988446
86.3781377312949,108.635851782013,31.7807361438143,21.5773467839696,28.842182002553,60.5136669227594,28.348401126609,19.8923867476674,28.1481998760479,45.6523782316918
87.3395502211762,110.068974905025,32.2171208631027,21.8925053094693,31.7247306553875,61.2220929432333,28.1727246663143,19.5021248306895,29.9312870098792,48.197873329154
89.023293220982,112.7192116069,30.7656723131508,20.6199792152105,30.8707310908064,60.8413131562171,27.7450684524186,20.9639950238106,29.5280850659152,46.8133558301443
86.2767536647176,111.802631514443,31.0242435546721,22.0657728625725,32.529350812803,60.9309164240409,29.5184291168174,18.4855991821879,28.6088754819672,45.1273198191098
88.1298740090873,111.897913703893,30.9584709617957,21.5072017187509,30.2563303205172,59.2692690887536,29.5723307073487,20.4797300179805,29.4161867788735,46.9012031318672
90.689682379635,112.912243367348,31.0320899023131,21.4258362498104,31.3125944481746,60.8214721150313,28.7933115527446,19.0199325509329,28.3953721027007,42.4081952900946
92.9563065530123,113.246331562775,31.2357630519183,20.3365988416357,30.7729745481127,66.4810171759456,30.2134316235919,19.5792838998893,29.8045978483544,47.7675319874666
88.7366036238007,109.820892576601,32.4932972718808,21.178969648387,31.6710283416035,56.1369847937939,29.5569772025531,20.1399961273278,29.2229206044622,47.3650864695806
86.0324702732,111.97330295079,31.4677210938835,19.5279140281522,31.6381444162743,60.1011312866646,29.0327467777337,21.0407000379843,29.5673687651388,49.6633139875994
87.6623171620835,108.863238546488,32.2289781172063,19.9466234571202,29.2378774765931,61.584513529897,28.8464934529193,20.6094284860291,29.8612997947562,46.0735604177148
88.3339335158869,115.08070039511,32.2193711366391,21.3405548613159,28.6289429665291,60.8640014090281,28.476392288539,19.9875399757722,30.6382075133112,47.3712297784306
85.652831121735,109.743954882028,32.6919632497236,20.795691546427,29.4998329489047,62.0722453006658,30.0885322170271,21.4264616903443,27.2921498340936,46.6759488590447
91.2677502376816,109.659956794079,31.0679463839644,20.1964479398618,30.714051797887,60.0971150430373,30.3334584686729,21.0312675785588,30.9304464022173,42.5363484556899
88.6298333333318,110.008282560896,32.4411652209347,20.0934333073491,30.292916312742,62.4700062178995,26.5149461220588,19.8558792533926,26.6562931393522,47.6945732244644
88.7140634023826,114.900628860356,31.1538627612422,22.2402511066755,30.3290894975534,61.2770313747578,27.7591797390609,21.1328906813299,29.192582160803,48.3246404848373
86.5343271217087,108.527180043576,30.7597018617719,21.5833841442145,29.9512449772271,66.3756657026057,29.4600054822933,19.2187033847836,27.7521500437673,45.3653925543391
86.1580256021669,108.436505103364,31.7118174771698,19.7343238627024,31.5407485448856,62.4948990197018,29.9757204094696,20.5029972299228,29.5142823426598,48.4718034702972
87.6834217621958,110.041985236774,31.7773248099165,22.6859589683337,32.4124892248025,60.3260299744782,28.3447185616955,21.1427910716117,29.277257223549,46.191878416481
84.604635377806,108.824404543612,30.8796975505351,20.697841690204,29.0600511992392,64.1049550858951,28.0169669586072,20.4821390529758,29.0561003972303,45.8354609720053
87.8954367583801,111.132778001268,30.0218801930177,21.7458942064838,30.115125783052,61.9017521303886,29.9527601539211,19.6819544847501,29.752756767808,46.8472849891531
88.5668128195098,109.811778306156,31.7934927088219,20.6030416769902,32.3358303735667,62.6336646370501,27.763498464468,19.1921595821041,27.4088152500446,48.5508146487153
90.5118428519329,107.779866726045,30.8884389650661,20.4478686643962,29.3900618474784,63.3424562107732,28.1454346934713,20.2115892833617,28.4380688594622,47.1479854869598
87.6603297709993,112.610637467627,32.4878216954624,20.6975039220141,33.0675802803676,64.39537627689,27.5257927332883,19.9594587650125,31.2734761100118,43.4802873169993
88.4348320750329,108.956416222422,32.0367925074903,22.2477620757615,30.3954296300605,65.7986372540898,29.461967712045,19.8078766651086,29.6368785382203,42.3138353535071
86.504566114898,109.141440895332,32.0414963398721,20.7399576003769,29.0831077692561,58.305398742967,29.1320488185847,19.925284500676,28.1749071603991,46.5920261251494
87.5703715869212,108.958429043787,33.2849034340419,21.2505279656755,32.5111566826887,58.9540046390069,27.9131603139058,20.688602268912,28.2380153621368,45.9867849231925
91.3742135877276,109.926490772458,30.999702776086,20.8883529122126,29.3041855172067,64.1729091639618,27.9802362082792,18.9717060414741,29.5370195168197,48.9882354201801
85.7234737591938,112.860128171312,32.120906253375,20.1563024062282,29.0498836344539,58.569660437191,28.5487623424431,21.8321767908652,33.3341087821103,44.3742368051819
86.472832931999,115.844383613751,32.1131341074136,21.3273152911668,29.0436159534306,63.0091566787498,28.9165000190831,20.8087505839118,29.68051513639,44.1096248231312
85.1458300167859,113.496385254866,31.3623924601403,19.9508261671008,32.3191073171168,61.4236084599884,27.9632061809099,20.9757508661439,33.177891479577,45.1766356504925
91.4521464254401,111.171515406784,31.6489073181308,20.045119754383,29.3115590584532,62.3779893251182,28.359395839416,19.348979677655,30.5779022504581,47.7580953245297
90.1303537689255,110.221425859696,30.6681768150783,19.8644257884543,30.1282807802692,62.1586587646917,29.1983274749489,21.2822955918118,29.7082059594398,48.9796846072709
85.3962459482626,111.884482632379,30.4663271153222,19.6280269949216,30.9019139193933,62.8303489700517,28.5554440168843,19.3816804072508,30.5357869606554,47.5403968520516
89.9896783509662,111.700098955303,32.2703247460699,21.6722928682758,30.735468776922,57.5221498250787,28.9234072616147,19.8799160175096,29.6328959873691,46.6524211947664
84.5351346305057,113.55560029162,30.5238108732154,21.3689417212294,31.2912606077091,66.3181411243313,27.8763228573699,20.937586877957,29.6236093699269,46.4008152425385
87.5065079727373,110.901062853267,32.8451985213467,20.5677679472123,33.5671115032467,64.9834998191127,27.630245811578,22.6062460414134,29.5465966604421,42.7529555665399
85.5619480168103,112.338477871073,32.4712708201789,22.5979303190657,30.9990067007776,62.1548418572189,29.3021228782481,20.3037271520405,27.8589248307836,46.9449655405117
85.4221615174026,110.26025618905,32.2254355989069,21.2910564293177,32.5726380750778,58.2729974237903,28.5050383774957,19.8829745872421,29.9949289253045,49.4824926525415
85.2132060376696,111.447095947104,31.7710463161198,21.2555424054739,26.9312199298101,62.3461107086361,28.6000293211081,20.4456002432682,30.392990368494,48.455284681099
86.659176818022,110.310492795509,31.0697130565254,22.5260490626054,28.6831875561727,63.3037086404098,28.1513822471967,21.4735488746729,29.8251129109239,46.2427545091907
89.3437454389922,113.727314756849,31.3171890046316,21.6771670851645,30.3910456029146,59.6559531671131,28.3296319561817,20.6222941359186,28.2590458695849,53.0999542918722
83.8627716821775,106.970156837557,30.8252906363561,19.3324254835586,30.3322572630963,60.355848793331,29.8056634568401,19.4701843414183,28.2638929964907,49.4218749227926
84.6565408778936,109.081914937508,31.8789400576198,20.7597793207827,32.0737536416932,56.585277344645,29.1226743617037,21.5343972668111,28.3271454946377,45.0912492762419
85.6344036232179,110.140704964412,31.5927674611744,20.5921532777896,30.5835948438095,62.7386593590475,28.8350257098943,19.4885023242085,27.9049617586249,50.1121570654061
88.7056422651794,112.033229972721,31.2717605796633,21.9616432025266,30.3829796657373,58.9723025767796,28.6146855403809,20.6824232512228,30.9275266667223,46.5440277158104
86.9383951210656,116.013051242921,31.8235180590954,20.4690983503235,31.4623534818062,62.7989912772311,29.0307032423843,19.1472200028113,28.5963568779837,47.4255058567144
86.6048401537216,111.331153562085,33.6672410120061,20.6448911836278,28.9917228951982,59.1782395566153,28.1121496866041,19.1287815273233,30.5846245871616,42.7507790796497
86.8723747987653,108.743326443589,32.0857731717695,20.2086075132029,33.2790353833157,60.2875676445091,29.4706900870743,21.0836191506626,28.9101850248448,47.0602639206548
92.0294669195457,113.05024152926,32.0492188052422,20.5244136623701,30.0310232293877,60.7350632702969,28.2465251751712,19.691064431014,29.8632429164309,46.6439012356665
85.5528357483555,112.553795124242,30.4765219898466,21.454578281042,28.3519594535509,58.5183787198928,30.6862390774849,21.78919221791,29.039072350198,47.8642343029999
86.4592815758802,107.037350767121,32.3105185891363,20.6059520402295,32.2548374068621,62.0518506717983,30.5536292797411,20.4696769007414,31.9453007384344,46.0569120796342
88.6636352971408,113.955465885441,30.9183816005673,21.6611833147537,28.7313074642876,58.1926389107648,28.1714437239014,20.9038124841089,30.772392979585,46.448910124362
90.6092008642624,113.565265375164,34.0840406517988,21.0001029012822,30.3217392265588,59.8113800933252,29.9459939734092,18.8002294796045,28.2104130782798,45.0131521668931
88.4549451258361,110.303306534106,30.8491386331018,19.8181899700484,31.7030831486698,55.6791472262304,30.2125367530882,18.2079525009433,29.0247645444866,45.0517465819497
89.3046201374055,113.427664852114,31.117139621649,20.2753748132279,29.6447546017726,60.7267445126681,30.1258677768763,19.0077737404697,31.2223980876673,46.9840480918898
89.4442044051163,113.496715870482,31.5519748139229,20.3042418298555,30.9930525768584,60.7899114117766,29.4175517433201,20.568380998824,27.864089596752,45.9403293450637
88.8407194073925,113.332907361046,32.1149852115437,20.832645654419,30.5767692737861,65.7919401728115,30.0658536129343,21.8439024763141,31.0709574435852,44.1437446497639
85.7355638276791,113.421604694209,31.0623883110705,21.8564378804814,30.1340205316255,61.7675298577195,28.5625774783249,19.8265512216934,27.3139831018826,47.9453503606744
89.9461217457075,113.9352547885,31.5762756552353,21.1044533599859,30.7436147600466,61.5429518519571,28.6445102094165,21.740552184432,28.496787512492,45.6374352614316
86.3930373728806,111.264518453968,31.7355533610553,20.3447893246085,30.8288014625951,59.6884895437403,29.639740902902,21.1604868245111,28.562267780002,43.1978377742641
88.2721773193579,112.518909574722,32.0353467588718,21.8253842775752,29.5775894684194,57.7876223009811,28.4273405571058,21.3946817863298,31.3203220176782,47.3442069714073
88.6063052927589,109.65219029933,30.8824979656801,19.0019877159068,29.3021302486076,56.1565192719367,29.0472400934666,21.2734894565702,28.8588681098145,46.1756202484799
90.2997598711441,112.006163713053,31.2136261956871,20.1193892253611,34.0485646160855,62.1079572755928,29.3771393961739,20.7137813442145,28.7137046958527,48.5984995925823
88.2168418811241,111.176634174845,32.4344545945687,20.5405896299397,30.6464013814444,58.7169092805915,28.7153216908048,20.0044953631073,29.1682609756282,48.3399553116692
88.1263472192003,112.700678538996,32.1324275523703,20.4657749060823,31.4496749071994,61.1268404349093,28.6222686226827,20.5044002892786,27.5145769413609,49.3875809978244
91.723538636544,108.401285428259,30.9340945227601,21.5392534474746,33.6506117991045,63.8007835952105,27.8714829729365,20.3096335485278,29.8620019061651,43.3227677518071
89.3399108246911,109.046001455273,31.411358619767,19.99851021058,31.3154485041549,62.2369603242333,28.6079557946338,21.0054549843856,29.7941126377283,44.574444959468
90.2906462818898,108.685808708996,30.7566054584384,20.8239266704861,30.0493019524414,61.0057928166227,30.5292479475191,19.6638875682893,27.4281931683629,45.2252049933929
89.3601434149598,110.638888512897,32.3247676103828,20.5830259793359,29.2451824833405,64.4972947127442,29.5213968930245,21.1168457542177,29.2087545493661,45.2065015820894
85.1005054387124,113.342591451071,30.3566283419097,22.0128868180647,31.343840375699,60.1006336571508,28.4112716236816,20.7603644889138,30.7559766791344,43.2455887514296
88.9954219399351,109.376470605492,31.009902471372,21.1372598991519,31.1783251027026,61.5635557022554,29.1219777889159,19.796652938244,31.3965733902545,47.8250508363883
85.5905937388781,109.593035290856,30.6518120753962,21.4442390762161,30.8203529853755,61.9090789570123,29.4175975667223,21.4164428093877,29.5342129378025,46.0047116049503
88.3563794059969,111.475103597448,31.1434377559835,22.6159592714453,30.6915978545881,59.3361958513836,28.6838195550555,20.0915057600649,30.2342523113421,42.8592121263004
88.3188137542545,112.579415881513,32.0213368091463,20.8134505235039,30.4510075631752,60.6849837136444,28.2213959863784,21.3071426984139,30.6514348097385,47.3403783888462
84.9227385349509,117.490323566923,32.0834100382303,21.0667284268407,29.0357951744246,59.114280285626,29.239550577544,20.9528807629676,30.6535421121955,46.0195240701391
85.3182281975822,112.186805193417,31.4050171925784,21.9644469574041,31.8501168759058,58.8799829344307,29.4113975441048,20.527572336728,31.6473206224744,40.9927891684149
88.3807542201672,111.653487372428,30.4059784606989,20.3398860141761,29.70373540305,64.8759016466866,29.4190865803648,21.3447433070298,27.904772174354,44.1556470494435
88.0099243133032,108.510724981155,31.6551490049697,20.187108674803,30.1306234525081,60.8678653072354,27.7638137153029,19.9110930688634,26.4650032869763,44.5176985245137
86.7702511310618,110.137911205015,31.6220200739166,20.9489820296043,33.6117755917615,57.7498023338875,29.8610828758215,21.6751752833223,31.6899573519842,49.2105583101494
88.1083387742181,112.174526917904,31.2319784283729,19.8975116564595,30.5832548536881,61.126526735807,29.1538379225572,21.6738961478929,27.0848748798561,43.7121194522186
86.5623093071912,111.985299266264,30.10902538959,19.4174797993092,32.4120217645895,60.8244506980952,28.2704705057479,20.8982144020681,31.5784390088783,44.4542230240283
84.9649012477087,109.132255440114,31.7091116808578,20.826591697572,30.4681091305676,60.338645996047,28.1367960696365,20.4719438167654,29.1706410885434,44.3571147297416
88.4106989303458,114.888795605572,31.169997947075,20.1066745173459,32.4025830884504,61.9494183288285,28.5816687474596,22.0608746670699,28.3337732560946,48.6964175341435
87.2823693363026,106.686274232864,30.6376751208811,21.6056459862644,30.7150142597598,61.1887693550786,28.9202722433762,20.9747905176763,32.4683651614812,44.1397995439745
87.3736511659592,115.793993228226,31.3559396468295,20.9660977272595,30.2013122223314,62.6736646095592,28.3118324289953,21.2247102438927,30.4356584814143,48.8825766585874
87.1311047308042,110.532040436749,30.9310280346273,21.9065478520404,30.4199477166622,58.771194833916,29.7480802428994,20.1429332844411,28.1968891384056,45.1738812991861
86.0503752143078,108.554195835374,31.2270410657969,20.697284075338,31.4145728113528,58.5436072392474,28.5263725514489,19.8826127090824,30.1474103088939,46.0313432299343
87.3140663139966,112.352203604976,32.3586591393085,21.2915125361103,31.7415197768092,58.7712078032682,29.6942135799856,20.7839880832761,29.5026880634389,46.5228607185666
82.4843418567055,111.160337369248,32.1476066374687,20.8248674044888,31.3066939297833,60.8309604344841,28.5492191809753,20.5348292359631,28.6566029514098,45.8652072626875
86.9325579626379,111.768567222028,31.874187352547,22.9109211496553,32.6860447388238,60.3266374732581,29.1115656866712,18.9723829831607,29.9210105451075,47.2647739582712
87.5662524758634,112.633968800926,30.5333817690473,21.1731928822277,32.3546297323676,60.6988611060917,29.2730575059509,19.054585193573,30.249843148955,43.4269861983211
83.5099982403221,107.655285628178,30.8946105775937,21.0896738275424,30.8029129120665,55.1758800266252,29.7701043932427,18.3287861684713,29.3881795394581,48.7842601489455
82.1061737474892,112.198540071346,32.3535460973102,20.902146872449,32.396942964087,59.7483354128996,27.9654944482901,21.6054764159406,32.1370867742712,45.2752147941261
89.3480836522686,112.676105543997,32.19373891276,21.1748851306573,31.0606409365089,63.2676092056799,29.138860261448,19.2578405173971,28.0317824524646,45.9676029989016
90.821204989659,110.743579331739,32.6955309344548,20.1631378773507,30.9459619931192,67.724772063676,29.2032661646236,20.3622752071389,29.0688201290351,46.9445170272076
90.9345214970695,111.016212093576,32.9587692133191,21.2678499771232,31.6753895912502,59.8618505838169,28.7220582057935,19.0272953990474,29.8606342601043,49.3058166407038
88.2584125579853,111.787649360173,31.1406152534437,21.1614814734763,29.4927598498837,66.0639908437115,28.836655664704,20.0115690010422,29.7173649454466,43.7342831238271
87.8885814011603,114.349500200522,30.2360525950783,20.4810906108346,31.8120863299304,64.0096250476011,26.936192430525,20.2938757470568,26.7902078971182,44.6788907131096
89.48995664857,114.386199127037,32.4800882972631,20.1888948134566,29.5938729084803,62.4341595886734,29.0223276574844,19.4978958324802,27.1421815449995,48.8212150453188
86.1614808308671,111.916222719734,30.2135436465842,20.853319708273,32.1476503512262,64.2036371817538,29.3038643557384,20.9779933278116,27.889071618574,46.8946320907685
87.0165709954723,109.392089639934,31.6506362817075,20.9782556868806,31.2866274792962,57.3074058667127,27.7114727337164,20.0163069565499,31.0370811010932,43.7939908414352
84.3777826411987,110.165611212574,32.0328214833183,20.8262040890045,28.5060354312069,58.5756840364953,29.6210478428249,20.1075960851934,28.1186611215234,46.544479009762
86.7665646944493,114.100402022114,32.4568341820689,18.9955785685371,28.2493727307312,59.7332001594318,28.0001957842687,19.9757403770308,28.7877098826764,46.6768757036561
86.0668724872248,106.805630846768,31.8441994826473,21.4061446689001,31.0055337706445,62.9114275357917,28.8579195467163,21.6489337255907,29.919609621004,42.6576443562236
86.2051034862957,109.277108679793,31.0864663457957,21.5716604360069,28.8315556041396,57.6036190987015,28.3567241120226,20.3058405256338,26.6614039390481,49.8899144190982
87.3094149391628,110.55551486348,33.5931093066207,20.3904760695825,27.1118604353351,61.6996630241056,28.5336784870286,19.5999047331493,28.9151559098972,47.1807370409276
87.1083132265095,109.728992141855,30.6215073948324,22.7352160429119,30.9285613255209,59.8438597128138,29.3736407813212,20.8338290555031,28.8794884292454,44.85923968735
86.8241010186559,109.806785737506,30.4575787621423,20.8363636017253,29.9931262472478,62.3688606570614,26.7349765869575,21.3404991658702,27.3167548119334,47.5774221752781
89.9640555270084,110.944284791189,33.3841139912145,21.2909931885206,31.7479378845518,59.452200034187,29.3245094956625,19.6623183754452,29.1102929332152,48.0653274543685
84.6706617916203,109.031085941088,32.0724416664875,20.2737298669766,29.8037090851275,56.8688699285859,29.022626337848,20.2708967377805,32.162916500969,45.4489925434849
88.3306860575028,115.822658341741,32.3444741198858,21.0459864113119,29.14654063651,59.9950531975374,28.6506655026008,21.1279354055771,29.470754601147,50.6223119154643
84.8709667718444,111.359280687333,32.1464393348434,21.7242870978413,30.1893286487828,63.9893955800181,29.0016291129377,21.7035886683301,30.4413250236148,45.5663091890342
85.8600503254225,110.096816164907,30.8429254690294,19.3816464841464,29.29676445584,59.6233573098878,28.7550915544263,22.3151597213543,29.8527552081187,49.4107195911069
89.1681601451107,116.753335431173,31.4312776034888,22.2863027462333,30.3857774454739,57.9128773474832,28.5731348220588,18.9541730566881,29.5019374086304,47.6636232146631
85.1194237720962,109.741780524093,31.2719840664643,21.7099413650027,30.6191193047144,64.1563086281805,29.028800211584,19.6220583004587,29.2342371204871,43.2288714841781
87.627816367893,110.171187020806,32.8668021114721,21.3762027090152,32.0451024541974,62.994912452933,28.0767363981815,22.2963797116646,28.753317049405,53.1822659159686
87.6865922118463,111.57032841667,31.1502087243923,21.1294386623582,30.0454211639864,62.4164721684397,28.4365270127907,21.4683076233695,29.1709432656157,49.9631803717885
82.6277012705139,111.343734033989,33.8498071015337,21.2022432486364,31.0934030301934,57.7632493094118,29.5107191354203,20.4129014898306,28.4655352037054,43.5938173251029
89.3410810563851,109.831838406678,31.1339413965333,20.9249686928765,32.3951202833922,65.4166199078418,27.6317210282046,18.7950624839186,30.0759107553858,47.6714844996061
91.5672524019879,107.243216712314,32.4454328473033,20.4268838412585,29.8272625508846,61.1654251251462,28.7776459607049,20.8820246477873,30.0071769658039,47.4280888309394
89.0502713547531,110.813985729384,31.7307758473274,20.7459949215681,30.7054171539907,61.7863138937827,29.399615330644,21.0880414364404,29.6039817803063,49.2584664938235
88.4103147961589,110.135155408545,31.6064408253677,21.0205926339206,28.6616451065358,62.8017799765695,29.017237005101,21.4120169079862,29.8891689041444,44.0261286927516
85.5656821409113,111.71688899668,31.4371017705782,20.6129272936963,31.2918663037713,57.1395821440988,28.4988646743091,19.859757020217,29.1873670679214,47.1211311267373
86.1984481741849,111.087908856605,31.3237703942681,20.1964614934167,29.6386037600417,59.516841000148,29.6956301764975,22.0487588608708,29.1373166539915,44.3050581050358
87.2413172289244,113.270204437042,31.9781128482981,20.3384636671664,32.2550489194309,60.8566168324503,28.6183740022954,21.6016824521261,28.7318684551448,47.0028077907376
88.5329318888877,111.213198692059,30.4928864386831,20.6772618603244,32.5719233601815,62.3459869857614,29.3300977195065,22.1231448406221,26.8046329241435,45.9466891210367
89.1300095340433,111.502162445831,34.3805698811879,21.9343726306238,31.1427151481092,59.1900530720162,30.3890289878818,20.6133008892872,31.3033379270287,45.1043070393984
88.1376754027,113.158089397991,31.8133475248862,21.3728884487945,29.4963103752514,59.2356985677601,29.8021232377995,22.2269551147273,28.9276135684012,48.1421629137392
83.5936996062924,110.569758370263,32.4704812676288,21.3271307872875,32.3911991023391,58.5506580762276,28.3496258281518,20.9886894997679,28.5376628983997,47.8375235231297
86.9624571994513,110.35872615123,30.5229190185234,20.7930524175338,30.152646656882,61.5061210769945,29.1752532126514,20.2412279201459,29.4889278904316,48.5907805425958
88.0140695568166,108.678365005496,32.3062261166934,21.7302398462144,31.8183050494423,58.0960838488417,29.296724330773,18.3919464454452,30.8602001623929,48.2900189897581
85.0143614572614,113.739235508192,31.8197615485381,22.6271458058714,32.0061829905635,62.8365256130498,29.8949477081047,20.9447162139189,30.4700598261554,47.0886257066933
88.9654144513364,108.854875822592,32.8503498876202,20.2441759478825,29.5196597740745,59.6123671790961,28.7988802832101,18.8748392470844,29.2020836328602,48.4908962237997
86.0733991710898,110.667175971189,31.4145851580848,20.0291339899716,29.9747346699109,63.7694390253184,28.1885734178252,19.5368966529033,31.1448806128275,47.8831085653654
89.2627569872432,110.984449042569,32.4461904883487,20.1096736629727,30.8645452607961,57.5254581080809,28.5208738109406,20.6843009680038,27.2190080293787,50.7377334906188
86.7567091519598,109.193438094562,30.8792740392561,19.8788709694196,30.2522619090205,58.0556866858451,27.5541087966147,21.2277783472173,28.7695972440437,46.8103802974826
88.5257102812861,108.657985971055,30.8681013059197,20.6677752885202,32.0550693080067,60.7028016579547,27.6718477841662,21.6910516729695,28.8703283527655,47.5455339931805
89.526846084474,115.703628947395,30.4813711808178,21.3138602238485,30.6473416062048,58.3761115567247,28.2470645012992,22.5145832141247,31.7151908836906,45.8650690448962
86.5998376194069,115.227337327978,32.6364446917632,20.6247384404324,28.2793002039947,56.7206504036779,28.4510068930158,19.7446847695251,28.2759612583354,46.6842795342086
85.7066987898368,108.940995801117,31.7617113575187,20.5363018439036,30.3052768580168,63.9938249406635,29.1362520280617,20.5813928495915,27.3956480990051,42.7171256344992
85.9325382513794,114.777375893012,29.890285848603,22.0885163432022,30.8378989860081,60.2513656682917,27.6526310727867,21.2042837029442,27.7528205729291,45.5254463985559
88.3632673767655,110.564022542535,31.9508110045702,20.5424251157843,30.4560426466229,60.3771975360215,29.1646067159146,20.8620857548307,27.9784079127515,45.108971997216
84.3017783094229,114.377581305685,30.171116784593,21.8061302221646,28.0915502193882,59.6449326276387,26.6703768250333,19.3408020039399,28.3878659147857,48.0453709346111
88.5213321607334,110.331947973966,31.1685212324475,21.2029805887337,29.5393844025154,63.9097777787509,30.2139847956917,23.1069449942003,28.8486759986963,48.1927965937332
86.8072929462926,109.110256372339,31.5423215654856,20.0844848244729,30.7411381963455,61.0876799922672,28.7078198797341,20.2535311852295,29.0164055923404,45.2959954016485
87.0264073879137,111.712770319156,31.4667036732096,19.5316452728808,31.0171703077838,63.8158966456554,26.8059926709783,20.9362375797889,29.8649233082785,46.9185008720977
88.4539794242512,111.494591257503,31.0873809451077,20.0318420812849,30.0813325335463,61.0534819393138,28.3682937400582,21.9230647587505,31.1921359018374,46.4824847433748
84.707767727214,108.862477718032,32.3190583057472,21.2643465925833,32.5508902347867,57.4373024308323,28.922441368168,20.833160602025,28.9404915670084,46.5131685160897
88.3554369733422,112.534017279879,31.6534559095075,20.6910041253711,31.9513084537203,61.2884562144234,29.0725630423815,19.1803231075003,30.4810412877673,48.8863183201477
85.2880277039757,113.347081135028,30.9161502029394,21.5142645829362,30.0000477307949,64.0040509328105,28.6658223218576,20.1001972587741,28.5224454664476,45.0188051501648
89.9099735416782,108.21028373191,32.2170601674766,19.0377501806336,30.5068151381743,62.5590527887736,28.459225519355,21.2895969023164,30.4258461626365,49.0162893960863
87.6208475700925,106.352163192899,31.3292094013569,20.7516711836298,31.4822945517807,61.1329116625,28.730726472178,20.2780557119374,29.0717268616099,48.121950248981
88.2256441248449,111.307197676849,32.137897517267,19.7385919244687,30.9626055559751,61.0591404359222,29.902610955144,19.8390377405336,28.701599013453,44.6552974508298
88.2942829305431,111.965167037325,31.5922919210989,22.6274027043951,29.7964393243966,60.3828831485153,28.3442904267988,19.5209647960123,29.2486699514737,50.2155435636319
88.0487815593055,109.551235233081,31.6513041281775,19.3167286606716,31.8045948264883,59.7209086672617,29.2823622791155,20.7905505722347,29.7930663749824,49.6133846876058
85.3995387578781,113.224537501399,29.7207677712839,22.6505065173714,30.7365335062685,64.2943442548051,29.9564823935057,20.4146436856723,30.2995031460829,46.9507469462903
85.3362118186643,113.824487046084,32.4687024575701,19.7862576111459,29.3544869293675,62.3874410167469,30.184427798688,21.3365273010039,28.3068069805123,47.9870530797542
88.881647435942,106.572897526853,31.741192330816,21.6871869152092,28.1032651891897,59.467793414456,30.1667926324317,19.3185993407953,28.7398338813797,51.5087738009635
86.8476481487182,116.047641337195,31.1936434696095,20.3150283328132,28.6938232815716,60.520508146114,28.3154262468167,20.1691482301003,29.36460982518,42.846997016897
88.80434213002,112.314479827242,31.7322066643154,21.1547385117724,32.9818686064384,61.0749138777062,27.4897639508677,20.1962176006275,29.1003298336679,45.9851617447081
86.5901373716154,112.855631409201,31.4382961391716,20.2571463715362,32.646281313034,58.0461266327117,28.96413682238,19.8862535999959,29.7020754288621,44.3725910725002
86.6257305645584,109.339541445891,32.3548711702644,20.914245661567,31.5489153970801,60.3961358178814,28.1467991886696,18.9356224565631,29.462542474868,49.7678803705865
89.0074616532336,110.784929729394,31.8877516864445,20.0262501555145,30.8564072475887,61.6590755668549,28.2845840328024,19.3713037383171,29.6039637264588,46.3548088460044
86.2227290825255,110.455239638792,31.6581838739349,21.5941756607778,30.7074212102322,58.5451709395511,27.8354436834949,22.3716041699119,30.3229138435659,49.2012748172473
88.1744190564515,111.639253124402,30.8181932154706,20.5648956558476,29.9903690700634,60.3211689580366,28.5966210874803,19.2347871011087,28.9562677733196,49.7130656459344
86.9596714052423,108.592371853579,31.6007055352481,20.7897625789479,31.510576707353,64.0282537141912,27.9022974496586,20.9730194846686,30.1183494848149,44.1680534903115
86.3177797001098,110.643165568393,31.488443933476,19.9130683584239,32.0376763416976,60.0663042914258,29.3381355899602,21.4382160839398,27.4189824701927,47.7423563501811
84.5433771417468,109.263919738636,31.4971097583814,21.1475410155814,30.9805695013737,60.8301674809789,28.875490975815,22.2484897049699,27.5654369871958,47.9508996892844
87.0835566633136,111.664934129694,31.9040286164535,20.2962087963837,30.0080569864115,64.810876590946,28.1497621115327,20.5913123984063,27.1484470332145,45.9798960818979
89.4137591544043,111.436038444976,30.7573685467163,21.7518024195969,30.7266333415744,60.3316527399681,28.6900393194613,19.7712502853466,28.6991931024928,46.5614107127711
87.8329838387335,111.160794032548,32.6528956531551,21.9304716912467,32.3568520029367,61.5661641928742,28.2551627113381,19.7828724877226,29.7724663570208,44.8228840652699
92.1884505963789,113.458402179388,32.3281755015796,21.0286644043821,29.4236975824141,58.2521445096301,29.5123344101525,20.3559274188988,28.0968254238125,45.6038431361135
87.6033466994982,107.360882939261,31.1773805065747,20.5252581852447,31.2944427766485,61.9781500713907,28.1144138169306,20.2027574870481,28.8823440074192,46.5765522618152
86.5693113238916,112.256524862178,31.6255055328116,20.265024328911,30.5319088496613,58.542374812104,29.2825112621292,19.025452765626,32.8964346944431,44.2125339039176
86.72182863282,111.555803360418,31.4883351905476,20.1863026788887,30.4462281906619,64.6006061224323,28.6828738047526,20.6105329314646,31.8569508587161,47.3705403302194
85.757553899391,112.233337021306,31.8974335794105,20.8425735032789,28.1960220435763,63.3201517795441,27.7872175558343,20.5754287830333,29.1310108506846,46.1342615634838
88.7064492924066,111.825959955566,32.0358107662202,22.6224600361969,29.6084864123319,61.6974427062162,28.5208214011139,21.156265407823,30.1715262079929,47.1999505397251
86.8315862330968,109.563935689744,32.2734439426945,20.55396235197,34.0848159381905,60.4329764347133,29.2287842789937,20.2723154853914,30.2500105527218,46.8119010557011
88.2361360332702,109.430307706918,30.2104730821904,21.0533115740439,28.9775433446598,59.9120209621433,29.6903616406587,22.9831596865157,27.3184216396165,44.5935841632833
90.574542050347,108.870415561014,31.3167673894132,19.5009088874987,29.8824909491001,61.5270923743375,27.2595365289552,19.3368363226888,30.8943666007131,43.0254992904158
88.3969336115777,112.504683355866,33.2944760342129,20.3613492762081,29.0042757268779,66.4906403758805,29.1678482383086,20.4364429028561,29.6815959533371,47.4758009419641
87.2794596668726,111.248573695127,31.6825170940952,20.0974438759096,30.203410487883,63.3350820312346,29.3613068093254,20.0149615694104,29.0132264043027,49.6460020087733
89.50188126229,111.007019190898,33.0731324499228,21.140750515644,31.0144551064453,58.4718895539965,28.5170343157371,19.8423265988318,32.2949251143935,43.9446454640103
87.5116288622442,111.58364963538,32.0419874366264,20.6027107199576,29.7009865252541,60.4252651493023,28.0555516191965,22.2726558625476,30.1056366278832,49.2458671332104
87.0560558172055,115.23686205226,31.7925253019291,20.7371151463491,31.7933386527234,62.5904257353889,28.6152785847641,21.3447566793225,27.7952409925716,48.5258121297662
86.9963711518531,108.498398675321,30.9876967886697,21.2067556313192,29.4492474126919,61.9494986940072,29.1167764242845,20.9531117263127,30.5089491883275,44.6469497321961
86.8494343802007,109.305594731346,30.6214801702338,19.6304662758275,33.2537920087762,56.9497854483476,28.9379812393009,21.0105828133366,27.5101541668379,48.9871236171052
83.614823771,109.51755048978,32.7901504516417,20.2475000537785,29.5542400741044,62.8353581197309,28.8534118576451,20.0283649857587,29.1983243314516,47.3221932608814
87.9087160109484,110.192937122652,30.8435918066688,22.28473463199,29.1754243409223,61.7343538898256,27.2094639557574,21.8722445643287,29.5067631978746,45.6930005451046
85.412588409554,110.108689401588,30.937800346229,20.8500253392352,30.5135091736744,64.5784501255245,27.1231506396515,21.5121117543405,28.5999506037215,47.6529069181905
86.905205456959,111.253181898359,31.2211039525337,19.8387945973845,31.0914340356515,64.0556067738335,29.5452936272276,21.2144425790237,29.2864464882516,49.0945944044677
85.0313282007061,109.4048306037,32.7891585214545,21.6252770324892,28.9734496729605,58.5555123330434,28.2841486195108,20.3487035757564,31.1353862135599,45.2660783441492
89.3074137868256,112.04649370503,29.7245196910774,20.2457557124224,31.6396197617317,59.1067745951636,29.1887423558108,20.8582402475186,30.5547540713254,44.8583861495723
88.3572588250566,114.185213783745,31.7041051762688,21.6696086246631,29.2334497552076,65.3344686155703,29.5855796576597,18.8872330142277,28.7013061634696,46.758086104713
89.4090496121271,112.490751589417,32.2523573715893,22.1996398146641,29.8058715961275,59.3630808709549,27.9019695753487,20.3517462357878,29.6793787427858,51.7680868445773
83.7920655658393,112.204828289553,30.9490025725493,21.7517673350571,32.5031497357559,58.2869991587019,28.9477736566142,20.8317620080982,30.5679264904378,45.153289664471
87.2066258999072,113.11267126796,31.606673969245,19.9188111561798,32.6581147111206,61.8446351134431,27.2709364766702,22.9522259716074,29.7468568067801,42.357778828273
85.2457060116771,116.261373436587,29.9916606963811,21.4016916598383,34.1990653358518,54.9686185661663,28.7195186209061,19.1594727775733,28.7651574056003,45.9706139574634
89.2822642581213,111.139720581342,31.3734444243796,19.7911333537118,30.0367476469527,62.6370757742926,29.1492073274461,21.178238191356,31.3622526273514,45.5414444241853
86.8995540707246,108.944583818454,30.6422832341478,20.9831571892334,30.5274379247658,61.100085619216,29.2080781199764,20.9240266729002,27.8905458534923,43.960065248086
89.5629337501422,111.553261175338,31.5120062373254,20.3755553785448,30.9798269831351,63.3443285715049,28.4901492473103,20.8482735378263,27.7265122857258,45.3369416162533
88.8419666363217,113.537982397278,31.1575846713612,20.8610252005108,29.1128156081417,62.0052054786704,28.2265391484067,20.3447173669815,29.2401503516644,49.4902301703107
86.8750189941542,111.851065950689,30.8679396000687,19.5113732175376,28.8504900391039,61.2356436751828,30.0366353790676,20.8422993580555,30.0621966257625,43.9993333068228
85.7956410025195,109.896555580431,30.2574111531556,20.1184390682947,30.6695325930497,58.2222823146447,29.4885294615942,22.7084012393369,29.7142256643944,49.2161189205352
86.1610189416565,108.139382433047,31.9201695144811,19.5255318310941,31.450530442622,59.7291883912839,29.5188817683824,21.6430201859114,27.9058927290235,47.075055029444
86.0327657142026,112.828624820181,31.5305537170251,21.2626771583265,28.9929276260069,62.4177328642663,29.3228914300767,21.0287473266906,28.8218653901422,45.9771407948038
88.2142468673971,109.22556254993,31.8096517022646,20.4961422504278,29.9427913858554,59.7708372184994,29.3584567140475,19.4859265137096,28.7688277208939,47.3323346080392
87.2098696958654,112.927820923647,32.6679482081915,20.9406954688559,28.4548504049349,61.7539046200725,28.6814182564261,19.9495496319222,29.440539509175,46.6698362159652
86.7709375546077,114.505643311855,31.1176605851537,19.403569753538,30.1503398753105,61.7364077279294,29.6324073101231,20.1206638139057,25.0826749229122,45.478067110613
86.2770550424659,110.095594374833,32.2501517237216,22.6721366481677,30.5680874159144,56.3814834728503,27.9997887639617,20.1299103878936,31.2220217032724,46.4220295450845
88.7362626914216,112.04271703649,32.1696502496505,20.9442239743827,30.3555677078013,65.4147325764022,28.4949039428642,22.1164421341999,28.6594788341384,44.2291575583042
87.1808183287615,107.673594095906,30.2252131964167,21.6200037897794,30.2669566178815,57.6056105319659,29.2282850395973,20.5285073094683,29.096548068708,45.1354836339191
87.440647005175,110.506255785149,32.9687910304506,19.8494642978703,29.0263911785099,60.6374465594398,29.7079271066645,19.6800596522647,29.0936201994788,46.2613505533614
86.3130427670363,113.323144111914,31.7245138180716,20.6710053197108,31.2026734826825,65.0560063920217,28.8999686496763,19.6996139750794,29.7930626665204,50.1546752667288
89.2766439070066,110.675155795899,31.5654456053222,21.6964844837403,28.4031077225592,61.9700937022589,28.4455688986988,20.9305082796398,28.3838245309192,42.937661120682
86.8835853196338,108.879538252019,31.0674940308486,20.7864114632119,30.3029287693295,58.4610087770742,28.2658231245451,20.5984556836911,30.5779592605733,45.3246820533709
87.29607552202,112.250360952028,31.6182959566937,20.2241975566699,28.7995334493245,56.5745146881415,28.4343541383312,20.3288359717438,34.3362582476781,45.986912331816
84.4641903182743,108.434799807011,31.3359573525855,22.0174639985266,31.7840621329666,66.6019040110373,28.7723651280203,19.4587123331456,27.9435227845672,42.7202292721593
86.9333578171774,109.765578189371,30.3056899014504,21.6144345010887,28.6776026459531,59.8029607289252,28.6817768622665,20.9473749086939,28.8401184781418,46.3542304860748
87.0256770656028,113.278379508296,31.5090639843278,20.3621000841619,29.6464840351859,60.4004033998326,29.0208164074025,19.6215209512225,29.0111442159673,47.8626814041163
88.1448046985734,107.833030704906,31.2035601924982,20.0807959054606,29.9834145850821,60.1293282291634,27.7098611470592,20.8648389346449,28.8616002576364,49.9891113141092
85.6363432935608,111.222508368205,30.2340729820683,19.5635822009609,30.9916238723955,58.2317044547245,28.0276603997915,21.3368306659399,30.0947669150062,45.0876955334584
86.9030281528005,108.80675134946,30.2684447482448,20.561074493869,32.6838979522607,59.8360628460592,28.5377911262438,20.6649063576206,29.20749926852,48.3846458492493
88.2826697248101,114.519231358765,32.2025619295568,19.9344046769424,30.6053198934548,61.6524908915112,28.5714641565153,20.631938819394,28.5982258621356,45.9647174502849
89.304180004156,110.95231031906,31.440683234568,21.5661650340216,31.4001750416679,59.4289821213874,28.4390084115766,21.2771591499331,29.1227262184835,43.308534418464
87.5446989050955,106.902781000248,30.779071060836,20.2288508359147,31.8060349125099,59.7411442940196,27.6498592048943,19.7477609142302,29.502575281625,46.4570910172306
85.5701023795097,112.81710051053,32.2217125668127,18.7987607662387,29.4512754277464,60.5684832823166,29.9426505379714,21.3752961106788,30.4289420951335,46.7933475278054
88.2847053131255,111.897550500793,30.7381907366818,20.6390439905944,30.6058883006367,64.2613076979036,28.3206533637232,20.6779438644121,29.2864549351259,46.2306340904034
88.747751371608,110.233230024944,31.395859446127,20.7972732842281,31.7627097605073,61.7967367466988,29.4136677304438,21.3713289316582,30.2576699153767,46.2396328724784
89.0142550384208,113.562221959955,31.8653121943091,21.5093632549146,31.2894007876395,56.6293139840153,28.0155037054942,20.8527653398275,29.6368255613726,41.8412422348776
86.4655590046044,109.502826644882,30.5132412290696,20.5774374095639,28.367906141579,60.3639862950741,28.2391477080292,18.6206976013471,27.2035626803151,50.4298954793115
87.9731475599221,112.885452047511,31.9833759714487,21.4305586405258,33.3604384022549,61.176870418402,28.5068629920496,21.0077551545415,28.799597059811,46.9329486855709
84.68521649943,113.211582653386,31.2947656369984,20.0715565219616,29.5996539294185,61.3886858737247,28.7882870974544,19.2342305267596,31.3993471830011,47.7682939429094
90.0555951236838,111.0804086786,32.298829067429,19.8482274933941,29.4731184055241,58.8721666218037,28.6864673181605,20.9606295361935,32.4829342712472,49.6330926777799
86.5410436695354,108.607126145277,30.8699425013883,21.0847235280948,29.8483211021454,59.6421158901458,29.5597501258841,20.5370223465295,30.893685429289,50.0237272202265
89.3221925566661,109.929566148342,30.3137312318655,19.4445733229811,30.3080496128135,61.5903672731635,27.4203340094689,18.8752233361914,27.0506541748422,47.7807501862515
86.8985627686736,111.033322757592,32.6124554428939,20.6296062055862,30.4460714834429,64.0387880221218,27.6920671663716,19.2819229023814,28.8810709571152,43.7064882487585
88.6063174893073,108.523127082501,31.3587157914614,20.5787095026428,31.5905707105097,63.9852142388123,29.666675044885,21.1444945213266,27.4031612450643,49.7074945978351
86.1534159108023,108.660447070184,32.5495465186374,21.7575408252846,30.3139476105457,58.492263800696,28.2686513168947,20.5261983281413,29.7803408773616,44.9394933526063
87.7366125659818,107.106493307138,31.4544015909136,19.7492924181243,30.2739617282952,61.0786010500062,29.8058873895445,20.7651610911622,29.3593261759879,43.8434475157239
86.4666835970292,111.609109113934,31.7189070690408,21.6030052828161,26.7357355374915,63.6995238561369,28.1293658986654,20.1634190550638,31.2134102577075,46.7990955169295
88.1389699316712,111.290902984635,30.8799165298738,21.1978343421432,29.9322982747659,61.9128671868115,28.7084702078513,20.0485281804601,30.6567472050616,46.0130565478743
88.3739415696414,111.090018987674,31.7699883354582,21.527516341357,29.0070507858867,60.2099581575508,28.1008520040138,19.4135107531962,26.5976871898525,43.8431570260954
88.7100385501255,110.978284787533,30.9842934285664,20.5086880725403,31.9980555985563,61.6761156053455,28.5416800794554,20.1765098345764,28.6320823769286,41.6370469730671
88.4635908486272,112.922185875187,33.0802867427714,21.2968975473312,28.168093626392,67.4447584794487,29.0420037488042,20.0202807448528,30.186457929212,46.5433701751763
87.3620425637724,112.110589370244,32.5325253833406,20.2022058373655,28.1756218379099,61.3826351014458,29.6603310884102,20.8595197823724,28.895701218914,47.1720492153386
88.315258827389,111.19045683107,31.4912293502656,19.2274644858501,30.6308631703643,63.9019512438841,29.9309629783445,21.1521568274571,28.6957140295966,45.4840774973866
85.9636323070057,115.182572219517,31.0911969487813,21.0366131173618,32.765770298016,60.0226050417629,28.0610702797651,20.2871102728038,28.5089260294261,44.5844240181499
88.0752996285575,111.647228298587,32.0248785104345,21.0687401226156,30.59239985405,61.6947614564978,29.3414263076793,18.7377641647118,28.8882996603887,47.1267427586386
87.6564320124456,113.25001347033,31.8923683590089,20.095447197977,30.5665632015396,58.4635453559642,27.4154665760899,19.4989008973564,29.4249116396638,46.2337621636402
87.5911368835967,107.661356209098,30.2535105155524,20.0149216998529,30.414389954919,61.6230047878005,28.6327681376304,19.0409260283539,28.1899747893785,47.7240058512115
90.2980432688481,108.483293920092,32.3297637187468,19.9230630150405,30.4970654904555,63.0536851025475,28.1109538841647,21.4321713960477,32.4365854295313,46.7426656953571
90.2750749649262,111.149648129272,30.9832333530988,20.8749266856326,31.8028505458001,60.6150839011307,28.1116902849222,19.9904832277333,27.6106176789289,45.5826065065877
88.1818530946079,107.520522635472,31.0094638236129,20.8345898512231,31.2273483627994,62.987121591454,29.2105586429943,20.0323114911252,27.9243031828249,48.9419135935196
84.769068031614,114.860780876239,30.841444442574,20.6603938381593,30.5546147110131,62.1532256738006,27.498371979019,20.6020778577132,28.6110409547234,43.4242069954016
89.1220489724347,113.661833795217,31.0153849175618,19.8574469057638,30.0148041776319,62.7957852246877,28.082420859595,21.4112354731592,26.8395356873374,44.3949352522402
86.1269433017892,110.153996080977,31.0748683778639,22.084039275069,30.7506295437954,60.8348204756109,28.4742027628733,20.4816489440549,30.6298493232441,49.4120322409149
82.7877550539332,107.417552553103,31.1820694748021,22.8870977699951,31.2104085864495,60.9876994179353,27.7727909818449,19.452132634009,29.5741601760617,48.7128500890593
86.152565222848,109.351054989636,30.2025995951901,20.2460776094397,32.3629536527985,58.3614215675697,28.8060426744527,20.7473332759294,29.9529683694433,47.256970747259
86.8976282729933,110.718314204411,31.6814047574481,21.0592066621981,31.3910082211452,61.8269375705304,29.0712846585296,19.9669724320197,29.9328039278289,46.875419417616
83.4967662564825,112.168255521285,31.8124167382518,20.7961949616734,32.577801378878,57.370672026544,29.0888939513868,21.6437651387824,32.1325417187052,52.4736927398005
86.5918801646155,109.436148328379,31.1267964906749,22.4132445513979,28.4233962358908,63.2498923748656,27.7608170272485,21.0148700589763,28.8466503769374,48.0532844721022
87.89054902197,111.397695876485,33.3165697462418,21.1856580988421,30.9352986027524,59.8511462604508,27.7253234714201,20.4262852832561,29.0521996276509,44.9949831039195
86.2849489248821,114.125687096886,31.9911231066364,20.7559110128161,30.7205838842532,63.0926430100684,29.6588004932326,20.1595343469698,30.159785797491,46.6645829513843
87.1563281751684,111.774098087032,31.0881276452158,20.4800386376613,29.1166633895608,64.2383755246024,27.7939515603337,19.8298937691833,30.5018225067873,48.274862451338
87.7667942996103,109.122480805515,30.6349773126073,21.6998280254805,31.4998038358103,58.9150624947862,29.3961817175692,21.1878574567779,29.6968960089181,43.4034010541472
87.2435874645417,109.893185496802,31.3648734129686,19.4745619374222,29.6457993721715,59.3870609417075,27.0193506842614,19.3545071872035,28.3671586558286,45.6132141676794
85.662807776369,113.561044032043,30.7482213637619,20.3104005882176,30.8998197732598,65.381682813063,28.5952417844026,23.4850088982955,29.652923107657,42.3708146192124
87.1330454935591,112.036785634783,32.8716101333166,20.5368884270068,32.5167765481598,62.9963813100924,29.592597020774,19.7828124410105,27.8599748274906,48.9244364914909
90.0974943760431,111.231654820059,31.7768837767109,20.4554919874281,32.1248819562615,62.8400435304487,28.4228274200255,20.9466627813953,29.1648635645689,44.7985310564672
87.8811723773173,113.342045302612,31.1341634564169,20.7540311455938,30.1071915661443,59.6825268002183,29.0571589296115,20.2836074714349,28.9187426575417,48.7762605163401
85.0322715160484,108.169855582128,32.3933661103105,21.4116615339427,31.3455740487807,57.4152061234258,27.9197132184456,22.6145081322919,28.3335236974386,45.6117769477183
86.6893246851055,111.207230037591,32.1852336879,20.7107715540605,29.8843176724956,60.3684353398672,28.8267642926055,20.3699050484488,31.2295991340961,51.7378335047231
87.1320279914299,111.920802328041,31.6271983220023,21.3013378482508,30.8229562935541,61.7921431444937,28.4288661845065,20.9710428393407,27.9743522488999,48.8663645411543
88.3536676305816,109.417889837988,31.9431228541198,21.19193149522,32.2947942444862,56.6938532023375,29.5133534806155,19.481766258221,28.9768746270189,43.6046128212142
87.2139116347157,115.096030068113,32.3999333201755,20.1068597006348,30.2355706155907,60.9524804479008,29.2946621739384,20.9046292925726,30.0298968432158,47.6109742785658
89.6440005534017,111.540893084218,31.9965605826211,22.3870754037175,30.1619062858991,62.437944636226,27.7762458502915,21.2525427072545,30.8501159122139,44.7645232934064
88.4382661543433,108.645993322126,30.7414662139545,19.6917468720477,31.2715355675781,61.8391754412928,28.0031910586317,20.1730661393154,25.3181113657965,45.002658930736
85.3499270488385,109.683344747107,30.7691310970466,21.4965364128695,29.7066772864368,63.6224635062891,27.7600564885859,19.8248703653141,31.4558989316659,44.244543123832
89.7968139445221,110.342688215555,31.9688563776794,20.375265233616,31.3234938980907,65.3555051567914,28.4532735827587,20.0896565028894,31.291561523857,44.5995600923634
88.2901137352205,112.467847227597,32.3711015741553,20.1343366615501,28.6943666130977,59.9452715815172,29.3157596871846,20.3085327692966,28.8886606762141,48.4061839071862
88.3310727520817,110.891190650437,31.3364006686287,21.9975800672938,31.545810702093,60.1460488422193,29.3749460346529,20.4138236703665,31.7137069917738,47.1631666907299
84.8708340161878,110.461413954325,31.2317700509704,22.3217719359383,30.5581202140072,61.0911468082634,29.5572641679352,20.2277234437974,32.1430900676823,43.3352858762989
85.9017649618945,111.267759681429,30.8430710219396,20.9599849760982,29.7942893007327,56.7093147407794,28.8925865134452,21.1078088979151,29.6310094376593,50.1422791857094
87.2752494737153,116.572868104646,32.3042100281436,21.7711267901151,32.7128828429078,64.6860967332487,29.2249168860557,22.7190571353884,30.7540544166444,43.4228484357931
88.427134934494,110.713326537266,30.3769077665366,20.6430641765099,31.0928960394889,60.5127336168501,28.8334762003783,20.3121710830947,28.9472013336664,47.7144257096091
87.5516789679466,111.32277269275,33.0174661720627,20.3641982902131,29.9170192978126,62.0550355121202,28.6613521708247,20.6343687817139,28.7458062813637,52.7501337915075
85.8603198102902,115.117029507367,32.7614620191884,19.5065110432584,29.7473862160956,57.9732130022787,27.9421085140206,20.8034208735478,28.9027597912955,47.0774229273018
87.0022753145233,111.82393197098,29.535600402288,21.474955471374,30.7221358528634,62.7765831929623,29.9757952783446,21.1377997138992,26.8470846629963,48.9766722802295
88.9003074146979,107.698420790007,31.7429044439842,21.9074778767573,28.5509025410151,60.3444821671414,27.5310914998476,18.7825355997213,29.5325096137795,49.9008600821899
86.6309336291349,113.098321386852,30.7783655461682,22.5847567186544,29.3114199662197,61.6337189984587,29.7069984399414,21.7790836389289,28.8310972337338,46.2925862238904
85.4018950313866,114.017465361927,30.7698472019988,20.7757427534018,27.8635532750647,60.9933201720668,28.3753949903153,20.3036668197222,33.2814063128399,47.437074276289
88.203454416914,110.45980359516,31.0199087271023,21.0673609473612,28.6229599245838,60.9726853738046,29.2992427024918,20.4506792730011,32.4220557044295,48.5363815383477
87.1463195689796,110.982698626492,32.4619572210812,21.5058616966504,30.6279317933294,56.2919227120513,29.9584704960275,19.7365162747171,29.8315887469438,49.6232392056572
87.712986514333,105.900465622504,33.5962181896432,19.4482769652561,30.9630822937618,61.6978016132709,28.9834452661408,21.7150329876122,31.1997204587349,44.5178945239676
87.4335024826156,111.537378895151,30.7338236680041,21.222476689759,30.6030979283937,63.2374758554078,28.7002285210732,21.6911679503616,29.7855345006698,47.8276836326581
88.2922434365864,111.929615439224,31.1369815736689,22.2859533696843,29.900513817915,56.862921759639,29.8947164077334,21.1529110511834,29.9002711915082,46.7471815498499
88.1372149351909,112.419935407448,31.7377843663292,20.3197586257872,30.6990758044629,57.5881021636404,28.5168564956676,21.119620184427,28.1236267827594,47.5119802214173
86.5028493799975,113.692604735445,31.1032444153947,20.8966013724569,27.7360785710056,61.3229098802815,29.4410089566129,20.2855034900417,29.1152914923892,46.5614485578035
86.2925234023703,114.635119595708,30.3289673365626,20.3885705608359,29.4386140068632,58.1121517372986,29.5609124352359,21.4921360304956,30.6440044709282,48.9731381083507
84.031312096133,112.684386735139,31.019920959432,20.4253576965592,31.2954954196049,60.0741443329014,29.3063929656952,20.6318982147461,30.0593488117757,46.0510105337149
88.2028803451297,110.879784952621,32.8534672649786,19.9034031538524,29.9389898906294,59.8519947671329,29.6280429981409,20.5361424297292,27.8936544361019,47.8713410678985
87.2416441160551,112.262219705267,30.1632794119832,19.5369340562272,33.6027102857135,58.4900983968476,28.3165776400684,20.5587320851431,31.6299366262888,44.9746003738002
88.2926858650863,113.290644379047,31.8341043950114,22.0049678361317,30.7484171897152,59.2542458627151,30.0773804418017,20.5804201824522,28.9688426372991,46.9147740324452
86.2130650813607,111.374631063685,32.123961890054,19.9931505062891,32.7096307502992,57.6676812651455,29.6889432615831,20.5801721428282,30.8618805831237,46.9589028353032
83.8107081299565,111.666597497602,32.0952198974152,20.7592640414137,30.1969664800049,57.5239054921443,29.3687576318037,20.8000116982643,29.8475148950963,47.8106427922185
87.9815111444929,114.4711273443,31.4546384226143,21.4378520944899,33.4179742557253,57.3845017212405,28.3792589879881,20.4819772938301,27.0388901054462,45.6681879365015
85.9814135337462,111.326305731526,34.2104648474945,20.8664246467106,31.4661466499353,59.5147004894775,28.6144209333995,20.2459681372452,28.5558645688724,45.2609966952292
88.3479084952142,115.828386249948,30.3984396082462,21.5844737811663,31.7848024200082,63.3233398953465,28.2487374501566,22.0672848090089,30.090538843682,49.0727835481458
89.0450557436509,108.567120612679,31.7727966222339,20.4696943278166,31.5537974884715,61.8739797763201,29.9957008100061,20.6614449094102,29.6940726173289,44.3787223320635
88.8917690685316,111.800442895125,31.4731692471996,19.9237350666327,30.383033036343,63.3408819714358,29.5013523920743,20.874041965398,31.2638176566863,40.2897780741126
89.4601652480613,110.280088140661,29.880746704054,20.7406243156514,32.3108378220748,57.5074280139782,28.4495477329865,20.2403606355139,27.8477237899333,45.4132962207548
87.5079657359645,111.23624252738,33.0745858433858,21.0195573945429,29.1475812290317,58.3433855446994,27.9485647955768,19.1246730449815,28.5123562961094,49.0424599821564
90.6856641466328,108.348595048335,31.6191149437542,23.3913332038381,30.9164114051669,61.7624423517107,28.6401701779523,20.27105537481,27.988027694724,47.7248653615832
87.2252646575863,114.170725827706,32.1419181672664,20.5290031288192,29.5332473982591,59.8333160693895,29.6521498433377,19.0397628442017,29.2988936906722,44.8292227943219
85.6560368356311,112.403343435748,29.6494977826649,21.5386517291258,30.8269940124134,56.5076492372079,29.7848191893152,19.9978018339966,29.7837280522657,44.8962460978968
91.5095433913803,114.223539866124,31.3414785821571,21.028646623805,30.7485405064331,61.0448762014773,28.7512292429811,19.6433997102146,29.0525446562386,46.4763183551332
88.7449989619577,110.293278652987,33.4420306340355,20.3705900884698,29.9326522319137,61.192897558167,30.2539065437014,20.7380660433864,30.0717835636684,48.9323955405685
87.71514011302,113.051627295211,29.6989449184283,21.4027635057871,32.6231512308457,58.763316237965,29.2146324154387,18.2134341980787,30.9992479584794,48.5154585648172
91.7000096825176,110.229755464203,33.1754083462353,21.0398810342813,29.380130566367,60.6603116377803,29.5681859359745,20.6068950902063,28.0770725869424,47.9116984007931
93.0741736099591,114.695201902406,31.3139593465334,20.5897652976199,33.5240168776929,62.1928611143986,28.4303271663864,21.6839846548332,29.3823163146129,46.8742834674022
89.6659336989307,110.353029018463,32.6091612320404,20.9485728243211,30.3791993646398,60.8527828161018,28.0079605260808,20.0308716238,28.9585960308653,46.6903996298657
88.2838271925698,112.88242414648,31.0451706329012,20.5268307514768,29.9097681758043,61.6821745643967,29.5110389428362,19.9009418693317,28.5688530256713,51.3060013868815
87.3216040009912,111.393986617352,30.7873889058907,20.6688843071489,30.09289049936,57.0091279598179,29.9714234995653,20.9920391616577,30.2139196617282,46.0607642072885
88.1737175861678,113.132150562182,31.4581444273514,19.5540481334245,30.3254425133166,60.1886998108341,28.6258210431596,20.9992791073709,30.0527946630159,45.3935638576099
89.6734636819996,109.279104255528,32.5869703750594,21.5468935348069,30.9263982014545,64.9656101990884,28.8571088625306,22.1503108094952,26.3794968860911,43.7986313685904
83.5955419564371,111.248915328914,32.2874120813393,21.8018922948976,27.9302316668972,61.632438629744,29.0241836149478,19.1913967956466,31.2133220580226,48.6683265954863
90.1891197029856,112.086968265156,31.1311966516686,20.7012121405969,30.3104895056021,63.3723513583064,28.0992984409543,21.3879907263328,30.5771899581696,46.3294431009451
89.7690624655643,110.628941679596,32.0287820595532,23.3680571691359,29.8155042464776,63.7162120174455,28.7000629124883,19.7338514618356,27.7252794231669,48.4081742634399
89.6376127998195,107.785536784594,31.4968352589947,20.2191878943003,31.4769704172074,56.3330431811213,28.6551862276344,19.4361100981788,27.3042097727248,45.7437679854798
92.3021530034341,108.298944551142,31.4425329858824,20.8421911401255,30.0076888493475,56.4339365640574,30.3021473186442,20.6851083499038,26.7340221594629,45.1716101606397
90.3141397028439,115.397807791714,31.2346620036969,19.7441376566131,30.4556954589256,56.8365842176013,28.3072614399091,19.3600592869598,30.2767296318567,45.6607868486439
89.1814335402584,110.756802205532,31.9547873522631,19.9873857459876,28.0013903540522,61.6496990853381,29.2141217417949,20.4554264420179,29.239935250996,42.85782170322
87.7454638845504,111.338663549648,31.4271181464287,22.0227196038175,31.3836471221562,62.8547623527043,28.9780290516332,21.4909422902794,28.5924972744549,47.2068822697763
89.9355333376834,111.424060626653,31.9731890822175,21.076441938083,30.876793259448,62.2583257680198,28.7980164190714,20.7753299178568,26.3991904393102,44.0627052515967
85.0732571732363,110.202373622131,31.4985167874121,21.6547315155957,32.112801141499,57.8941388813236,28.5572117208187,19.8218726182433,29.9829112923374,45.4597052138035
86.2228984279697,113.882107660414,31.8211805483309,21.2870583842332,31.1809230650213,57.1694640059601,28.4659282204005,19.2995328344478,30.0511157549692,43.5503798146819
86.2016785374171,108.750897630274,32.4002446909711,20.9775768708048,30.5078252414252,60.480035679933,29.3300057066259,21.7202153625951,30.2303022984509,46.2776524313364
89.1519897550311,109.350967848752,31.140971352205,21.1970190847108,33.4557570780403,66.4632068284126,28.6476475041899,21.6109958610524,28.5056305063357,47.5097697697807
91.0982366693989,111.98123678005,33.1358593411983,20.9186809728128,33.502157142613,64.9361619582584,28.905745092177,20.7398251311508,29.1254206534572,44.8913130342637
85.5212995372535,112.766664016511,31.5632633463878,20.4146366489355,33.7247880906166,59.6765761210807,29.3195783241757,20.4905581126712,27.2422465389038,49.8964768719644
85.8741654890807,111.522800894601,30.6139773359912,20.500642975164,30.3015592360687,57.9998669283501,27.6569792659939,21.3964506225321,31.3337439070033,48.2179539529991
87.4492546576487,110.546594452409,30.3155627774196,20.0328094510583,31.2816146475607,59.0655879274314,28.5485397645016,20.3559193485185,29.1067295926864,48.0594252392541
88.6221931293956,109.901765134506,32.3884414307213,21.3527020690773,28.8420720807048,59.5139811631527,29.0943240265458,21.0390058625963,31.3302012851026,49.7587304002244
87.6888362981211,111.71765877621,32.3246463507661,21.253113920726,28.3284604695873,60.8641446961496,29.1074474416603,20.7112865594653,29.4209569645366,42.4730587262791
86.58384467896,111.75244920286,31.2559877508221,21.7110243113998,29.9722339257001,57.9339531562337,27.9295774578053,21.0162259080221,28.528949640952,47.265533910989
87.1895937750988,110.735320056954,30.0964089155117,21.0751607304818,28.9208471764231,62.2390652802358,29.2048720662655,20.9652094839633,29.7229635891936,49.1484459663028
87.7485062259324,110.312622379902,31.1999990945305,20.8646803354272,30.6231966544196,57.7195196997438,29.3028765695566,19.8174021775316,27.9428756181861,47.0943735422389
88.8384135377171,110.424840183709,31.7589173598673,20.726895502952,30.2733436237955,62.431582852853,29.709349553203,20.7898377834712,29.1687757455519,48.8809251684638
87.3007272342,107.729552761074,31.9269679244393,22.1001868002955,29.4214418313702,57.9797402720471,28.9768985808362,22.4575929698104,31.34437088496,46.6806862790524
89.9860339691763,109.293300847124,32.3271081828891,21.0844120870301,31.9684792840431,61.4008055869316,28.3403845891485,20.0910645339592,28.1734078001973,46.8442681051984
83.8366116614988,111.316444946953,32.2110007940791,20.3772964752972,30.7837246946423,62.9242561819365,27.672694957921,21.3404200663741,28.6827869159841,45.6428524430211
88.5773883746768,116.339398855253,30.9458847223134,22.0780122740237,29.8381972938756,58.244915914923,28.8413687723891,20.3451340393739,27.9129800392385,46.5014490941823
87.7196622759005,111.104723497401,31.5287952678906,22.401888626743,32.0145077732955,62.2258492828169,28.7523135286754,20.4072879294271,28.3366671390887,47.4506902163815
85.5587550300297,108.365707445594,32.3400916399465,21.5747528243976,29.5576194403955,60.8313095194666,28.1449109248296,18.8432882217127,29.4835560696747,45.4974756292496
88.8718299250625,112.370782076952,31.2961510921854,20.4922414082685,27.9126758810439,62.1945788118766,28.281453711255,20.3653074256666,29.2822322439432,44.8898276865257
86.7547102831532,112.812232894466,31.1954039584595,20.5718931447026,28.9477770684707,62.4460849250286,28.9522654012582,21.6942343680976,31.6446480829784,46.3889705332198
90.2166689220009,112.583995880837,29.9603633844058,21.5074519332216,32.6695366190626,61.0814395786465,28.5259122855974,22.2102208854323,28.4980922826286,46.5275605522874
86.8394268479239,109.371398492836,32.3381513795243,20.7741326623476,30.0504922263034,57.1760775317081,27.8430693218894,20.5403227850524,31.2309237066931,46.6007553506669
86.1848194962858,110.388540956849,31.8276401843528,21.4293590032952,30.7388718652976,60.6328725747156,28.9005624931274,19.8109538138205,30.3766041571597,51.3619957189966
90.9409765154182,109.80623551159,32.4628631754024,20.146540270384,32.1327580715645,61.3253527144271,28.6298710728842,20.2419592490132,29.2098689566796,46.4261951339918
87.9172969950591,108.691096445963,31.9566709036125,22.0438708664824,29.335924154544,61.5115906948796,30.0820940044302,19.0649910921796,27.4806114009635,45.5992147102359
89.9747882619947,108.743932316974,29.7494683849208,20.3327130110327,31.5078020867563,60.7990464202535,28.427785892657,21.5771347157691,29.2676674282635,50.4926711768594
84.077223270952,109.973802950367,30.814257894222,19.8746110174336,30.9186536890083,62.3080911356162,28.0573852654938,20.3303527101435,27.4374913663932,46.9012800948643
86.4988802137356,108.783205177145,30.3222324674774,20.199946407307,30.5429159980498,60.5086885291334,28.6695559287796,21.8483143573627,30.3683489521688,45.9348523593498
90.2006129175941,115.613337549231,32.0861771931016,21.5912569796769,30.7950774588389,62.1601478184586,28.6432185854003,20.1539303709017,27.0405984320723,47.1082325172753
87.5602551927311,109.796722946313,30.8257197311481,21.9714953291349,30.0377465892665,59.8393469658816,28.7306418588117,19.6757155841303,30.8216998383713,49.5315947510499
87.4903538779402,111.516795752371,31.2593696731736,21.7459177349811,30.8230946767655,59.1721254812486,28.97706019316,20.5163065330638,29.3862437992275,47.442796734359
88.2023205811008,112.05341543541,31.5700541980467,20.6103732409392,30.0514883169067,65.5586673264804,29.6811536424477,19.6862571022284,28.7949275909114,45.9445115986585
85.9362806060868,112.054405227158,31.5571379749356,19.9919176120175,29.5349841106708,61.3463808498496,28.1709728431222,19.3499223962729,30.621180928086,48.2948664824384
88.6994053001645,110.906552961252,30.5606387336606,21.9465234916825,33.1009868561566,56.4520160423842,29.2315934222077,20.8813675548581,27.0893748185447,47.3359293378655
86.0913755588439,111.108627450471,34.0336868919421,19.1524616525624,30.3602497911728,61.4357699503304,28.4643084453075,19.9877549532734,30.3977313942368,46.1902745354465
89.3838532217682,107.831157949755,32.0707007239115,19.1417249966206,29.4858341102257,60.6586298448711,29.834540619236,21.3276707992968,29.8622137166928,45.7054246610628
89.56787447691,108.660626987599,30.9735385749794,19.496257057009,29.2164985007721,60.633599033197,29.0706250887605,19.508855100453,28.9742968412553,48.5124591865267
89.4213070153473,109.858534711498,32.0058643925141,21.1561738600249,31.525071561262,59.2569988721746,28.6008869709431,21.5838664388072,30.9415306187078,49.9866446817644
85.4174479228436,109.281084934996,30.4761254293088,20.7880669483926,28.4460627306878,55.509429826575,28.3634095392815,20.5029995733894,29.954486762998,48.1327317677191
90.8562163902241,115.313579818579,31.200605536118,20.8798293948921,29.309568491425,55.2705658248587,28.5468619000826,20.149919396629,31.0162399164208,47.0612527845669
92.8323301818235,112.262400257071,32.454369709611,21.8234363229763,31.1054749441384,58.0873718980789,27.4201060190861,20.3603408017737,29.2397566782966,46.6463681109222
85.3062146201646,108.37297090068,30.2007654925294,20.9787361994718,28.1290653330063,57.7436642861487,28.8188966380542,20.2377778361497,29.0957014517459,50.3558627361019
88.46116254636,114.973338661996,30.9482427482729,20.10737522818,29.5445417701663,58.3817873009336,29.7867675826118,21.6299888949818,29.1278009299176,48.315170208531
89.1155338634608,110.601635857898,31.2782264062497,21.8139965615108,33.6630282469351,59.6808722107335,29.3600876607351,22.3038469782727,30.0697946501036,46.2069341273164
84.743425947711,111.845853090436,31.5795527166324,20.2754260547908,32.5022538865677,62.4650236739006,27.2365776315779,19.4058498741076,27.4155341812949,47.4893650794145
88.5715262625795,112.169328935749,31.358179304774,20.9611250453907,29.9297881874377,59.909638411956,29.3572779290426,20.4914421237736,28.7557504826355,43.4186311397484
84.3583627516761,109.097486975441,32.6643199535048,20.1720702325823,30.4261220910706,57.9918818805727,29.3319773626027,20.8406342401034,30.4348815284149,48.2057751968778
87.7852327637107,111.371169435802,32.0077613069302,20.486074064761,32.1782383321466,58.3349421067233,27.7584944122516,19.1762194147368,26.0402751580784,46.410080767658
89.2193545964957,109.901609512612,32.0236213239744,22.0889263985058,30.1969378602532,62.2726736276444,28.6889450292013,21.2993505676749,29.5483901401292,46.6763556527336
87.2459266091352,108.649144738625,32.3147881675955,21.2278500142752,31.3914100284105,61.9075387150083,28.2481675460783,21.0353559253051,29.7261285922095,46.1445158907836
85.0439304777664,107.993228369683,31.4338387375893,20.7371266882172,28.2025252239714,58.9689340116236,28.3217357976847,21.5357712450982,30.1448569217114,48.7193994216565
93.2210616038236,111.210299663377,31.5229322165074,22.3903249418851,31.0894979388982,58.1874608330518,29.492771237503,21.5382691894451,30.7997193049758,45.9944222193658
86.6557833577658,110.941076694819,31.9050381321358,20.7369970459467,31.9800125447713,58.8104874384168,28.8432271762573,21.1633590242155,29.074202709708,46.6443710240811
85.835533773121,109.414183115596,31.8265393338862,20.4980604299808,30.1669987274292,59.8998790177254,27.7584792062139,22.3623000794545,27.6544492151532,47.0948059768953
86.0348032032705,112.504849624277,32.3853772803154,20.7730892521362,30.5076125677876,59.4717394079405,27.3888897712275,20.9591364870669,28.8144862245746,53.0427133662809
89.0674253891613,110.394737578695,31.6715345154626,20.5502524602706,29.291012551083,62.2414377863832,27.9239539079201,19.3415996237235,28.9637487569769,47.8855482189075
87.2004247048067,107.601168100455,30.8758964443439,21.6019674603307,28.3818916684847,61.3043114506929,28.6013666435242,20.1110338306596,30.3992378113045,45.1036575978284
85.3330195082834,112.879359511973,32.5325049133333,21.6709701710396,30.1898728432955,60.3237951224626,28.0630565868017,21.383157986044,28.8619252196697,46.5403015194553
85.0658603084118,112.562391088967,31.3508019131435,21.3271058568397,29.6719666161279,64.3698585004397,29.4889534482452,19.7109719507408,28.7209290321411,48.4691418205719
88.1229006793455,111.495390876984,31.5135685026617,19.9161837001901,31.4082189817849,63.354947133517,29.3899599271675,19.6914357374659,30.1152311540593,45.8519111054884
83.2430002930431,115.340850060328,32.1498823158037,20.9525044004753,28.5085371093831,58.5300728655954,28.8432201791366,21.1283392099513,31.4348618447828,46.6407437206871
89.1689860296663,108.211428081378,29.9101092666066,20.8231866979066,32.9294465373335,60.5980580871245,28.2043903772078,20.0914786855565,29.530595647238,45.5999963151439
88.659889356789,110.326963866302,31.2296823670876,21.4755263715602,31.6109758905762,63.0733258774356,27.5122361898059,21.2240594682253,30.1896033934841,48.7803868863662
87.5866490293439,109.261473010761,32.4126325273665,21.1022824717318,33.4345673861423,57.451617728015,29.1291786320305,19.6482082256348,28.8424998091446,45.8778138726166
88.097103196489,107.855869283611,31.4533248802308,21.2957352738279,32.2040916600856,62.4845086285592,28.5649348010365,21.1159435931024,27.7443377953684,47.7823166695752
87.6263804971472,111.856828104716,30.6871774038652,22.0194924441947,29.5028781022427,60.5907621354041,28.8940877087595,20.2360221352683,30.7459881502989,46.8902306340742
90.5895265969933,113.219355157724,31.337657136704,20.9756689947687,31.2259047943816,57.5186759981004,28.6437438208325,20.8702867505279,28.1993974525809,43.9165965594582
86.4796449294034,109.419248558269,32.3030285916961,22.0951674727394,31.7042053246535,59.6170401954847,29.4374289764363,20.0667408326146,27.7317293557219,43.1186607136867
86.8440943657289,109.896818696148,30.2924371556299,21.0764196298142,28.3006838695822,58.921320502577,27.3503989189554,20.1072177170456,29.1414253519224,48.9264228200076
86.9176728860428,113.38654743082,32.4734193653913,20.6732452245681,29.4825505429129,58.9403448340139,29.5228435352631,20.0614545819739,28.5039696151365,45.8422224805797
87.3940994498215,110.090725737155,30.2714128108726,18.6212005353276,31.3695492481614,60.5558176610548,27.391463018763,19.9955741163492,27.0373334983682,45.6269459935094
86.8573628470658,112.2015703418,32.6880029951446,23.1159473149622,31.4509148345018,66.1446453176884,28.6529455083891,20.4343690718104,29.1495633048156,43.8388754977678
85.6691366309359,109.659678484643,32.0418141710373,19.9556601755592,32.231577085934,62.0103205922516,29.0662275758036,18.73849815447,30.1339909165282,45.9975072851911
86.6111653318338,114.748812397793,30.5640168694965,21.0831574177591,31.1710537829057,60.8161256320735,29.7733357354436,18.5798662006514,29.6307339611302,46.9095928842178
88.5510259685852,109.691428953622,30.9266018158487,21.3675970745778,31.0782379727059,62.3090959675309,29.9715845408798,20.539558782227,28.1583385053916,41.6252250812173
87.0549816124132,112.06806328599,31.4666637755891,21.2493841452092,28.3126610840634,59.9351898336982,28.8685759054963,19.2389186116167,32.0884884186235,46.0916079089619
87.423857405236,113.602128083569,31.5404172332359,21.515080351101,30.0445609122672,61.0033864996135,29.7767658136839,20.9321800049912,27.4670738020955,46.0596870474899
90.8516138810395,108.177427196156,31.545369268702,19.9762126025915,32.480014779825,62.119965957881,29.5900903097284,20.9783007189115,30.4635119991774,44.2587920278572
86.6358719403898,114.15822300189,30.7260349582177,20.4659683522381,27.810790212077,60.7346273963494,28.5388820829844,20.1685565545105,27.738131489954,44.8232809178701
89.9633314900964,113.06004507061,30.8153200836378,20.6596527571485,30.6357837152243,63.0451452873747,28.5824259322534,20.6383006437209,30.4693764799844,44.7556755467402
86.4381463389546,109.163799021993,31.9374064112755,20.6695147024185,31.9462939847433,58.1516608318438,28.6674969487664,21.0451950862634,28.9420749690022,44.2804514711519
88.0626071274432,113.835045786437,31.0436257186979,21.2101807093651,30.5841912776344,59.8205926841728,30.1604121843844,19.4586169329582,30.2126596638475,46.3098785129507
87.6655947027826,109.720598705475,30.2294234580881,22.1549832967509,31.4099295011241,61.367405848528,28.4856961167623,21.1665511293633,28.8499953793646,47.6738460741741
89.522316887461,110.056144286728,31.0614957490159,21.9244166269538,29.4883700073524,57.941101900347,29.5070375210659,20.9350657318634,30.7206872936479,50.5181225217034
85.5488499425106,110.937700785757,31.3192151006228,20.8750413801272,31.9080453005435,56.6320216470058,28.1624000981027,21.0649804020694,29.6603073838179,50.9755201975028
91.9992313195416,110.607421024868,31.8841947490274,21.7463133624743,29.4272828140817,61.1288062442985,28.4681591681871,20.7757408311147,29.921326948377,49.264442638317
90.1374998146229,111.679181443268,31.6063772835057,20.6395681866173,29.3159126869733,56.3215412858912,28.2708892959103,20.2185091489207,27.5433951544077,45.3551190652939
86.8933172940556,111.048367469584,32.0700405251523,20.6907247116942,31.3233651423289,60.5761590804409,27.7173128862639,18.8868779715405,29.9292128430876,46.230099644021
84.5028666285291,110.341152139913,32.0213385780381,21.3916932736053,30.0735897470525,59.943099723544,28.8468861549481,21.3430381118156,28.2954950588679,47.6434184367569
85.3965925415304,109.389331435226,31.0576259414603,21.038734987713,30.0110032142975,62.7501579635989,28.7972744199866,20.7039293075801,29.2839710950711,46.3541777225624
88.1844811313755,111.685617232099,32.8946573316962,19.8391776009708,27.9586347074667,58.7200197231703,28.6809281019617,20.7246124258289,28.9181674991936,45.8607908689346
87.8130413423838,112.06197917598,31.6460063607309,22.0497598380501,30.1071431896681,60.1641663091002,28.4126845328082,20.3098659072542,30.7682068456517,45.3853102446754
85.5476621846521,108.67803379453,30.5906141025571,21.0572479018597,31.3482736292939,62.6831494570542,28.8720611700962,18.9542972303958,27.0380617948588,49.2853977748309
88.179247739226,107.858900859832,31.3949583762785,19.3414868557809,30.2122055661539,59.4793644445045,27.5835680753412,21.7773845088181,28.7821912451426,48.0625934320553
84.9614905603043,113.935831850337,31.896112753068,20.3594398155028,30.267222442303,59.5171608732515,28.8532159633887,20.1225599649562,32.6188056627117,44.8613983897711
89.9013271575485,110.227670042499,31.7201419805962,21.1273314755265,30.3205563091578,62.461690788458,28.6377001176074,21.9321367158249,30.0527165034037,47.2606756711889
87.6429718583777,109.087843008293,31.0810348955916,20.1265165618708,32.8328001896367,56.9787600655076,29.5508538403073,20.1963063712337,32.5188337094281,49.3302907957936
88.368752022041,109.520961314187,32.6565392803372,20.6333511283863,31.0043582976317,58.7844277055094,28.8389479418359,20.4388946966421,27.4711764544183,48.5716930685423
88.7350894335207,109.874695875959,31.6107880919868,20.2775004187896,30.0025521109272,60.4468265095727,30.1828318931166,21.8081821858539,28.7283988640356,49.5727621444648
84.8933162834812,108.601784929746,29.3713904884036,20.9475666358815,27.2687226143339,63.8485796130589,30.3242715532027,19.9544118396252,28.3896365379851,51.0837803191754
86.4502183782627,111.756662837783,31.256987896571,19.8877276525655,30.6420239239053,61.6191862318798,28.2472992358635,20.685263421185,30.8780712963457,48.8507980790871
88.8547217964338,111.058370881968,31.9286794716689,21.5439171045325,32.2993219036307,61.5460018111914,27.7048523073521,22.1184396303943,27.3715336338051,50.4444318282835
88.5990436737371,110.903521122978,30.504629619242,20.6871186607873,31.2595895002228,64.8298648296443,28.1661721697823,21.2927372172453,27.9363039152266,48.6442406653348
88.3578389328586,108.958641800891,32.1153135130744,20.6393288534775,28.315558863546,63.7540458327758,29.957783461922,19.7528930873293,28.6345560671199,49.6885301328933
87.8885269487098,109.774435151146,30.4277099307317,21.8843837902766,31.6067006014269,62.3446166958916,29.1835076734418,20.7686361751778,29.8702025952902,47.8208582538498
88.6378141642796,111.500763810042,30.1733873913202,20.8309643247831,31.7127339037387,57.932855396303,30.4988549448047,20.2722508420239,30.1433007453715,46.9954184651983
85.5580700122672,112.273556392265,30.5078826598996,20.2510519357121,33.2821111504253,59.2306449206916,29.226359078092,20.6223945535352,27.8646679146832,46.0232583327813
86.7707599151161,111.086977561283,29.4981213909105,19.7251707436733,30.4938122959811,62.6669149469592,28.2281530231856,19.5836743272195,27.2098887635773,44.7446704932494
88.2021725996924,113.089020346715,30.7077997546827,21.8854287817754,28.5433764640547,63.4535405950144,28.1114136756502,19.3661600346327,26.6151198084578,42.6001312266661
86.9583760522753,112.977099829515,31.898293532055,20.4313946501417,31.1519343787969,59.1059168576232,27.637777913113,21.6211537800742,29.7688118497114,43.7071822210134
87.3622028870461,109.228509246523,32.4784182115542,21.1255195995501,30.1496154613679,58.5773726478305,29.1872305811994,19.0121845743101,30.2010913518877,46.5818818906827
86.1003668649537,109.812515258842,31.8823790214606,20.9869658080304,31.6369596017236,58.4280868062748,29.2640903492121,20.2089741502673,31.3652211303083,45.5822739838775
86.9636601844843,107.239553282587,33.0809345093714,21.0191977681236,31.716006775302,61.3308520081337,29.5268094442193,19.8363063072307,28.2002783496047,44.4726589214226
88.0427312506358,113.144460597377,32.2258224493749,20.4778045231426,28.0581372061512,61.5557268751421,30.4621276972797,21.2083519063319,27.4715797782362,51.2939262471
89.7116416221111,109.768500859689,31.6008877196289,21.9708802651547,29.9078265312128,59.5768302481532,29.6581293093172,21.0501282700019,27.5309624230727,47.4788141432787
88.1738412999171,113.443383266808,31.5102985613863,20.2882244943978,32.0501030074916,59.9668037526131,29.7270715045644,18.8467502068778,29.1249305129736,43.7368439636868
87.6603113975146,111.267686324417,29.9694276121181,22.1559366329948,30.3027632753012,58.9961786337906,29.2097799840301,20.0420387263924,32.2088259699977,47.1409528466353
85.0494572142884,112.385741414449,28.7544936272209,19.3094324650029,32.9170547400489,58.4953010081965,28.4839041548947,21.3463692842225,28.4080884578229,47.542901522714
86.9947429547879,112.453408165098,32.5160777962849,19.7428145777004,32.7956465867287,61.7263318811198,28.9356689309577,20.7858482154024,30.051899008008,47.6665484453753
88.4005054511287,109.436251622911,32.1332931622676,22.2765590614895,31.9393392873215,64.9939689911886,30.0049299879721,20.6972135988696,30.8815422280943,47.6240945391797
90.1489571175163,112.37059340788,30.5428506202287,22.2949045049798,31.1457215259698,61.2765507994474,29.0734179126249,19.7165941546283,29.4918859589363,48.3344661390982
88.6737172213011,109.685629572767,29.4843198723278,21.0880297568265,32.4820495637388,60.1307232468397,29.3590036193701,20.640940577013,30.0777963091992,49.0132192595708
89.4482318815441,112.808264187754,33.0090158518756,20.1923763667681,30.6016581494918,57.6152539805736,28.4784732772636,20.1410366022486,29.3251234427676,45.52897388576
90.6638311824562,112.287380358634,30.5137486643952,21.7709811191814,29.5003414566067,64.0514976944344,29.1369520453414,20.0193153608022,28.4091006032666,46.6328585442364
88.4555939575459,108.984282139553,31.0841710432625,22.4441219820484,30.7713768151915,61.8950620508871,29.0177154833248,18.8548447960448,31.4381837435095,48.468474813076
87.2569873883665,111.003683392205,33.8923479716806,21.6644238461567,31.0688948457527,60.1200461917482,28.6631616141553,19.4181514687293,31.7151375571171,50.1733573391317
88.8241396705472,113.10473251794,31.8177736345694,20.7870981495881,29.9029644781036,63.3401634221322,30.2999636222793,21.4439400090241,29.2492975648638,47.3866295244822
86.6619316977018,111.307961299271,30.7009382777391,20.3606918696279,31.8332409751328,57.7024369706275,29.1141522922831,21.4149718823453,29.9678488087351,44.8396241726321
88.791204175586,108.890140699307,31.9905960756382,20.5038392232999,31.3577638602583,54.4627980833544,28.7995492159326,20.3891821437265,27.456639424411,40.18611146549
86.6511526191837,114.039232283947,31.327930222338,20.4850794359458,27.3350545861608,59.8937818849114,28.8397255380342,19.1209054224871,30.3191405276289,43.433845914143
86.8354013066165,111.634346207941,30.2167162616475,19.1046587064578,28.9838071187055,61.1640900728399,27.6395744933775,19.3521675011776,30.6074856040818,43.3082123600626
86.7141482013625,108.955364989454,32.6562782891085,21.2260290957655,31.2273754173664,58.8161459997007,29.5661399308507,20.1558980809096,29.0236309253569,47.7181006072457
86.3146410852029,115.471345440547,31.4384061023544,20.0118928125639,31.1280779844934,60.7653548362254,28.8485119736219,20.9065439510883,29.5947925666932,46.9038846512037
85.8585459425156,110.004615878105,31.2631014587443,21.9211490753664,31.8337416166505,62.1347522933386,29.1433760357419,20.1280267769552,28.4193564685369,44.1752770749182
86.5534515554189,110.588813261902,32.1220717875829,20.3736740854573,29.6252202844214,55.7441939302202,27.774027443368,21.5051233970034,32.6481527044974,43.9614167304933
89.8763108274702,110.444788815446,30.5136597272744,20.687108344968,30.3165587906478,63.7288114176143,28.149798835839,19.6229779435677,29.0555243798981,44.55013400964
91.6137289751513,113.878213971945,30.8244014976092,21.9521190390383,30.8385422991958,59.2036161388891,29.5710495698318,19.6029013272071,26.6421450607986,47.9269180870103
91.151700235839,108.803530749922,31.7599566831876,21.7712671988737,31.0202948929597,59.1938403809513,29.0199763363936,21.0744071697294,26.759627844281,46.3072710156361
89.3620727965069,109.462326959098,30.9760363050141,22.7196537471942,29.4915760312002,63.0544709123474,27.4261243427831,20.6570139778055,29.9736822072165,46.0858458214468
88.4538009784138,114.900871798281,31.1797619321664,21.431231637764,30.922590513347,57.3877298676229,27.8149891870278,20.3312418429526,28.0532848599632,43.0329793326767
89.7896272325147,108.731277038691,32.895682303901,21.189583423979,31.6500458862903,59.8337424561587,28.4723105493939,21.4137687268996,30.466640048473,44.2248949562837
85.6638074398543,113.906178350304,32.1620590920172,20.3075779343385,30.5224209216994,60.7542625809543,29.1684273759104,18.8233315127409,31.1573582996084,49.0572503947747
90.9089957086028,113.04126774588,30.2252503057995,22.4236958162018,29.8639134945793,64.053169781593,28.775447893024,20.3961476877042,27.3064465064503,46.441650666637
89.9500066846888,109.587253914837,31.4609353401377,20.6476892504724,29.9912908601957,64.6370723798957,29.7452072351982,20.4868323901832,29.4017701657746,47.4272263125438
84.9361210865599,109.780328543737,31.2407272983306,22.1064335556636,29.6256208600799,58.8261217993188,28.2534479473884,21.2843195075319,29.5146030872241,50.1761234184725
88.2131069637009,113.89191853922,30.9080002693658,21.2744521911815,30.1148776443366,61.2385489960516,27.8634961281552,20.3422449515458,32.2766531902043,44.0329685487702
92.4884520485885,108.415418008617,31.0994874072169,19.8654712519121,31.0867504683214,61.2973728960211,29.308583679067,18.7291700187652,26.8643357192675,48.0646851898192
89.86838527348,113.91917676195,31.551201161644,21.9994222111866,28.4310875946177,58.9147704783495,29.7910269154327,18.8838305823585,30.7520581264631,46.5318287215868
88.6625953857576,109.627648907798,32.1732962967443,20.5047222619204,30.3632877985879,60.3293638638626,28.0419698123407,20.3427772404557,30.1047485224847,46.9906505904368
87.0219531480569,107.177429653788,32.1394425311264,22.0293584233022,32.3718635954444,61.0910698979094,29.406797230769,20.996575965237,31.2765224992012,45.9934787686354
85.3276526288095,111.135584892582,31.2131988613876,21.1338451632443,31.1335438556661,59.7797187888,29.5980452800157,20.7775434759891,31.9689895997272,46.6649899336335
89.8860091366144,111.782619978905,31.3787715267199,19.9097110005016,27.9588637406652,60.0510906123482,29.1762203817523,20.9302644550887,27.4360485343349,49.235461903028
83.9157942591482,111.514503541004,31.3502055218426,20.3715952008489,32.0403275775278,63.8019510271081,28.7022861907408,19.6764732435716,27.7207141994459,50.3953498981971
87.6609815876461,108.523014320351,32.0297296992156,22.0044870002355,31.1517565859011,59.4197753979043,28.1806161594506,19.9419786197953,27.6407529625616,45.3758526947774
86.2453775146923,109.643376868378,32.6379923101506,20.1871483882252,33.4127526283243,60.0520142452637,27.9569404728592,20.010875323685,28.8754139351511,44.9526136585576
88.0123814976359,106.119038056353,33.0488025108857,21.2701001378853,33.0014838737126,58.9273484757739,27.3558651366094,20.2676230649213,28.5274143533188,45.2728596886393
84.8161051074611,108.030747365679,32.3864124271631,21.3444708681283,29.2025392274854,65.094572744972,28.0600982722141,19.8349380287465,26.6243958047364,50.7403727720482
87.7579828407548,108.305403754397,31.9767697770395,18.925543083996,30.588936926443,61.5420624894857,30.1316874900649,21.4293785422398,27.3460906108086,50.3339114271086
85.635061081374,107.753836025007,31.187438182733,21.2893251588414,30.8949645047289,58.70124687509,28.2393035488662,21.8202243709299,31.1457188769686,44.5584074196713
84.2953272122434,110.641677607973,32.5863417424767,21.2497763973133,29.381471315759,58.5271034424917,29.2042984360522,20.8671888218975,29.3891872220214,45.0240177577671
88.1638041675698,111.027158715715,31.3516994272957,21.5574438046729,31.3441917378871,61.2749788814528,28.3428203851251,19.7325702718499,27.9679614556998,44.3002528697684
86.3418103987903,108.339395881742,31.932958316808,20.4596770623325,30.4478544410367,59.0896697748638,29.0853842077263,22.2221649213754,30.1538107453387,44.9612081057864
92.6505478599433,109.610591605602,30.8174357049814,21.0691412810067,29.9432257418202,61.5670914128511,28.8931920714901,20.5631151323257,28.6746255100933,45.7131382119308
88.8252198956166,112.534177978633,31.1944321929408,20.4477125044244,30.8015501066775,63.5563405562901,27.3583367345546,20.3591388832024,33.4800869724065,46.6897780624798
87.6400879219448,113.832505868776,30.725693183207,21.2710396103186,30.2431646710101,62.9751248936758,27.9727494315525,19.4417179492862,27.5294316083307,49.2300667510378
88.7482465839057,114.369767894785,31.0255065990767,21.282513443097,29.3231856646775,62.0584363463175,28.6029462694977,20.0621411114974,29.562913192014,48.7596632349236
86.5566277433233,112.565050683687,31.6335929086285,20.7500137323805,30.3276498205919,64.2010846930921,28.5884763792241,20.4538867235814,29.1225794910607,44.5550680267085
85.4646662567928,108.900525299472,30.2750232035564,19.4632383822738,30.1169833017175,61.8981248324477,29.906864336945,20.5500585141149,29.8369378655138,47.0186408309352
85.9033901694698,113.995988604554,30.7603205525583,21.0029101113439,27.3246699457122,59.7679572178351,28.3045844794892,19.1650417613364,26.7954813058481,45.539599557475
85.4250039756557,105.616257793334,31.8093861542218,20.8185411833482,32.9775123133942,56.3210019258447,29.9225152524019,20.4172197571773,29.8515988482276,41.985039174538
89.6359854330628,110.264094267678,32.462334559264,21.8760210110038,31.7320592485889,62.3449325486612,29.4724004173664,18.9540501542979,31.6534091016376,45.8548482474227
83.1221594961083,109.013661014288,30.2537193446162,19.991802629973,31.3779731943664,61.7972730564926,28.608257049356,20.8014748729177,30.1139348879675,48.2624785296957
89.537968047031,111.457916110002,31.7888489776357,19.5744849540528,30.1546634648082,60.2825164297167,27.9260199235768,19.49562339009,27.0880387738158,47.1436207125931
87.4306453917113,110.734890538827,32.1490921509317,20.8912712069923,33.3615106410791,59.0731272446575,28.347733463582,21.2489924399415,32.0172786447695,45.6417870285732
88.3468794633671,111.316899364412,31.2479972363603,18.7635027350891,31.7382581738326,59.2091037241469,28.7344082027231,22.5166640883635,30.8837731533943,42.983563311677
86.0543569783045,114.71002551409,32.1679041281144,21.0979947764082,30.7119973640374,60.4187554120417,28.7770106950763,21.601972098188,31.6116087806958,47.6646900242427
87.443145890237,109.856177294484,29.9508600465389,20.0915358007238,31.6156937251674,62.7449618143832,28.2354806039114,21.0364353208648,29.849227796422,45.8853814364869
90.2434433607778,111.050778785847,30.7679274922525,19.6219045866779,30.840351871215,60.5444210123167,29.1632004976367,19.9524769464691,29.3943866032039,44.3940786008943
87.8688702121902,107.596599035713,30.4163794015871,21.7277390242981,29.5620947583853,63.1340859481083,29.5812792964752,20.1937036782718,29.9649639396773,43.6685109069564
84.7356794281055,111.197787015084,31.5369015293692,21.010307864387,30.9016873694701,65.4090405656573,29.4666786600953,19.251131483089,28.5395055080202,47.4039654326556
87.0971650771145,110.718410962092,32.1681872452032,19.4312390592065,30.6986275638423,62.118696670208,28.5954629631193,19.9493802943617,29.2618429170472,49.1711852909745
90.4489403813819,112.289494524657,32.2965260774175,19.8376091146499,30.7383554933099,59.1647538202229,28.7961439128136,20.4644111539594,27.6239180091905,50.4426571890988
85.9982998162363,115.178584000068,32.7515368746193,21.168245888722,34.4635827533685,60.5150168014719,28.8914214411589,20.4844080566122,29.4970020439763,48.6772163789615
88.0777520778285,111.790164774975,32.7546933660146,20.9570295354305,28.8879271073988,62.2597236700156,28.8689764655283,19.8174604450709,30.3705566416974,46.9544051305045
87.9940103455377,111.742470522752,31.7265330342612,22.05275731806,32.1441363430855,64.0721742289827,28.9562853385603,20.3668999547369,29.4821369306888,49.2355461555366
86.7542581881063,117.660834518309,31.6801111759231,20.5213569371571,29.3149098035946,59.2987321972631,29.1056418167672,20.172500728383,30.8529748292384,47.6184152463681
84.5288387103831,111.331807142249,30.4006587057403,20.9383212916276,29.1443669606515,60.4005632670092,29.1755201953387,20.7569884271717,29.4363685695014,47.6414079358253
86.5725177627529,112.731884714983,32.7606833035563,19.2363301394887,30.9141440776277,65.9606189768535,28.2867773178743,20.1350692497515,27.7405644106204,47.2073422436423
87.7543617278398,112.041724823866,33.2517360991374,20.9811336994122,30.0932574853294,60.5706052736492,27.8695824586217,21.1097915503145,28.7258750597542,46.3873330392013
88.297733340363,110.87918612308,31.8678764091439,20.6680748288323,29.419181931002,61.2481227569109,29.1579672335515,21.3061045303937,30.5392556091571,46.77093021247
87.6525232170828,110.639831351474,32.2769525709063,20.1531530108951,29.6942937919588,61.1510499941953,29.0754289315669,21.807500765162,28.0552082324802,44.3839759045194
90.2317829219831,110.048440756179,30.6467785752313,20.8572997795974,29.2892345132345,62.0434550340059,30.2854727948469,21.1375182272482,26.88212425284,47.8127855077823
89.238167423529,110.409111618626,30.6479823733542,21.3821872110472,31.4236194503533,61.390258671294,28.2277209822878,19.325077456236,28.7776979318387,44.4875728714494
89.8370330085306,110.659481859166,30.85892908092,19.6048061414057,32.8481039877333,63.791111707949,28.2066940982533,19.8717184598833,29.0947729073346,45.266370823497
89.8256890318474,106.663040041694,32.7031008708817,19.1617656677824,30.6709960071826,57.8232424412089,29.0751201013515,20.4188351919833,28.3865988421116,47.2347671009535
87.3844310252959,116.092605748631,30.5894912750578,21.9724834426428,30.398069475889,64.5992859691821,29.5989450732175,19.8506890349698,29.846342601039,43.4312735647549
87.9580138198402,112.340983515169,32.1265022673896,19.9729330629455,30.918805205812,61.3517534034253,29.1064371903413,19.6594856186159,28.001010505974,45.8085179000525
87.1674446727599,113.29290955178,32.261788664267,21.2138586378056,31.3278033002159,61.7731213872929,29.5099019063267,19.3690589438905,28.9058092563789,45.6651886631065
91.0163218053169,109.393066985252,31.3286585574518,21.2499866690363,30.5609885056144,58.0821226297356,27.9889431751156,18.8805074874171,29.7689751909119,46.9844841209407
87.0677224015459,112.505475916723,31.7561350545165,20.2882060320868,28.1559315522818,57.4296503725259,29.3061031887481,20.8112352474257,29.3170588749393,43.9640108502417
88.2411287203884,113.104400060779,31.6002310768192,19.3936025533836,27.8797659512199,64.7637999142541,29.4114358048853,20.8190385854869,28.608506992557,47.2290261730651
85.6041815849068,110.569073059696,32.2623065640139,23.056522698487,29.6295333775293,56.2217599650055,30.2146342733983,20.1435342190845,28.3705356628189,46.2180147787537
88.5250778474278,110.422122737717,30.6522932416138,21.3335456676642,30.5753910451651,61.3791996378048,29.9139691098101,20.8647270865789,27.8891080194894,46.8022527128073
85.9067873932122,111.478899097838,31.282772335374,20.3818243035046,30.4284207894151,63.563273640107,29.2785435861423,20.904238444115,26.1555388904468,43.8976139116985
89.2644547340247,114.738740934632,33.3320674116215,21.1873176388824,32.1990300128025,59.8192636827512,30.0422911539935,19.9522508050721,28.3746628068178,44.9699720555403
89.9428598259079,109.543596480817,31.4694824587777,20.7006064637029,31.0043073911891,62.7832166351437,29.3312972187156,22.8715649175682,29.570756478725,49.4870163097552
87.5280426342945,114.162051616127,30.8783408288486,22.5832084637242,32.9581981227675,59.1182324946164,28.5822088086552,20.2896453872523,31.5721518182408,47.6705998768026
87.3716795192745,109.78195744186,32.0798484325368,20.7368091374114,31.590188324281,60.705580265971,29.4383930691075,20.920363960409,31.2003099665295,46.9915508430197
85.4435657775437,109.90534231485,31.3254710240209,22.1249726498714,29.6761764384018,57.3453472442245,29.8844159779129,22.0057698097137,29.1276469051641,48.6298405851969
87.664597714548,110.321955965396,31.4371823002542,21.8822015910695,32.3902406696385,58.5830197749683,29.1346033122786,20.6680424173739,30.3873074436771,43.5380907211249
89.1105133593672,112.80630229986,32.8265504804634,20.2125393037005,29.8904950709133,62.976048589897,28.1106959581409,21.7054694588692,29.2883392623813,47.8425241421545
85.7613609569461,108.254986246165,32.0271711282261,20.463480423485,29.3260181140461,63.3897332715084,28.7870859612479,19.3191891787076,28.3862029263724,49.0032954101323
88.3866452752534,109.259055636319,33.8527283047108,21.2305238357327,33.4201222934602,60.8343195626802,30.1956747667638,21.1348296642697,30.5295837694405,48.278079182583
88.309606816929,107.967385003996,32.9800499707219,21.4716378712449,28.6818660147854,61.3840130547127,30.4601921153305,21.4615525765814,29.4123129102011,47.5145312674249
86.126667127539,111.58933694368,31.1989055961259,21.315366347586,31.0863001249885,66.0962057306476,28.410761826297,20.6642612370271,29.7122524907241,44.8660765296718
88.1857822792237,109.016439245007,31.7182697570057,20.1209086175334,29.9452667432284,60.0929793422713,28.4140805001382,22.1910155140413,28.8101066804851,51.2005464211702
91.4930455390737,112.693824683617,31.2358891868008,19.355591777181,32.2993032999251,61.3351949665256,29.2533547637567,20.3091780084614,29.0265696415296,47.0363230069754
88.0259657690639,108.644052984683,31.2404694526494,18.9281348707115,27.1314373976098,56.8498911837525,28.8732850026712,19.9533337267133,29.8031538860374,48.8640517015971
88.1067251028684,111.556010175823,30.7904952772122,21.0830584931914,31.7228801541495,63.7853141222683,29.5598340066324,20.5758967910112,27.811878721456,47.3122799153753
84.840919928393,112.720930607036,31.0214889556344,20.4482804597354,31.3954229731229,62.6232508368002,28.9895257926426,21.018863470894,27.9150270919471,45.7273160626063
89.1041704262935,113.54735912651,31.024445854461,20.97953463422,29.7298527389727,59.2255790604224,28.5619129461585,20.8338182555706,29.5192660846616,48.9547082029507
87.6035458348251,113.45420600166,30.9193757752085,20.5243457110959,30.4035437802144,61.0466352081937,26.1020743630746,21.1541859977158,28.7260273077954,47.9491649254357
86.7796091710209,110.619522270734,31.357847787566,20.9404576560821,29.824815202745,62.0890451779335,27.1648946645748,20.4186670522758,30.2423207136895,44.6995567206134
85.3197198234714,110.835965556293,32.1032747709898,20.4727167197289,30.6803224896154,60.116756243478,29.5313566018985,21.5045226016265,30.5213330749719,47.2927389741343
86.7473890992985,110.820288543001,30.6649150405685,20.9585800161228,32.0962717548917,61.374124788701,29.1342228872618,20.4757951748722,27.8208978894368,46.654212104723
89.0215261197042,111.874271560181,31.0466462690549,21.1819646153353,30.285618899487,59.8560218223051,28.4386750061355,20.6637021863971,29.722664607539,46.5927098656223
86.3821222967861,110.218857521168,32.1733643100713,19.5453232281327,31.4404584852132,59.8460250473202,29.4196404639822,20.8313203103627,28.6998346438526,45.8120738271161
86.1649433197422,111.220185758457,31.8740414899443,22.1578547860351,33.0055926516788,59.7580708067165,28.4486888645151,19.9144492119819,26.0810299461678,47.8181407911563
86.1503801384747,109.602217851117,31.7703179713905,21.4804366907048,31.006855138295,60.6698402240615,29.3538399162596,20.4191884123667,29.4353799305921,43.978827754365
88.4926693370239,111.811639156454,30.6254346514215,21.4896339151036,29.9632284927161,57.4844147589261,29.9141875739239,20.9508075247195,27.5610073938432,46.5387049790565
86.3838920025742,114.29106202825,30.3433036465452,21.7477825098166,31.7889387309975,61.1019045231512,29.2393752186326,20.7304185008679,28.5593807597477,47.8915178295988
88.3795790702851,112.585165850267,32.2381114869501,21.7043228974366,29.958293223223,61.4592385319152,27.8411667197756,20.3555942768661,29.1922029687166,49.5068595265738
86.0551492772518,113.07883948488,32.078598262043,21.3658197662008,29.5592141682279,60.2184878257896,28.1457071357829,20.3703394579865,31.3544719160087,46.3176622485969
87.3870330296379,109.626793012866,30.2359382399606,19.6933958532466,31.2546164885778,61.0586269312412,27.9303787650951,19.1172887958105,31.5057543525571,45.8697875469674
88.1155921173421,108.200624379383,33.0140112245127,22.2305045295839,31.2810087125825,57.8010038620148,28.8096747853771,21.5007090924857,30.5531166243542,41.229592809199
88.4461064499462,108.918698744382,32.2221481862576,21.6969784307488,29.356175104753,61.7528695543871,27.8608979274427,20.6591135588447,29.0912300400999,44.8834107145541
87.1127237602299,110.406711131086,30.4712137540124,20.0881907887255,28.9640247592717,60.1333887999361,27.9203985978561,19.6159858209132,27.6598225408168,49.5037319053693
88.8715851943911,108.130755885679,32.77764755052,19.3144575446434,29.5760456362579,55.5559170319054,28.9385157942825,18.3692586535713,30.5097843683925,44.5175483408615
87.9885543170803,112.403015423727,31.8671875094325,21.2161457724674,32.6849456846025,63.7603963669793,27.9226416487671,20.6314173478198,29.9471090690593,45.8332295460822
89.3140511122538,110.93673464722,32.3667760773782,21.7481082426557,31.6314946901979,56.0347740943102,28.550744525989,20.1477887412741,29.5313369700388,51.1808159
85.6198554392687,113.584802574063,29.9394288807906,21.8392651208146,33.0070047500061,60.3207227816468,27.9574049158314,20.413123711008,28.9374394902234,48.4324722988764
89.6216271852177,113.70561917245,31.077322409309,19.6073944100864,29.8489166211701,63.4147566494945,28.8697588765901,19.9309284606066,28.7258338446235,45.2642746857285
89.7999167578692,110.103432476435,32.247290036775,21.6055191347703,31.5907523754169,59.1302410157136,29.3165239794881,19.975231563471,28.4522674534094,50.9164864822893
88.7696312422653,111.202244423405,31.4569184618778,21.1609392147836,30.6106812838798,60.3536541885583,28.3201572544145,19.6308543609964,29.4204758740117,46.0116051544616
87.7142672607604,115.290233587582,33.1753687062559,22.5540335154333,32.3606293429761,60.5432057239805,28.274939720298,19.2338096228705,27.8230499850868,47.1255318081203
90.5932538168423,115.531584405193,30.3456844499077,21.6905383092523,32.7634245078132,55.3327674614244,29.102557429632,20.1199775939507,30.8580999702949,48.8560309305282
85.4267550402234,114.437855494547,30.096529927572,19.868085421375,28.5816469119137,60.8420776899369,29.0613711324114,21.2505185720805,29.7994560475561,45.4004393195423
90.5911310209132,112.993096612101,30.3897431530261,20.7423001301699,32.965525310734,59.3773660761906,29.8709035048247,18.9513666206761,28.4915058448546,45.1382771534446
86.3154226620671,115.97478812317,32.0145972010853,21.1710903990122,33.6303427189003,60.7864854597384,28.6844366505775,20.1860451997699,27.5925832874854,48.3708689796278
86.096740473552,112.955499016131,30.4746172326892,18.9147449139839,31.6529688129894,56.4528820666146,28.4135640739203,19.4379240300005,29.3605221167696,46.3388478688318
88.8514197384842,110.663022617183,31.4264412404439,20.8446229475661,31.3556977369759,63.2700899604614,29.481373667512,20.8626910310728,29.3891409834464,43.65045315312
86.3486469011133,117.487556652854,31.9211588566699,19.6722756420952,33.880043881024,60.6884218917415,29.0919435489101,22.0931153595222,29.5554674269837,46.7362213674359
87.9449861744137,113.491204641809,31.7331618582661,21.4821280804001,30.983653342262,62.5967629505194,27.1114040010091,19.9106091125536,28.1278728443991,43.8810778994563
86.4914247206199,113.135161050025,32.3096439603654,21.0333940435931,27.5306347694899,63.1005098141705,29.5024777117356,20.5943064676482,29.84890261728,43.5802065470659
86.9028884953375,110.213335793841,32.1088892839138,20.4133257536798,29.8781004308135,59.4043035028173,29.8422369488155,20.5063000537448,28.1618967608547,45.7644084901942
89.770947910883,110.918351855391,30.6615735637263,21.8372768394893,30.6927038018888,63.9480478290114,28.7399796055724,19.5965881045874,29.0111156303775,46.339901582237
86.8548339496898,108.677104232599,30.8519393904867,21.8692780069417,29.9371937076507,62.6438981256875,27.2050404690402,19.1231408575568,28.5870929634148,47.6595419596372
88.5730823587097,112.388531861903,30.827321703177,19.6104420973448,30.300802840827,59.1440482680791,29.1359017788731,21.495014199487,30.4490002551898,46.375650782607
90.7186938830167,113.658881134394,32.3130942673432,20.6484471794809,32.0675071257419,55.6184666975366,28.8113478537051,20.4735793221638,29.850126324086,45.8161958246744
86.3974152006664,109.035851860318,31.8010001475665,20.3772912581762,33.0112964297533,60.8227821605001,29.5616602647188,20.0179054198618,27.4904535934699,47.9893875960828
88.7776792077558,112.010553957715,31.5105859907798,20.8680284111102,30.2194812597645,60.596895910806,27.6304570773329,20.6449012768407,27.859409226491,46.4529604933543
86.9193590294289,112.116363359429,32.7002727877911,20.4045739427086,29.5778253586538,61.3042926607658,27.5226205086639,19.6569378308325,31.9273427238786,50.4187493009087
85.8141037234224,111.859667924928,30.0942622176636,23.0145575667999,31.6104231682499,58.8458932568155,29.54828712191,20.7808590748021,28.5110665527315,47.7889263005747
87.8081665840419,113.014834881315,32.5120533621349,19.62830784554,29.1076755032197,64.3821052973768,29.263195443209,20.4263508468475,29.7035269101438,46.1595307128792
85.6349066170805,110.699209602445,31.173462415521,21.3503387410264,29.9255085959816,62.2028687875839,28.5272375708896,20.0563241286042,27.6364397232352,47.083207984025
86.1728806723174,106.52878880776,31.982127439787,20.4867669961598,31.8846820534063,59.1124998375649,29.8767311789703,21.7950115016223,28.9766390912991,48.9469222846632
89.0041200187978,111.349230522092,30.9821529568225,20.2757421309993,29.2625286946955,61.3605300221458,28.7328255668457,20.3806362766178,29.6056867237783,46.1745239158757
87.2557765452614,109.366020545519,30.8895624753861,20.5804058948459,29.2908339985299,58.1178391070754,29.8563424099318,19.3188935142491,29.0562460210851,45.8586148820374
87.2524525669037,112.644725093579,29.5129534253677,21.661475379542,31.2574163409388,60.5266301096496,29.7488175516543,21.1122824341597,28.2343986580069,47.6282897826562
87.0422645298102,111.30181212041,31.1455306863452,19.4782619920577,30.6280509688709,60.62463889192,29.0019286737829,20.7310571731217,30.9687842031733,47.7171965588013
89.5535304167768,112.027935214026,30.3524124337774,20.8983017406286,31.7877153708736,61.5938240950692,28.435918980393,19.2104649016666,28.3199074617647,51.0423113742144
89.2415677310806,112.92743367595,32.0678958475613,20.8319819164246,31.9648009390278,61.6670646992229,28.4041162564512,20.0592609778526,32.6041620833434,48.9168758807247
83.5903995322416,113.754694472838,30.1957252288445,22.323037521998,31.0684708542666,61.512611239428,28.4041730051297,20.4400865941001,29.6692931583796,45.5641699474794
87.2815838049134,109.074421693752,31.4024229478548,20.8148631663062,31.69240436146,61.2543486175221,29.7307557638338,20.6555555815549,28.1435397108795,44.9671590465804
91.2259692383809,107.433412238215,31.8356022269601,22.5782139757444,32.1776825182659,62.5681464471061,29.4555086248668,20.2079150529273,28.0607628783401,48.2499851345151
87.5024422727176,110.476097764174,31.9166502110073,21.4338526653595,30.1213503040637,62.8868884406748,28.3482459596437,19.6843945811518,28.593730583463,47.335003373563
89.3800969249579,110.975965501077,31.3880350846431,21.0365455596962,33.1046489156239,58.7347095076129,29.0291345036035,19.3150138810608,29.6386552579698,44.9676521423282
83.6483274900912,111.724196931884,31.5651023667591,19.6046551070779,32.1465425518817,63.079923616842,29.4787593495807,20.6503013064707,28.2896065863679,47.4701690068217
87.0684210572347,107.980744262963,30.1722241773669,20.8502688253826,31.5148229417052,62.5954387580124,28.7812066670853,21.1223865224602,29.7170449499569,44.583730583696
89.635615588545,107.868500087749,31.3525299996717,19.0980025560699,30.1873635134121,57.0560691315812,29.0842617976608,19.7132418333387,29.1428679697158,49.8273984434579
88.4606453775351,116.07386985518,31.0883227335501,22.167486905555,30.189882447668,60.5471394776148,28.6389321956062,19.7850071624394,30.4306818539287,45.1225774190784
84.4403539190575,110.962712720667,30.4424628810385,21.1206328420148,28.5033906916194,57.3171475234511,27.902733457532,20.5085312299849,28.773996695717,48.432979012019
88.9170937734344,110.637043313965,32.3004906865125,20.6945283466174,29.5154739099487,55.1135516965408,27.9399093247454,19.6242424213084,29.2685990294168,43.8743863980057
86.3731024968005,112.475513786891,31.6832901841191,21.668817725739,31.567434970594,57.7816827766988,29.137759389562,21.2772176439378,29.0518155082926,45.8316567571671
90.4187825133753,112.19703674806,30.1607013383927,20.9564759398577,31.1907049943869,59.0794557287545,28.7938126987107,22.3827827593871,29.0492877646648,45.2729118301681
86.2138839625532,111.351269414642,32.0282997838943,21.1993413809387,28.2735560136474,62.3062598607613,29.9316025908532,20.1182202676923,29.9722786021818,49.4591157157962
88.7078419974284,110.236560638711,31.5422616418355,21.1052584262428,29.4962704334877,63.1534298237286,30.0449121226338,19.7394094073464,29.4543157584089,46.0051222044426
84.0638375024308,111.464962919682,31.6537098699559,21.4276413644079,31.2785982316643,59.772369703045,27.5954515777425,18.530187917773,30.7519722086819,48.4510351329359
88.7223360671151,111.836381865007,32.0387339697337,21.4230205610368,32.2779440958295,58.4554513933498,28.9168203302397,21.2030589583373,30.0218518828285,45.937790271759
88.5242798504127,107.682008990956,29.3286767458109,20.4534469189912,31.6883116086916,65.6496437872192,28.2423130110805,20.2974221852672,29.4110931676723,45.5043838822408
85.4466049730614,111.82324940708,32.4115489905179,19.7421712711072,31.2502801974567,59.68834235433,27.6020118172292,20.6973449830063,30.3659720580907,45.0516490289269
89.910011250768,110.454155888374,31.0026926400268,21.1991692825291,29.510807212479,60.8381053711553,28.863213233766,19.9144287463286,27.1457987065649,47.5822037941181
85.5931407922552,114.990660798991,31.7564220870876,21.3671636272229,30.9313818116007,64.242977999259,29.2077774041666,21.0730824882738,27.4176983946402,46.2917326530627
84.8834318800665,110.393902391836,31.3456473318667,22.0455785311046,28.7896360702322,63.0118057122403,29.0014653824314,20.5957325943002,29.9607573178696,44.9542671010591
90.8501018149505,114.01258403874,31.3495023317044,21.0057170229382,29.7294635601209,63.2597969223146,29.0723786419176,20.5681025270238,30.5076522380828,45.2074417770814
86.692336529751,110.432418813467,31.5109493695662,21.2914655085776,28.7997734544475,59.5064591126885,28.0285521871156,21.1898652603863,29.4332861435104,45.2088945978836
86.9301946274358,110.805670573263,31.3900574278887,20.8894783160554,30.6561126408486,58.2192236594417,27.6562345680404,20.1958279585959,29.7196195724778,50.0546827530336
87.3601906158323,112.792653315462,32.7172638993183,21.1625828094139,29.6667498821191,58.7607683410834,28.0045072875461,19.7350520750908,31.5248633456794,46.7812057306171
86.6803791702347,110.481596605591,31.268888955007,20.6939453236519,29.944503172284,55.6502711076318,29.5284680441561,19.5749767504811,31.4070079482827,47.7654755560959
84.4073867532698,112.034814754296,30.8439446848348,20.1265312083684,31.3126325632005,59.231373142737,29.4917212457651,19.5290289878727,28.8074970468489,51.0913410399816
89.663486875478,113.476232471722,30.3689153017476,19.8895179848104,32.3643769878553,60.3725083031269,29.5304655784867,22.2845400849149,29.7146705023997,44.9936689804423
88.2525588130931,111.416805116504,30.5700556387767,20.8684262013381,31.0390400661834,61.6937374498983,29.1684795861895,20.6319570978347,31.1737841881256,46.2437827537768
89.8822757981199,112.314521760694,31.236445615874,20.6130887742682,31.9517872470183,55.1586053522503,29.3678704745514,19.7089053882878,30.6690601368164,43.5088612819138
85.0343371369304,111.793663453458,31.531246815836,20.3463624444979,30.9389099793327,60.6896075761072,28.1775427200455,19.4634355182328,30.5152595017904,53.2688138085045
85.8750200416019,111.015990956782,32.0075126068885,21.955440586295,31.5073248487132,63.3052126977991,28.9597202290509,20.3853658789261,28.8386563280432,40.7302668433245
86.7446608406759,109.089989192064,30.8533972036259,21.3397517561771,31.8845752106597,59.0164305505425,29.1241958439238,20.5999645409552,30.1621901721403,46.8379704204647
86.6039688439492,114.067673096527,31.8944378520198,21.3030170902789,30.4078496242519,64.6484545021221,28.9075367139109,19.3396841282485,30.6430985924506,47.3400695688441
85.1732423079775,113.915824045756,30.9698458567504,20.47357360054,30.0432776732533,65.2450995016671,29.1594325688966,20.7756525633277,29.702464897414,45.6620624169671
87.9123003041712,112.137358529257,30.9390367064416,21.7686118516861,29.5662346037215,61.0640958341546,29.3061621112762,20.3545058529914,31.6432101849058,45.0155691686134
87.2897660029836,112.150242181328,31.4256636673899,20.6466213059187,27.8941631724623,61.4121053228813,27.4202687976598,21.3684275270693,31.1965532299464,48.4992798689679
87.4747562169643,111.890919926567,31.1497902071523,21.9117051095857,30.1423356208989,56.5586148939743,28.8964267277673,20.0113430855267,28.5409946330849,50.0748739413697
86.3730047666787,113.923743285894,31.2697114394641,22.0691280094072,32.8428343168664,57.2599582786806,29.3763239141583,21.1331712498649,26.3318338493851,46.4650955005801
88.6344951601112,112.04797950417,33.0155843979308,20.5380823573892,30.4949981271171,63.2745318932714,27.909376893644,22.0972035578158,30.9381090863249,47.2864828843695
89.9757361111511,115.760329023639,32.0256217604957,21.1604942565614,29.6068532506643,61.276129481822,29.9751796609968,20.7457304410235,29.9228195742914,46.5406277700962
88.5781761455378,109.594902046965,32.0686242754407,21.4395594107071,31.5675698613376,62.2285845105993,28.4626362691124,20.3638417507789,27.9678810787734,47.6617276608716
88.3979875205811,113.806569374125,30.8891575622104,19.9921182305069,30.5141321637028,64.8440929806365,29.3323285132003,20.6237195218812,28.5097209325669,44.9357932307541
88.6786304977547,110.264643304739,31.758163711822,21.8840953427395,28.3914216917061,61.8428026877856,27.7180209064435,22.2301467271029,33.3526733013245,47.9239659004949
87.560015757147,112.948343211225,31.350397587954,21.3969730627463,31.303862356799,58.8132257669002,29.6952613551093,20.7865751628073,28.5040285378957,48.2626449276741
87.2702929777333,111.402559742425,31.2901734202717,18.6206530020885,31.8696050305271,61.010335067682,29.5664739379617,21.0715739609149,29.4834059844688,47.3342708187694
87.5749649263388,113.283775588242,29.0193184766907,22.2403179182288,30.5328064134188,60.858195365711,29.8611558939242,21.1407266529597,28.2534224333774,46.3783781492145
85.9107360429363,113.13219343678,31.4378684717446,20.236915453775,30.6567464518599,60.8445804414465,28.4455922034589,20.9342149894497,29.4753510250273,46.7176747793576
86.9023631657139,111.640281558371,32.2097707754003,21.4591839012163,29.8021822562807,60.3204769668429,28.711944890085,19.9344973938939,29.0357470918906,43.8769975669018
90.3991965560754,114.265373561784,32.2541925158605,20.7923122988549,30.4594261683659,62.4348745387679,27.1474369737365,20.2628836133377,30.2884836690806,45.000969323745
88.03150090686,110.730416441245,32.2086912164166,20.68442918428,28.2179894145597,60.8685399646776,30.2934602075141,20.5834220388301,31.5974729578539,44.2411244471145
86.097691016197,108.158742336172,30.412638466374,21.6304801584088,30.4245480272326,60.9030202955291,28.9203054719052,19.6981925739207,29.5456648035404,46.7717429595343
85.4717814962102,111.621086704249,31.3494981973838,20.0970759810925,29.3676700509774,65.4732095282959,28.3452446912803,21.8021008534823,26.8136641714826,45.829000931433
87.3274473238404,110.869891867897,32.2778856338291,21.5826835353845,32.5394643517432,59.4341729674128,29.6626321840704,21.02263904932,27.9534323750234,43.8090805504314
88.1833062081605,110.410621203409,31.7285199169636,22.9095805159821,31.3184462289738,63.645686538061,28.8033191928403,19.9874095987261,26.4506859636659,47.5883721328762
87.4804256209911,110.533924091287,30.689921009065,20.7839493706976,30.5555489890455,58.0585193281755,28.338155458765,21.3546998350063,29.0257695446571,45.6352198780054
87.5521984700796,109.800760861089,31.3952964019935,20.1519949679987,30.8485724987479,59.7570319547571,29.6906908208555,21.4510711383155,29.5521363270417,45.8919483649813
87.8931355573087,111.675719170328,31.7408837373111,20.9001037744063,29.9769188668471,56.8022642040037,27.5072350054216,20.3733459039618,30.4609937138316,51.226034161867
88.2084928256215,109.923449121741,31.5995445349736,22.3905021162367,31.0987689196633,58.5871229429188,28.0171617649357,21.0959085757643,27.995722007884,45.7269007348012
88.974516124584,110.212748502352,31.4311329411324,21.0967915020938,31.9524234033635,66.27375747198,26.452066711428,21.2398785002566,31.209785976595,49.0552913071824
87.7091493899407,110.741298583759,31.0025857052374,20.7588307066661,30.1953418360431,62.4802769551141,28.4569629998144,19.8262449867788,31.1078915744041,49.1040867320684
89.7419694130083,112.415027907905,31.1645377113946,21.5192307505325,33.4223493854703,61.4997076431961,28.4454983593339,21.8116315202372,31.1675884042078,44.8070552088512
90.5420871656307,109.713823413719,33.0789508287225,20.5545779195715,30.7579826941745,60.6055343816742,28.3570505611973,21.157856918448,28.8327881801511,45.9818143267547
88.988100370547,112.384035765498,32.2640798301941,21.6255405647583,28.2960533544074,60.7194963455599,28.6557326544908,19.6386826006029,29.5047832608568,47.788797219047
85.6341056269758,111.666130197701,30.2255870405429,18.9840882590017,31.0239453390986,67.0693468421804,28.5283452962992,19.7207829974144,31.6417784705761,47.1148556466012
87.9686085574259,112.679324160356,31.625208293795,20.1914859152323,33.288656335779,67.2041400773996,29.7092157597769,20.9383984958973,30.8138812411859,46.6166974332541
87.9996260183955,112.694746750736,31.8630345551289,20.8965024760278,31.0022518876143,60.1551620350654,29.0983714198421,20.7996782524902,29.8957515533122,45.4619525679783
86.563620971579,114.973627777941,32.7297959136754,21.5696952876981,31.6864061000115,62.2517790612553,28.0132609445289,22.0618653209555,30.3098047913317,49.4867813269336
87.4761925583439,108.40522506097,30.5002481803282,21.9498319660968,29.6456038455551,57.7052432089956,28.4319603408181,21.4251184803678,30.0530414732901,48.2183409255752
89.1113460960447,111.016113903211,31.9160627795311,21.0315141904057,29.9330911158156,61.7381722089143,29.4147889187155,21.135422228689,30.1087278355241,50.2052072497353
88.7864228462254,108.351153083589,32.3507350676219,20.9031616543952,29.4768082524959,60.3867819962785,29.9742654327123,19.8324883959951,29.3950873892528,46.2216835809773
87.8652916791109,114.165919728428,32.5626327635417,21.1578732908648,30.6849994935907,58.1497700045063,28.2143476887515,20.3203593225017,31.5335518351206,45.1827175064191
89.0129199622378,112.526721505853,31.4412555336938,20.3375109746748,29.7568948259536,59.0510082060212,29.1949642375948,20.7852197642991,28.4127720994989,47.4173239484595
87.4399904326736,110.173161613449,32.8281423192271,20.3914638586035,32.3150197589406,63.4303101021445,28.7995104762498,19.5632623790024,30.2950899194885,46.3830460242586
87.1595794250071,111.580048456109,32.1003716414952,21.7684707758658,31.1195210355852,64.6928568058046,29.7352633112748,20.9125061061544,31.9755375280755,41.6835469771213
85.9829305575025,110.131648590864,33.1298815315352,21.2355346920608,28.8756025816202,63.5796903932226,28.321391623049,22.8185009554582,28.8804353501949,44.7089407889395
86.2279772890802,113.813599575239,31.0287352481359,21.5743021449866,30.9575229941871,60.7119956658041,28.2882874831974,18.4184572601398,29.0993549863677,45.1954115838154
89.5548719792758,108.700831568332,32.1932528670166,22.7511225845741,31.0406273650431,57.103537721728,29.0908077459562,21.0559671791806,28.4833311102997,47.0056269203868
88.0217898195645,110.600443703914,32.6921700208967,20.8913592150018,29.1116730182804,60.0006008502635,28.615933004004,20.7687339965573,28.4355780187471,44.9058357056776
89.4211522446805,114.608911392651,31.3974062983032,19.7481816990816,30.5032475968008,61.6131696671428,27.8915411476162,21.2317243255208,28.1249531182887,47.8396624615666
86.7385822825644,112.92200922793,31.8392293312094,20.8708264013333,32.6900921100924,59.2545274046211,29.934084132184,20.2389955797483,26.9386685717881,45.144354997677
88.1558192376379,110.451382893354,29.5951222353278,19.7680877968266,27.7457385705759,55.9581536729476,29.1339689819924,18.8181313565807,29.437284025166,46.5281994243158
88.6154876274685,111.956363328302,31.3173450336914,20.188978546728,33.3032063847044,61.6711739086635,28.2945323741695,21.5300529238238,32.7616151909541,46.1388783382539
89.8942938595819,111.961028613478,30.7038419459019,21.3061185537711,30.2189619110175,66.2300946786144,28.5362485172359,21.1302451504681,26.1719778659034,47.0156743242822
86.4896032947269,112.62577737155,30.9511263173734,21.2060640405939,29.7514234925703,60.1304755035113,28.2866481822562,19.1178957661449,29.2141811045258,47.6758708020737
86.4427035388756,115.825514345673,31.5256150460031,21.8039544064124,29.5289770429289,61.236964195633,28.4675220294013,21.221755178377,29.9977458963608,49.6378040241909
89.3760709589784,113.769945448843,32.2654632070694,20.6948951314268,30.8259295266425,59.5350742625508,28.2656278716281,19.6057021115356,27.3182767858858,44.3679218203222
88.5681330481376,111.450062963109,31.8401855958405,21.6862395105551,33.1148313260056,58.7024520822247,29.7022115183676,20.0660758794205,29.0427949083712,43.4913154359181
87.0342437150763,109.375863103752,31.2690097159513,20.5916318222887,29.7475735312299,63.3689373646039,28.3569077052742,19.6852789838508,30.0719054274647,48.4265131179345
86.2866994306319,111.153789458517,31.1663101837822,19.6215642584164,31.3680136138003,61.4205890670926,28.2684992784799,21.7781830604314,31.6123416128748,45.9337762610931
87.5884705823945,107.361579762156,30.3196935247026,21.4877094987269,29.9792219927823,60.8101041740199,28.6167369022364,19.5812190213778,30.5273934291967,45.3146065029947
87.5779653817618,108.500147014166,30.9469359367024,20.2938295640235,28.6431949297112,61.7775633621635,29.26492456495,19.7064691603161,30.1025433174375,46.6950140691368
88.8319130144163,109.340108190388,31.1616284244602,20.4808567986269,30.0065026508034,63.712388980702,27.6765496643233,20.4306800242187,28.7207068689907,43.6584418120168
92.172679804032,111.183612846072,31.8430284425868,22.1349865650609,30.7130245083656,60.6279694866496,28.6586160962284,18.9771563341243,28.4788478727043,48.6706539768641
87.2884795810201,113.686329180636,30.8736485429843,21.6261632857566,29.6409220992686,60.6395960327839,28.2888693236314,21.8120394579445,28.8369072093768,46.8928867174874
86.4725452388942,111.822606555992,32.4223625002721,22.7177515794449,32.1248227812189,59.398106126969,30.4222445347985,21.3500327743919,29.4868801251814,47.0154306425454
85.3997855030926,111.588690915944,31.1554224127932,20.0090297489653,30.4685984100269,61.8563829315251,27.6449995602322,21.1909892309474,27.5008499646333,49.0524633521805
87.0074497373605,113.209483250826,31.0847990040818,20.6053546670912,31.546412437806,58.8493772511402,29.7744891750422,20.7827826333795,30.1084735434604,49.3657030070583
86.9872302178739,111.831806956717,32.7397395615541,21.7046609078385,30.4077632679473,59.2146099943891,28.9678808973789,20.0034515808872,29.822962334981,48.4617587156339
88.2783431845499,113.883032749232,32.5282090542787,21.3989500723683,30.4615604354363,65.5563729891602,30.0086753044999,20.8787802998251,29.7935855927663,45.6584613872605
84.4054262053612,111.588719780713,29.4842556160762,20.843137707543,29.2974835938382,63.7331847791302,28.8972653691539,21.181022077251,29.0797488744459,45.8012058787203
87.144887966757,115.976172946182,31.3059453759529,19.8326626337751,31.2519990085314,58.3184189081984,28.3824577234907,21.6887348692403,30.161541229229,44.1094596846422
87.6071437948727,115.528482589913,33.0986577402786,20.4649169971863,32.3580572630197,61.0053371643168,29.5403450445714,20.2506413367128,30.3674151288887,45.2306889858001
87.2475431256255,109.445807899666,30.2829569796125,20.9750458749531,29.210735439937,60.1681753853135,28.7493006391957,18.6367477389724,30.5691371479375,50.7108930643032
85.5366578478349,109.483164547803,32.6684689427753,21.5326812548981,29.7484162206257,59.369890099597,28.1927300458935,21.8445937620372,27.2883656662604,44.3305954945593
87.8784558391581,111.694550968786,33.5138703994232,21.9402578291384,29.9359944213286,58.2285864037345,27.6519529182671,20.6040910031402,29.8213650474565,45.9831479993086
87.8356096718181,113.597075623029,31.876408566671,19.5392014869017,30.2973575757719,62.6948977965288,28.7306207235988,20.3293054087962,30.5382033066199,46.684428651937
84.6848534238025,106.458547129407,32.1243695655665,21.2717085498867,31.1676581195209,57.0462091527539,29.1175725876175,20.9496368172413,30.1522244668783,47.7542767813157
87.8459053178079,110.486074704301,31.9856185987908,21.2123653985647,29.7480342939093,61.5364004927096,29.6376608307193,20.892667396102,29.0838090566794,43.4215301022854
86.3968918173063,112.344633300692,32.1457358069124,22.3576616294702,31.6134143750168,58.7433791531273,28.327512276586,20.2720024797172,29.373136001186,46.8397585571376
86.1306685540074,112.181435609551,32.564165993397,20.9653001881067,30.792271305586,60.8675659040206,28.8582502062496,20.8394311977603,27.6060282480509,48.8088432966405
86.2490761772638,112.094860823154,30.7841638341184,20.5555768221794,30.2955909224091,58.728755464288,28.322688133472,19.9726165821406,29.5631953512867,51.0704484822856
89.192553455897,114.631188885826,30.6253464151241,21.4189941351224,31.1595893735896,57.8449088168357,28.7356544895399,19.9950121288,29.4203790970415,48.4478481749733
86.6143759894758,112.966202661767,31.6780613729217,21.2249987155247,30.226742888401,67.5581537320755,29.5616323430404,21.7412142318429,29.6340316289565,45.062682053975
88.2131682145246,108.699197631206,32.7809845945461,21.6943557820713,29.4946826639796,60.5663849986174,29.0847125262233,19.7043604196948,31.9112486700383,46.1397551631292
88.0939302497757,111.938492770866,30.7881442990542,20.2442342911303,31.9768324382946,60.6805416800963,29.2079488993515,19.7741436980031,31.033181403852,46.9357602156527
91.6032048349088,113.424562143595,30.0073911535292,21.2976957600697,32.115651451377,63.4651081775985,28.0776065451722,20.1933584703343,30.1494732535534,47.8116045442231
88.4531973758089,109.522906818412,32.3571403620688,20.0254575201459,29.0940784765667,64.0686705067348,28.7004066003409,21.2431391044957,29.0014721668955,45.2185959371609
88.2549108545005,108.312443099332,31.2401656397826,20.6416458888174,30.6995856314851,61.177967736204,29.9526816861537,19.2177298108208,27.3371413837763,44.617016069618
90.5186405771484,110.408289851598,31.0008280767167,20.1381522352329,28.9227047277387,55.6998931253806,29.7279984297859,20.7337426005359,31.2913148357449,48.591834482107
87.3732693992393,107.278290260176,32.7566342105383,19.7684822612959,31.1038429445824,62.164376302777,29.8996985106209,19.7394498498738,30.0675255056143,45.3978294034904
88.3778735472501,109.800754913501,32.7831214843645,20.7751611016166,32.2955595508677,61.4050876745161,27.4180603860549,20.4681034484336,28.7154117165936,47.8115510010434
85.6398268682957,112.264660029305,33.2200466326459,22.6290031335665,30.9598615903049,62.4645825247529,30.3035542319316,20.4231574967765,30.8296279819144,42.9662338770665
88.2388802615334,107.640913895802,30.1190558515859,20.7863224353506,31.6460799882541,58.3195799268117,28.0400196480112,21.0692334125091,29.7208850776605,42.123871864401
85.3437539871413,105.459867255807,31.1521222447252,20.3605217351951,29.8718242382165,56.9943637355253,29.397739612644,22.3316044264366,27.9259817112707,44.9243944774359
87.9707246932375,112.069131632001,30.5669203958598,20.470960691236,34.9494542415553,58.2024485304054,29.4544840380151,20.843691154596,30.7592695957009,44.2138158079749
87.913475164813,115.707295596968,32.5494308220417,19.494739777832,32.9245851118326,59.1229262781607,28.4751641964443,20.0504100165677,30.7296892409521,51.5285771745315
92.4801487983916,111.961425762707,33.7570130306724,19.3460718012983,32.4939309708794,61.6094574593665,29.4628283130223,20.2738997127861,30.8139416584494,49.8366820529369
89.8870974447037,109.496938023353,30.2858659931435,20.8985439503953,30.4863277779115,61.390665849921,28.457630512153,21.9189146785409,30.0877148755843,47.1619298022319
85.7302992575515,114.456605676026,30.9296672346812,21.4838472374281,32.7720737236924,58.820425137834,29.1031820453174,20.2010415395956,29.639891940541,46.8065849679567
87.1224927393731,113.682289345994,30.7555496045001,20.9315639788406,30.0200533738295,65.4175283097964,28.044761397198,22.5237355753818,29.5842573892734,46.7141662582014
86.0684993003015,111.080817557139,31.9962448340705,21.2143100889319,29.7781984468104,57.4529516900215,28.4273795190058,21.0142683000175,31.5227234907444,45.9023651726959
87.7470951456908,115.068486277711,32.2947065313431,20.9791861582279,34.7564896381324,62.6809456095305,27.9968584730119,21.8347086994035,28.6545834352807,47.4206894228044
87.236286225251,108.437639933117,32.32800532222,19.0796654703056,29.7224613081337,56.9822966658885,28.3632612389961,21.2050071671152,29.3963126667446,44.5942998945845
89.982347273458,108.994827171049,32.0798412547024,20.6377897924055,32.1492099030483,61.4269553214242,28.8034699625151,20.9470456828675,30.090575165795,45.3609857868698
85.8715399845885,112.435911269138,33.2208532931745,22.1630616722321,33.439962357494,63.6545635179873,30.4767060673191,19.9762379767333,32.6307281265582,48.0910850537754
88.2728651207765,110.274828899587,32.3072582382751,20.6463604211002,27.9225640695764,57.8628020811834,29.3729414655208,22.1076726597275,28.3060074645562,47.0146037205581
88.1712503076192,109.606050902909,32.8359140749332,20.2243865653927,29.4869828856736,62.9447374194851,27.7395527359588,20.1061061345615,29.8605116284383,44.8020847024127
86.4495693286504,113.956626532362,32.2256420515391,20.9692108317208,30.7965343665518,63.0419886812842,28.044665650811,20.1460711403773,28.3759989825914,47.5402154905272
89.4327477290363,111.531678977832,30.5459974600825,18.6358461357317,30.763283513372,60.8662597686434,29.4569656907875,21.0063925471899,28.5940407843166,44.5694855003671
90.0846901265633,108.06772575184,32.0989461295267,21.1968868194604,32.456474774506,63.6814916423301,28.7544131311414,19.8309018258565,30.3177593157251,44.3741675200811
87.3155863213906,111.722461169556,32.1627837713428,21.4446335003022,27.8572752056727,62.0652836148767,29.0680677004726,20.1432816622385,31.4732582640334,48.7802002952516
88.8162821338359,108.876818241108,32.6081095988177,21.3524911788718,31.1825398345861,59.3213168906066,27.6129879886576,21.1686739920245,28.5834988114529,46.1362653271717
88.4653931773871,112.337531634285,32.2411308740478,19.4823455859793,30.6799377291205,60.2993286342519,28.7078361414678,20.4861271382129,29.0790774785673,44.4402897135747
87.081804818028,110.438853252059,31.5948704117494,20.0588024986788,28.6589891813562,61.2563637241154,27.7627966960926,21.0395311236753,29.7444831362411,47.9409233362906
90.433364716037,110.068723041679,32.4123063904982,20.7085193454589,28.8187384129807,61.5361898101171,28.7337788638835,21.4426072945963,30.4951216908924,47.4219893459819
88.0871403580633,113.230328887217,30.2964760780424,21.2665485176653,30.677689510663,61.1515863741888,27.9175073041714,21.5059053133627,31.9195281153274,44.0073735527807
86.2078084995492,111.492252894058,32.879099432317,20.4159413812534,30.4609230835256,64.2831603497935,29.378893454857,20.0887986199806,29.4694736699685,45.5394429513794
87.9876616996926,112.279157691201,31.9531104464573,21.5326739230247,29.2741505649188,55.0950667608744,29.281608589167,20.8633420219076,27.9709355947851,47.8215067271455
88.8821937549305,109.020748432227,32.3166627330133,20.7747938471255,31.7720552219145,58.7624252426244,28.045776403167,21.6178445687508,29.8081221423615,49.7328513839581
89.0388509112072,113.514902941242,30.6919823477964,21.0225094752025,30.0641162412719,60.1454634834618,28.3345137162346,19.7140437161652,28.9185118891126,45.3184692012132
88.9373088144182,108.196025021475,30.6920983291371,19.6484185147269,34.5034431555354,64.6656564121299,27.7629415978643,21.2524533876197,30.395079960047,45.8348190165091
86.6535528423403,112.330880113379,30.5078385544873,19.922444287085,28.9783532070896,54.3549391670306,29.4601779979101,19.4386545769319,30.2928918990588,46.9511126273875
89.9080707982813,113.751342032731,32.1681504841777,21.5964409638711,29.9689059083995,59.6830718138077,28.8987192556021,19.4168248284431,29.5841152628354,49.6180443943921
87.8067871355873,111.35984512142,31.1707938261526,20.4244595078506,30.8264887631837,56.535332813148,27.9137950245311,22.1030825133221,28.4273117999585,46.6002586548764
87.9698528047416,109.489460773293,32.1404929458133,20.0806656569836,29.9050155835282,64.0061346125751,29.0336462723925,18.6499294010076,28.5309730447761,44.8313987659675
88.3574627749353,109.188368715962,31.5800711813041,20.952198692905,31.0960594720344,64.3814830712458,29.7071642278713,20.3262308129181,31.4630438339996,43.2296703449396
87.838191212955,112.346323278321,30.8988752707966,20.6159422102495,31.7057973438826,61.4641706186737,27.8873562384338,20.3457710174553,30.961939268875,48.1900816251987
85.8299023332793,115.800738004965,31.9942679279902,20.0228807450323,29.0570541585662,63.0841672624305,29.296916420261,20.4676972851905,27.8992957281085,47.6615810049567
85.4369168157487,112.447703850061,30.2971258884882,21.3207309198645,29.9283682833683,58.9880151114845,28.7507701457772,19.5701102390125,29.2638398466797,47.6972145177314
89.3449158015438,113.250123415119,31.6193325564286,21.9256609077022,33.1019215909028,61.0793761914942,29.2464056173486,20.3824749764194,29.5040080335385,49.5202814289012
87.687029488117,107.830256799271,29.9962185933939,21.0709418129506,30.6728204846635,63.4413706379356,28.2538136319387,20.4294447364536,31.8123319022439,47.8167783537818
86.1346811376334,110.628167094694,30.6003812910626,21.3181982985452,30.4936396578217,64.4060601150972,30.0491017925136,19.0695280810105,29.665345373911,48.7959853619932
87.9950907750479,110.887096611628,30.1943888266328,21.4034861049695,32.8145146923589,62.9767452703986,30.4122083020792,20.8476994102522,27.1200284008317,48.6756015415619
85.278211271368,113.601985256423,32.3269123376474,21.1851322591967,31.1791660146054,59.2173870916002,28.861712186686,20.5117196076525,28.2914853704897,48.0357328075293
86.8675310501541,108.567079425929,29.6404274600206,21.3724539068954,31.6814445097253,61.2204982988008,28.0780981332258,20.8631567395065,28.6909335282065,47.0439316494656
85.8370927892342,108.76238092662,32.0877709614243,20.7886433463344,31.3667876926375,58.1267734429559,29.0128380567511,19.1331764904729,27.2995453716991,44.5445448229188
84.9331307949877,112.60882540177,31.7697730033295,20.9943851861342,30.4857682172919,61.1668081180536,28.4196583135109,20.1195210139865,30.8174467466783,46.2381762610049
89.27088516562,111.080717928883,31.6862979986186,20.0742921579939,30.9496967048777,62.1315837731448,28.8912845020656,20.0895368054913,29.1575022146756,48.8960110688611
82.9851153883882,109.129910719335,30.3974323075176,20.8220947326367,30.1055389976502,60.335109175325,27.9205549483621,21.347594106859,28.8923049709411,45.4381607381318
90.2214365458745,112.892418214628,32.080507565224,20.283082066774,30.1010554890728,61.8904961568746,28.0912560783044,19.5657603537964,30.1015968214963,48.1143629076951
86.929731980765,110.339352606925,32.6207260296143,21.4024370243635,32.2916131775714,56.2425922790269,28.5142540835659,20.4507875983139,28.4740987283967,50.3984051748477
87.0595972498348,108.983256824966,31.8009030079171,20.3337689202121,29.9997271422593,59.7353445891914,27.7888259030192,19.6789011522265,30.351036847886,49.2750761940198
87.5877064403067,115.277926039093,31.3034890136222,19.5892451399831,28.433041186921,61.4613292277888,28.806746302773,19.0767795142515,28.9253670993868,45.0627093821185
86.7415587641619,108.482631116864,32.0108288394795,21.0111261520923,31.6471726676412,58.1416400291615,29.3387197375082,20.4011779523136,31.0196415156026,45.6336654046258
85.4419109230591,113.477479118965,31.0413599141866,20.5834932205535,32.2631770723434,62.6719748357896,29.5587558403933,20.9691482451308,32.305783218701,50.8601160695112
86.7491870723768,111.089030165802,32.759980400528,21.5406037224155,28.7470861277015,64.0325087824537,28.8806049327663,21.7773178448682,26.6102802922012,47.9442691948276
90.5571253172003,110.995372570679,31.4922804284598,19.9816688969303,30.9630380298763,58.3382889905058,28.8592873713603,19.666796929788,29.5843536345837,47.7150697822969
85.3513544753375,113.923156412335,30.4071791421534,20.5613826271182,29.7937340385283,59.0935200984977,29.1625160848638,19.4549612289448,30.2497825600748,46.6331442420846
88.6877515791601,111.919728178435,32.159770909129,19.9400525859397,30.5800976048046,58.7436979719662,28.2603217729506,20.6065729763865,28.7304720240953,48.7232887854216
85.9622693054865,110.113263622391,33.0095052444213,20.6438471425177,32.3857005385446,68.5134639502167,29.3676261554388,19.3465039797427,29.1528061781476,49.8090318050331
89.5196930742103,111.600576278808,31.4663559587453,21.0256859160603,29.6949818258798,65.1738894246135,29.2225411536864,21.4615345894174,26.4183456708787,47.0008253677928
89.8485377038926,111.315107798801,29.9654745069501,21.8954296488676,29.3603242745625,59.8897394641855,28.9127828974688,20.8739600668029,30.2701700660446,42.9558647285298
86.6693826549103,112.450530748109,31.4546877027322,21.4342864618459,28.2178885842885,59.8852043070852,28.5910950298454,21.1939873692349,29.6607421257171,44.8091416364557
87.6545336084319,112.168335272268,31.0562166719081,21.7483552467658,31.5547391282532,60.3622438365889,27.9102350253623,19.8039617083401,28.8734252211554,48.4792873981009
88.8181009579965,114.516779116253,32.0754036632333,20.3977135395533,32.2954410218448,60.154478504768,28.2408656851307,19.7958456641959,29.1595626069,47.8415765076955
90.224208137823,115.577810180988,32.165239889142,22.2656889358359,30.7103012843703,57.7406149535908,29.1606620612066,20.8342291820706,28.1372003384961,46.0147764597581
86.5918477399929,112.680205696172,30.9764779431436,20.8895805380081,31.4706330336286,61.0020528433849,29.2422999943179,18.3605963474732,29.3475757586258,51.2908175049521
90.6346868111925,111.910406980421,30.4997520822291,21.6174117400548,30.1547778107877,62.5093531755583,29.3337575563611,19.8734386746807,31.0293025783055,47.6986438400723
88.5458983440725,111.403140342706,31.792091462383,20.9060567137984,31.757442066947,58.1671104919936,28.8272537030973,19.0001420805461,29.2898071147125,42.5709452546667
86.7949400696779,109.327312956224,32.4211510047678,20.9308586734723,30.3180397911126,57.9476904696862,30.219465364224,19.976182391172,29.1277373976834,45.4699191519619
87.543550572506,114.368854519155,32.3919464411921,21.4331270660608,30.9593191642759,59.658199632739,28.4652660110524,20.8151279680304,30.7397932769701,44.9042038516225
88.7528553262172,111.039143389626,33.5453565498102,20.8930744822372,29.88148250853,62.260911788687,28.6258483729958,20.7141082731674,27.8335553273987,47.3830110518298
88.8208917603764,109.856017587319,31.3448681537079,21.4953984948288,31.2285249428514,62.4163292686603,27.4976471008354,20.1000512360921,30.844555889489,49.5738576415573
85.8281849831582,107.458353105776,30.8025858724005,20.2396654900022,29.1823342061946,62.3764866266372,29.0093047316298,20.8087228005524,29.9317758851439,50.2966107251812
84.3434341264994,111.427659335594,32.4133413204183,19.3749983344464,29.068976277376,58.220914914566,29.0744076600955,21.2252127651839,30.3733909319326,49.7119949877537
86.2869142628833,108.738210594696,32.7306530321019,20.866762290321,29.8113797493086,62.5709357895432,28.7014229015435,20.7643829952574,28.2125114714462,44.5903054453572
88.3276401713451,113.465210038856,30.8366636768227,21.2141086509032,28.8003800250737,59.5224689341928,28.7144375398778,21.6346602434622,31.0293436159307,44.5400527234085
85.682511822097,111.019105147851,31.3349383242065,20.8128949043888,29.8161289702797,63.5289071003793,29.8355361078927,20.2622283735786,32.6148927491388,51.0333295432265
86.731915587679,114.443568972062,31.8648713423153,22.0087631062698,29.2795612400112,58.7325415923959,29.4555957270643,19.3186603304593,30.6201124897815,45.9516518641711
87.8102569363013,107.604775300006,31.3403946305968,20.9782349172885,27.3235721195948,57.9148270837526,28.9480676191261,20.0882377937594,30.4135074862144,46.1960443431127
89.6714286400123,111.34332824514,31.034394813163,22.7132292353079,31.8381005076874,59.4758766811743,29.3211870481598,20.9918010697309,30.9905663087583,44.8062247844014
86.5803868959986,107.577691687405,31.528232482087,21.2828849419129,29.5206648325876,58.8114799408681,28.5932962595839,19.0033322434586,31.0380498392399,47.4662307436146
88.8788132303481,107.215376382039,31.8795157684466,20.1150788303002,29.2890664754742,57.5067401939629,27.5783488114973,21.6560090627809,29.9647691552372,45.7357599992555
85.7584510478614,110.866345836576,31.6382275455797,21.3250854918224,28.6288461528929,56.7227786941112,29.7829359366186,19.1921714712623,31.268989889151,49.8460517063996
87.0597236626793,109.098736906942,32.1784257176163,21.7543181687256,31.9940948609276,62.4472684386401,29.2570014435247,19.3718869679958,28.9755047887984,46.4289843427072
87.5718279646695,108.816996076882,30.8916983172536,21.0849397779865,31.7666637024393,60.40565428772,29.9518779815323,19.5071540486516,28.5605858848841,47.7029684396287
88.3826350653968,110.303059767958,31.2894846200982,20.4199793918332,29.4188494119352,60.7939215757254,29.0113337239247,21.4265530721204,27.6362334172393,44.820009939002
89.432868037855,109.227819223165,32.4224518325839,21.3843561068641,33.0205860046354,58.5809366848473,29.0094180143484,19.0461215453173,29.5977361420452,44.3053822454211
85.9609825592454,110.472239248236,30.8386661070177,20.0725039326469,30.4234247157151,63.3984123463347,30.6536706392846,21.7041451405745,31.0000850466974,42.0797696424262
90.3872266059856,110.184331957355,31.6219733432207,20.7709871566172,29.0221493733401,66.6771797132959,29.1978535180682,20.0163215105064,30.4837036802263,48.3199709384398
85.2548567952368,113.868074593854,32.022229229701,21.3463748857322,27.8829538604673,62.6067302469784,28.1117544834997,21.3696300847369,28.5990141132001,43.7395500625804
87.108656841983,113.663243355694,29.9803635276239,21.3977014020517,28.8215785125229,61.2601043798387,29.6245243254297,21.4309745687458,30.0046312070056,45.4975504278669
88.1531797964504,109.916316099673,30.0430666297877,21.658083205802,29.9724805562936,58.8571748167115,28.6612227135022,20.5530043338241,30.8846184415513,48.0818675781179
86.7714208561721,114.048658726299,32.1786700213017,21.2983395713146,30.6640550286068,54.4839916654593,29.6534507826294,20.5271288290548,32.0740410547987,46.1887248349547
88.019973852487,115.324728100728,32.4764614180605,20.0484761853109,31.3354114710448,60.8546839794042,28.7629075303764,20.7314071968099,27.4795655372799,47.1425544731028
87.4726858041335,112.890881547537,29.7827235690441,20.0423124683957,30.6381400216172,62.2024824918268,29.1130539742119,20.9324255784422,28.5508202282982,49.0134539347142
86.5091974627852,111.881543610625,31.6305660673176,21.2227388432743,31.8276885385658,59.4965265238938,28.0461855308142,19.8888349858416,29.2303214381283,48.4651573139394
85.1299031239375,110.350736007578,30.413282381618,20.6890836873205,30.5961779510627,61.4909807206648,28.9014267483787,19.1919890673305,28.5445183615244,50.5956444454527
90.2742799208879,108.945812890814,28.9734281896037,20.1675637927418,30.2284917937901,57.1394277813609,29.6442274628044,20.7549144942174,27.7229731433084,43.1645497845591
91.0941270517576,111.291274157163,31.240056025188,20.7515654729823,30.7137755152792,59.1512596550838,28.134277268013,20.6437781087527,31.0768941414125,48.6637176643515
87.4966668142448,112.541132640051,31.0308655208535,20.9696909814978,31.5249094802869,62.4440984648014,28.5004770646285,21.2061567725771,31.6480430826549,48.1070512887641
89.7894271764517,112.011504963614,31.5058582348467,21.9225002919144,31.0004679961868,58.2107250775799,29.0174629675137,19.6042298168313,27.7830672739684,43.2713944867074
86.4411261443207,112.267283398598,30.9175596430404,23.0167775332913,29.8714237485085,63.2026042235163,28.486666549163,19.8770855482112,28.312225728983,45.3517853394409
87.581738484436,113.991923560289,31.6238005942137,20.577255374106,30.5929280098842,59.8788785614956,28.51120212277,19.550414234642,31.5003427226845,48.0238995664234
85.2559092703735,108.333181704302,31.1037903920176,22.1786621081406,30.8075688870926,58.540520039533,30.0591375981884,20.3037160877477,29.4615979879281,45.8838353104127
90.08935357113,109.569084404878,31.0465045005436,22.422513589275,30.9436781885605,62.9736677507028,28.3636638385718,21.0197790239452,28.3207401030787,42.7928646543715
84.2318541896135,108.011036743202,32.1225219966907,20.0519721430299,32.0123906160531,64.3220966197192,30.2411662461728,19.4998947723312,26.8119383601935,47.484321313326
90.0774418521176,112.641767882278,30.429066362209,20.8124015652104,31.7106837901571,65.852494371947,28.4975130013825,20.5795465831675,28.6119404821683,47.0423825063042
89.1183174900275,113.585110433724,31.3797614482179,20.9860261393129,30.2295325053903,64.8621749882508,28.5442432021765,20.7844313048129,31.6617954008246,47.4734373142568
89.1481820515895,110.805061791639,30.9538474461255,21.1590246904201,29.4475819708028,59.2804592616038,29.0807074011919,22.3526906518292,28.3313718783577,45.625128664161
84.6694471369508,109.108276567768,32.7663920572734,19.7733268162027,32.0845671250154,59.718130643538,29.3601386213496,20.9024034830044,28.3394235329053,44.3977179491467
86.0633955676515,109.978576229905,32.2939610959524,20.1650720381149,29.0504790869192,64.6626456365064,28.8321890257186,19.7452070224822,29.2123246252951,48.0239290374768
88.7926311291122,114.361748995059,31.4025283796493,20.2511615940034,30.9648652751446,57.032355163931,29.8293313212861,20.1365470964524,28.4846769432328,47.104762517134
86.5070594121781,109.707820469326,33.1997801449114,20.5582079357346,27.528380159966,63.011223405035,28.8853234266126,20.3610944981718,27.9709858160772,49.3916407561148
87.4042277280581,112.093286697408,30.3533961239662,22.0438754889845,29.7851558807248,63.7968120339005,29.5215817234682,19.8742608913317,28.8577672941215,47.5441925046375
88.0308152030619,108.90850276777,30.7432843107602,21.6879452743484,29.8735583366042,58.3989471341062,28.2664747842883,20.2498811679829,28.9678265600589,47.7298561153017
86.902344577669,108.271952297222,30.4278926426823,21.5239628188672,33.6331633723258,61.4192484230487,30.7248111983635,20.040161242602,29.8775461124,43.2831124332014
87.5238968358215,111.34364934902,32.9063914210465,22.4464711736734,32.0622774966588,59.9314833301198,31.5336123500615,19.2392586929162,29.6120848466957,47.2484449955649
89.2207989016183,112.249035179159,32.210033395923,20.7656356685372,31.1919363306386,61.1949023660712,29.4838012242202,20.1878463307783,30.8787833697951,46.7509215658293
89.9764634183752,111.434402685717,32.6394663624271,19.1017593601889,29.8070255737717,62.0056705831233,28.672883957727,20.7103064726589,27.1941241734424,48.6185751770853
91.2603713382565,111.41427981669,31.6853402671905,20.7587986807097,30.2021978634536,61.7242025095275,28.4519161211772,20.7767911113257,29.4825287835562,47.6774206446605
86.2764830959279,114.166485727977,33.504755427753,22.6147062091659,31.3386470016654,62.6393162477517,28.8359154845566,20.2265614859848,28.5322886383893,45.8993043499479
84.1995093137114,110.216989354396,30.8709956174338,21.4961312491516,30.1593046885544,58.5014342350769,28.7217426433211,19.8917805696393,30.7781349886717,45.2334141105742
85.1361650815979,111.297817302853,32.2165842391623,21.8953378455075,30.2651872013453,62.501618929568,29.4350413249869,21.6810141126476,28.617566006379,46.2259929705981
88.8595818808338,112.375224981382,31.3362221513265,19.4913661247209,31.4493550621951,61.2931376235968,28.7397099254912,21.9943502240576,28.3088108536927,48.0398632443042
87.1975024614187,107.194774825218,31.7898525896448,21.3103314620579,32.6122716358238,62.7174733802245,28.8455560107355,20.0667612198674,29.0329121598767,47.8090031860402
89.429825175703,111.424910514071,29.4630037629209,21.8987781800612,32.1367669831038,55.8035720838516,29.2512673441339,20.7437375592126,28.8555288668941,51.0465158843482
88.8060277179888,113.1480220021,33.892823979229,21.7920554509186,30.0665850139887,61.5779017394518,29.2783416993515,21.4701092575187,29.4917609008493,48.0758249525322
86.9809313963872,112.15516574787,32.1314265188614,19.9771033081756,31.5728278325721,61.2502619896468,29.9490137914096,19.4213411395297,29.813749434989,44.6222537332367
86.8773699495644,109.265791294996,29.6399160397786,21.3590053954647,31.0757614874278,61.3319218123402,29.1517683777803,21.8809654371173,27.6613415221434,47.1103416486777
85.8481123342536,110.435871409224,32.4580448640493,19.2628455899743,29.9011708664887,58.8971360534891,29.7084045400337,19.9469263694768,27.9043724707464,43.8385590083154
84.7129645814676,111.559728593975,31.120443401541,22.9367400984357,31.6166717148535,62.3056008699437,29.1226214122243,18.9279210875759,28.2400995775435,47.7429932077107
87.7886598800482,115.340517730579,31.3957405130404,19.1882592240907,28.612848741042,63.1560056773104,29.1444142309065,20.6230529774756,31.2321536955921,47.4388547700945
87.8709482398609,112.290600045451,31.4416006201498,19.9617616952706,28.4974948265398,58.4547750961602,28.6121926120116,18.801170698894,31.6767710864988,50.2618099805551
87.2148119949127,109.769006967653,32.0565250169212,21.9625563198823,30.8806889398335,61.6157276057689,28.8432041312558,19.6557638121533,31.1808709450626,44.0698468333037
88.818727092695,110.662088101151,31.2779108456527,21.4678413922494,31.0261526542855,59.531341261566,29.0618831272893,20.2287770760118,28.1564393906455,47.534088396444
88.8175004781381,112.009789517149,31.7746005237797,20.9298070486051,31.2559250878629,58.86802929145,28.7209207323108,20.4778511592344,28.1908087853464,47.0303844277977
89.0908275020302,111.448653244922,31.9090921841859,21.2971446746413,29.9317874037568,64.3118341633829,29.3767416633924,20.8934304094517,28.7169996636535,47.4323215580498
87.6184912261828,107.629071643537,31.3964746544612,21.9448957544772,30.8770650898562,59.495776760814,29.2544058301876,20.3950937400416,29.2571352733252,50.5181945361497
86.6544709597359,110.130693077251,31.5588322795475,20.7523962200612,30.4093034571871,60.8595304145161,28.9083299552693,19.9238127102722,28.9647660412382,43.0427265961851
85.2947008403388,111.174943857343,31.6235461108152,21.8129364439847,28.4276484831754,54.305188967392,28.2082007152188,19.9184878939144,29.8089083438852,45.5100986049963
89.7166468221179,110.580129570262,31.7332283977725,21.8354837099404,28.7340254865426,60.6501743573714,28.9463326990856,20.131376528827,30.3040024934812,44.3195286406044
87.7906360662877,110.860964876573,30.3795736979393,19.1954933926024,31.1989778895516,58.5588635879847,29.3192336824073,19.5120455189456,29.5761168178053,47.6401989561344
86.6692499730216,110.70180617114,31.0701582918492,20.661631576403,31.075415585438,66.1400286608588,28.4526518785637,19.675210929527,29.1169235582422,48.78502730981
86.0686416454757,106.119498462235,31.0682885808857,22.2271953430748,31.0250568841375,62.4534388229304,28.3888791100646,21.3580632442247,27.0577673173069,45.9817625948907
90.1656806891167,111.692835181163,32.2863836819645,19.3338716947689,33.7942407162453,61.7073601570283,28.4262236464718,20.8383221561226,29.3471840398746,48.1370844352552
86.9117841030822,110.28345971382,31.0417239860208,22.3428083111079,29.5346648554071,64.6958814873054,27.9204128005223,20.9711033780117,30.8160627616314,45.9402746338208
91.5393179651422,109.468189663829,31.009441743204,22.2901361917364,34.194113549227,62.5250631115085,29.3678634750379,19.8538428213759,28.9237429690986,49.5743703394338
87.4681486154,106.731221198998,30.7384411143383,22.1706078051704,32.4847578276822,66.6682437636239,28.9684228660123,21.0935727468865,29.488813372228,48.0060962972488
86.5251489038351,110.087911599847,31.1222769354529,21.0280436833079,30.4559113769108,60.5493960388407,29.1408529370435,20.2741402779074,30.020828227795,45.048596281604
89.5554997869532,108.140549030546,31.300600052192,21.9318981013385,33.1037688642509,61.1453431310054,28.5967150658452,20.5458384317,28.0777170579586,48.0359009968304
84.6304883294976,108.535411848615,30.3006181003303,22.5824092914581,34.3242909994875,61.778057186142,28.1832797456647,21.9536020219744,28.9777735274404,50.2896026366277
89.5395543824547,115.144449698151,31.4816584798473,20.4623113329662,32.3324976435874,62.8329476259933,27.9997663664191,20.4444559831743,30.9966438263416,47.914298389462
87.4309110221962,113.518614613487,31.8438570637499,20.2667727318865,28.9291536971769,63.9647971381954,27.7549913806637,19.9466218203763,31.1012162275639,43.4026828620786
86.2658890851706,112.957933504652,30.6738284436416,21.1870636753898,30.9094333158711,58.2573506794529,29.2737583861684,19.5295602483262,29.031348120064,44.97256721807
88.8427435691943,108.759905045613,32.1476640380191,21.2414318497977,30.1356588977379,60.182710253263,29.4185999464134,21.1467845651253,29.6446482720256,48.2090429415613
89.179709832651,111.587336778736,31.3351981055414,20.5804740648826,29.0536878584016,61.0530684039792,28.8340227654847,19.864549227027,28.194990161633,46.2737365711902
86.7744809715706,112.069004625905,32.4330366687256,20.4205949754445,29.6365249532472,57.9620830781836,29.2474257140125,20.486661888934,30.7344654562664,44.7733398625878
87.6884584235573,108.427264834004,30.8264041403743,20.4184417808916,31.2525659891131,59.5060054113156,29.209654784872,19.9356329174581,28.86741463232,47.6043334083352
85.5964336256732,112.974602653293,32.0893810986701,21.450730762191,31.155950803274,58.1571942075942,28.6654179152815,20.343662430593,29.7631012998672,47.8197055240615
90.5305585073059,110.305173311504,31.787776884513,19.3808828951865,32.1540255319223,58.3447462096926,29.2778687370965,19.9399644485778,30.749671676593,46.7545156515687
86.8354010856719,110.043321139483,31.249444849598,21.0511300089837,30.6106357340492,59.1547506839074,28.6130927708242,20.1282378239582,28.5527341568678,46.5077789562534
88.7430627045231,110.080202058905,30.0797520539704,20.620749378797,30.2297622361197,63.2389397171253,28.0730387173725,19.5452136675666,28.4589696264644,47.5485908749822
87.0750051360423,110.856716967334,30.9732004789714,21.3242658709464,29.1093468181907,63.2653125177316,28.4205338005035,20.3819095740214,29.5364378764025,45.4014126351074
89.0371439168359,111.104322350314,31.3039083908101,19.5148861639152,31.9505384741126,60.9320260507273,29.5757649731405,21.0708404065045,31.1278562518295,45.810003493096
87.6787806115743,112.601870014275,31.6994030089933,21.0096125775279,30.9181892586867,57.8493935302795,29.7941141377238,19.4517546849651,27.4571640992494,47.3826560744939
84.8593725266307,109.820819014726,33.5209937031354,21.480208131988,32.2458473700191,64.2005075218451,29.4935849687045,20.7641853935843,29.8633712343388,50.6308430379749
87.780789643189,107.209877481831,29.8404642124234,20.9867167758523,30.8046907015209,58.6125829750812,29.6992638405216,18.9646596495562,32.4394787053162,45.7304676082841
87.4639242076297,112.864131073806,32.0938676502537,21.5592483338389,32.7599588491506,61.9881696110754,28.617017241697,21.6494633505548,30.4771682452189,45.6098896410618
88.3706987919328,110.959611682599,32.819251572012,22.2788380420355,29.6240902686942,59.4254316805775,27.970820106494,20.0298893848781,29.6523865140085,46.7277776116953
88.2365730398453,109.13149246767,29.5068087869232,20.6599799653328,30.5576841921045,61.1544667786752,29.1155545786637,19.8298040994585,29.845402753337,48.7529456191843
88.1810414034717,112.9463155714,32.5280123335725,19.9588077346243,31.1301330258348,57.8797775812638,28.0111042998443,19.5802846590275,31.510030582143,47.3018961793783
84.9431293972324,109.063243654951,32.5430693651861,21.7918518146549,30.2644960466463,60.1771782315325,28.3635381358795,22.3800272494962,30.344312439825,47.4283634061254
83.3705516116992,112.86959067127,31.9382799241263,21.0792543485938,30.5608643430688,57.6348033926499,27.7119068719899,20.3720389302561,27.6487994958892,48.4650589814759
88.2935185473653,111.210527190502,31.0416626034102,19.3490018435876,31.3478111857079,59.4101854678562,28.8271919514322,20.4064101912313,30.9500275343972,44.8175390623042
86.8226633141192,113.519134893252,31.7624893118186,20.9099611564487,29.949998981344,60.3200911623339,28.7155300508519,20.4156919201731,32.3602857215351,47.2660099695149
89.4865510250883,110.911221093075,31.2274335522877,19.9607078739627,30.208754620788,63.0030770637203,28.9945075316362,20.4582679702666,32.7063977745313,48.3697106041962
87.7593426707139,108.458613889943,32.4488631352727,20.9496342985267,29.5303038732997,58.7891451131551,28.5802671473884,20.8884073472569,29.2267671673541,47.657756361983
86.3976389826304,104.741503554692,31.2337738154,22.6050255860301,29.6778576024144,62.3694287956637,28.8404995935591,22.3922554611714,29.1379770504779,49.2013929862455
89.3593484334345,112.349358378067,30.5023877133036,20.5492864505372,30.5053479053422,60.0646412996969,29.0950751569607,20.8425546943314,28.8128526882153,45.2196176173655
86.7286615266459,110.216883666241,32.7071451627969,20.3119128517833,32.0859011524049,64.0444491171504,28.844459901146,18.2943655388701,29.4153320923442,47.02965792398
87.360187446665,113.376287085706,32.4600627961884,20.4651015619317,31.7130342856596,57.5581221041089,29.0570060929673,21.3795347749959,27.3908606503224,46.9494600082266
90.8264297425068,112.710676474945,30.976734119648,21.5966384947903,31.9027497340347,63.0260936413325,28.0511004166383,20.6679544283118,29.0654219934617,45.681211093638
90.0461920133997,112.57332726089,30.8662177278518,22.5406873776885,29.8800458451124,61.0191462121544,28.5726781819525,20.1264567749749,27.7056300596034,45.2142964098858
89.088724151053,116.37819020055,30.5073689895152,21.2329863450902,29.0207258582677,64.675859603359,29.6267283106604,20.4211671790625,27.9992426034385,44.6463389571713
88.7664402528011,113.1964579328,31.0280711200275,20.1108261348866,28.7229909018138,60.9023214148996,29.0936497861812,19.8192495985842,31.038423298309,45.2592188436403
86.8991622565285,110.239491185529,30.3396419972182,20.0262178255496,32.7119399922004,60.5597731388208,28.1167285781855,21.0245212435898,28.4502306123375,45.7229790354052
90.3195994989113,109.630035743068,31.8528909221939,20.4496873775313,31.0710692090414,61.7727276280333,29.6858045241979,21.1312627481706,30.5415662540544,47.3375489162927
85.3725430995642,110.368261695747,30.1015945926666,21.2100426567993,33.5306953363339,57.7978743914139,28.9137434319709,19.305612998275,29.6639940777763,49.8033858506661
89.3898979925402,107.822818363553,30.8014401784248,20.0742126048307,30.3189247004218,59.6214610710826,29.2714888812308,21.0844334013328,30.1579116493595,46.768410514485
83.8043343228663,107.700540239433,30.6448734097429,21.4589769269714,33.3591705051895,57.2985697156346,28.3619094924163,21.401984783002,30.4638019770221,51.8361839967233
90.2299591928799,112.686625991723,31.5114721935967,20.4464712006701,29.7921103116523,59.258170843975,27.9700120914227,21.3509696808088,29.4008953243345,44.7535486555208
91.3556304261827,110.74364321359,32.3338674838091,21.4334072959799,29.150048106378,59.1022074217037,28.7017629335932,19.7597597120583,28.9559615133958,46.4720182815152
84.8864288186571,110.394049893396,31.6445784658761,19.7571678723601,31.7190077124676,59.6544141986339,29.001069447908,20.9013734418249,28.1634089969515,45.3897089369168
86.6299601567406,113.160665161497,30.4644045814662,22.3659408204412,29.137550835841,66.5150843224779,28.3213644798567,19.3373515943287,29.3529299287269,44.3641099907199
86.828900478954,109.650620010478,30.3788064291311,20.0432314283854,30.7489234634853,59.5801926761512,29.4220557002178,19.5706456142775,30.9717043505966,48.8385533913727
89.6866257174031,111.825056812925,30.942239196918,19.7950789295892,29.4438690852803,61.409229365531,27.1323968811323,20.1014357031841,30.96697290219,45.9062195515019
86.4063888560683,109.182716133922,29.7263129658846,22.7741476636033,31.531502580716,60.4652524419001,29.4205672758494,20.3199491634869,29.6884418048828,47.0599785077862
86.8085109341792,109.843446931071,30.4422352593064,21.032536410011,32.8665906755363,60.8322437912551,29.8380378822928,20.7550476291589,31.2031159911739,45.2976436353117
86.7339744246196,111.651944144838,31.2742552499961,21.2128413030076,28.4396399669095,63.7209993010532,29.3395186100003,19.7014493874513,31.3109680767004,47.5618167544956
93.1802464533249,110.836438244953,31.0346951776629,21.9809267496513,29.2773096951589,58.5339349647736,28.3447116603933,19.625555269715,30.5880140664088,43.6322101289663
87.1024535270684,112.42622053661,31.837650556958,20.8614729562894,32.0923956907615,61.370188115825,29.0533565142125,20.626084194897,27.2665343299644,43.1433725971488
88.2558985173298,112.972020673655,31.306231064695,19.6552337859958,29.8897599377739,62.9898750815331,28.8965054404735,20.0411719747193,28.7000611373557,50.7946895584986
88.7446312076061,111.801037483121,31.6283182253418,21.5890474059076,29.8755420205033,62.9797463402695,29.8686401521924,20.3586945830476,28.91415724884,46.0276166001016
90.3402737040271,112.137936740666,32.3807284871385,22.165237178107,30.371552669764,57.3737168509425,27.8197074315249,20.7749506258646,28.3446919867142,48.0082187227105
88.9401626368458,109.829734789663,31.2825428276824,19.8811154436196,28.4061482101589,57.2233089554851,29.9028488215202,19.8071223054685,30.360997732222,46.0093767561061
87.2251335194146,109.960344415489,31.0852783769321,20.5350056331886,30.6855968876792,59.6940678072123,29.6099753876977,19.6496977683156,27.5280073590239,48.2022311983352
88.3544639641121,113.436313375064,31.253347692299,20.4770639644322,33.4221270939814,60.9186697854868,28.2967606371981,22.3325005914877,28.8122373781232,43.9386596859628
89.0341056989392,112.90224377931,30.7063232869032,21.2575546539778,28.8526464046816,62.4467204883957,29.8436780766396,20.0451841804584,28.9451624449967,46.1279270417575
88.1481571581903,116.376092079716,30.9835481544682,21.1219333945167,28.9253451987085,62.130040352705,29.4712780185334,21.2658540939515,29.3940022566265,44.3338599275565
87.7033336879367,111.155028702035,31.543336298556,20.1932468189417,31.1584892918912,60.6477411661623,28.9603856083232,21.5227604161708,29.8177089510241,47.2522230014762
90.363716895265,110.936303380602,31.7133334375563,20.3872221348501,29.4152304219816,64.2356695839078,27.9684014344251,19.9983564376354,29.473465207319,45.2681206594621
86.7877178421546,112.89996254272,31.5352698298006,20.6011780148975,30.3902212826882,59.0611566897223,28.6350888320912,20.9960478267414,28.6583892309599,49.4429395191563
87.3631290520443,111.665357644976,31.9242514733407,20.9447205573148,28.2729473919294,61.4012089306857,28.0310027612669,18.6889347110453,29.5311813998266,44.8517581113778
87.0418018079544,108.888906198318,32.7801916178316,20.0016697889792,27.6881090876735,61.7824925130425,27.9412193144193,19.8171669610566,28.950786449529,44.2187966018608
86.4832425645722,108.136731867498,31.9643380054703,20.2909645804897,32.1379788627787,57.0440342665035,28.3847770366304,20.4092339291991,30.4713447717999,48.1131659890624
88.7032864328286,111.390651245035,31.88766307793,24.7673067140381,31.8269976926252,58.707414814426,28.1120535412138,19.6676897331177,29.197661497025,45.1347888619962
84.3271706043707,113.237686266893,30.784276539881,20.7326261309738,30.8107926772776,60.8317255690273,28.1686520486854,20.1665044705302,30.4951862954478,44.591284465441
86.5369731625651,110.323451209142,30.586065852371,21.9135109479278,28.6861757210246,65.207778790108,28.7789893471466,19.5250728759925,27.6509435934692,49.3188903477905
86.0695395339575,110.946054123393,32.5918500262589,21.9935765569555,29.8184373732561,60.7150614115684,28.6030873501907,19.8230651902727,28.9551476406096,43.8652493460364
89.897027017971,112.979363257781,31.0749882247456,20.5543575825078,31.0611894019988,58.1212565521928,28.417329922016,19.6862465581676,27.3826193260953,46.4033940010351
88.4059821524517,110.2132593335,31.6236615298705,19.3711478423632,31.0622172460233,58.652493250088,29.8358773103411,20.0427601884542,29.3079633653805,43.8023823074611
87.3585612893526,108.492102611294,30.8403029838305,19.3445384614064,29.9570374165441,56.115500868425,29.7203497060686,20.6162008782538,30.5214630770679,47.1137575410175
89.2472859614469,112.177250133577,31.1448620926041,20.3746030089071,32.3143215814338,58.8191606430663,29.5900777046754,21.4559539433743,28.7590213720942,49.5670612006147
88.6220704478511,110.415952501916,31.2524320040417,21.4684186638084,32.00563869943,60.9535849964869,29.2269899808313,21.363171846354,29.3195294563891,50.7263689226716
89.0174072026128,111.346391089817,31.8052805363335,21.7417354411913,33.3099604042475,58.5186797876031,30.3188237663978,21.3227210677976,28.3303371553617,44.1044635540754
90.1078079007853,108.141948040121,31.6253977732464,20.3562160141386,30.6467879140363,61.5403642691352,29.619104595998,21.0998039855031,27.9893751353314,46.877521353097
85.7553456892221,112.566044835208,31.6051690468287,22.5334711427656,28.4126463406626,60.1471370894705,28.5064137193671,21.5228690959158,29.9241086023781,46.4943289091619
86.9006545315279,108.563091906128,30.523282661199,22.4254023884806,30.6177433363234,58.7477748741707,29.0896448421879,21.5068150225517,29.2988331499819,45.9093762326074
84.6284048550335,108.780530177973,31.40510111899,20.3844211391305,34.5542113206504,59.2835573983098,28.299451554734,19.5319974514277,29.0539809106668,47.45665933905
87.4553003860183,110.059596113209,31.5892182079535,21.0938549246721,32.4826943103967,58.5424957190219,28.7751011313355,19.5840934465293,29.4811722559608,48.4630675779143
86.3964859392664,110.953212548875,30.986362351675,20.8122192075812,29.8886181424071,63.9275247854573,27.8789107959993,22.4944211622748,26.045087249182,45.873898335244
89.9679069089192,110.640775612969,30.7313853635405,21.4098307729747,31.5046102266384,61.0578595145696,29.4838090236512,18.7637632023494,29.1935017633213,45.2190383123985
84.0015193513558,114.406717647325,29.835401299117,19.8514246313376,31.9019816398392,59.6531822336756,28.4081160466784,19.9413012153213,28.3555896781248,46.3576149607439
87.8698227613341,110.178530451352,30.0657993058272,19.4053788319044,30.7135708627636,61.7993986601693,30.0372030805743,21.7576479901801,30.3867400017872,42.3858011180251
88.5948122361578,108.720438832022,30.6418165875015,20.602847075712,29.6587986917704,61.3769945708329,29.5632176592622,21.3643721163907,29.927958262508,46.5415412280602
85.4913072324451,107.760559925274,32.7041385613638,22.1129812864922,30.1783212233347,61.3855428693391,28.7982756353889,19.4631417601659,26.2869402571142,45.8141027862437
91.3903945155109,110.81551436742,31.6315861743328,20.712090179612,28.1458913378417,58.1569312610425,28.4164306129897,20.7408878681984,29.6252710386562,49.5939715619986
86.5383215181543,109.331908963411,31.7773814122772,20.847296815414,29.7815193983654,59.086063743223,29.9326889423629,19.5137692476736,30.4278663522789,49.3878801666997
86.4054187970833,107.010452491852,31.2783325924519,20.9421367872257,31.1383285440223,59.1719090465707,28.4051508392752,21.4472533969813,27.9958144547873,46.6561225690915
88.9293540342458,113.299205716366,31.537721921594,22.9537762113178,30.4532367404606,60.4108381905272,29.5506477517646,21.4331806950356,31.2838401200688,46.4555483645319
86.4941888295791,110.146377510889,32.3836788943297,21.3089804054265,30.4597630850207,61.4120298477701,29.2003747435156,20.9048844216209,27.5650408998408,46.7357374780071
89.4886574698095,108.674539397136,31.6166673665818,20.6367516933087,30.4535090052842,60.8310943457969,27.151275112197,20.3413411054182,30.6063400911416,45.7781442736717
86.7635668460943,115.156132263184,32.9093065527291,21.6105477426843,30.3736374551884,61.609830183628,28.5534172752604,19.9875820844276,27.3221709854034,48.1470516726805
88.7070009038738,109.509173780249,32.750919787239,22.3298413276953,29.8544343085384,57.9506250373456,30.3625840377338,19.5755865095191,31.3167101689335,50.8527531372841
88.946006492698,110.97283648832,31.4090028403796,19.1808693429605,28.5981713821849,62.0679617105222,28.2979488820399,21.6851943896774,30.7764343944042,45.1579579928264
88.7449140942867,112.166811794438,33.0744695870253,18.8626026695018,29.0259409953453,62.0720342858908,29.4102107421385,19.9672626486053,30.7865255601577,42.3175404028204
83.1192846639382,112.292881452645,32.9494094871637,20.5743688939759,31.0859290649355,60.4729454593147,29.2859509166966,22.3541156798152,28.8397546358658,50.8331275019311
87.4771867503752,113.568370069738,32.0631177403243,21.7578412201752,29.0259657357615,57.0450795198516,29.7496687274895,20.0188263147949,29.4601783727932,45.3526360025482
87.6817876872037,108.759234175261,30.8829334622075,21.2264866274169,28.5919192318454,63.6767007645155,28.4432710914723,21.4832115835916,28.3352874943801,47.3881417470743
89.618617361008,109.690089923654,32.6608436581929,19.1916330182443,31.5407115694746,58.4911687172901,27.8700725963636,20.0279194348982,28.8892702823881,50.1800361126665
86.3713775238381,112.980802558333,31.239368947647,20.0846030988135,27.8342519160822,55.1084975256988,28.0491608473272,19.8524038326939,29.2122522275547,48.7250057461077
87.5866844481765,109.133377424329,32.4138809151769,19.3808803212845,29.8816817965481,59.0673455179657,29.9580398766338,19.7196359407199,30.1803725289181,48.1688272773793
87.5154856804157,114.324797326402,31.4545429450666,19.9224813140265,30.7462942232263,57.6949736695865,29.4841309839631,22.6435763602917,29.7755987782927,43.4213650533664
84.9803108974929,110.7088513667,32.0053147916272,19.7353514149283,30.3857996035491,57.3039837340732,30.346576908933,20.2788659496654,27.3547678443255,49.3143241793133
90.5876356001088,109.946598484269,31.1255013550903,21.0863621925925,30.9464662336283,62.5208723716889,29.2234923431364,21.3477760172864,28.1623047344819,47.4704709751404
87.0524388835211,109.197625311733,31.420598529534,19.654583744189,27.9978846300112,59.5646495320245,31.0979463685556,19.8790347961025,30.5394372083333,51.2262636396032
88.7882117207658,107.6685006629,31.6749206084631,20.428445783854,29.8248717032552,59.5148031717791,29.2578711645175,18.027769820505,27.2937908646994,48.5700178100489
85.8924278231274,110.201456455178,31.6138663621821,22.1268273816091,29.0607665154592,60.5852842789396,26.8590621603841,20.6040450003382,30.1162299169135,44.8763287192463
85.8937494725364,110.632047215877,30.4075608999524,21.1212729423239,28.7490284246696,61.1471177493164,28.4157902565862,22.3829694648156,29.5242096124674,47.5713055725544
88.0551629021115,113.546563353413,32.8727175064088,21.5002467941284,30.3170804156765,54.8734825380436,28.6371044701485,18.8949049932943,30.4340814689972,42.5493626467145
91.565710959954,110.273880187457,31.8199058420557,21.0990636539001,30.6138835746359,61.7828069242096,28.9004876262572,20.6100175161429,29.4568397094225,47.7740177627754
86.2618970705404,110.96655176689,33.757928257199,20.7570061849825,31.7099096714799,56.3948003403211,29.2511033387315,20.369110714559,28.8194131053629,48.9341827604387
88.1926823919876,113.694662294596,32.2899151669054,20.0032066925915,31.11773793348,62.4490885617266,28.8791383528433,21.241796663169,32.0612600818819,48.3935901961508
89.0956366536691,109.20100742758,30.0385350598997,20.9916907360893,31.9325763251319,60.5574163187228,28.6849012199422,21.0108603069908,30.0279266285824,50.6460253805127
85.6920996389921,111.209609243759,31.4443954997831,20.2176664354949,30.4828325876603,64.486854018487,29.9110590244487,21.1346870087706,27.6018721242377,44.703707367415
90.2425875629803,112.244121988008,32.0761517622398,20.947357207391,29.7150696763941,61.9977415734536,28.3634085580866,21.5434050046749,30.1745135715528,49.0559899430495
85.5354965695488,107.479378775851,31.1357751438993,19.8180829239287,29.552247866557,63.0716882519543,29.2470496962357,20.7066198748868,28.3242114003018,48.2053305974818
90.2382890195069,110.87354556742,31.3610798732335,20.4627509819233,27.1997478525031,59.4641150823001,29.6042591935756,21.0649700085353,27.423399898891,48.5126873346384
88.3549783629869,108.669853198164,32.0434411366971,21.645714455432,29.1354034833333,58.8637103840123,29.126304127417,20.4714068162927,30.5522355206288,47.7825509513103
86.9790667499691,112.359686501114,30.1289006196646,20.3633077252902,27.7196291535999,62.0359206189091,29.4295169755085,19.7457808304025,29.8000575507375,48.7594016999916
86.1803005084132,113.481290279697,31.6969593048989,21.5762888565391,30.0214739988264,57.1778933938507,28.135580496115,19.5179450113367,30.3142802667279,46.8623915225725
87.5322006987711,110.279851450881,32.6410567385929,19.5066266131144,29.1101575028044,57.1998237239196,28.4260405294032,20.4371505647444,30.5965148305409,47.6561159844548
90.207155367952,108.456563413475,30.4037167069135,20.9128537829786,30.0559439222125,58.3179542459421,28.1687242293137,21.478885067934,29.4012796914031,47.9759545008723
87.7786480382761,114.079473630136,32.3632034831628,21.2422467424391,28.4545869923916,59.594658241287,28.9460654871295,20.34209549093,28.5588382315405,44.5069073353393
89.2268673567696,110.528252897611,30.6267662239864,21.1515406842033,31.6505282536406,55.8592820079861,28.8306734537269,20.3259063245989,28.9710359461655,41.1291748451438
88.6246221224053,112.270182442103,31.6606698003362,20.408708141211,30.8468323502881,60.9448603558375,29.892844712014,20.9657958743818,28.1978459702469,49.6854116499955
87.4346219456264,110.249077398662,32.9660903375983,20.6826622291343,29.7715033356291,58.738488629179,29.3420490163088,20.8115714027129,31.5071089803778,44.0193194908406
88.4290928403644,116.025577270738,30.7055717174034,22.7562935917994,29.5519024067043,57.3505164611766,29.0352122653699,21.3950973716499,29.8455830027311,47.1427669822054
89.3073987058655,110.418913629908,31.8024345238992,22.0633753345784,31.0292371864798,64.7028750839776,29.5990691662846,20.1941110883402,30.2671956787601,49.3185329671404
87.604743274183,113.415572499046,32.0335878811156,21.7842364136129,29.3961621437567,61.0590971781759,28.7826855630511,20.8090942603644,29.9928407965655,47.0945939904162
86.1705146691625,113.430471163506,30.9963885967289,20.7467733874794,32.2369272224279,57.8542656413904,29.2614981422182,21.0376717766769,27.8788720283359,46.5016458495739
87.6680900896177,112.040607289754,31.8577503753106,22.092640127409,29.6137430123388,60.0595339819801,28.2225854408469,19.859875688978,27.9989189798377,49.358038873929
88.3926447333867,113.570368742537,30.3718995862568,19.2542838876396,31.7436495495137,60.8764699287106,28.9602211193831,20.8793760003789,29.1841253466455,45.1645453002217
87.9778346197003,112.458237634327,31.0097439208087,21.2256672690973,30.3664817985254,58.6620200286319,29.1087540046214,22.5697368016852,29.6936119813149,48.0100956987748
86.3545256536095,109.738790334936,30.8990593360472,20.3545254502297,30.1382160622441,58.2832840477728,28.5167465288892,20.8424129558399,28.0254939360319,47.2648466344721
89.7690924875525,112.988917630959,31.0383000490927,21.7953715455501,30.9903097909413,59.041711918832,28.8256412148685,19.1341433742148,29.2176153736692,46.8511832548327
86.4270450739524,110.448160956096,31.6094495642801,21.7115413151925,30.2074624831746,62.8393860879387,29.5025312530255,20.6611550340206,29.3007296531387,44.4023174671459
85.8308260086837,111.474102075792,29.9808398292999,23.0408107286201,29.4894506689685,65.7709439528599,28.4799652556905,20.1371376435951,27.3796095980531,45.3397978209826
86.4257466506272,110.595155962556,30.8053273742997,21.7631868901959,30.5383744710931,60.3012831851971,29.1546608550703,18.9948301317869,30.8364534801461,45.8214869485798
87.0075570948185,110.051562268237,30.895377733088,18.2125107792678,28.7650464955956,55.8318833542079,28.8259815649686,20.9077710501288,31.0154837765997,45.7133591691109
84.911095903939,112.138335158722,31.2986529376267,21.0813575961158,30.8042358207704,61.1663577341393,29.6787958715965,21.4596275939746,28.7360436549599,44.2690529087686
87.6348149727782,111.60096487241,31.9092599188577,23.0147511022848,28.879116794125,60.6748570730721,29.9643990163858,19.4232246576132,27.6319617633411,41.1520640851689
89.3198198758968,109.40731448535,31.997561134479,22.1098692187698,30.1890156219825,60.6206844833315,29.1329529830945,20.764087933301,26.987623789447,48.5638916810472
86.7642605025975,109.663543303789,32.7669407715498,20.6453630141159,29.6643544168157,61.077607475536,28.4116662212279,19.0695417203403,26.8207562264525,46.9401344616226
85.0686349058366,110.508072763637,31.9521563817046,21.5730930989762,30.0582414507609,61.68613197075,28.9599319077882,19.7332911197588,30.1443343050764,47.9895488772471
84.8009494102591,111.282734013992,31.6904033069229,21.3301362297125,28.9186059774726,59.4544117808199,29.9333717408582,20.2573836154029,29.44627792605,45.5735875251227
86.612651671774,112.783320205533,31.2325484566978,20.3955962979184,31.0635741319478,56.6802716518354,28.8073776908704,20.9108305367618,29.5158695420868,48.1787258771825
88.0471240890026,110.451931270345,32.5075521730572,19.5573833488149,29.2215235901524,62.6495597857722,28.9032714079445,20.7167334115276,28.3807217174557,44.8793211430877
88.7801970154156,109.165255903189,33.4752329719518,21.3359426952367,32.1078286318107,59.8618125831872,27.8752643446953,21.2352515370203,28.5078324793609,46.9727947303141
86.7671896117708,109.282898591112,30.8447503062714,22.3363946881656,32.1251127223094,63.1079897034603,28.18551483228,19.6635320293783,28.3044405373429,44.8401798093947
86.2620484244182,113.361634741603,31.9250879022123,20.0869731505998,29.9440561921912,63.2626440403339,27.1797379561103,19.7506914017974,29.5026405077948,47.5618059939196
88.7504991677048,113.563736973856,32.554234556025,21.0795681063807,29.6293548743122,59.3623432619998,28.6171615995227,21.116872741569,29.4230310850552,46.5271606927556
88.6112733007904,109.479014789929,31.8765249306737,20.4338129981264,32.7655928231656,59.7256887602701,28.0499925171824,18.5447833043813,31.0372839850775,52.2051714860275
88.1529251393581,114.388138724393,31.0723221694632,21.7763712430897,28.6833773914556,55.3332505080394,28.0595841703242,21.2412102090411,30.2011411931956,46.588587693681
87.4087627462579,111.187970966,31.8471413575311,20.854434434789,28.4740000818086,66.5017031882153,29.1347252689628,20.0991857599938,31.545030253163,50.974904568237
85.6310802418117,108.42879757031,31.6073927821107,19.8420693520947,31.1632769461673,62.9631308536311,28.8642369472157,21.3327648459657,30.4927332862079,43.9548743700265
86.9232660929843,109.566512897599,31.1244221746327,22.5895301355186,30.6600546549031,61.770943732299,29.0904777832174,21.0890366822308,30.8355903874235,47.7204547012021
88.9154816002239,109.300877281125,31.5657250786276,20.0661759361623,29.0338526471187,62.5111229308545,28.5560851581562,21.8078136756634,29.0999269633979,46.941417095792
86.6587037872329,118.850968325787,32.787065860198,20.5499657558299,29.463177425253,60.1043615684784,28.8955700282557,20.8536589551745,28.6765762857777,46.105977868247
86.3627364142962,111.886004038938,32.2464469834043,19.8283454230419,29.751461158369,63.7745525305868,29.4017768426989,21.1332638763297,28.0738638773609,48.5979965111185
88.3291585629781,110.237116913685,31.4983950474486,20.4068694842856,33.4205832667467,61.1024784595442,29.2956963721372,19.7360248693482,28.57091900757,45.6428796101319
88.703942190598,110.82880503287,32.1689648009852,21.2023547324382,31.5225623316132,62.6407679802963,28.7976610406492,20.4202591888867,30.7929931851756,50.0988625450639
88.8059704603887,109.1897204373,31.9673377997766,20.232856481742,29.688938643436,61.3533696233749,28.7615502402872,20.1026914175916,30.7419778047673,47.0535570798255
86.811047856562,113.553914904911,32.6634660147037,21.9505119537238,32.7785655038929,60.3340130710644,29.693925779415,20.935874025869,29.6471370632312,44.4333178585116
85.6396523749485,112.148743465504,32.352420091399,20.7549760654508,29.864313198237,61.9270506839932,29.6639878089693,20.5229954081009,28.6915806770479,45.6204872494978
86.5611643432907,110.731348222555,31.1917816007875,21.5341218079177,33.6473414076859,57.8771567593717,27.5293924234801,20.7685661510202,28.4752532270149,45.4849323547796
90.1680754461588,114.336848219144,31.4055151577924,20.8440621792298,31.9378594577742,63.3611345730917,28.8709810543959,19.0140103264879,29.9359093932331,48.9449632244416
87.1360116500774,111.632826604157,31.3263729292505,20.938897849753,28.6834481123852,60.8501297847086,27.8077535426064,21.8308222977004,28.4759141194672,48.4722755867892
85.6118845913011,109.914368474465,31.2001932759679,20.0710627246565,31.3475375023287,58.3943583831829,29.0946139953903,21.0762221533358,27.6044112903087,49.9029878527663
85.9502840209205,111.71967579009,31.8149743605757,18.5372580329593,30.4902388598468,63.3581598669629,29.8566953689827,20.7771732503965,29.6483416783751,46.090610286412
87.4163173648744,109.911910771569,31.9079610003085,19.4399510804838,34.252665529789,61.4486037956802,28.7175773849694,19.6085145660806,31.8240447806661,45.186947874478
88.5975707796435,115.822646951494,31.8086684270565,21.347945830655,31.6124872891085,59.9335373525135,28.8653138182987,20.7137227596268,27.8275517258893,43.7442694528223
88.9008296401445,110.817406653754,32.8357687728373,19.3609080465804,29.1278194125978,60.4702598970183,28.8992601291122,20.6995684914951,27.1521350683184,43.8009962952791
88.4089995108845,112.792497491254,30.3154215811505,20.3417586888151,29.4064934442895,65.445687410971,28.2849170909412,19.3404825992649,27.6607878955746,49.3998168978653
86.8228336464259,111.040576984368,31.9641248391031,20.9265541543543,29.1338464067482,61.3890368075671,28.8940663832112,20.0670032867853,32.4415594001036,46.4126376497444
87.2181075328915,112.436987525847,31.8440799396444,22.5815660891311,29.3942940547138,56.9728113200987,28.7552982664712,21.3103730978656,28.2246682843947,46.3376663120227
89.1210284227142,115.2727442517,31.5816685235312,21.4000939618774,29.8623829691408,60.9210183261641,28.6731788769779,19.6999425062144,28.456006641966,48.7716598927538
91.5270861228058,107.497146825972,31.23613809071,20.7330819173506,28.1319357815831,61.4826910059931,28.641177132394,19.3201632757815,30.9320925281674,48.634769071955
87.7747618598488,111.251868085928,31.1485614376521,20.1977729463724,29.3738090665556,57.8439553697577,28.2861882447689,20.1207056164038,28.9861318590311,46.1245454011988
86.677241129872,110.282952045486,31.4993747760162,20.5277429642389,29.535268068699,63.9135147575386,28.1630287770066,21.6222269219523,28.1322440953943,43.3939271288069
87.7233452102295,108.193644443094,29.6265603650781,20.8527299964598,29.8189457784395,59.1372670951902,28.7904773549064,19.825516479848,28.465814592956,46.2754619337369
86.3620335166492,110.694010327971,32.0655968070142,19.8383686191497,31.8288531617952,57.5236164833461,29.1975982613328,20.3562041714673,29.4370261423031,48.4138362872333
84.4517598609497,110.787456653536,31.7722114520392,19.1558079525981,28.7031659359218,59.9368014195445,28.5547477005243,20.9614315059762,27.1700566860903,47.456958749357
88.9061985323816,108.315937767982,31.5161370999305,21.421918603803,30.5707386605285,61.2666861791634,28.4530357988737,20.1803123817407,28.9151149517257,48.6390816575656
88.2344861206659,108.260685884471,32.7034933798928,19.8960406577449,30.3147779798766,58.3873121547455,28.780477328458,18.8960692474497,27.3019889959227,49.4774645929766
85.1187132997519,110.371346762842,31.1115633532086,19.6232958660213,29.9702837820407,62.3086862536736,29.1439512718391,20.2711419429526,30.0401554275045,49.1588589688951
87.3848738230542,107.937062662839,30.9253951638674,20.2859565004114,30.8328385421066,61.4639310080642,29.7562526112033,21.0788491643032,28.6318796168536,46.8126881203239
88.8295856843206,111.587579747404,31.9823859106378,20.5490149031715,30.1647753199861,60.4620959343407,28.0847743883609,20.8595385016416,30.7141799033796,45.5336017055491
87.8125686793498,110.026427333854,32.7486494574858,20.8032220541733,30.9434361121992,64.7747324734558,29.200017809618,20.8299397167658,29.8793193596592,46.5256604611839
88.2386921658129,112.133690674234,31.8942193382639,19.8323517245726,30.6935571896444,60.0115466332141,29.1377527356635,21.1624698133986,32.6014836166868,48.7300735732648
85.6338363570585,111.04264529717,30.0254723859177,19.3924928578798,31.2886560172751,59.2059448273171,29.5563702103507,19.4789443863817,28.9057932938107,46.8349470244073
87.4564253952535,107.688493683827,30.2911604762007,21.6285436806674,30.4053984638774,61.6535171149774,27.300277952524,19.3594630090282,31.0926221696166,47.7910295689237
87.9121574003984,108.732891497981,30.8369560629239,20.5030701864639,30.5190408305834,58.6439202462788,29.7226742971026,20.9478144063824,29.0870598197104,42.7152024168679
87.3181758854971,109.812948683286,32.339840410861,20.6624472339787,31.2067610008938,60.8275112613535,28.9415874429793,19.8205792473319,29.6038666640043,47.1128706955689
85.1313972019277,112.745160982694,33.5376909803062,21.6742078103766,32.8313623911976,59.7989374301336,29.2609054990392,19.3158156226349,28.3447061118354,43.4157968994261
87.2375791159111,107.997859628004,31.0862932528475,21.0770249622297,31.7950235129943,58.9583215269286,28.2441775157941,22.111144150034,33.49729990624,46.8881432948255
89.9902487576358,109.965687369695,31.0345539008791,20.2620612550315,30.6770443727768,60.8798685785819,30.3106707297601,20.054194787491,31.3646633322057,48.0833255349655
86.9054751333107,110.719118608007,30.6083582520988,21.2082331754503,30.8794912725544,58.7480393126065,27.868898499403,20.6046891970719,31.5215262396287,48.7390642554978
89.1925084836357,114.192413806981,32.314037162863,22.5362566252299,30.474813188966,58.2121578257625,27.4481155558083,21.6915681159764,28.8717062481147,46.5090536425379
89.3408738763551,113.331303643708,31.8522216745608,21.1967035206778,31.6881963864239,60.8471452399821,28.4806201025297,21.0877164642559,29.9081689938745,45.2180176552412
88.4530071246656,105.707312976532,31.4286704189653,21.4357632640252,29.5274159596042,60.8301612608129,29.0159507087602,20.0263522236389,28.0954600329441,49.22896325332
85.3597720675849,110.257979335701,32.0847534920112,21.2726677943784,30.6877415370443,62.3580256245161,30.8379833788688,20.4527987541596,31.9031338883283,46.8892915736896
88.8718617927622,110.416753565717,32.4548793919022,19.9623564533003,33.361296177994,61.5725104366529,28.3342750739803,18.5506861981747,29.5399327797972,47.0007847614753
84.7321181352696,109.089737116162,31.4772807670838,21.5168914537219,31.6130444426975,58.306950403681,29.1787832716882,20.408150799199,31.2363344460006,48.9059323415183
86.3632901657389,107.349776697606,31.7581959215115,20.3748165395424,31.8521715345916,60.7460127258014,28.5577941589553,20.4894740647432,28.3490287647906,50.4997567684917
85.8034602259994,111.625503019068,32.0546602092864,19.4870494070775,29.8606125596819,56.8248231513146,29.6191483970549,19.6531204507864,27.8501024885531,43.9596060338061
88.2419390174259,109.084088122379,31.5527622627109,21.3923445774702,31.8080333023744,59.2828364935138,28.0829723253931,22.0030483223606,29.1538035476266,46.2746131799296
87.0180715411384,110.786695601352,31.1722309986824,20.5105885537397,29.2525570447328,57.7219899678046,27.9506784474284,20.5161034214546,29.3479500528885,48.9859769851235
85.6348341666621,114.550730552459,31.4481396596694,21.4920504099986,31.0424002139759,62.0211293126846,29.4471293489743,20.3099202927741,30.1708233274694,45.9897836349054
87.0897523852984,111.771689214273,32.473652327997,19.8158352512246,28.1923018509116,62.927372165574,29.7304686647782,20.6818494506727,28.0127508104256,48.1806218966994
87.5058131755825,112.580967286367,33.1499877020195,22.7087161850399,31.2295302230393,58.442179723353,28.2136973155597,21.2402725492496,29.0009354911445,49.5957364219948
92.0909477779455,110.771709153315,31.0080672750191,21.208728055469,28.4621987536309,59.8977400467407,28.2538037777603,21.4691102578494,30.2603520494007,48.1211397612138
82.6876384171646,115.724115951218,32.8534932437928,19.6929719394298,32.4791179266623,58.8253843988703,28.4660020054355,20.6301529743381,29.8597039936358,46.2565259206495
85.3107971496696,110.815450256121,29.7122513902301,21.4181616541827,33.3288834091727,57.649448040903,29.3874671207842,19.6932143640163,29.5275539198968,45.6900808212241
87.4316074830558,113.998677776871,31.1296371608163,21.4459306456241,30.583050871452,59.1421348184099,29.4266697926695,20.3223237843329,29.3969727426746,47.3009159361212
87.049244603978,114.990653097913,32.5681576989581,20.8775464687887,29.1719140956534,62.5905533089741,29.9394568168523,18.9145936003028,29.0022519646097,46.5112057798625
88.3500082362971,113.527791755512,30.4990134576848,19.5658504979664,30.3095095947223,59.1914291098573,27.7616238244534,20.723642008226,28.5749229124497,45.0065220569403
87.4815620868445,107.746840860341,29.7026496644277,20.5488687902613,28.326460657102,62.342778280461,28.4667150149929,20.9802956408423,28.6098312804902,47.9798090135479
83.9862088180112,111.546794382833,31.5762850177757,21.9729945476396,30.9093117849083,60.4368918032429,29.6036182329995,20.6365743456435,31.138569061051,47.0323158927558
88.7748360407321,114.055694871712,31.2242273451739,21.2041558236266,32.249043842848,60.8392946789129,28.7693094928624,19.7778241366167,29.6829783386863,44.532968317005
85.4208431722946,108.3472768692,31.5672674738904,20.2079358282267,30.2196501764144,59.5425748929963,30.1579823412927,21.8968427808966,34.7189108686913,46.9352515130825
85.2005410294475,109.242916428588,30.8313500594716,21.107335949542,31.3870865113827,56.2156267335772,29.1028684964654,19.91731969933,30.1816135236966,51.29424588813
86.7309316553979,108.860623697905,30.4220046918075,22.2083908276042,31.2882103647736,61.0327799994115,28.6159112284606,20.8134335974437,28.3639162684253,44.7449679541842
88.328513313969,109.930770349272,32.7083506953928,21.8323082995935,30.2735642876516,61.774923257053,28.2668637571466,21.114874724059,27.0690764006575,47.151997258679
88.3266011724788,109.13796623122,31.7291708846493,22.8602309353482,29.9911054651281,61.1639551046622,30.360096634709,20.0528428021705,29.4808878590122,48.2413354870644
86.1624577273974,112.830165931004,31.7141585464977,20.1547569254604,29.8397112019712,59.2720000236638,28.4937460153766,20.9339674332107,28.0796832249848,49.0594940318052
87.6928126178615,110.971483992742,33.7631045321183,20.3660180391844,30.2198467036625,59.8338031792184,28.8725511218558,20.3358666773743,29.5367302500186,43.9863790732206
89.474924157282,111.243586882181,30.1437187013633,19.5875086014777,30.4181384470948,61.5628965045694,29.5573901745816,20.7044183697924,30.3221321933536,49.0691247356633
87.6099079653802,113.959835102147,32.3300690241866,21.7925039216433,27.6393079712207,64.6698031914756,27.7965219324191,20.8881881061872,29.3765972633132,43.5404515134479
86.5793151120577,110.569892869629,32.9732548436942,19.8743794461816,32.4694791988283,58.1127774882677,29.6580219401688,20.1867720841393,31.5310646853252,46.9118596110991
87.5606940601599,112.091051835629,31.2189345672856,21.451978166479,30.0100566664401,62.3280397115581,28.5328521705195,18.9140011708172,30.8341278254278,45.2499007323197
87.7379195670665,113.544397869086,32.1148691978633,19.9682906427059,30.4314055881672,61.8909783667191,30.5575407938566,20.3329370669696,32.8999317711199,45.824762227909
89.276322039127,111.133674309718,32.7817107045615,21.4090627542205,28.2904619888181,57.6729224939046,29.5938830971862,20.7803818774742,29.8358793581447,50.3965113243035
86.1498059483094,114.013102145516,30.3153407360386,21.8713650309127,28.8028984978587,59.6555667123,27.6323441033335,21.400489810583,27.701666535299,48.1910636356742
88.2162957674859,113.524574219994,33.0285805338354,20.4659018834334,31.4843878680063,65.7329595683089,28.1876885616155,20.3537768902822,27.958605800335,49.9478795164135
86.202667235847,110.863478951565,33.0483607873101,20.6186233417542,28.9242995275023,60.1229921074949,28.7396004538085,20.6341210176331,29.9955961922126,47.3981572308208
89.2668186081043,108.074862917173,32.1689210698426,20.9214649137698,30.2797537458829,61.6611082283259,29.132523746002,19.7709173075861,32.5655005718486,47.2173180708779
86.79575202937,111.84768702152,31.4869511961888,19.0470705793191,29.9328010885822,62.9030631991052,28.754917251593,20.404092749175,31.7507664139848,47.0991270868627
88.5754130811543,109.504035232051,32.702295292134,19.926085675755,29.185253138866,60.1707456037628,28.461018811473,19.7476982046383,31.0155596017196,43.9885597961365
87.6394388754874,109.828553188736,33.2316837932842,22.1123035601937,30.9732874432676,57.0859333909441,29.0876969176149,19.8833390832718,27.979515168452,47.5146977204785
90.3269806666883,110.344622758609,32.0524893489023,21.1350601655594,29.0007025585265,59.8734948957611,28.7532489582224,20.3744766097749,31.0336123111001,48.1117038836808
90.7280944348263,107.790685899103,31.2953425182924,20.1409731827472,30.555507848427,54.4759773237716,29.7439423342761,21.4512626742404,30.8145110962569,45.9114836091611
85.8471658639805,111.862143449916,32.1231065258212,21.3613407327798,30.4212396451694,63.4760739980919,29.0047224739292,20.8808304907971,30.5822100076542,46.4229138975287
85.7974574907562,110.694073249876,30.9135242415709,19.8083408597672,30.0344893157869,59.2797257932997,29.0653227489091,23.0411559360201,27.1502409721192,44.9660688085247
83.4022883143123,111.818421003257,32.7515742538716,21.9098251405532,34.6624893162769,61.8912452576563,29.0391526079168,21.5930184149544,30.6917187407959,47.7033716793812
85.4649547599992,112.194851649606,29.401036260795,20.8955859265994,28.5636438478489,59.5583844752527,28.4765008071491,20.8519442061459,30.7966921680717,48.7190423414143
86.9944941335446,108.23030786307,31.9750842254868,19.8218273822537,32.74750056843,58.8577643441766,29.028241464195,20.3628528000362,28.2873811854208,46.2272286344676
90.8380298582984,110.992340374487,31.4051033027075,20.0253483576379,31.44206093508,65.638035600378,26.5982412021522,20.9375520038444,27.1113465250222,47.4810391368217
84.7311455910651,111.706570407793,30.2724786223752,21.7799306366342,30.4343827067035,60.7630938165901,27.8442327262202,21.1295003892916,30.7610328877317,46.8355588862563
87.7099233228588,111.32662842538,31.6120177123765,20.817483003666,30.2134670988108,61.7399606751579,28.4204263794257,20.119483890784,27.4167725669579,45.9169653556245
85.9449971624582,112.267956733916,31.9544114649195,20.9213261509344,28.6359997807018,60.3324539249604,28.7302646337976,19.457988174422,29.6714178918972,46.0681680149574
87.9697638065878,111.3313509403,33.4672055199228,20.6459475924397,29.5615285538131,62.6200023809344,27.8814780043337,20.4383583917877,27.9032589598917,48.3827288826478
85.8379973612553,112.506586569197,32.6407071315097,20.1483219639351,29.5641061511586,62.0629602519697,29.3520698633646,20.3163898669987,30.5279390258562,50.5744123055157
86.0192970855525,113.404597571044,32.256361227648,20.7033788450918,31.009323111834,60.9228552411563,29.8382563593272,18.971559491517,28.9060098827714,43.5032125414806
87.1134874051526,111.318937760068,31.5553398080031,21.6886751887127,30.2961180055001,63.1111842920033,28.9720502577787,20.6474887027373,29.0826561962872,46.5629352027663
87.2856722013441,113.426490913559,30.0557173548057,21.0447774228463,32.3209933847978,54.6195590230222,30.2070963144463,21.1227115926366,29.9244873084624,50.4636038017262
89.7982561444962,109.473978648175,31.3580463873474,19.061998089021,30.0218012243724,59.9929711666725,29.056101074439,20.6720595121811,30.7678423582266,46.7032924153651
86.7790559478023,111.971390253884,31.2380243933504,20.9621157169702,30.596345729644,61.8462840730033,28.8390978238702,21.5137444741918,31.8444221151969,45.9680365546288
88.3903679529637,111.763533243359,31.8087200081815,21.1085907014582,28.9506285068536,63.5876856747484,28.6741712776446,20.5664980930601,30.4762357209196,44.5433927372979
87.8011653376761,112.411131074655,31.3097532283193,20.4565527204199,28.6296870652364,62.4484777440775,27.8285188394224,21.1979488533777,27.7355302753935,46.2681384900464
88.88388373971,110.84468709187,30.8004130020589,20.9038513231978,29.3776799112455,64.4568298953992,28.6217370934155,20.069766998273,28.2853799497823,43.8353172358469
87.3988926023801,107.416755277849,32.0421896474276,20.3443953242401,29.7079902870289,58.9720426223696,28.3953634679164,19.7268303342543,30.1362840851218,48.8226303029376
87.0495591170931,115.132672552725,30.5005149254819,21.3343747616626,32.0838983575281,59.5098159972319,27.826563310504,21.0511025698459,29.5461058764216,44.0789499411115
88.4684791379395,112.872396980704,30.8052073878599,20.2830656784108,30.4546535552585,59.7756377823664,29.7918659173162,21.0655264789433,27.3705628625442,46.0024383499244
83.9707614802634,110.401907875256,31.1169983399314,20.8573506974347,30.8353570956916,61.4448204649842,28.1830648918017,20.907347650502,28.5424636261253,48.2541709727875
84.0162098482889,113.012852534852,30.9828280682489,20.0822496079779,29.483742717438,61.3998097356768,28.1960471703686,19.8446071220561,29.5527296712655,47.9351610835949
85.5457001691972,109.177445674802,30.7926825971614,19.5936107540147,29.3162287999301,60.2307023901563,29.2312006546455,20.3054948625593,29.5990459893676,44.7200693153219
88.0091265701965,111.632687617502,30.6833839035869,20.9686162894655,30.4957363612482,57.9131718223754,28.5124076036004,20.9735558146867,30.3089394234961,48.8932339861448
86.1879162071496,112.247747562405,32.0037972870972,20.7463931754599,31.7712276096351,58.7524387378343,28.9022669219876,20.4137380257062,30.041297435485,42.8436915555366
84.9526490474861,112.703902019061,30.6509520188931,20.1802527580667,30.2396462616823,59.9896008400027,28.0591595039733,20.9003860262974,29.4157207714571,48.6830314999633
85.8390517072338,110.583187785208,31.8668485060989,20.073548886305,31.6756747805404,61.437984399247,28.3243359191017,20.7668363436238,29.001228027324,45.9624829920617
87.8595186227502,113.043669404205,32.2480858565164,22.2148355830188,30.0624027563681,61.1722841130812,28.9823472988903,19.6462229095173,27.2388058855543,45.2534845563709
87.2947650613935,107.040678312683,32.0767164919672,19.9333952097031,30.1140763785283,58.3206103259964,27.7630150768926,21.196930348091,31.2376696033641,43.2993633506382
88.3406534125566,112.877875151971,30.2642716787243,21.3089871809182,31.1251738732694,57.7534872065213,29.6061957703134,20.1841459296254,29.8905242046704,49.0415745857875
85.112646585504,112.214261651957,31.3645442411871,20.5246827097156,30.0600427593796,60.4367026122076,29.4372500004482,20.6900026201368,27.4509112339562,46.4016245846075
88.0100762280798,109.251644682271,31.6703055936396,20.2117242768422,31.4767000450006,57.9656526990567,28.2538427207777,18.2428256513471,29.4132786827227,40.9959517897819
87.1377389809354,112.251584714926,31.637348124757,20.9320863919471,32.0478055901953,57.571092682078,30.3184906471896,21.1195084984119,29.027021397454,42.0993501592321
88.8128244449299,113.779166765282,31.1323232795291,20.1649937559253,29.8655986072028,62.0072830868517,28.4628536405833,21.1666711544977,28.4395785776902,46.2901445891734
87.3530491796917,110.803050002555,33.2964786327986,21.0211587968078,33.3578195460706,57.5913462250791,29.2487599457375,21.1086458189267,30.4858881650794,42.8573845650334
86.1147205427871,110.771244198278,32.6102030990134,22.5739102081055,29.3653129162891,59.9419806496821,29.3514836115671,19.4902083591088,28.9583531813259,44.0521209640731
89.05116799275,109.846192273181,32.6109478241843,20.9635907383714,29.2008976547257,62.0865913457556,28.6450281586363,20.6555366530415,29.152768917675,46.5686731282945
90.1392052862541,111.894588780065,31.7460419195749,22.5093827810376,28.7708173895105,62.4770131026157,28.7028853581049,20.2061006976084,29.1591737034219,43.724966712788
86.5878544603561,109.765672477735,31.0504241911593,20.4939088443372,29.9838363306313,62.9460558573511,29.1362647396124,20.6075230017574,31.6283515248502,46.6332268131084
86.5670922328589,113.856248723767,31.2086205793298,21.2752045299761,31.5044903260424,61.5946292072049,29.4949065803349,19.44484387261,31.3851741458643,45.9868995203799
87.7899180965862,112.489292234311,31.2097590849048,19.3101662410342,30.5132562019285,62.3747829871667,29.3185717240384,20.2491174968921,29.082740738038,45.6310315422333
86.0841559341222,115.630585587123,32.1250056229757,21.5777052264504,31.4882128447056,61.940310780363,27.5644079735258,19.5789713922983,27.6955859596185,49.3104679195852
88.0232966226302,110.408548900335,32.2711751211153,20.5880999232211,30.7048703818448,57.0276294689963,29.0692935062229,19.2905071596282,28.1364063363999,47.2965093765619
88.2911967705613,106.217920488186,32.4612578537051,21.178171066853,30.9690163906901,59.2354495646561,27.5685174195782,20.3272154507367,31.6474383620928,45.5674207337764
85.1788076112051,111.788605255701,31.5773214462205,18.8901599006879,32.2901015514823,60.3340610718474,28.7636239772353,20.2626878984703,29.1963342375805,48.8880416104995
90.362080150484,112.108556213877,30.8847857290035,21.8847141370912,33.1877133312656,60.6850994238975,29.0965640849657,20.5857739221659,26.6257084784536,47.5886475632173
84.6206743939859,110.665611273427,30.6645480687526,20.9550087968914,27.9901328272411,66.2198622248823,28.8904825200922,21.1196851699705,29.4234850290006,47.8250831722986
86.3125008776279,112.977928130294,31.6368037395389,21.9120704509628,30.3064138976467,60.2836659413558,29.441463758655,20.7076899827998,31.0209542869328,46.8866846713013
89.5313059346877,113.731624369493,32.2984676871008,20.7850458420326,29.883875942868,61.7611050590723,29.0079156160653,19.5867580728613,29.8082776718679,47.9465830503213
86.0681980127414,108.836328193087,32.6035801691582,21.5663019984231,29.4686196349074,62.1559235287683,28.7464715603779,19.8141452961267,28.3296117979069,40.2302212000688
89.1413581726891,107.925547731066,30.8860502825815,21.7290244810393,30.0800854886104,63.7196206897148,28.3502023919064,20.220425545433,29.6416653330554,44.4337328095916
87.7350645336803,110.199218891077,32.0312365055276,22.0726115646429,32.3100089818063,59.9535127686186,30.7086953183497,18.9129468611555,28.6866113515266,45.7453282848572
86.2778233497265,113.947601307053,31.5141358604324,19.3247746617723,30.1083442921663,66.768081392457,28.4506667823524,21.1269139761521,29.2684483665448,47.009833583619
91.7393514951754,109.131680637636,31.8417484757343,21.6494937200918,31.803667987064,57.8465199815596,29.0421443258321,20.410015358064,32.6536705974958,46.6436771034164
87.4620706402789,112.042486193456,32.5898708078733,20.7035714575586,29.2757241728215,61.8784313280004,27.739127671527,21.3503809915859,31.7662377854066,51.1706166427016
87.2144376350375,110.358540418912,30.7915465876325,21.0452042018313,29.3042587508755,59.1719144363898,29.9708983700086,20.7948325996618,29.9727633890812,50.3373618749984
87.4892555431634,111.306981289965,30.9184183471387,21.3872600266096,29.6799495060655,56.5673094270208,27.6848653861092,20.9143282590873,29.6711147177138,46.6768270972983
89.6750304579837,110.113182282564,32.5812022226447,21.1066078795948,30.4002426436054,57.7382341972103,27.8217245733885,20.9375771060455,28.9100453694264,47.1089900981028
88.1712156939267,109.866938048929,31.4198998609061,21.0753591103548,32.5296147741396,59.3134008052942,28.8385832901143,18.8973176272252,25.2099514546018,45.7433424724755
86.7223351380841,111.836392316378,31.6141704170398,20.7708156479155,31.056196724277,62.0356886887029,28.245538563438,19.199952350172,28.5176916883209,47.0321120927731
89.3822177619084,112.292145846215,30.500364181549,19.8330187637466,32.3552272598823,56.470891446069,28.450996198005,19.8164592367812,29.1528736848536,47.0078509605409
91.4099455337459,114.071800646463,30.290222687828,21.3524553951108,32.471867026723,59.4639995335645,27.8481859211748,20.4747062799942,30.0179920608664,47.3626791841181
86.8399120472762,107.383460124729,31.1167678787717,20.3267597212965,29.7149595177129,60.0794502441074,28.9513074479379,20.538368445327,29.4202009552885,47.843333403554
86.6343020998409,114.24665180557,33.3240909165608,21.6564005793362,30.0710210803455,65.4159550247635,30.5047158527579,20.324038193926,31.0330579677807,45.3985054795915
87.1500034699963,110.509967283178,32.2597895046018,20.123351067771,31.3795567600719,56.3393346783369,28.945042179298,20.3391812739345,30.7739278120733,47.3985281082939
84.7815443442289,110.545405113402,31.3638873097911,21.6934654449364,31.2319315770173,62.0440952928166,27.8600516392782,19.9928217332983,29.1010275582213,48.5547919430905
90.6651377587118,107.752094859316,31.4522298925801,21.0093039680991,30.3843360455263,63.3282157575082,28.8796770312641,19.266159926077,28.5581778485261,44.7529458452722
86.6006096933471,112.310754537188,31.3605563385462,20.5726117333316,29.9390359605666,56.956938050677,28.5253986630724,21.2961436868712,29.4302156306583,45.1420368046563
89.1297204269837,109.513376734984,32.0591846148605,21.021624658477,30.6560926562935,68.4344738622753,28.559324079925,20.0758579872636,29.69765840147,44.919900821276
84.2040989078065,109.968638643383,31.9127639988048,20.3554689434107,31.816662139086,58.7805849480715,28.8131366008781,21.4730915932028,26.7821844570496,46.051060676752
87.5242660811831,115.658948852353,30.4883136447986,21.1716523089373,30.7361203801126,58.3313639159882,29.1874068867163,21.1191869672428,31.8210404603586,42.2430900536215
84.5909879322884,109.966752394795,31.4101372380608,20.5096141203597,31.995708703152,56.0507514403427,28.9026971144724,19.7636719903496,28.5515635819749,51.8850433434187
89.4368939483654,111.531619976071,31.8020878584914,19.8625611752849,30.3129915393744,63.9895271991601,28.770266426663,20.7676830800121,29.7917746852536,46.8303459687032
86.7475643309372,112.578958686488,31.4014544715955,19.9790305962797,31.8785212952474,61.5441028291454,29.8825778719434,19.9781173105041,30.2995836179327,43.2395591643215
88.8558194670023,113.626462887659,30.4823751839209,21.3802525568167,30.9617607335446,57.8439244918718,29.1244391794947,20.466873029439,29.4246433425808,45.4649676213267
88.6969267033189,114.920557205251,31.6507199616252,20.7192239530564,32.1078396850767,58.3671413705046,27.9123740516732,20.3262320971576,30.2957516199096,49.0641460603008
87.2184416907444,111.342043174689,30.7160926102981,21.4513107281165,28.8838659421148,61.3700877705836,27.8245902786488,21.5662929482541,31.1620751279858,47.3488138446151
89.4400179238115,111.131341175971,32.7690069023563,20.782584434513,29.1615013506117,64.1975200404017,28.0471311740034,22.3334263423545,28.9756210996635,47.9274884506325
86.4479785094713,112.217880397197,31.4909451966746,19.1374543325282,31.6804142071343,57.6826718953556,29.5715991146695,19.6483624340114,30.2545704412722,43.7159689128087
89.8350461513898,111.224039861579,31.9691171006732,20.8313440990033,29.8728181528143,59.2349421466263,28.6235331211101,20.0841482213271,29.4973190875112,50.2054911214746
85.645164927363,110.630156906271,32.0022511438695,20.6368025545682,30.2087121882961,58.749046148228,28.7195498062761,19.9163279436852,29.0070685807417,48.4807621165315
86.7184540107006,111.244107495268,31.7900237619902,21.3428237666713,31.6443260608909,62.4420520046542,29.0908057085257,20.2271839668857,26.2684996511537,44.9391392849346
89.9447478561703,111.413403329368,32.6348261228334,21.6875499655344,29.671017808075,61.0483384904892,29.7151958217863,19.1518534715571,26.492849142359,47.501555599022
85.6098456750703,110.762482289687,30.1877575447124,20.7096956683645,29.4788191487007,61.9840406943222,30.2386009887646,18.8762775656895,30.2679376290533,53.2076891229078
84.6601655202725,109.080056520318,31.0350338248846,20.8280954249718,32.3367986053046,56.3598912266846,28.727916166362,21.7168323815102,29.2416731699391,44.9042983164389
84.9869246694988,114.411176332777,30.2421835145641,21.3993653390459,31.2670854735503,60.7354077258511,27.3372292831698,19.9462655924472,28.8373558019208,46.2873148974385
86.3240056315858,112.807248312886,30.5634637475894,22.3158321991332,30.8659855602183,63.2090057913538,26.7873061715774,22.8463559152177,29.7301520052227,42.064217398388
84.0384175660086,113.814843329252,32.5623885496115,21.906329120913,30.2742817876029,57.2424569595023,29.5406420718849,22.4933511600558,30.9065642328094,46.8612859708897
85.9321278155583,111.92157337411,31.7587521611106,20.1768963188436,30.0810966144765,63.8678526328626,29.8949934395782,20.5376505728124,29.616865533966,47.1230856587417
87.4955640446391,111.181485762376,30.9323482396504,21.7326252200142,30.3113217513493,62.4416577524415,28.8034564146514,20.0535511063713,28.3886125085709,47.8626773251376
89.071070634776,108.857097541306,30.9698960886787,20.3278668181195,32.6479843026432,63.2976159322145,28.5078352822598,20.2075431975054,29.7525665245415,44.9805373508083
84.7255927883863,108.041510381386,30.1710116466433,22.1044516492638,30.0648140746022,58.7199406819946,29.1336349044756,21.0463003081962,28.2877231987097,46.6043336558674
86.8858295102647,107.992408535899,31.2432172398691,20.6354613676828,32.2914629602991,62.091963119888,28.7485014723421,19.4754314410782,27.6647262792754,45.3193134752483
85.6325759785392,110.10610737998,32.1258797771507,19.6780231287277,30.6649634694645,61.0484569396594,29.4665248803163,19.1133347076308,30.0287248613038,44.4138292180384
87.6834301993096,113.474361817258,31.4209426471957,20.5737888723622,32.9016714762092,63.4358017303822,29.2797594936699,19.9008134141859,29.8988595069345,45.0268285994942
87.7795485186066,110.518977380858,31.1342878928266,20.5911016277407,31.8342876127895,60.6618913552496,28.8962583334433,20.4004743286911,31.0254192114964,46.5741889428362
84.3977853511749,107.822858469778,30.8192690469184,20.1871841400052,30.4248867361729,60.3491912813256,28.17348311002,21.5257080217848,27.7216536651818,43.4774475534598
86.898372529278,111.957614448973,32.2803028644281,21.1122671896546,30.6342303372911,59.1798206507779,28.4512869592869,20.8504972537242,29.5673584924467,51.9200259193437
88.5293341123142,112.079468681785,30.7642674204519,21.4001499547979,31.2852162812626,58.7950712426336,28.6146120665895,20.422086873989,30.4538487101696,47.2984031233747
90.3870944320855,113.475403104574,32.2728664785684,20.9424932316688,31.5989245572156,59.9131607908639,29.1832651930707,20.7930972162557,30.2066645828567,47.4110557366306
86.2379946132759,112.174434356445,30.401216130259,21.0195685025156,31.5554494550975,58.6732191816177,28.3744628267713,19.9090738078332,32.3311195622929,46.1480655525838
89.5415042970368,109.187693652046,31.5832582678641,21.7859994552268,29.7169479056363,57.265931961276,28.6805504715879,21.2096481442371,29.6876443928124,45.4681506658847
87.6161358440893,111.872154414334,33.4391153975065,20.5139981986843,29.7366991257127,62.0027088242382,29.4643886094309,19.7331727256898,27.7937668105463,45.1847820236691
89.0826539326509,115.071471208,31.4142816921863,21.5731769234354,28.5362525811265,63.0600151733936,28.6263197129915,22.3705543656522,31.04406331601,46.6241177738075
88.0355648883421,111.45713427789,32.690748423528,22.1666766662627,30.9216259883367,60.6222707163362,28.509347545616,19.7302536419319,30.2553371357127,45.3706028131904
88.2807225811247,111.995837395503,30.8399518003167,21.256755516964,28.9653161910054,57.6068069841181,29.8991775962714,21.7199234590128,28.2369197234783,45.5371611394968
88.4891123619087,111.837974786621,31.4792104980412,21.7959028722665,30.1524663897997,57.3892365423836,27.9277147671349,20.3702662191877,29.204712315258,46.7243342648882
86.6357413004091,110.47524090116,31.5080518629509,20.7610713143977,31.0897189073766,63.5284613574615,27.9036978539511,20.3234578351044,29.6730216623363,48.4702992742687
84.9074216103122,113.464183501185,32.0878810272313,20.9828517444095,31.8864384864547,59.9274570974758,27.8671268704355,20.7997495595643,28.6831346379099,48.4976725918856
86.3735208436158,112.053236746283,30.6057624092748,20.68546187603,28.6943259513081,58.4526655424794,28.5284021976337,21.2599264977383,29.378127907699,44.8427058145308
87.2799036994398,112.040981758609,32.4065309626993,21.7156148801602,33.0877930062269,62.9094676678806,29.4102418693054,22.1714710914684,30.7069844233651,45.0781531394312
89.2382626865996,109.265950788494,32.0931194040347,21.103869483285,29.7144374034054,63.7064968297142,29.3932849854653,20.5503737017635,31.632401514261,45.7481238757927
84.7809640560247,112.592503092187,32.4363251452271,19.6268237094513,31.0953704354067,63.5786124336435,29.7651070101817,18.8753362564483,29.5727416953507,46.2690692356206
86.0927931845653,110.616866020374,32.2657620019492,21.8245339401959,29.1249544386352,61.1107078145852,28.1656070133285,19.8921431636218,30.52878554242,49.8321840275033
87.2760978462219,110.960717923086,32.0036791576372,20.2171874621666,32.1754734003503,58.8310412867571,29.2160005456003,20.8577907487964,28.3332032050776,47.5995920374164
86.0326600786961,114.607518816405,31.1998510195488,20.524135210616,30.1269327887986,56.6157957921138,29.0651835395704,20.6980279577107,28.1343190204247,45.5138379105038
85.2570843509039,110.895410371128,31.0475982197589,20.142873854541,30.5525810902527,61.4087112532064,29.0151430572808,20.0186132019472,30.2199693472896,46.6211072867585
85.6821823999203,113.848975640424,31.5239567791856,19.6534406505225,32.9486585387504,58.502661521277,28.5973356593263,21.0451049068509,28.4042244242706,43.7805972425544
87.4780143863838,110.986910684263,30.2584099471845,19.8688575843834,30.3299036742314,60.7988112367732,28.6006560751575,19.8667872957488,30.3948864221932,46.2284825462762
85.2790754950301,110.717958776217,31.3771426274963,21.6534215316457,28.3663021487028,63.8948468542819,27.2397532932584,19.2544840991917,29.8997379972962,45.7346474443026
86.6714212771934,112.491941615608,32.2060160564576,22.2105645307462,33.5687710805339,60.4120641323685,29.5694177125381,20.1815192735645,28.0657388120617,47.257466550471
86.1531377946708,111.633021970922,30.1764824344508,22.2445549335999,29.0525632610222,62.8693853665613,27.7591867482908,19.8450410338644,29.9356965380302,46.3103982623563
89.1813149170376,110.925812706402,32.4017207133309,21.7686320087174,30.9654512898977,63.8800860698515,29.2637334520315,20.2656187948923,28.5464579480626,45.8677362060801
86.4525970487192,111.648001796595,31.9853513577712,21.6701264828374,31.6326613651641,59.0734341911665,30.5386059019991,21.7141582592924,29.9258185640408,51.2210742146536
91.2745000570403,112.069031900609,29.8702118010597,20.6243167448781,30.0465736841895,64.7115815098929,29.3650804341342,20.8837244209188,31.1537727771402,46.3247729539122
88.8687136480762,110.418293494042,31.9255656037744,21.256041012095,28.3047959819639,57.4956565969484,28.4230229793436,19.375417494662,30.1660560446001,44.0846848637727
87.9652875729128,111.631551848085,30.4441404123658,21.829279388464,30.6859602953076,58.8422990172397,27.8417018224667,20.0285991066318,26.8662995849597,47.8727865954134
87.0970714434554,110.788815161837,32.1802713613197,19.5593515402004,30.6478252826104,65.5116044753036,29.1460734878457,20.8894167307339,31.520181735092,45.6625821431791
86.5003175714291,114.21540605382,31.6686876088963,19.6461932530143,29.426270132785,60.9254712942766,29.6043395732427,19.6744552874636,28.2818653706013,48.2812032517053
86.7321734918789,111.392584445537,31.1770295166441,19.9947609808337,30.709547503091,62.0310497262284,28.0806496599567,20.6671250531034,30.0993482677489,45.8133897971934
88.5875677954391,115.623906535542,32.3365934242242,19.3964557223588,29.4287428965545,61.2631524729247,29.3003924204204,20.3423686274066,30.1701472661397,47.1115363525341
86.8651781121428,112.379745754452,33.0273281275516,20.3120265263985,29.6556292762593,59.8152441551395,29.8137520755019,19.7510662496307,27.5305495279726,41.9156987446563
89.2742289476791,111.907039676067,30.8140360935374,21.1367155113009,29.8036343939177,57.8545605003474,28.2628737209925,21.8962095593803,28.9086417813154,49.8674955421913
89.5138509628945,114.033578367185,31.0476633737689,20.5153281122216,32.3069650288281,57.976534812894,29.5935680704032,21.1255234363832,29.6302166075752,45.2955296646612
87.3621004738585,112.08133744102,31.3682313391572,19.2038195391424,30.5287222540101,60.5975418473233,28.8413413847076,19.8276642080173,29.0675103037395,45.706402216441
89.5358373185127,108.139017588219,31.6921068686468,20.5581972624724,31.3294017108856,57.5782709572624,27.7748098630614,18.4702346084312,29.4266511210306,48.6818851788255
85.8544333735292,113.471070326554,31.3768054206892,20.2196658069181,31.5481391939536,64.2776673979267,28.7118055481927,22.266182718911,30.1891709648319,50.5732469613798
89.6342814152798,110.013042910365,30.5113070786541,21.5080267341115,32.1920921709954,59.4201346993251,28.2683380881887,19.7045811796617,29.4691368861036,46.3138780731365
89.1455587222934,108.04800409034,31.2993353249997,21.2953632603483,29.0946792109894,61.0606882679308,29.7902799883834,19.0117399255379,28.2323842253093,47.2228322493484
86.3006162280611,110.758684668649,32.7348493587159,20.2370662520326,31.6325361012199,56.3697070743397,28.9336858962238,19.5459535487804,30.2783359019905,46.7488006051413
87.9430040251178,111.934186287008,33.2274637383596,20.0468032628482,30.5229291214016,62.1079223508871,28.36269813788,21.4862059934867,29.243367806696,46.7310385294825
90.2921292283583,111.71198685194,31.4108106219934,20.4952067575972,30.8609495189822,58.9369851830122,29.158737233714,21.5151976995086,27.9289824012724,46.6819022665941
87.301154914294,113.587665957309,32.3260822576751,21.8736352557665,30.2167946006653,61.6358449895102,29.2215192075576,20.2789715106048,30.0986973025091,47.1757918514029
89.5950066371211,111.796701186909,33.5416954040984,19.9866750013221,28.7620644865198,62.313632114765,28.8666916126351,21.7009612681686,31.0445587253645,49.0636870936892
85.8997523481096,108.993283150786,31.591070250439,20.5360216798342,29.1528254185008,58.8686064373915,30.1006148705571,19.0620506939964,28.9613576666498,46.462380266482
85.9161200885953,107.856511500561,31.4801908418507,21.9171721264074,31.3076752256805,59.831490882971,27.9307607916879,21.7430046806326,29.5158063307928,43.1645264382173
84.7348592225874,110.479573999705,31.3179927541676,20.3438479188151,30.3742945670326,60.0293010743675,28.7523289099944,22.4998615173046,28.8392208456569,49.0550850375963
87.2978664792857,113.406136939106,29.9386752370332,21.9972220892714,30.4932374494434,63.0152002548113,27.8110723432671,19.6975655250256,28.2747462628678,46.2127297303568
87.9508703298855,112.975632587822,31.5659905816047,20.777124713723,29.5767347286483,59.6906476219926,28.7144073153396,18.8276256434845,28.467355782315,47.8111193660265
88.9749443532957,111.410513099462,30.1759690868633,20.9653557248235,30.0825999213456,58.1298271617809,29.5020987427631,19.5126973621267,30.1517119567434,46.4016981514281
88.8095502509455,113.924328001876,30.8723305530749,21.0648241332602,30.342031448763,65.2982693700191,28.7426605729046,20.3440042796119,28.4887018433118,50.7224249882002
88.5074376332009,112.578030247149,32.7450743829468,20.7757524166973,29.3224780226949,60.7412186776199,29.3752160476757,21.6342168675619,30.6982700587417,51.2883336656456
85.3134009771769,109.428257733949,31.7816503749449,20.3789557339118,31.3290239171559,56.3308051584253,28.0290268704553,20.5268762710004,31.902997352329,47.8961668564414
87.6462572650483,111.9698629596,31.705407782532,21.3160108017398,29.9246518444141,57.6004442876858,28.5280268916032,19.8645629765306,29.9901760245461,48.316140482093
87.9330587864663,108.083200176454,30.9282325775418,22.1782616675151,30.6004754767788,60.1892134907865,29.7360017411152,20.1348466693889,28.4881985767955,44.7572046831508
87.5441990653312,109.647634703828,30.2912714707393,20.4004145392344,30.1027883281786,61.4995387109828,29.121849479185,21.1545953651608,30.142259175964,45.4131351378199
87.3074779052329,107.97657351962,32.9653853123541,21.002226924151,29.5051772293615,59.96344820436,30.1910706358763,21.2759320289104,28.8500431927728,46.0237523299861
87.1437001675646,112.04454663992,32.4872562970348,22.2472978097944,32.5945346364337,56.8909866003497,28.0439592186202,19.1527405917417,29.9498495503696,48.4957031717307
86.983500478393,109.627422846359,32.9944723160623,20.2361959588627,31.1371307276554,59.5291181318866,28.3808280158984,19.6327558705933,30.5317127459201,45.1378088860303
85.7488715995605,111.128536743469,31.8813706557159,20.9373681117408,31.1824333425394,61.076774745637,29.6870092105269,18.5779948781726,27.8709314431624,44.8517448581142
86.3690579053801,109.473865509736,32.5730364847138,20.7186824670069,29.41451518964,64.7891737649562,28.4404181027847,20.7456153708343,30.6924191141157,48.2431609045138
88.5137084990272,111.628028529761,32.6522148721191,20.4641283167904,31.8132838166179,60.3806352722122,29.9541706829208,20.0357357658851,28.5643449454808,49.1606013595372
85.6859267436979,111.845231078492,31.7641843679065,21.235236787831,29.9266829862666,63.1163219769717,28.173599175363,20.2323589636418,32.5966043037563,46.1231017041038
88.6750939770513,109.601859598342,31.4067537070272,21.5341029827158,33.4408868485586,60.8776749145835,29.5691783197049,20.9197397907911,29.5618688652354,47.093620445693
86.5227387010602,114.198189460487,32.0439594145733,19.9912952879188,30.0651159459768,57.7371509968009,28.24567780222,21.6302229868744,29.9615913834661,48.3347466537104
85.5932071065505,112.029822918798,29.7961025853379,21.5576382608781,31.1502343697186,65.2974092278999,28.1004815387204,20.7295352376567,28.8249484086394,45.2964502211395
89.2327484943063,112.767081148281,33.255172971151,22.9900489539908,31.1056484073891,56.5591299983709,28.4917535385003,20.807708079174,28.5514323163022,48.5509677992197
86.9038086825511,110.560700062669,32.8427403754291,20.8646727917409,29.3004518146458,63.4275090644923,28.3724980830809,21.458300578107,30.1444376815955,44.6183456232976
88.3535857224111,108.683785201472,31.9447556194595,20.2045206931053,31.9443680454146,62.0800413186808,28.6545621936463,21.0393603125847,30.4625362663635,47.3278788954813
85.6220987864642,112.184343065901,30.6610738202973,22.4183901090351,29.4726855716499,57.703568232597,29.4347566915237,19.4390924328128,30.7897893483062,48.5674033309239
83.7351615872747,110.745269656696,31.3096863678463,20.5815076133921,29.7815905141349,60.4358808339596,28.3719039616323,21.1839452600843,28.3113439199579,45.4392568527862
89.8714885630263,114.804687110132,32.6774171505742,20.9595068531592,31.8115094669733,59.1319209623717,28.0729823869249,21.594300716794,29.7761661405352,45.6887998211778
85.5983354083397,112.316326935716,31.2156238726084,20.3996753972435,31.0863218653317,57.401218080993,27.8325107748225,21.06888479709,29.0936834157869,40.678903832041
87.450583837429,107.911481923962,32.5489765061476,21.9063452798678,31.0902309371903,61.7650813553856,28.5174878121113,20.3611417929077,29.2322294319477,46.1194273884276
88.6446118649611,109.970113790992,32.802464059128,21.0956684392468,31.5180750824929,61.6631724521893,27.9005405161831,20.3629380390642,31.2727172524151,45.579402744899
87.9679255334675,111.375546390621,32.0252818303487,20.8404762403069,30.3784201484069,56.145948470285,28.8946655736918,20.6016568054799,31.0881354118857,45.9601811092579
89.1615717438328,111.474069074248,32.3263214415431,20.0941368578773,29.4130762416345,62.2044429637014,27.3210715234363,21.2558999727539,28.7848168806419,50.0675798749997
85.2968760278366,110.162007553441,32.3356229549986,19.691579156582,29.3054521929494,56.3660841511872,28.8327975592102,20.8106917965463,28.6801700218304,50.4640813041554
90.3033359354979,107.935940235719,33.1073348304218,22.455887102454,32.4747029941446,57.7862669316443,29.4266568666781,20.8713693223264,27.9862030300822,46.3412509452002
86.4038362317438,109.505018492655,32.1983162481043,21.9489095445509,30.0587438583723,61.1052113064307,28.164207795998,18.4743750181323,29.1148911790267,45.0718833959237
87.6156035507414,111.052121101857,31.3980932048789,20.5677658193656,29.8840997215137,53.3331759825762,28.8227921931071,19.892723239464,28.5258056589933,50.639481763787
89.0637685729742,110.690868717588,32.7074777612377,19.288262741284,32.2837185896588,64.2247600024589,28.6102097259058,20.7440715297738,29.7968886084841,46.0465620269826
85.4248197895896,113.710696790307,31.0365515892237,20.4839331022126,30.2158592664927,60.6972955792417,29.4330624234145,21.5132157921849,29.7313176658959,47.1289052546086
87.9208250411683,107.425287416242,31.2955616584534,19.9500241993104,30.085155489608,57.4044702185486,29.7173117504188,20.7571554427301,29.1843356528962,45.2695540413352
89.1278806013493,114.615344329304,31.7701512187422,23.0217099338846,31.3683756353276,61.0454973088691,29.9404653168111,18.672857291385,28.8817093442344,44.8575495036605
83.3365085925159,112.051424117256,32.626974390465,20.3064433839991,31.0472157834795,60.4582729766035,29.7603014081239,19.9284413866565,29.4611144116459,46.6107100105571
88.1731259669396,111.196353660111,31.2291575738605,21.1585937865345,30.5750126517332,59.9590049540119,26.8787047927238,20.0936598373844,28.4236941095019,48.060430965479
86.7206076689847,111.913141884868,30.6610686544968,20.8505544947414,30.7349335704474,58.3147726355679,29.1990153549119,19.7192222042213,30.302243620275,41.1363045179754
89.030999405293,109.866989546402,30.3934792665055,22.2340896439341,32.0224617053107,60.2007572566466,27.7689932056958,21.4208432489935,28.753520480868,48.3967722483431
85.7349190362554,109.795330086323,33.051489763538,22.0829362102021,32.5956784537202,59.5921801748301,29.5774375846294,20.3083698123087,30.772163540575,45.0887597576979
87.0023882812527,114.112996631716,31.6983287318552,19.8098088093534,29.8653309061512,60.4311304479243,28.4533290416368,19.3322009233999,30.5431364968802,44.6070946545989
86.3804202088425,109.276924075095,31.2122620670425,20.8204134006292,27.4164838787682,65.6771412994371,28.9340035133424,20.6381163756628,31.754832318565,47.7387184200665
86.6905636489956,112.664847051426,29.9810169190665,21.3561187248939,29.203977245047,62.9752188646254,28.3532005321803,20.2894359175825,26.7091120690798,48.549743634108
88.0299400179221,109.395429520304,32.318840474869,21.9294312644217,32.1725268434744,58.2382345822778,29.662287758335,20.1790655845109,27.32923104402,47.2024566207184
89.0163883443647,112.101687061803,33.8606126846802,20.550448267023,29.0423782655792,55.9194526558976,28.5317675733634,21.8990324066175,29.3691321899845,44.6703699323377
88.7584843570175,113.189868469936,32.0839378530521,18.5055125435368,30.6434098182704,57.4551354501283,28.9791104723932,19.7523378556195,27.5143060689904,42.795104184743
87.6445731498517,108.672236134234,31.2549968703315,19.2512674223324,30.2064467794584,64.5330438238468,29.6129116221207,20.2228283371884,30.6985750412446,45.1321419847422
88.5644585060978,109.467818868824,30.8603995794876,22.0648393723204,31.2958652280616,61.6286735170024,28.8747663751559,21.2307097181239,29.8623813903348,44.3019486298058
89.1630000615471,112.892580958388,31.5946824498599,20.1611938798092,33.3298516624357,62.0216445623073,29.1429303560715,20.4830741827654,30.5750342448135,47.4126034856492
83.878828930025,110.202737808229,31.0418352078939,20.4404926916305,30.9459167922953,63.4240454577144,29.0459224551156,19.9820804331689,28.9668499609867,44.3002702082926
86.1891716367049,113.420038994151,33.500021101801,21.1109893966946,31.6032400756414,61.4483755829792,28.9391485308293,20.4673209224484,29.1233599161641,46.1573978089813
85.1963976083897,106.976384789316,31.785122313599,19.2378310636329,29.6618945741061,59.6160547674787,27.7055777700896,19.644699818519,28.6668820253967,46.3424097328387
84.7856123872297,109.180900959605,32.2229840579669,20.2223761699589,30.3226435964655,62.472898129846,28.4230636197764,19.6279700022692,29.8543781716436,49.6061405738242
88.1858703762835,112.915991276394,31.7939240764473,19.5280207857736,28.4633207193881,61.7787687487037,27.6309864935544,20.7912012057708,29.3940531388234,46.7525461229785
86.3428639251639,113.846246376441,32.716678737789,22.2129146190481,30.3577674440402,56.2150625027317,28.0944235684366,19.2522509846282,31.1058837058855,45.9193184461115
88.0520056097418,110.663794129017,30.9145054109431,19.8196238363573,31.1098932556913,60.204163192606,27.8880999557713,21.155340448986,29.2770440917168,46.1383362172442
88.0877153555571,113.593576407608,30.6498936866372,21.4920275872089,32.5122106341253,62.4373732158368,28.3380233645533,19.1565065320194,30.6832537461057,48.7542153370082
88.5741602631538,108.935261617296,31.8432842539605,20.2830528699259,29.9803853782134,58.1058259637005,29.4573544862829,19.3112821670718,30.0369109366859,46.3330696586693
88.9716591324706,108.755235600052,32.0320368961231,21.2869944694142,31.8440209954602,61.2829544466054,29.183223328942,19.3963908499596,30.5221447749798,48.2387767027151
87.0640076154669,109.588996188474,30.3310785365426,22.5501852376283,30.4166687293155,63.2353500044234,28.8259918554087,21.5994138385364,30.7113302065417,41.9870068435076
83.536322012018,108.909933738214,31.5270911921431,22.9556407828416,29.3694604850245,63.7503874874583,27.5060671681117,20.9789718800833,28.7557373793768,46.5200772558319
89.1353109781605,110.441475290054,33.651040511055,21.0484715060605,31.4210217456947,61.0639979043911,28.8140417121989,21.6370593467093,28.9653415378974,45.7120276734128
89.869511401544,111.484856842114,31.7274416519686,18.5298893614494,29.0408929308077,61.5434188569241,27.9418886020491,21.3965298690709,27.3592724081416,49.7737984197138
85.1293064595043,113.090332005439,30.8873821957261,20.692624501481,31.5466784678748,57.7841139302202,30.1296890800736,20.4123625806448,28.7022039827788,50.415432451946
88.8281618419597,113.238152753173,31.4478388514551,22.1236115996431,31.0761744662403,58.5953367950716,27.1854064259363,18.604835812261,29.1021059100271,45.9696934948091
83.6775311253144,113.45369266133,29.7246780401016,21.983425433361,30.2196626661605,62.4781929707053,28.9287852639274,19.9408359414272,29.3822597491356,46.4397975842243
89.2380388607601,111.307452541956,30.526497922541,20.0049128499865,28.472592760279,62.9293529029322,28.0382667205427,20.3336852341342,30.649118956576,44.2805907514238
88.5958199178913,109.532916637831,30.6805524572059,21.2234630780496,28.2394333882695,61.6738147366159,28.8167029997417,20.7163989726772,28.9210410758611,43.8930640078392
85.8235113911961,106.271195466646,32.7837021312291,22.5577267974491,31.1723405972827,59.7828568036473,27.6274589968379,21.21556103679,28.9962640262151,50.4819734042199
88.0254637106012,112.864345921419,31.1176376636235,21.0313280752706,30.8578564445212,60.1476855941599,29.5101711683221,21.5714562503002,28.8777294431592,47.6736813548623
87.5784140890672,106.642675799509,31.5257415327365,21.4651625887173,29.5922392799832,62.2785052409572,28.9554917088751,19.8620277346786,31.591038083003,47.4442264928982
87.198405421409,108.843154076492,32.4883035561994,20.5590437083238,27.6428303595511,60.0828383301523,28.7911160416119,20.9647149444213,31.5960040286526,46.5867922408008
87.7036075271088,114.430682983715,32.3577418432815,21.658130908462,30.1349633883426,62.2252560612629,28.9899899275529,20.5150670431814,28.2454734792736,46.3148748652067
85.7683135503732,114.235878597242,30.1648243210552,20.6286160699322,31.6684058984429,61.6525256948278,29.2042614750795,20.2485731460084,28.9024008158444,44.8970522596602
88.735550585352,107.697378286528,32.4338428065328,21.2943581833562,28.9326892228462,58.4703693645787,28.7240156896631,19.670284068605,29.9115013760265,43.7583871331602
88.0915138359378,112.279268277519,30.6385693931039,20.651417599992,32.0867733564652,58.521903165943,28.376743893608,21.3606938058647,31.9182795567594,46.3913714961136
87.2177241143633,114.424131033028,31.0467053037522,21.5829395178751,29.8193191084246,62.1080557220426,29.4035383218051,20.6995286656497,30.1943383585701,46.2280540657522
83.9926566562339,109.16847734839,33.4973045571985,19.7921387668586,27.9463903634553,58.6599280639401,28.4261064056313,21.5598298500126,29.1211694864139,46.1737746279309
87.5791022887883,115.49617316501,31.2936582407245,21.6680304298387,31.5917363801315,60.54231971641,28.7679534659798,20.0517580177962,30.1375085944462,46.595918241481
89.1171250006234,109.181511726218,31.9796647228787,19.7460560275247,29.3866168343472,61.0492266302857,29.7037267439936,21.407686531672,30.5839047861092,47.5414446641779
87.4752218056174,110.528815053331,31.8178892916651,20.0427448853654,33.4869558153652,62.5802913373284,29.3595714975247,20.2557636664244,27.7054141160223,47.5293861797123
87.8330291192395,111.395749886715,30.2594497086177,20.4482584334308,28.0154653571756,63.3219234050735,29.2290393095723,20.3378257962705,30.1029494412257,47.1464863404344
86.4681889354803,112.14999267546,31.2938836750881,19.1383291550073,30.2668798373886,63.1739101379662,28.6677808543408,19.1033700929244,27.9542577058721,49.6152334545703
86.1851719888933,112.482075998344,31.609588789535,20.2889138650372,30.0896245848163,59.0674011434952,28.4947570115495,21.442246013893,29.176052205273,47.9039309697447
88.0898823881516,113.506366333652,30.9372975048226,22.6087774335076,30.0750541848576,61.4974072027359,28.4412311049651,21.9439073680496,31.5648213270361,50.0880757349659
87.6206801290106,110.380005684668,30.2219706719781,20.5757124235377,29.9891523386807,61.7498697439239,28.6421529938357,19.5709872919971,28.5502165437569,47.1759443008194
85.492357849443,113.063462497872,32.5231921869506,20.7888832109538,30.1554667144185,54.811849643606,27.5267505039301,19.6665395012651,29.3091058972118,44.9232792756853
83.5634159471964,111.399402815407,31.6315104606108,20.8154501213853,31.3814324222652,62.6432243129896,28.2985269896621,20.4896264073563,28.5389163710401,49.5033957009497
86.0449904309394,116.262969075358,32.1294632361634,21.814223892065,30.4009532015781,59.3503564484897,28.8327385917344,22.2710842733005,28.4375961502539,48.3040742541559
84.1291915842448,111.746129898098,31.5652104805563,20.3565263906706,28.414396993812,60.9455609371082,28.7683387123294,20.8687271888426,29.4456181649136,42.7307639943251
87.6562939038295,114.430236206153,32.1643124922512,21.7192617368887,31.2325083416407,60.3855703202879,28.4165420157459,20.6351085754073,31.2794377680216,44.5236152673413
86.3086840934049,109.154061839246,31.3055979673886,20.8258659859142,30.1704195545799,57.99514721907,28.9668016664625,20.635469741207,29.0511577576691,44.4775312512491
86.1336865611506,113.409547178791,32.786548634002,21.2989784337062,28.4073810262585,62.4222429631119,27.7394586152286,18.0368294641127,28.691969174143,47.0774019813404
86.5220717839814,112.281828304991,31.2501193448348,22.2907416393988,29.9741074735953,58.9404729610618,29.073605600201,19.5060732994745,28.1983418194908,47.76663359314
88.7601331145665,110.555301102389,30.4314775686143,20.3922859299918,29.7940323991185,61.5668875783937,28.6659296252325,20.9082240388248,30.2114884603671,47.8861545776789
87.6933533044893,114.890794712302,30.8936658382752,20.2507431536464,30.2165060977609,58.6175885307235,28.7678760548446,21.2893533296497,29.068279655756,45.8888466713711
84.4227904368532,110.420087697732,31.1924638462494,21.3099039366039,28.1063260170867,59.4774832128982,29.8300544657269,19.8681405810691,28.1926056317561,46.8875241211748
92.4490039813662,112.123533108167,31.5591914686459,22.1312177372204,28.7346506815684,62.0268223487436,29.2056227918569,20.2698888853739,28.0921423220984,47.1016812665852
81.287592531372,112.100421601905,32.0732041167325,20.6413651365789,30.0874652586738,64.525552077743,28.9483095617472,18.1506184086217,28.1003220587551,45.6363559472437
89.0705138322228,107.317666691449,31.6007971725555,21.0475719243374,31.5442341891015,62.9790980713317,27.6287322284581,20.4873345130483,26.3778521915762,45.012126347073
89.3883495723385,110.600214293073,31.3943285668679,21.1482380941789,29.6714552998497,66.0142566296124,29.4360667326549,22.5114280072974,29.7673769538767,46.471500510709
87.2379644641379,108.335504138184,31.6996623888403,19.1346352420015,30.5715333489131,62.0647111920155,29.5871315842357,20.7868289694863,29.6993151616489,45.2533638417598
90.1234768165013,115.79953381559,31.1776828846419,22.1069564782853,30.0538666253368,58.0226627267152,29.023854511743,20.3200753734349,29.4245182350976,49.0844696845701
88.7447054882519,116.643085902803,32.1124948898976,20.7369745213375,31.2417518225969,60.9444564354743,28.2451838656635,19.9586643398528,27.0959423446868,50.9392923865917
90.7181675231363,112.706291830719,32.4915790533644,21.1107327381807,30.5946844669299,61.9690656492099,29.4852727329855,18.8717416090284,28.0988162794042,45.3570997427514
86.3738827977754,111.207776045104,30.7607373412016,20.3172358388054,30.7179353395747,58.4616238446231,28.3521301348579,21.4011097579539,28.412116081273,46.0026283183952
86.2402290823042,111.360937210027,33.0754387468622,20.201392218742,30.5535864417907,60.0153618518497,29.9388891120995,20.2617131889384,31.1208688898174,43.0903551145264
90.2813219852586,113.095523941796,32.140231388224,21.116240790161,28.9294050011788,64.4488609633889,28.4422779481417,19.0279891095627,29.3891232353242,44.8304237714982
86.1357415430363,106.668597324192,30.8733644861763,21.3411551805045,30.8295373186669,63.4355716324286,29.9169846013371,20.7548561195148,28.9022633597315,50.0100158204639
84.9137481870407,110.544877413191,33.1865544428892,20.7118938811932,30.5712039576569,61.2024769606912,28.5950668057688,20.4098528838799,28.3109703744392,42.3594691730209
90.4697529484668,112.531768113076,29.5433602239336,20.0317999677273,30.3481090113088,63.3729388056025,27.6857728603906,19.8873816629406,29.887585810769,45.9485405383032
87.3677410836655,109.185155970698,32.6105902207059,23.4984605700275,29.6557981989553,59.7728962875614,28.4858513382396,19.7196335866994,28.6852380044023,46.2666150630302
87.0545217597276,110.29652697711,32.4897537691008,20.875567694203,29.5365605114258,58.6360207439243,28.7662485453029,21.5166188719031,30.6826253792888,47.1349228980349
86.1430169687323,109.216819122143,32.1013972773462,20.8662775415927,30.5027411633774,55.9513060831225,28.5627203824307,19.7165851263419,32.0752802797384,49.5495731876347
88.8542073153143,108.321706552614,31.5131479764478,21.2483593815434,31.4417599211531,61.0193902897188,28.4122487170647,20.728104133231,28.7217028205281,48.0612689183244
89.5414772229703,111.551540269461,31.5871962293794,20.0826435812377,26.2229609996999,59.5358317809508,29.3191893408469,20.4061190653052,30.9385319966959,49.4552928080831
88.1193587500437,108.704045666614,31.2700526523714,22.1914195859754,30.7119186543594,60.5011517675316,29.4294431349902,21.2968032988808,27.8930339613805,48.3345687281945
91.1159598568087,113.032313266248,31.2485131636459,21.9319167514877,35.2196063226712,65.9932951720913,30.0254953716438,20.0516472168874,29.2351575290048,47.0788569527988
86.5066397323678,111.673628234204,33.4183916837547,19.1180993753321,30.0726124084818,55.7093922592499,28.8525159529316,21.3183810073801,30.8702368237744,48.4511923899618
82.2803490204849,116.579866652342,31.5514015059488,21.2234789682191,32.4512531630114,59.4595050671033,27.7758103700253,21.5716176219204,29.0914308088186,49.4662267066936
86.5797015698238,111.105984431711,32.0467059533446,20.018985590767,30.2951438730303,64.8997207661665,30.1658980259904,21.0161161432617,30.1758541839262,45.381301491615
88.2124662533563,112.724828972292,31.5537423140419,22.2724466776926,30.3019138750076,59.7683210668828,28.4496137588234,20.7169788295229,29.3813563999423,46.5906280091648
87.6624972487088,112.661847174121,31.4492157680243,20.2846295070623,30.9172557313813,58.3409867536057,27.8822511070686,21.9028225481751,32.7703385654082,45.5774392737168
88.7771642765096,111.065529300027,32.3901808073764,20.8708148470033,31.4819927967027,60.7671795541355,28.8929484653967,20.3225855754488,26.0181037029468,44.2376042250291
87.8270928106756,109.620161261063,30.7052231710521,20.9485764951188,30.3257270858601,63.7522536114709,29.0594078735161,20.315574276437,29.5922905880492,44.3354153801925
87.432078004914,116.352668050277,30.9804166419271,20.6806516780287,29.1374676531557,62.4004735558329,28.5306330355701,21.2171787308472,30.9004569522762,46.6808597339727
91.4995996751994,109.528297154344,31.8427297333063,19.0952874260448,31.4586736971795,61.644534025242,29.993872511204,21.4388434887105,30.1351887130166,47.9318618679682
89.1737457217385,107.964798213348,31.7266755327259,22.2933613413088,29.1100205020477,60.794908019796,28.4118357990924,20.8760458267914,31.1904459309195,46.9826479365029
87.6902161218457,112.153018339702,31.23711418514,20.6416848858524,34.0071248136356,58.7944597697653,27.33083624384,20.1731994552011,28.6764036414838,44.861580641933
89.758979039779,108.212276460538,32.5288563260648,21.5760207295993,28.622724175067,63.6345340761429,27.7132979928798,20.405777521887,31.9281429052746,44.0530730546674
87.5747676162755,112.356805244088,32.2306998782798,20.7338508866619,30.2949933198302,60.7990416851884,29.5452436462948,21.2694491526873,30.3809413680835,49.0475898061399
92.0390423459448,111.42579142811,33.4291018158783,20.6805316414544,30.9344421191383,60.8936045591258,29.1430391595391,20.7235191494593,29.580875854028,50.0062696968864
89.5024042211497,108.122345658848,32.1641939588516,20.673062999044,31.7213364714736,59.9891851743741,30.1238428832033,19.7631631204049,30.0335993814599,45.6925100861236
87.2534669034423,108.894349993799,32.4866841026197,20.7221907595469,28.5438110709934,58.4285525928131,29.3223654913743,20.4923150415159,29.5977448633515,44.4153385855404
85.695969348901,111.17195911749,30.1967212345324,22.0041518271631,31.0928888008286,58.5555497711459,29.0183468252993,21.2591525202926,30.0641240565707,47.931578089008
88.0200330932266,108.529125581316,32.1573790243903,20.0198795117381,31.0455732677808,63.0386691090011,28.6134285495988,20.5859300528057,28.5769606420457,48.4345128648381
84.805504855575,114.074433886367,31.4135131394087,20.6061845964182,29.9622550600673,64.1740252990967,28.8810218272117,19.7393860532523,29.5194481939056,45.3036389259073
85.8402014516539,112.462141526299,31.1208709180455,21.2845919247992,29.6623986212423,62.6262010794924,29.3483170411473,21.1250022251739,29.6750694489272,48.487906219177
90.4544814314418,109.286129858429,31.8337173550598,20.37262222962,28.7045865052538,57.0713055729602,28.72347080555,21.9562737230357,29.3190630885646,45.3872336470402
87.911289661148,114.275274004797,29.7146456456774,21.5095925628734,30.9000537215482,59.0337120037265,28.3508152242937,20.6593002899929,31.8146314277715,45.4469577322137
89.4954392836403,107.216728598167,31.130743775966,22.5272598390729,29.6074125963427,60.9418589832679,29.4420392714076,21.9298355221925,31.6227409404539,45.4945684699258
87.8683450010612,109.794728996164,30.7376500852673,19.6240355244303,30.8059650048591,59.0373772484003,28.6949638236422,21.6975024186885,28.7893419121363,43.8510418164913
88.230092693732,109.358807863067,29.7180072768744,20.6565699281364,31.5207111390488,62.1586032291598,28.6371893675915,20.5546924063681,32.660643088329,43.7168484153347
88.8522112678514,110.461617997611,32.3869770664221,21.3468619205766,29.2479043649526,59.652584646943,29.2879805113702,20.6260710499304,29.3800406044508,48.2685388064045
85.6357680519617,110.305482173349,31.5085409668954,21.5617840843226,28.2683815600887,57.4227349983657,27.9984756707556,21.2911466090395,30.3542872818997,43.1322477076963
91.0288642881758,114.107911188492,33.5411161548722,21.7492070060485,32.268616734634,59.7831611687226,28.4661155348272,21.2191781657167,30.2128699803426,44.9139132550274
88.2404032530012,107.796572211989,32.1419694236547,20.7406835553234,31.3451941275347,63.035737191609,27.8110593707642,20.3342243192016,30.4234569799246,45.1748347022411
88.2362419140358,109.636097602925,30.8891277872027,20.6016885896686,29.8464599571809,60.7850664599054,28.3874952650725,20.6800813798723,31.1498386593549,47.3238127135544
89.8311832882245,112.273661920144,30.9173662469092,20.9084844853077,32.1473276322105,57.2717344169627,28.487784809025,18.9966597321315,30.661543788681,48.1336616686747
85.0220545035784,111.365556928089,32.658976120507,21.1626635752598,33.0912599791788,58.1976416813697,28.8353822805175,19.6684076164282,27.8337525084448,47.3208101646983
88.3853587343774,110.376543246128,32.0304085683629,20.4899399652467,30.0457363557084,58.9670132148256,29.3618833935281,21.5145661085459,29.6779283097997,47.6601686677015
86.5496417520335,111.353847292971,31.418334916194,21.7260585476341,29.9406608739908,59.4084750660593,28.7669440338768,20.6509154101236,28.3276788336141,46.5901708992656
88.0210068098048,110.890868544897,30.5102267912054,21.2489839617929,27.7024625115311,61.620335726221,29.2670394956524,21.1946669878433,29.4508876101226,47.1092138596141
85.3379878711917,110.90781148524,32.4015885425635,21.7126822576976,30.2808695243387,61.2088891467807,28.6569809034013,19.706333610194,27.5765025506148,45.0546737177699
87.4760272396537,114.487294052136,31.8568627272758,21.8526446337146,29.2091243789102,60.9521278466841,27.446236713083,20.504133592428,28.2132911837809,45.4644372142067
85.3523290192139,107.334388101525,31.9961644901385,20.8619783406626,32.9831614075426,60.1616801639409,28.1625311116484,19.2409466856061,28.6361692393232,44.5814059588922
89.4251673567985,112.411262091771,31.9879409300051,20.4176358320717,28.4869708857341,60.2302665706456,30.0348101992924,19.7947400297185,29.5454311232084,53.0506835210187
86.5507747091919,108.074874930015,30.3940543292276,20.3434599923649,32.0436636193818,63.1766669999966,27.5376336145437,20.731699244553,27.550316534582,46.682288468749
89.5661524034628,111.861177162328,30.4812975259906,20.261608987394,30.4060034412845,63.3032007617484,29.2078951327523,19.4866473084776,32.2951450157172,46.4711381319827
90.1018776741947,108.440643277702,31.833873887016,20.2136914724319,28.057475881033,63.4543444173952,28.5391178271036,19.9910716577825,32.0033022810608,44.8066201861914
85.8384296097766,108.653862031915,30.6754139767423,20.5232938596026,29.7653039517096,58.8745790133982,28.2986936747479,20.1030847954168,28.8979333634409,47.2038408296956
84.4282861503216,110.192447624116,31.9757676608489,21.0359676848653,32.3535512527391,64.0777013705561,29.1044971279412,20.3397863854011,31.0158543615182,45.5829908732369
87.1355017322926,114.032825951343,32.1669169365232,19.8466493382578,32.1118287920454,62.8001729327835,28.9725622508221,20.6595119130188,26.9754207246174,48.210049263402
86.8024859182329,113.000096632831,29.649964323193,21.9121034231561,34.8354582786876,59.9656628131017,28.8242136146192,20.2239642431047,29.1712643353821,49.0734762126527
87.7752640807974,112.549692700699,30.9159401497002,20.8398348892653,32.0517664236832,61.9979188358309,27.6139402886985,20.4536441411921,29.5534198550609,46.7400862503272
88.7488586381297,110.951235326526,31.2674648264524,21.3302586676564,29.3176744973692,62.1430604505536,29.966707452952,20.8874610147597,30.4486471656963,49.3651065485774
90.0715997577537,108.568294687002,30.9850950546606,19.4077820129786,30.443767798101,61.5073870746695,29.2031182018521,18.9294581850759,28.8038825510569,45.394957983377
83.2261724696717,109.639006633665,31.2424471482642,20.3895480744254,29.3052160485201,67.0766491182226,29.0846748030851,21.7065593097726,31.1438432837189,47.5815416368918
88.2688358704948,114.953198768346,32.8840375718574,22.125756832605,31.4978656385943,55.6988995623875,28.6628243309046,19.4908333763996,28.0610821110849,49.2009433581889
85.842449445412,106.723962973912,32.0870221320309,21.2775948071106,30.2886970851401,59.8322177663738,28.043837813326,19.4629958867334,30.2718307932685,49.9949904105281
86.1241277791808,108.636526358487,32.0867139223441,20.6467605830952,30.7879875544167,62.6228778541367,27.9419993854239,19.5083676903437,28.9435401101626,48.6653296206629
84.9098589572753,109.728110301428,33.2233732772885,22.8008480263086,29.7581647034819,60.323347437733,30.0198173699059,20.6324505444782,29.7866437846145,43.9469262034206
90.684484078164,106.00282254812,31.87811234358,20.6242574198389,31.1137679261304,61.5412946027538,28.5477474351061,19.0454167992556,29.5468834113828,45.4243697995479
87.9459559223416,108.940881668661,31.0670247045059,20.5268696663249,32.8993159718619,62.016871828012,29.4228061476027,19.7013040251233,28.3899000908807,49.6356969830282
88.0099499317642,111.347551539838,30.3266098572692,21.2836643214277,29.6475934353847,62.0347990617642,28.1116933500121,21.3319038315289,28.0843152007269,46.9757753765289
86.1319596715467,112.549102318522,31.6993245714399,19.4805024243811,27.5603944750926,60.1564859596342,28.7794395000665,19.3204547745988,31.6666478968011,48.4835688263862
85.541443713594,105.881793368936,31.5610165721606,20.8447451654681,29.9146059909977,62.4575103020206,28.545676795463,21.4214257791918,29.5352714922411,44.0612910345747
87.6148008272487,111.725893184472,31.8877289047941,22.0438085858691,30.4303511586495,59.4783243485147,28.501540284426,20.3465634552363,30.5788258693604,46.8769241654957
88.6051874467653,109.360646215891,29.9639713572071,20.3271442888164,31.8437044842274,59.0190281924747,28.7128438838773,18.4641837638704,29.7947789596319,46.3120486022878
88.4213820862412,108.157173609495,31.7915327701235,21.4201990445701,29.1220483621321,64.3702033933762,29.0261842333172,19.7764682526293,29.5415263643693,48.2677316413739
89.2722160657057,112.937946159706,31.7804847330524,20.9621854919295,31.4904352486803,60.9817228050852,28.2088893260977,20.0408273594565,28.3525145351317,48.8420757033441
89.6291429318869,111.464386390869,29.8540817010242,21.6438025808728,30.1371093459848,60.3209917794161,29.0408724046415,19.7391161827864,28.0451253549371,49.2696201456606
86.0641045921023,112.171918002771,31.1150127825552,20.7441102597127,30.6537323340805,63.5309462607757,29.7517694069775,21.0751799992068,30.102293719853,45.3097282302722
87.9212462836628,109.963465348967,32.468873020648,22.2266243909547,31.7724350255367,55.8267414603594,29.8920794964346,19.2262949395145,29.134770996357,46.925152985211
87.9480593855638,111.289588025071,32.0919864845761,21.7940342357435,32.3832690399063,59.7275869837856,28.6338298900328,21.593767586608,31.8697751081587,46.2741972926373
88.6879276231792,108.020150694796,31.7705717639854,20.464869314587,32.2272249215025,57.3204485080953,28.6863084833071,21.6588323897298,32.3670553670341,46.6663459234144
88.0881384234447,109.449260882027,31.4085023375773,21.6024410441932,29.6687527083378,57.3115591204603,29.6409840221282,20.6360841440748,31.0936560770009,45.7811599045103
90.9597746095903,112.634902815927,31.0022945196863,21.8698553585051,30.876867189161,60.5339695262765,28.6333925644907,21.6552604268792,30.067124556202,52.0602899785224
83.754980330131,112.122637471278,31.1486284484095,21.100211766884,30.5648995118834,61.7150800794702,28.4019283742429,20.7036533395148,29.0662910992352,49.5994342282303
87.7327365966663,111.794706397822,30.4909042710469,21.0923907213375,30.5846597521684,60.1179319443489,30.5637100910163,19.4079779005583,26.4981542593848,47.2097410375208
87.8968180210225,110.379481240839,32.1482429372393,22.4382777043692,30.5277526316125,61.631177394386,29.1531758747743,20.3359218660837,27.7549222761034,46.7305390021079
86.1657088462159,113.296113331705,31.6663657585648,21.5732700429374,28.952833742327,58.7809042694593,28.8246188648213,20.9192170320628,28.4821091815733,49.0430013090881
88.2655486501236,112.451116737291,31.2698684803911,20.8609175779073,32.1777135058222,56.6843118205944,28.3756678084179,19.5230771257554,29.6900835170211,47.5130997056631
90.0277918845644,109.256935355174,32.1585698519059,21.8548572879706,31.3320669543359,62.2148637521314,28.4966116503236,21.0047604450443,28.3907151691007,46.8174763491168
87.2635254021998,110.826849711702,31.556303974137,21.4722735998171,30.6686487239167,63.6417010311201,28.3257496770379,19.7999454022471,28.6303644344691,46.5032302565079
88.4596664020569,111.521856518858,32.4665833796135,20.9179120308855,31.3277893291503,58.0240405337392,28.2892898635598,21.5858686862393,29.2163946606271,44.2971043823136
87.0858011899529,108.045106552444,31.629922976065,20.4003530027046,28.9671794877388,60.2084122634553,30.0953126580151,21.6137217489294,29.4946832986166,45.7557598096527
89.9237109865352,109.748752653276,30.8837370453501,21.7652545800256,30.2773026228755,62.202867421237,28.4077017252435,19.709666232093,30.4708943653016,44.1441409821271
88.6561776250698,111.508882908565,31.9648852668853,21.6462884382304,32.0001440364212,56.9221988627996,28.5774375800846,22.4038786966694,27.5095420793319,48.6530282487593
87.8096219425253,112.464999239927,32.5244286280653,21.4023101905136,30.541125373423,57.8421863713714,29.3018173338801,20.0849314238739,30.1265266279191,46.2749031491102
86.6025555387463,114.255272513923,30.5661164777468,21.2783203135561,29.7337188672909,58.6671588227455,28.8705997633166,20.9946047710773,28.4678310100575,45.9889595912467
89.3664492516522,110.595779417836,30.7113751244322,20.1339967984802,31.7983444403233,57.3639775817951,29.9654515869682,19.1176420429608,29.0193502642424,44.2003296598231
86.5446628972873,108.313648347336,32.9306537876567,21.9887651515119,30.8090903520982,59.0988583499034,28.6976595720368,20.2202293293836,30.9419257978271,47.3894898941337
85.5215674122607,109.822905911529,31.895239714863,21.8945752946299,32.0968131363881,60.239311533501,28.1588946734774,21.0968771274928,29.9558110281002,49.4679650305947
87.6671369419273,110.902537115286,29.6296763654297,20.7095466285409,27.4449304456892,58.9028336914364,28.4780367511938,19.2125989249458,27.9549122534464,45.2322530020096
89.4955209937312,112.484900151311,30.4529335878827,21.0427096863255,32.6238775914978,59.182690270988,29.7252356157688,19.6695230216773,27.5196606411515,45.7051958215134
84.3093833325473,110.053324962261,34.3007033744283,21.8624140210143,33.7425076912812,60.2687769235065,29.4566106624619,19.9007402264439,30.9201225937938,46.8622334409653
93.070482144929,110.014961324518,31.8603257716844,20.7899071906413,29.023275404043,62.0317446899324,28.6726976145775,19.6590581525431,31.4765747188878,48.2622592158292
88.2775265003396,107.936484728678,33.211861659137,20.3197160865466,30.231808654742,62.8805576258062,28.1005045168228,22.6200610931595,29.7022654851759,44.6679055755506
84.4430875535601,113.444604412394,32.5736245560163,20.4705702515056,30.3118536542773,64.2443680904274,29.8511934374639,22.2187011769288,31.001233775829,48.4301743221146
89.0779470666326,109.772763594991,30.8451099972217,19.3032899307622,28.4463745571766,57.9888918126695,29.9553167862451,20.4813864047362,29.2764849962934,47.5675207436034
90.8969220842671,113.105626141172,30.6346770222311,19.8795817874177,30.6952568659716,61.4183546802804,28.4522319380307,21.4061301983126,28.8981874420021,44.783910124536
82.93959868804,112.907424782338,33.2691488743979,20.7043794831055,30.1756265118394,60.3573213245563,27.8380880236991,19.2388323155314,31.1022722650429,48.2783815962934
89.5786933987532,110.941701884342,30.2285865520363,19.4227654289007,32.2870835459805,61.3928905769539,29.5832912622396,22.8109400015919,30.9634176778141,44.5128431836998
91.0509731940882,112.884070431594,31.7780251201196,20.8542095464289,33.4329886229646,63.0504556042863,28.1774743761697,19.985786025965,29.6006940249382,49.1100291181168
86.5908228737329,109.078415464767,30.4563682561256,20.1409733013511,32.110571756581,59.5812420774472,27.9484466588443,20.5521167046926,28.0988860652098,46.3514411222302
86.8111474185392,109.521034761351,30.204054860399,20.8236088284468,30.1741947586543,58.5460990738065,29.1022240159577,19.7358446053675,29.6004302638516,50.3127975118032
89.3739605745439,112.665818185662,32.7325671445895,21.1788804907142,30.9194615974056,54.205900908337,29.3653777161294,21.5960300230073,28.587022829627,45.9402468618855
88.2727483592822,109.782379888559,31.4312474070407,21.6131422771961,32.1615832403031,63.1604409097605,29.0976927073784,20.2200277314383,28.3653542099279,47.2736538385289
92.5455078261147,115.410213385348,32.6662769109496,19.3044069517655,27.1557881531286,62.5015967268431,28.5740360520405,19.8829202572728,29.5653076812565,45.9907761019695
89.4242215605373,112.886143045881,32.9523496814566,22.3438349243166,30.9559986618327,57.9385045800644,28.6361184398337,21.3873809042825,29.2587344206852,43.6672881231568
87.6854669704021,110.01864189292,30.5887934999085,22.1200344793568,30.3898636487436,64.860571263507,27.960660940238,21.0320725859577,28.472144634328,43.0499578617082
89.8189517196151,111.719207522034,31.6888044561311,22.0302164789519,30.1700488613389,59.6415076587966,29.5250542376115,20.6322548226453,29.2096161684374,47.2080096670612
85.1905657831891,109.881897792661,32.5719755031354,19.4476031734643,29.3384696393239,65.6422694672432,28.906568993154,21.3961095908894,30.7335010847819,46.0571557588045
89.975817091095,112.009822423782,32.0872592796891,19.5742243650316,31.2245819420022,59.9631463930751,28.9152030933142,20.7930353479123,32.8573996570158,46.2284748945338
89.953345365615,113.234464479036,30.5602107160684,20.8384839987164,30.8111422469934,59.9800298825928,28.3154993937209,19.3159677197935,29.8231806637404,49.0429142265827
86.4584411581876,110.108839526173,31.7394137608522,21.8176802820587,29.5277600705584,55.3587670614986,28.2329273764626,19.6353443100089,29.6518225669453,46.7202408602446
85.7104678513833,109.322496187411,30.8652270665074,21.2288624358587,31.3002403557429,61.6098213959399,27.6559389584427,21.2182123183433,29.5627773748076,44.3522940455085
88.9636049420684,111.621661342221,31.0705023828613,20.9914836228339,30.2815156705868,65.2987371125878,28.4968497584734,20.2371366183949,29.3984071238319,44.8819549451452
87.4380182153986,111.092483604151,31.6450907692423,20.7272394131997,30.3034752049982,60.0526608047725,29.4137000057037,20.2164150817799,29.9920161592891,45.726042986584
83.6462628774355,115.267035687602,32.7582875500151,21.9110840478876,31.4072407206971,57.808038041869,28.2576631680347,21.523649981809,29.0543399628578,46.9617229129552
87.3678847482991,113.309478904657,31.3961718892438,21.2236530973805,29.4539078926257,58.6843141297574,27.0779806121866,21.3244564224933,29.6990917460819,45.7202510194713
90.0455008196448,111.6929717027,32.8784273257085,20.5508842228749,34.0694992608669,58.2675648773469,28.064339804257,20.9453509390161,26.6709890349099,45.5161384950818
87.8317924114692,111.784350269981,30.1478281019835,22.5913837892567,31.0214497570953,60.7828452870032,29.5196780099131,19.5297110607834,26.5435818284972,47.1724586961519
89.2626285401195,108.281171027946,33.148572920464,20.6961747588486,30.1642167823759,56.5297876705706,29.9534204073793,20.0126500129907,28.6430016023074,48.7885137890621
87.8476651449793,108.567486227583,30.1388509491073,21.3017743401775,33.0020456849272,54.8922141626644,28.3776438936181,21.7362481811893,30.3262302844325,44.1804661724708
86.237014001708,113.844847681106,31.7225220946466,19.8415655346095,31.1247431524118,61.9277911217367,27.9124789778946,20.6592849021109,29.5833695722463,45.8348418741912
87.4709873353679,112.169784387395,31.8064638766721,20.076850382836,31.5205353867162,54.9903132933445,28.9243531926494,21.4345853892174,29.7640652165974,49.4547536039811
85.8557807518801,110.913049907584,30.5764602748915,20.5315412673641,31.9636682140608,60.8375701511817,27.8257990144364,21.3406829586468,29.1856529022827,44.5370806361784
89.2068510869272,110.570963358632,32.4090564580346,20.0252549362075,30.4958050329996,59.4597294402174,29.6587777012717,19.607258351621,29.7446309452935,43.8699268831449
93.8175844952904,114.995328385948,31.7212861637843,22.1843550976096,31.0690880612917,60.2791273684553,27.87522114627,19.4987670724284,31.7838395585504,47.0173521287201
87.0707045089489,113.777848590933,32.1776550411428,19.6070567753021,29.2251703202919,60.8628842186451,29.136677668273,20.0017723218441,29.0248498073265,47.1475186855466
89.375340453643,108.659764418777,31.8194507411529,21.6202525588314,31.2613120524538,59.5428747306465,28.9391997251916,19.2258950533554,29.8084402739674,46.2831217812706
88.6406585161035,108.110457296212,32.2739113526587,19.703120786894,29.5209602551525,65.266189048518,27.9774519822131,21.559920659067,28.8922900535281,45.5120374101213
85.9087589709198,106.814503513514,31.8358142786055,20.7387618463532,30.7218493103691,61.3562919971917,28.9650393754834,21.3077671966473,28.0326042656268,41.186127885873
86.8771509226373,112.849875565477,31.6102207834693,21.5667871653113,30.0455190688316,61.5697378763492,28.4162342231949,19.3982640356845,26.2145385440839,45.9328766978729
87.1930673955013,111.810332066502,32.0837892132718,20.4122474591176,31.1562127676541,64.0411476473446,29.3250571724583,20.4831453687785,29.1215952949091,46.4511649041617
85.4874707118247,114.187077899798,31.462021595309,20.8883945205454,28.9957395378315,60.9702431643362,29.4654451427749,18.676247111963,29.8253928935641,47.1551833936033
89.4992923602728,114.299325145878,31.6781886891972,21.4567607632336,28.681650552709,59.468933864231,29.8849389646472,20.5886738865131,29.4294407446289,48.5488200388713
87.9173695306789,113.756611509876,31.6230061926243,21.204983467143,29.58753811805,64.2606495041685,29.8862500346851,21.0392432544424,29.800550630644,48.987050787587
85.7989563033737,111.796056595187,30.2794948841365,20.4245390676597,30.8769514409313,61.046568127894,29.0797132574346,20.091158900906,27.544892396253,47.0296623130183
88.8789212989192,112.087137076015,33.9057197087316,19.6406999613143,28.9128215921723,56.8737098422328,28.9509716156359,22.5227365020248,29.1416539884695,47.0624933166619
84.7908712439825,114.071212205452,31.0774755980752,20.8114395135306,30.1075382324405,62.1102042725618,30.256990218207,21.3010995357763,29.1712267094324,49.1808652191236
85.2978933008062,111.701632785423,30.7452153804293,20.0786300972741,30.2864167755457,62.7030075851122,29.1170921926246,20.7517808207261,28.9963551975579,45.0200150095725
85.8846977468008,108.508066457269,31.9811901759502,21.3401330718836,30.4511666248088,62.5007259436173,28.1233178975982,20.605257178284,27.529279617953,47.1364062178018
87.3647255880618,113.463414938635,31.8297438100999,20.9986122220025,29.6247988179229,61.4017033119127,29.1605488297471,21.8376763073587,31.8148289257684,48.9745970823991
88.0015165392122,112.829382485746,31.2524382956024,20.177026102989,30.0882654941333,60.6977772124146,28.6590345708591,20.0107889206052,28.4659186648385,43.4306794738749
85.2075253352489,112.665058692383,30.192220131038,20.2272205518295,30.953341740397,61.5708872169526,28.9257366827995,20.6621474076121,30.1896666557783,45.9744432189149
86.0865755887039,112.591382640267,31.3171777490407,20.6730756308358,28.1530147211766,58.8534882446824,28.5573808579035,20.9680050114534,29.8866196103892,45.7327897580382
91.4942803688223,110.101142511351,31.951184187904,21.2275525930022,31.5600340732008,60.5338467569077,28.1823514534372,18.9241219667147,28.4600967728817,45.7289934726199
88.2095485422371,114.158218893997,29.119313853937,20.7432149513775,32.4952648021984,57.7398971862714,29.4691602071203,19.126117034676,30.5707211664308,43.5735508889267
86.7249696214836,112.447979730093,31.1618646231229,20.9332174116446,30.9015065170383,60.7172792625059,28.6414947709532,21.2133449282695,30.9956929873612,44.2230735326428
86.815542999595,113.344226516594,30.7583133927902,21.4456269890599,30.1882636470082,57.4419549043441,28.941713726309,20.925339764881,30.1903513792799,46.6343440744291
86.4158712222859,114.225388230337,31.2204632089745,20.7662982187066,28.9614666736481,59.5444800704239,29.0408159499718,20.8506348592826,27.538695931848,47.6236690769263
88.0101478749118,110.967001421578,31.0867961023417,20.2534898451518,29.7114875404008,60.0544307756803,28.7124920089009,19.4993067439673,31.7366534856415,47.430917287561
88.3678224073864,111.723875138437,30.250364440507,21.3363074297713,28.6921424239718,62.4412259032147,29.1601308490715,20.4189560457214,29.8932711628761,46.310660626624
88.6401609398952,111.603946754894,32.9084231388009,21.2122420763347,32.2285970955214,59.168034930184,26.6536228898153,21.1011434734787,30.2145953383338,49.1608637846259
86.3566390190212,109.995229045277,31.3753883183091,20.0743464741147,30.6827756226248,58.8430757316693,28.1646406066119,20.0808293542348,28.3042006578824,42.574856110017
89.7942202185707,111.687748635666,32.0617746453579,20.9516502339994,29.8681828631739,59.9308791334354,30.2275248517396,19.2762206990167,29.1973170040149,49.5777316129453
87.7133335195001,110.142390252403,31.4166380038433,21.3765372558659,30.0838199263688,64.3319459415189,28.7842085375456,21.952089771524,29.6474493336682,45.0405903377393
86.3883787804431,107.826741650518,30.3587102846785,20.5563060615995,28.8425728558343,61.7638033220061,27.6045102186257,20.6709233679686,31.6155908132293,45.6788065123533
88.5164975342287,112.57195525421,32.0283063915103,21.0142093348804,29.3045808037003,60.9851985806329,27.7398525401049,20.9330039156311,28.4304980948849,44.8299134269299
86.7234068872489,112.904580590009,32.2225490565615,21.2810344706504,29.7096065267215,61.3427795375689,27.0623720608391,20.6211087883603,27.8029512096444,46.1322397764392
87.8685011091958,111.882668200709,32.5954969904551,21.2348336125845,28.336576905362,62.528694490753,28.387328610316,20.6276296990944,26.8299262089082,46.5234868285676
89.9141987519146,111.06220063977,30.1992023775455,21.7482044826667,29.1355461403325,56.187125959763,30.8645316968414,20.9626780488934,33.0129771180368,47.621285193614
86.2972304530122,111.891274076178,32.0130911055943,20.5691617100738,30.7469779998807,60.6274482396049,28.8390196751385,18.9205414685713,28.9487789416535,48.3713625261346
88.0414336900659,111.203689575667,31.6926971231813,20.9457618326791,31.3385056471773,63.3043567764854,30.415661758257,21.0843687830845,31.730490866096,48.769423261189
87.8901803762559,113.506964494452,32.3008770157219,19.6766438796045,31.3176976545245,56.9043969341752,28.6725630216071,20.2278157465045,30.7686645091019,47.9906704632298
84.7086646160449,112.983508222879,31.4982623352317,21.930413763389,31.8440850025983,63.3976505916659,28.682710460572,19.8606899504136,27.5318073835351,51.2742962936011
87.9081934642257,111.023228720276,31.137832322691,19.9941329806046,29.2233652665433,61.1125003849426,28.8977548971949,21.0258822812171,27.6074438523319,46.7777144082977
85.8382246445258,112.512157355405,31.9828784548335,19.4138612604923,31.6962488510441,62.7290173570401,29.4107337302782,22.0346440829923,29.7873568213379,46.4128583942896
85.3108831680772,109.379736587426,32.6289165792156,20.9612259726459,31.4660701605216,63.0190059444858,30.1108145953481,19.3724662542011,32.2869262292048,45.0900609985317
89.8654258587938,114.830381532511,30.873026127166,21.8668149884128,30.4633130316751,59.7179504543321,29.0417970777365,20.7043852275387,28.4076701626046,46.934281615489
90.5265819702078,110.613887586842,31.0106938590574,21.7355140547399,32.8045498224876,62.3245883406107,29.9900448028301,20.2409908888557,29.0545785163769,48.349353105704
86.4292871666488,113.052882151872,29.731022534085,20.6630952750195,30.2881792065972,59.7354174507187,28.1816182575445,19.9693645013561,31.4517490214138,45.2092639067696
84.0943467364539,111.607625592181,30.5437549246288,23.2548379529188,28.5075348444516,58.5649394501093,29.1655139921671,19.0197740879104,30.0281321086709,49.0228292263707
92.1291646326195,108.318319833836,31.7870356054911,20.3833435770325,29.7280098080159,59.3405386524383,27.078989218469,19.8935252488949,31.2673011759852,44.8353699448765
87.3078623215257,110.022383410245,31.1716674379654,21.0704650963777,32.315133935325,63.2253169586651,29.0733095789841,19.6400161044046,29.0335265570968,44.6310683725317
88.7670314101316,107.90349078368,32.1251546200426,20.0652013151627,32.0657945667912,62.1489204451441,28.4798867305878,21.3994283853653,27.7273960803654,48.661009667211
87.8699645103879,115.873737822586,31.2944767892609,20.9768764798336,28.7207496012651,60.5234109485776,28.9009620573488,20.7569005703275,27.1167144957881,47.8194905691315
85.1639135807466,113.238200742308,30.3474247267357,21.0156901834378,30.6513772550579,61.9419258353352,27.8534391321327,19.5578556925265,28.0877738782035,49.3271714283059
87.9625945477546,114.193603826252,31.8602076772711,20.6984171694871,30.2998474082682,64.6372809716758,28.5834333597695,20.1049963992506,28.2485841560892,48.2273278719903
85.493507464825,107.519124516745,30.53294728353,21.8627369137856,29.7929168648707,59.8437229727175,28.813690583959,19.6758602057506,27.7746664904609,44.9068513824618
86.0737290193787,111.65684632407,30.3832317887982,21.218210214613,29.6586822509007,60.036703880127,29.3523428926682,19.7915825957142,29.6439300835546,44.4288935825004
88.3232536823807,107.467842051528,32.2666159116537,22.7109747497858,32.1465798572588,57.2342925840718,28.8877847459647,20.4673140929947,30.1318165728054,43.2247214447303
90.0803700227619,110.313854520455,32.4406123817173,19.9345831468462,29.6885559711285,57.8631847009758,28.8761717819906,19.1808967831732,30.8520964385322,45.7528808006289
85.3613665886952,110.776586931494,30.6327566960988,21.4320138470724,29.5860279369015,59.1566829585327,29.1722545993684,19.955698511199,29.8612903091553,48.9569449617739
90.6020568650154,109.099742366681,32.3688341818767,21.5811920443808,31.9282512635545,58.744436339766,28.8905488806435,19.430286614815,31.2822433812173,44.1496388382642
88.4566240244067,109.590083125342,32.5157990499554,22.1679179965787,31.7629271165687,60.1846999057164,28.0216865437567,19.651454715303,29.4129935946431,45.6601872427568
88.5403879721315,111.607863875463,30.9885330675738,20.1949303260309,34.4646591789749,58.7397800499632,29.4162038534596,22.0008825028473,32.4247717592863,45.3276411325443
89.6139894110963,113.001931953077,30.7129888447063,22.8927979335049,31.2947504240256,60.7897937226451,28.8761421805753,20.2076991299689,29.8575713372867,49.9041727431815
86.0558786346327,108.854163081214,28.9129017073635,21.3224944022119,30.935559247986,57.7809356362443,30.0703179690977,18.7720036471709,31.3654204997563,47.3068963435847
86.3262597818956,107.067960001087,34.9639604567867,19.4457603144331,30.0315674933945,61.2017220205808,28.6166703727031,20.7772098938341,32.7824068193025,45.4198989688762
86.4770806252346,111.871690553812,31.9133421192911,22.3536872181178,31.039698642198,61.7909849068635,28.8771793328286,20.9117809367132,28.9145666892306,47.4114903144882
87.1883985278418,108.592734704875,30.4357943832764,21.5929913603314,29.6710945020715,58.4920608741638,31.0211099581846,20.4512482055087,29.9699310440918,44.8011548177139
86.8878251152931,108.665604344291,32.770034059347,21.8356640645825,28.6109860706771,61.1932262902825,28.7202087846574,19.7792705782889,28.8230378946779,44.9523379563627
85.4113096446474,112.089188802065,32.4291798144192,21.531182616689,33.3246432273415,60.0925787710436,27.9815941173244,19.8999510619363,32.0129617663231,48.3799748708606
88.1213101823467,110.605260773377,32.5834027641181,21.1496008595943,31.7528455426406,59.4455050400303,28.7072845500858,20.4330388271687,28.3082474006244,48.7003544453336
90.2401622966734,111.585777277136,31.7411983570493,21.4202611735245,30.3855405537308,63.1184596687703,29.1211746199655,20.5402181952267,26.7832001052264,47.3652848237727
86.9847687524831,110.159989706195,33.3247724509531,20.9062831092383,31.0597611684048,63.1447899370534,29.1121027748943,18.8554135370151,28.8847581941758,44.8279884929554
86.803713114621,108.541716627188,32.3022672541112,21.0076393894877,29.7602686614814,58.2577414305067,30.9318480958645,20.5791393766299,29.8422110665181,50.4333328366528
87.4259907621462,109.206063140963,32.6663096110962,21.1082831309538,30.716072475433,61.7856757716811,28.5440715188583,20.2415720236251,30.4435848674011,42.9797058979658
89.1260433879662,113.521260248552,30.5393214489117,20.6997307295975,31.5302045185364,59.5165706549473,28.3406603541615,20.7352722452681,28.3614005580147,45.2494326969105
88.4433003151792,112.061175107007,31.4870095533862,19.4745207463759,30.9492849887161,56.6589822455289,29.1657792447826,20.4976112976644,29.5188283100534,45.060163318742
89.6992299083562,113.488082604786,31.4188838558317,22.3383929834159,29.5030143102362,60.0604344722715,27.4144060733925,20.6922315701554,29.2388370150966,44.2409647901498
85.8166480724701,107.430850279472,32.2421434067358,20.9510025386666,30.8741935431325,60.5696663340114,28.7818400821448,21.6650069407327,31.3965869697752,48.0473914571129
87.8722453798235,110.679424210157,31.2208894770548,20.8438213854393,30.2940703229838,61.4931252833236,29.2669721591562,21.6230480698626,29.4754072493374,44.7464667411182
86.3003902353651,112.591467467811,30.185976350926,20.9544545252825,29.8739758762315,60.1706524654927,29.3970366781437,20.6107322512497,28.3262877197207,45.1300065360997
86.310206082474,111.417840441917,31.7290582346362,20.3125469398619,32.3906525118101,60.4842067738356,28.0998876876364,20.8172040263155,32.8757189002605,47.4847374172391
87.6107487530671,115.958019569345,31.7316813908262,21.854660915499,30.4209045775945,59.4350232384819,28.9039062561542,21.1566496137156,31.0846773536003,43.3890071211713
86.318397656913,109.123409630477,32.251658040921,21.8070759575541,31.2526929264182,63.9410780355239,28.663148386164,19.7680367009627,30.146620330053,49.4096263394893
86.8435743364621,109.735354184285,31.2294942078573,21.297959587643,29.4333064857941,58.8510494735335,27.9063785549795,20.3269382351183,30.5969164286377,47.9790387365927
86.7136906599632,108.211329816743,31.842291054729,21.9363649753827,29.9484135674605,58.6296478915734,27.3981973042875,20.8929126177464,28.2221634008072,45.9899836925509
89.9619222878375,106.44083440342,30.3628976605414,22.3809736969608,30.3065847298092,58.679123203751,29.1510632759831,18.9266735334888,29.2127935454243,45.1960881449865
86.6331748252352,108.283237154656,31.9827046122484,22.4871457738514,31.0683056540482,56.8718210424897,27.8067905388908,20.4095021981872,29.2561775465611,46.760513140796
86.8871101324824,108.376131289131,34.3115692492865,22.4697793962751,32.2625322781128,57.6802015366973,28.0202527524609,21.3944373428715,28.4026261725052,47.579420134195
87.3578158911119,113.206629918089,31.030326395054,21.6974843690907,28.7849501678763,60.1128751131556,29.6594893703097,20.2564429295141,29.1103412850488,49.003089699167
85.6247178768008,112.070920708293,32.6712546039641,20.4467306269777,32.1000471229248,57.5975526097754,29.0977060175449,20.4586904946753,29.0277690841035,44.6633839896802
84.3875610749672,110.804701420349,31.5537443575083,19.593350293673,30.9976740892708,64.2853500454232,28.3407218515024,21.2526934407842,28.1654826641659,44.8174253316269
87.3898964241855,112.645275000977,30.5654078047501,19.367657227237,29.2915936033052,57.9599534741999,29.1717570749188,20.0044583031005,27.7625262328679,44.1664138070255
89.3347881852078,111.136755159137,32.645705140172,20.7129405293534,33.0927528016491,60.9202784625834,29.4378653741546,20.5512357369943,29.7592693175545,48.3794127909775
85.2664885735236,110.52649399464,30.9519256784745,18.4790908755814,29.5523211901041,60.9494916447399,29.8299582325397,19.9114171515535,27.0897742026399,48.5124768800066
90.4180102891817,113.231324483243,32.4973592954784,21.1797624122945,29.6593234985355,62.9057126695123,29.150528584403,20.3793946403583,28.2322081012964,47.2396038115862
91.1214509154803,110.031380150178,30.2668176657385,20.3451252615507,29.3681100547315,60.6259496347582,27.4807217281356,20.6196037074435,28.0478405604028,47.9225098040978
87.8381356746879,109.239214182627,30.1005673113939,21.6047765247701,29.7254086500408,65.742098737104,28.0955656499125,19.4990587087928,30.1883643151809,46.7689527258101
87.6473263766011,108.959708496387,31.3363115342963,21.7825323324888,29.037834869524,60.5641649336336,29.6992914692578,19.6257027117452,29.744054505073,50.1449464406639
84.5741549683098,109.88199308342,31.6743490071678,21.1789759076435,28.6758605970596,61.3370343043619,27.8002308844029,19.6431531456255,30.0084540635,47.2295436755616
89.9936218741324,111.923662298607,33.9454600172227,22.8314702558997,31.4568346343828,58.8190947631999,28.3112465173571,21.4214121239338,29.3141896456041,46.4355489851172
86.822024228081,109.729426942723,31.3070051544785,21.9793403903731,29.3789024701832,61.6492780830237,28.0553408295982,19.3686273271275,29.6103784148336,47.1536373522747
86.0879572988676,109.796547859549,32.3384246651138,19.8601931137283,32.1187939598911,65.2349671851276,28.9511417974982,19.720412332478,32.6614411653833,48.134674200621
86.7186130458321,108.637243795957,30.0214551863486,21.6903745782845,29.3944996980588,62.7867372148158,27.3013841895571,19.8754278955561,30.3138478136212,46.3759008377788
92.2560159694599,111.18965473701,30.5124406803722,19.7432442121133,29.8310007276128,61.5348401384862,28.6968022495431,21.0362758027702,30.0287266576149,44.2833071670817
92.9228911760204,109.282952610205,30.4690365609128,19.0741035728164,30.7276165607391,61.0331493147457,29.6827467668014,19.0526910727905,29.9231387413584,46.9048800872942
86.7876463062254,110.824847211914,32.9686267557704,23.5127691971851,31.4053326460379,59.9171383215269,28.8301731226145,19.1573863615882,31.036936951618,46.5135615816112
89.3013799107225,111.564175196932,29.9330604891605,21.5652459633295,33.1353845603243,59.7960829487945,29.1985770787702,20.8953551807083,29.4633067773131,47.4498297565878
87.9286626630991,105.971874520408,30.4796996191556,20.9969556593548,29.0951029072234,63.0679241254383,28.2645817864692,20.1470747294711,30.3541687816283,44.2495760060366
90.4864211347078,111.812806711968,33.254792138101,20.7578062644761,31.2171227152841,60.018356565005,29.250926217522,20.0740192952731,28.8254781531126,46.6444184990282
86.5498839402213,111.790664639656,32.1553436226461,20.8438458964989,32.4616814773527,60.2568488919867,29.1779348948605,21.4118619091756,29.6042900354856,48.256608730561
87.0733511137639,109.58471338367,30.459450151058,21.94795377115,30.1034840194192,61.9803003187097,29.9662484275077,19.5219768691624,28.8152906371515,46.4991851426955
86.6440717885558,109.475246094211,30.7779447833761,19.8851636432328,33.1374109447511,61.1119224900142,28.5065435499402,19.3670494887984,28.9206414334989,46.9359635105491
85.9201813971335,110.928898943882,33.769132049126,20.5365872333175,28.958193464937,60.2582331875407,28.4353631670202,21.3776213773777,29.042483465972,45.8717211945998
87.3261245971834,112.5022938347,32.6561670992962,20.8646121602715,30.9208601865618,60.2686579528237,29.8089364353513,20.0157351669224,27.7379740420329,48.8058054126162
87.770439990081,113.827548455446,31.5768114022124,20.7964098952095,32.2299960349205,63.7282907243418,28.9373930767983,19.8264208676577,29.4866517554425,45.2971420266037
88.0965623529412,114.202720465484,30.9877885937128,20.0159175537875,29.9938904328956,61.1036028507497,28.5636762801629,18.8314649420661,30.6393694669819,46.7256957102754
86.0804717037501,110.226013012387,30.8289479080314,20.5906633537821,31.7288396787542,59.7809929981369,28.7824696369158,20.5059533491607,32.1892840670108,47.7718766713004
89.08050912609,117.352886071499,31.3448781362229,21.3994854103512,30.0787141981055,64.6837595832342,27.7941750723384,19.9481159414897,30.0438359817302,47.4178994373768
89.6398982130189,107.289560381408,30.974163111356,20.8405882941896,30.7026997012152,61.1460584198252,27.8389217526388,20.7818784436474,27.4841763615193,45.9950451462454
89.982533216244,109.344109191804,32.0694382600402,20.2823234462751,29.9084097523033,59.765155246898,29.8930783685112,20.217144125566,28.2465454764922,46.690762864487
87.2129710512631,113.175903239796,31.3299694643522,21.3684779923833,30.1309128268324,63.1067388505645,28.3311773688695,20.4267241572738,28.5518989491446,49.2975420356212
85.1901565922695,112.55518319811,31.9680366432694,21.6036966060354,29.7589999842638,59.750575589482,27.9536211788237,20.3704441379393,30.8036282319673,46.0694147312349
87.3406951708723,113.886858796073,31.1438376721857,20.036742140378,30.0943396278354,62.6945462483527,27.3162020120545,21.1193613337688,31.5376046919576,46.4985342677287
87.3713894489272,116.150859199311,31.6333104703231,19.5948906813414,29.5231341991691,60.2893110868135,29.7115251514472,19.0619339182897,28.1816660982386,49.1269003589016
87.965831372665,112.291062005948,30.9929159473629,20.7290492199359,31.567152825364,61.801623212732,27.6132434431369,20.2519219827622,31.5302184982281,43.305450142636
87.8224199456895,111.126898142153,31.9624932809355,21.4889260056069,30.1606100223626,57.9170597597636,28.3662347724181,20.2024109861237,26.7110001240353,44.5770758194056
87.161141575343,110.814792650331,31.5372860625084,21.6205288511902,33.922453500201,60.7969052901613,29.0143135541903,19.1728315318877,29.9778307023367,45.9295512217658
89.6749174646453,107.38137533651,30.8782184648774,21.6250765222519,30.4149172887117,61.2975214172429,28.1960879578417,19.9210046118487,30.2035957527979,46.4897007973595
84.6794259505393,113.443243733993,31.7751173373062,22.002014214166,28.6915833395118,56.703632516357,29.3713593375168,22.2418235711493,29.20271191983,46.0654528161085
87.5950769511935,107.144720097762,33.4071794420845,21.9655957143302,30.4838302026945,62.6022408564885,29.3926214317644,20.9888710507081,29.2091270002508,46.5969438770272
86.7966960842792,114.022391562096,32.1289510005422,21.7943193238862,30.2279049600598,57.1348636322218,28.9778589444456,19.6499224423589,28.2888794078913,47.9285594010844
90.7416466125152,111.473282591532,32.0492898872755,22.8515335339101,29.807947762253,65.4785845812615,28.873842198042,22.3368064103904,30.2580686333297,48.2326407429497
88.5169279550627,110.015234172067,31.9273107905954,20.8653614547334,32.870910409239,60.4368245031989,28.5361522113754,21.2386384381322,28.0881956772978,48.2089372199182
88.1916305271617,110.854629028425,32.3671223239328,21.3109419829895,28.8316123642497,61.8774569338125,28.3283457391762,20.3137700530944,28.8940446923547,47.7995454733623
84.9821121416968,112.763945084956,31.0891383572254,20.0924644768075,32.0514419015656,60.2585276715728,29.1018682954067,20.1344376752319,30.353683357435,44.07017154656
89.6328028743724,113.348137386289,31.8161680876054,21.1103299676266,30.7228569332824,62.797469811541,27.7133323972496,19.8803545058792,28.3008997826249,48.6074353717947
91.1907825449391,110.868126241507,31.7310834299771,20.4519743290905,30.0051819418299,60.8340860144502,27.3523005034994,19.4904597488791,30.5526630876234,47.0246212603968
84.9789166839931,113.162864509306,31.1343216448518,20.9220865608821,32.0327665095309,59.4411921542518,27.8846553177489,21.5414299693469,30.1520855512922,44.3423882728945
83.9890912362772,114.621568347367,31.4380317910517,21.1677631657433,30.5166316035401,65.1501271104412,28.1878371076637,20.5418800457951,28.0647716010118,46.5678154337955
87.4419601039584,112.919818619011,33.2780752664315,21.0438244098666,29.0648340295867,64.2464203222986,27.5505477039281,20.4346742118169,30.0658301178984,46.850378058266
85.2908806714205,107.927914999861,31.2914318907854,20.8348380112437,32.9320073922644,62.3349709201869,28.9531760745523,20.6780979637335,27.9100253809201,44.2615038911947
88.4887834092006,113.625361657405,30.9289524292156,20.3077391488266,32.5985762865271,58.1503744420866,31.2652386402836,20.4758927966486,29.1683334551684,45.0392176275299
87.0766428079834,113.380206343249,30.6811193630736,21.0515936064357,30.6005608611548,56.8347115907868,29.4833948878798,21.7086041912441,31.473854563353,48.1455430084691
87.1445401924719,108.910606033403,30.2293928121603,21.6359215198186,29.4757668589548,59.411134508272,29.3736160837966,19.8865295899042,31.068043987547,43.7944328469132
88.5375388184601,113.557909204203,31.0682129530734,22.6610717373411,29.0192772518995,64.3141368322822,29.5886441716432,21.0880383837952,28.4701170539539,46.3617834373203
90.58054212999,111.353825178347,30.0803938527197,22.0085837438983,29.3504871116948,61.9691930836615,28.4839845095074,20.8378097069597,30.0087275626488,44.6789041625839
86.8265469426603,107.605091471685,30.0898565174888,20.0548247794845,30.2270744988955,56.7859656639537,27.670250287671,21.2233592540084,29.1283895728375,44.9955098058962
88.4007444099667,112.04594059536,30.5923293118386,20.3999464363779,31.0047806823863,59.421193358065,28.1875405231134,20.8364723093606,29.8532597733171,48.4222798342163
88.0487220841428,112.907738026262,33.1027705747947,20.3083863336273,31.5455769112354,64.0193432356981,28.4948451487043,20.9674673319422,29.3378295370049,46.9508559809117
83.5558052592138,110.7440440156,31.954467950064,21.0102622106839,29.8465348062553,62.4278633086872,29.022081600857,21.3373921715412,28.9220799341592,43.7114268708244
86.9773462157241,113.352593243196,32.0493625498016,20.2147897052432,26.222933079406,57.7707105765111,29.473400130243,19.0300548810377,28.9312954649185,43.7046158748048
90.3057603417465,109.699514634377,32.9131872463428,21.0158422905069,28.292699232589,61.1148593480394,28.8766963143057,19.9334708078745,29.4343694850564,43.8097690543448
88.3787493938241,113.037062582992,31.8946485067552,20.4026445851349,29.9828828514353,60.3998169259871,28.9519903104898,20.5533464803618,29.9323043895048,43.4375589634233
88.9777193700001,107.743560000941,31.7600586540068,21.1449869529811,31.3595386726247,58.9499612286014,29.7534228704131,20.5695585515255,30.0745842553059,48.8953706553882
87.3192175064537,111.140935034589,33.2460558655932,19.0191676879019,30.9280185923251,59.1677697237344,28.4106518254467,20.2645087557966,28.8097282180888,43.7418575218825
84.3784137320468,107.79801149822,31.8517246363123,21.0224296225188,31.2710091401591,60.6097271598539,28.8222121075678,19.5205557686097,27.8636831067072,50.3006792893192
88.2381721493222,112.902538195795,32.8365833572439,21.1046351520629,30.3780394290557,59.149590348362,27.6001781268095,20.8677361061284,25.7548273972511,48.6379518333578
85.8193428340612,110.084701072487,30.614437737721,21.7699386811735,34.5972715791058,61.4424871117598,29.5124581571663,21.1623356939651,28.2975966159601,45.4868227822163
88.6196598368789,115.071552603553,32.8336204936357,20.1247837842328,31.1634218262241,61.2035567415011,29.6908139165681,20.3808442400668,29.9940293380348,47.0898052679864
88.8528739026608,111.978666811594,31.1318593364867,20.5147517327597,30.2234649757319,62.2231514350368,29.1432037975359,20.9466183678371,28.4512549979791,53.3285481171625
89.088674723171,112.095341925022,31.1811303805141,20.3733515416234,30.3893620824552,65.4977260625409,29.6722531157788,20.0712272858402,28.2504764782726,51.1718191960445
88.45221688434,112.940480739608,30.026393308549,22.4286881810346,30.3842031491026,58.2944271376019,28.7447904316048,20.3901700824219,30.040929922315,46.0260080842904
88.6528872496245,109.848595082638,30.3310013643192,22.2100215050565,33.1377733186553,63.1902719341096,28.0804293104212,21.6643435615595,29.5990289003219,41.3235894670938
91.6718528800791,110.379208557528,31.1763376027783,20.5855522443523,30.9459542095926,60.7636233684417,27.9072347867989,22.1568679759319,27.0874768670345,45.7063162077006
87.6844932196687,112.731911567928,31.4840996805945,22.007123136582,31.4022121747226,62.6370451044822,30.5049570687291,20.39537385498,29.9505653094162,46.3212251087471
87.9448989984424,111.11159370329,33.1287546952404,19.3778604609113,27.9888635323402,60.5084743700249,28.7095002473891,18.7607806030133,26.0064259030504,50.5951935206977
87.1890969015844,109.753336728602,31.2644406709986,21.6058743549493,30.718879926472,62.5069054702104,27.7088942094201,19.6682386067504,28.0096140335352,46.7073323879675
90.7534707630104,112.427728450932,33.1603911682903,21.3937265645676,30.3902853181149,62.3228412697438,28.2931285874881,20.4498209063014,28.4033060156533,46.2051385203981
90.0958123241302,111.713643923601,32.1367791354382,21.6858938984299,31.4766136840134,64.2531127959614,28.3429380425889,20.8388121712465,31.3369012547543,49.8937799584949
85.4344434503348,110.4940177518,31.0694443612696,22.1716122070686,31.8876893279091,64.1033757053081,29.0001358437275,20.9685966272107,27.5018151679924,45.3540000751013
84.6465943352861,113.529244252317,31.279615634763,20.5219740423246,33.0088373386002,60.8204956697758,27.1799231596107,20.0993986857309,28.8451382216977,45.3971954508483
87.2525005047905,108.869108928715,31.7234551937726,21.3876434927392,31.6244810429546,58.9967371544691,29.9314581690553,21.5028090469781,29.4658437839433,47.1675561525286
89.4053896986963,110.528951718533,31.2800678132964,21.2508659534229,30.0961916307299,61.72747436616,28.8078039212239,20.312319837901,31.7620976314362,46.0486378494247
90.123559985843,113.027258797621,32.527909900874,21.253444654743,28.9620596882985,59.2189830419381,28.8836122055783,20.4435096403188,28.3755823890733,49.5570129749512
89.2676127973416,112.698736878732,31.7858202176427,20.9297369392249,30.9531989153373,64.2202188447248,28.3462184013881,21.122170671649,27.5562950509852,47.8014559121082
87.2458932817899,112.39531336003,33.1946666909967,20.3982345363586,30.268423669136,59.6879194081622,29.3479431061017,19.8392859159839,28.2560511388558,48.8713142264733
88.1495221769757,115.036024876633,30.9923585298357,20.2192680513184,32.8204853225514,60.677010775162,28.0151432686313,20.868799142315,28.0321427322763,43.2711426795289
88.4400434503661,109.68304563453,31.7058821640453,20.8822812899245,27.6030549750411,57.8067871788708,29.1679551568916,20.2293224763271,31.3716202193489,47.2769075782257
90.6825960721729,112.508036376956,31.3624252848954,19.2055432753771,30.0799526236214,58.0413648750604,28.7307079589175,20.7174813778366,28.6633749696856,48.0097764874928
85.9131478229289,110.40888607989,29.5314553474355,19.8062787616073,31.5560877647505,62.5985025755197,28.7492420436554,19.4171487535358,29.9892763475981,48.4478742709484
85.396201265673,112.612360364694,33.1640376037656,20.4672289750718,30.5836982406979,61.1892738789909,29.9996125856529,20.4098084063316,30.0499861648024,45.706454954029
88.0690551454349,109.030918046463,30.3170071493246,21.8333222608127,30.9976250220252,60.9833446829085,29.5562996985854,20.5323529026772,27.902451297556,50.9685529483324
89.2636733651763,113.760463017785,30.6937018434715,21.5017576533139,31.1402530410423,62.2378252709932,29.4747764115653,20.2281709348968,29.3921097652693,42.5484073151328
87.4675081582638,112.352594881305,34.2938584102685,19.7314121589675,31.9696223221866,60.0558121113663,29.7895994841667,19.3869047039847,29.4195367437407,44.9262638953572
88.8306194596835,111.129812258835,32.7281670275702,20.7200177679776,30.8628205464017,62.2158819988619,29.0071375454709,20.0313286529552,27.7315553029519,45.2337592172166
86.3534457397024,110.669765143211,31.2424320988552,20.9316274285863,31.9486820497135,64.9977788588672,29.5319569321021,21.2952282401247,30.3966762607322,47.0776889214661
86.150122411723,114.39960671039,32.6426061443976,20.2507835932677,32.0320595933863,57.6413473957867,30.4479079254119,19.972554952755,28.8034412737373,47.4779857155877
87.9750036337542,108.787023029385,31.6691543447552,20.3373832730229,28.5444443029979,59.9565802992763,29.8321212442822,19.7439655575542,29.5242542202768,47.745946373362
88.5939923170286,111.784951986524,33.4061254975452,23.2214274936981,28.70204560527,66.8518853868097,29.1347311190212,21.228480160024,28.4659762083598,43.4733862016243
84.3643948897048,112.850230218191,32.3441772381033,21.1150990371666,29.3230933221105,57.4892243733385,29.9426920774119,19.5132694426419,31.3537962934887,48.1713112696535
87.84630612996,113.339943503842,31.6283640550022,20.6469472559648,31.2051168297294,58.4352292900192,28.5619008900724,20.8263097390988,30.5797120270501,46.1838774697653
86.4816514627877,108.108431268994,30.8220984945952,19.0570987633986,30.9748111031114,63.5305047564037,28.4261585797467,19.8757986039944,29.3698120637249,48.6253495829194
84.1173555401371,108.214328531948,31.4177640938047,19.8297120933084,30.0164283560653,64.3111263132868,29.1045321589168,21.7232270333595,29.447489961487,53.3407141190975
88.4586536368309,111.867215562382,31.9461585028932,20.4363572979483,30.9466704062174,61.3086301809304,27.5753229143523,20.2197608463355,29.1496956680779,43.9196176466464
90.6113468027746,114.90433920867,30.1355899558963,21.2481755105889,31.4003070607918,61.3457910657798,29.3699299436128,22.4604702977708,27.2622884407506,43.8868020119736
85.8366397537888,108.342155950799,32.3055152587816,19.5284063155606,32.310566431906,60.2730421864231,28.0086620577258,21.2653858396497,28.8915027611074,44.3331662388307
85.6242205114048,111.179026386997,31.7471134619979,21.9972025766472,31.4928079239312,55.0201559280375,28.850895237256,20.898134810251,29.6782413708974,47.0736143984815
85.6142555949053,111.78723122556,31.1246844921719,20.7915889773718,30.051775675604,58.2513415574617,28.9877830230555,20.7212618726726,30.1956908720095,45.2421140512519
85.8849611441955,109.107420066115,31.1058331961695,21.5331227644768,32.0081146491609,58.4222596172288,28.6692601180428,20.4017605958746,28.8213998954034,46.1765792734517
87.6790171082301,111.784919211473,31.6323625491121,20.4402414969968,28.8511223170115,59.0068619613244,27.4537431336108,20.7034841100727,28.0118374320311,48.0991769636087
87.771132418844,110.874830832166,32.7071931657516,20.0945214007698,30.4618318691835,56.4038274737049,28.8551370684074,19.8105944830932,29.1925875379824,46.1903718631411
86.9517250869487,111.700528666034,30.5145970418777,20.5383694716119,28.776546456998,60.698220324693,29.3919072627664,19.5458991564916,30.6272095049799,46.5090648228266
87.2323914070049,104.013362956668,32.5384391714912,19.8433216881326,31.2880466981587,63.1094849234481,28.8307641987789,20.8743289860526,30.3271400449618,47.384929678899
84.1535727028877,110.825652274886,31.6403361958369,22.4476853660158,32.1096123140156,65.8597102191511,30.132638780098,20.80248961839,28.0549687988037,45.1482783757796
87.5885396614207,115.325223834207,30.5603881270928,20.9856922768401,32.3002239321258,61.2812051218741,28.0106950848512,20.3598057758838,28.22765175706,44.8406566475709
88.4917399868643,112.427172909429,31.3076725776763,21.1931168126445,29.8560950766403,60.4014741407315,28.2155231647148,19.8782396310648,29.8146577424998,48.0476406250905
87.8629120090992,113.327414558699,31.038785761136,22.0659875890878,27.6099058078289,62.4291668667404,28.4705857076622,20.7885538407151,30.5145206024349,47.1742085180601
85.1273105077379,111.714137343198,30.8197016433998,21.4552860369934,25.9736903381591,61.6601644165576,29.3079162772443,21.5979881407014,30.5682547022723,47.649531380233
89.5824480327304,109.427693426069,30.7950261207087,21.1366732255563,30.91117211184,60.2967789638735,28.9064835142225,20.9447476455613,30.6000085492712,43.5239612517907
88.2214502482631,109.047932708888,31.7185109294389,21.3606787279563,30.9336152847986,63.1425301177666,29.0557475730993,21.0423139938994,28.3832894160459,44.4051434549717
88.2296680175121,107.167619287866,32.5217370560477,21.7471336400816,28.964058745717,57.3680274589973,28.8496817285234,21.3276920725368,30.635862615766,46.6463110444231
90.3838390041757,114.563800528534,30.8034531687895,19.9306769985656,33.2052287337411,58.637805591621,28.5187769565631,20.7276516883265,29.7453277796351,48.3794920794153
88.29033686664,115.685230723119,30.3956725279425,22.0712603026255,30.756749867032,58.0333548901359,29.6544940051526,20.9863748926885,28.664059993062,47.0318107518682
83.4669161710846,114.600451094296,32.867766898394,21.3338811617723,31.8408088881373,64.6643300537433,29.775521575455,20.8562789250272,29.5387594563742,44.8950201719152
89.9751599006387,111.234377826673,32.4907062624095,20.6649228902459,29.7880191968884,58.951531861754,29.0783714481574,21.0343656974375,29.998711851786,46.8774737108908
88.7688271040674,109.672407154146,30.9677282786609,21.0977293758974,29.4022760232685,56.7001578582114,27.8127004737952,21.9295639328899,29.4197615181068,45.7040903226577
88.0434712725541,111.614074952253,30.2440376327872,22.2306504560902,31.7867945642916,58.4734614903067,29.8284818453037,21.8353439841152,27.78521114232,51.1273596920088
88.2857448010898,111.029723861328,31.6365637335284,22.451583465861,27.2220308346814,59.133468397773,28.7748626897488,21.2551223523091,30.563395791542,45.1625360912921
88.0051273899425,110.026962189552,32.0596451700896,21.8971062225075,30.6960895174213,58.7012004096626,29.1007313701193,19.4170088817025,28.4282788998819,43.9192958546018
91.7950942600693,113.144755073435,31.1827109671552,22.094476293892,30.714756744826,60.6088918368914,29.0052715919053,20.0925007030397,27.6641976703639,46.2643644246903
88.5331165221753,114.919691526278,32.6000025948312,20.620014553991,31.1829498721078,59.9113368014882,27.3831942946178,20.3030654617633,30.2588034020397,45.6592464125792
89.9221910638387,112.60324534229,30.8020044094422,20.34023103346,30.2765034445477,58.8200445925774,29.1774802562438,20.4757815616614,29.737585422235,48.8317582313406
85.1504347189343,110.545659527481,31.7338950342697,21.6820721307433,29.3678136070981,61.7307123292105,29.2847532778441,20.0722437928815,28.2954432264978,51.4789579026349
88.8046268180843,109.758695093131,31.0994230039471,20.842998829136,30.2523887031927,61.2308889795713,28.1935015330054,19.5665525921055,29.180645851911,45.9157978950676
89.9955918412373,106.667560129842,31.9308490965992,20.5015743970818,30.979848108834,61.3694235510366,28.5571626325598,22.1640918984403,27.6213604192836,45.2972738489849
87.4063782225554,112.537861907671,32.6587408193973,19.3388711323709,33.6408559583211,62.2050590623835,28.9813123639437,20.2750781810076,29.7877581924249,44.2694034136858
86.4248816952658,109.326751344569,31.3667038678446,20.9834900612679,29.2782582805896,63.5414485108366,26.7195508783463,20.398146373561,28.9296379883969,48.1838950205306
89.9135763622784,111.107458254529,34.2127714278652,20.4990302586189,31.0786917686028,63.0992611017237,28.8657507440386,21.7837591758522,30.789947759184,48.1810545240695
87.7265871414086,110.061619396941,31.0852700991247,22.3923520660499,33.2844971907665,57.7958655366658,29.568768388974,20.2089714804186,31.0162437150417,46.4096657740551
85.5733664059361,109.59740143102,31.5986721903702,19.7190315826486,32.9736491285029,66.3508351862881,28.1333549991774,19.813246118345,29.6414380483052,46.9572083842714
87.528829498478,108.584757920749,30.8343767287195,21.5606426923942,30.7886775355053,60.5057409538261,27.82679491757,20.1296555216781,30.3461084530237,46.2929524019598
89.3645676796882,112.621096564099,31.1153946157442,20.199722187505,28.7751457051003,60.4156039515905,27.7290982538195,19.0464899753147,28.0387824376416,46.1297529081402
87.5982095286594,109.750867085953,32.5293304141026,20.267637913876,29.0887647015798,58.910225968867,29.1596227545555,21.6726602966871,28.9335574933068,46.5474109574428
88.1437426463308,111.054285956361,32.5649850302344,21.4088184382186,32.4370412555166,61.3451330092293,28.2430936306586,21.0833345134141,29.6357572088542,48.773405305492
88.1575566321538,111.068320678248,33.7396130075871,20.3704287667478,31.1974483463649,57.0057719491085,29.4203361662001,21.3921993384362,30.623668159562,47.323541682816
86.9998322202314,108.243094439381,30.8576792155036,21.4171956464779,28.6498854830701,59.7844270764487,28.8617055289113,21.4818820177219,29.020493031111,45.2463965759334
83.4303507428399,112.483606098527,33.218353318399,22.1377460663936,30.35943367252,60.8927164623856,29.8737719417579,21.7646907606327,27.2922435848048,46.4834586456258
87.6816003443289,112.865809678381,30.8619469654083,21.62469202784,31.5222665830001,61.5739149829118,28.0111763330021,19.3345361119633,29.0391447411824,45.3807321444674
84.8905411800039,113.333992831335,31.4136181784609,20.61726565735,32.5260034134324,56.1290829485391,28.9758611121764,20.3484944134757,30.7105290848769,45.2544735152873
87.7482885808591,114.058138030926,31.1189295549024,21.2006512884486,31.6144973819016,58.9587563082898,28.961640619818,19.2439617063452,27.2705154599454,44.945173049354
89.1260834077099,112.069488146522,29.9871416173771,22.1061031005151,28.9600019563145,63.453607617996,29.232005993004,20.1455358778431,30.1732871309022,49.4405172357247
85.8783332997825,109.000366012491,31.9941692606004,20.3824848170296,30.8588151465155,59.7814284833837,28.6548315249835,20.0144160014897,29.5997540186619,49.0354806507235
88.1793954790084,112.313588665072,31.176273799142,20.8561630187584,32.5441632922374,63.3210320556274,27.9726617554236,19.8467159940937,30.8374454142845,45.6757342458664
87.4928130268705,106.455891741127,33.1482621006891,22.1291985270991,29.2706220272278,62.9717729234804,29.8641359666852,20.3772696139868,31.202427549637,48.2637558516224
87.2267207907549,111.206409142479,31.5342000310683,20.9675685192007,31.3624129592455,62.7461293949146,29.8018021088797,20.6235212602859,27.3382833262346,45.0246623105607
87.4184464548023,111.246775631332,32.0580822738524,20.9794817709266,27.2921108272124,61.2893022038618,29.5359479300205,21.5586267887101,28.4118652137852,44.3463520499829
92.5068351817751,114.80211924013,31.2077243294611,20.1971207749817,29.3741403025414,59.9542754695433,27.6748179744306,18.9781788199963,29.05911383437,46.9718148833136
90.3356774919277,112.722103408489,31.5505718347314,21.0662745655099,31.0807971912853,64.627962011075,28.8247162245244,20.720937706657,29.4033045686758,48.6821614348729
87.0283988983561,108.616350535199,32.2173113575187,18.8479324120703,30.5493436296301,60.5018353998482,28.8241642378759,19.0037637624198,28.2633708001202,45.1888480677115
83.1958206614038,112.688879618104,31.402490281825,21.2300835162834,28.7416366498015,61.6812123467059,28.0582236212697,20.5133104533307,29.1729168413516,42.7689483360907
86.689759546604,109.166638953629,30.5617324201238,21.9105594105948,30.8790826553344,62.5891991361383,29.6356060399587,20.0288430045306,31.2466129779096,44.6958415674394
89.349580126221,109.39202667887,33.1176505637189,22.1795948849601,29.7928897533882,58.60729453586,29.5659676554517,19.8314323542164,29.9862255233356,47.6170823130108
87.201467087421,114.045451306774,31.1044058489863,19.0252025342221,29.8736647126447,63.3232966315057,29.3849276314391,18.7387044462753,28.9098720741185,41.7385178904853
85.9835706546232,115.510538222463,32.8780186483195,18.7185831673326,28.4481192119801,63.8033755303939,29.7905376312001,20.3545519557518,29.3108968052342,45.5934111835203
87.7239190791578,111.400159073347,32.1375486412145,20.1246112698721,31.9949066342488,59.8045789340298,28.5542986071539,18.7973394933405,30.6786686398803,52.6919631582135
84.8430519045213,111.848649529287,31.5096142435931,20.3957397421482,28.5670269202835,63.6262683081684,29.0813926081658,20.6739664766051,29.5184349271531,44.2319385397292
84.9907599064967,110.039598235598,31.6751006010518,20.3348039272595,30.2701646036365,65.0978035927482,28.2044205845755,21.2877812082122,28.4475648180641,50.5301652492304
91.6896753356459,115.004259364335,30.7768380646014,20.8199670793915,29.2968115838446,59.5253732590557,27.5200456697259,19.7140944178861,27.2543735240527,47.9223160005934
87.2736106190206,108.644236422285,30.5619187931249,20.9060561220224,29.6024779733604,58.1316332707255,28.83828665141,20.7660253013221,26.7160552919573,44.631168039931
86.0058544547569,110.248681568929,31.9274420006471,20.1265206190466,29.5643046204368,58.5394061216352,29.401693287405,20.2125832145129,28.9623922249488,44.9603761107607
89.1693171962223,112.162028021257,32.0965031864272,21.3393189588489,30.8873175173103,62.7933967240924,29.0341532215049,21.2232098184808,28.7525548721977,42.6671197205674
88.7559244261559,111.388205280322,32.3685338716427,20.2802863993987,31.5367916484582,64.3893989698323,28.772327772106,21.6471757019646,29.8032698217153,42.103124338262
87.357863280664,110.737308810026,30.2857302043617,22.0335641209209,32.1787840698854,61.0069274427131,28.217649530097,21.0784663136819,29.5477778556992,48.9164618198443
84.9896349659505,107.734082485752,30.7622643421685,22.8635005118621,34.479536853986,61.9410581091848,29.6348741551642,21.1096479932953,31.5069632856536,48.6462211000158
88.583106719031,112.059283458648,30.8422948550229,22.1353923931345,30.6851038119367,60.7017909891906,29.0350125188333,20.6508206829449,27.5138605680303,47.1368008736253
83.7621834393625,108.227545381808,30.1247402066263,22.4551968124899,30.0419199556461,61.7977305676935,28.452821353552,20.382685567152,28.2470035331837,45.2803773778623
91.9719344566756,113.419573314891,31.0174176083922,19.4043194151854,30.8951036236989,57.5904887870278,28.9821427686996,21.2881372565733,30.2172783344874,45.0059521529694
90.7592550194536,109.80894617759,30.5567316549961,21.0338771377333,29.0348113659514,61.7194905177376,28.1369681953078,19.1459827021644,27.5191215326875,45.7334599363058
87.4139586149835,112.802665449685,31.8657847219981,20.4947024658655,31.0184262114907,62.9135399705487,28.558021780514,20.4244077222531,29.8822528109119,45.0998630156276
86.9913468506816,113.10606221156,29.129305409979,21.3509101439834,28.0519265570842,61.0579811296016,28.1641527484112,19.9601344740318,28.0547217106729,48.3188073701082
89.5612640997975,109.02130771585,32.217312367879,21.053328231608,28.7802565897641,60.512787651221,26.9287422896809,18.6107768538483,32.7783585934989,46.242140397697
88.5100789509083,109.730756586323,32.2206639070624,20.827628534431,31.0600887350206,61.5404306341926,29.8260597769295,20.0129159851605,29.5297439888616,48.1564852481806
90.9760816165656,109.561161372538,31.1150132353134,20.4177893715084,31.2239311825976,61.8422850132832,29.6468905278533,22.1083659223923,30.9488618032681,48.8660374313816
83.3400241320886,107.312314152036,31.5562753760143,22.1570790598735,30.7180716516722,58.8273147587928,27.522315833847,19.5954500729077,28.6851327238192,48.6337231227526
88.0612254775434,111.133393666898,31.960734569489,20.740392329856,31.4806706407618,60.0312337605032,28.8856182527264,19.8658332927039,30.0795583868983,43.6493928036979
87.4278058471441,113.567665089983,30.5963425579854,20.6017875153297,29.3567161094917,52.9289599452681,30.3683903082601,20.4340121369931,28.5497060903181,46.495122191395
88.8284582163961,110.73031067763,30.3636872442463,20.8975791157944,29.8466557788129,61.1233872044157,28.3042543432019,19.6299546464667,29.8547035821056,47.966807687753
85.7380521288762,110.778321000364,31.1185597394452,20.327883020224,31.0458084759212,60.6180008681669,28.3366344146086,20.842322601943,28.677559726026,45.4359043809073
87.5117886502614,108.953833058182,31.6285732751651,21.5216904888184,30.4873360862374,59.6099530448929,28.2507924234963,20.7296123196991,32.898042947088,45.6723492508548
87.4331873061192,115.184087718582,32.3582474400916,20.0892541087193,29.0053786534386,64.0243070080096,29.0479666104984,20.5603337887704,32.1972025691934,44.293586828341
88.2135606761986,113.947729012714,32.1977521198914,22.2397658537561,30.2730971579077,60.6217137139369,29.5777333711977,21.6545788541146,28.0266989394376,47.2563390977033
88.3204776895551,111.187407170173,31.5636349745955,21.1473433883904,30.0348976166049,63.988222548915,29.2778691372327,19.9427728875325,30.0066723025997,48.1239926802107
87.9747000392157,112.073949359243,31.1369810530887,21.4777377067773,29.2009019167166,60.1687162926632,29.6353804785602,20.3061542991299,31.415281009135,45.3465751395501
86.4268042799696,113.032102327727,30.7291419369597,19.8366954469019,28.3588382279462,60.9599254135054,28.3639968201321,20.6529783957304,29.9725339995506,46.3692845066845
86.6539746385532,110.692530092697,31.2636832730628,19.7653870693084,32.6747657919298,61.0482295426471,28.2649676370465,20.414411484251,30.1049149383362,49.7397387365438
87.8569099259916,110.93528571861,31.9348602043435,21.1704443647536,30.8585690933515,65.4414010211201,27.7309936144516,21.3607761713592,31.0719514931205,47.2093599617269
87.6858225490147,112.357080180854,31.3317110972449,21.5288345505897,29.5933758962785,59.1702155363082,27.3975156993075,19.9005433339219,27.0289301610284,46.1329718573147
89.0926562576542,111.75188855633,32.7076798712058,20.2575105990935,30.0116766486107,58.5721198878162,27.7440725716769,21.1227937031297,29.4344107626165,49.7923033024516
90.9994554052203,107.646158992619,31.1801801240415,22.4430761346808,29.9725613557475,60.6285011266883,28.6414492473967,20.1067893631604,30.3263567487984,48.4088504802764
88.9141652210977,105.355672148804,31.0566780906229,21.3899721015647,29.8166787680057,60.1965224625167,27.3251255012583,19.9342481003589,31.530303781564,46.6492479185723
87.0047910350589,114.100210142851,31.7027927163997,19.4493254905006,31.0865512568054,58.2446086400737,26.2271632636754,19.8699274470902,30.1588784430929,44.5127871595998
84.83386097965,111.221546809106,31.400390351387,20.4198732773064,29.7698186621875,61.9059494131633,28.7144270540154,20.3936591277495,28.3830822940206,46.5324145360477
87.3726986430002,114.483477461735,31.3747117777724,20.9867326729349,32.10410020939,61.0819793201992,28.9207867657058,20.3622397968539,27.9379317756927,48.5498182322338
89.4034973680535,112.095324941871,32.6675880130853,20.6636761967577,32.2685673712902,61.6786106074704,27.8125068908271,20.836118881046,29.3382347480926,45.1441639649169
89.0969970623098,106.936015633229,31.3795405450189,21.8446304003933,31.2063031349409,64.7652884292155,29.0418164360262,20.7613970191106,30.912271573417,47.8365533105665
86.0635867443642,115.262086718783,31.5618763780473,20.7637952673612,31.7612468726247,60.7130924323698,29.1525557050219,20.7279859223853,30.8778811543385,47.6298741484467
84.8744742403641,112.333656924899,31.4454911136075,19.3011923360404,29.6932251188538,61.2168328307434,28.7984154013977,20.819311746549,30.1827322111032,48.8762775552119
86.6736324670549,107.797629999638,32.3401488826747,20.6304657850742,31.8977272655634,61.9453731436263,28.3177075684253,21.6251417706736,28.4659857348514,49.0160812525993
85.6166986936995,115.788148022862,31.2580314620741,21.9349342512917,30.2101946021908,60.9931640935421,28.8273537703021,21.4412671924786,30.5748582215154,47.2487153640915
88.4176434981518,112.313409628593,30.3957633887835,19.9399151719618,31.1094504833572,58.4060537447069,30.2343609905443,20.9662962967292,30.1261433692287,45.7050352682834
87.8955626188382,111.043308383676,33.6210393072469,20.9897754358033,30.5877219343885,58.8992924798458,27.9679523568119,20.6256838952606,31.1399998174795,47.2732418493408
87.4334301998405,113.066231968972,31.3738448697888,18.6677721873953,30.276449471309,60.3086525064049,29.486308211075,19.5433930634048,28.1886519641341,48.3056817662376
88.981158925226,111.84920129547,31.9492219623095,22.2394452117949,29.6014944305967,58.8419482518931,29.20967455033,20.6159755950886,28.7866269095021,46.3503381152397
89.5477544074774,113.276276830687,32.602523430527,21.0406739336622,30.0015552960935,61.7083863307904,27.335339201859,20.7217566018833,31.457558553799,47.8881648204047
87.6206339718609,113.378303095379,30.7019173440064,21.0698493085509,30.0319968932042,59.9814348445458,28.5287092899627,19.8796109476436,30.04642167494,45.3304444327592
88.2973185202756,112.487975401462,31.9962328841062,23.6954729372395,29.1992506690772,58.0097466306591,29.5130912671959,20.4247637518991,30.1827730042273,46.3281860959768
86.3451910077259,109.22286453579,31.8070779552363,21.9891972865472,28.7579060010439,55.9717190194755,29.1424488972954,21.9144978582781,30.3714433777503,46.1621160770491
87.8410400934174,108.812634147606,31.9162414833377,21.7682057552272,29.1325914351178,61.5009612454271,29.9506993259922,20.0303272675011,29.573735461035,47.3888205867429
87.9121120521928,110.093877576221,31.2354353663351,21.8471106212678,31.0508157539819,58.3890920938006,29.4456253869004,20.6881958521607,32.1354724526076,47.3072539317538
87.2499525105529,111.513566899032,32.2488062956236,20.9652186109516,32.5484995406038,56.3015900907666,26.7534385117871,19.8050256325812,29.1556042747298,43.0434349063901
87.9227642075257,109.745144119826,31.449321398291,19.7584358799327,35.0275218862928,62.6310118599349,27.9529640625542,21.3556978482847,31.4592327773181,48.6545960944334
88.9992188205526,112.756843287207,32.8613416246335,22.7479737095301,30.7090385934973,60.0158494238123,28.9752916063978,20.1357456291466,28.5574738297439,50.964236259979
87.2778683022695,111.202419903861,30.6464377596684,20.1604453091988,30.029902551684,61.1106467066035,27.8821236274231,20.0913199733175,31.5512425724552,46.0903348825892
88.8900721737907,111.428690564061,31.1566716911666,21.8647740162145,27.983522646576,62.739652208986,27.7252678992513,21.5215625043219,28.4815062090359,51.1467875652525
85.5469511711231,112.496536361562,32.0291179382858,21.8358924411387,32.6925571331568,55.8472283325454,29.5922633093259,19.7582799554768,28.2373003395257,46.6210108344006
87.3584849009114,109.3688299621,32.0062708048537,18.9394850502295,30.4405272554191,57.9492067564564,28.0937568397537,19.8058489763325,28.9717701097114,50.3159597612855
86.3211391944132,114.578788550244,30.3226866676386,21.7665661891797,29.1029487981717,60.9012745618849,28.6084138226293,21.3211899307197,32.5034756890966,48.9815380853884
86.4198603940282,110.974145048306,31.0155852846334,22.3785584311756,31.9872981108896,61.9098768970641,29.6281610575585,19.5319412681437,30.3406694215189,46.9431484804085
88.7088919579427,110.199558947355,32.0870892775384,20.6204720053338,28.0006504191285,54.3861842582368,29.0262060034453,20.2924328172318,27.5496405126761,47.3030475790483
86.7850792592492,109.760362806354,31.2228991943877,20.2898770075083,30.2293259201642,62.4892466126387,29.0399276017753,20.2149508965657,28.9463421503502,48.5408694147631
89.6484869565859,108.076748510935,31.4389189879321,19.2938987312665,32.4819143188958,62.1269645313638,29.8311135242346,21.8461714619744,29.6290465316753,45.997340212963
85.6503837314039,113.667035506836,30.7051974794795,20.9331532820622,30.658030602931,63.4862543527255,30.1198568384614,21.5013712280909,29.6846649492545,45.7790068855136
88.0149179391721,112.703098225518,30.7356572053284,19.9290731932701,32.13005219743,60.3625111077808,29.0586587997542,19.5421958949684,27.792466025147,43.3807048761764
86.2792207807107,112.492625158886,31.7922708079982,20.6679627110942,29.7021032037675,63.4146155388199,28.1412068859781,21.0718347235123,30.3352730854939,46.1681015685315
87.6420893261922,112.256915310941,33.1381971154182,21.8747470013789,30.5865025886781,58.2879918184628,29.1921821964707,19.9194316016845,30.2899614266638,49.3652279504327
89.7130577193035,111.328905182701,31.2918457096647,23.1401242204204,30.0108997081516,58.5028050577213,28.7235505573046,18.3808727946184,29.01231758901,48.6688200405804
88.629376952918,109.521539829766,30.0923447190349,21.0061629183649,31.6042633158824,58.432121352412,26.9449295241503,21.1274041078246,27.812844607998,47.2469799838259
89.1719730122505,108.87043606677,31.3833975011618,21.148816445549,27.950502826153,60.6151953033259,29.0913904616107,19.4150702936773,31.2168211708372,43.45282253841
88.1298049192655,110.046978650225,31.6089229995156,20.4883749558625,29.9412159912802,59.6398808138156,28.1858085432411,20.1135711294931,30.6554869740886,44.6760904268484
88.5446247402039,109.346717918583,30.901780274735,22.0884479917765,30.9205938771597,64.2475381215348,27.3806962865384,19.4616695725926,29.4558030080847,41.8699193467601
88.0275057628456,109.24182598804,31.806281427434,20.0798743703608,32.0431028536518,57.0902975580954,28.5461819243631,20.7850209181099,30.5346173062273,46.3751326073839
86.1667016403227,113.151648079416,30.6848384600392,21.5553429964792,31.4516180724833,59.9022457197622,27.4090834908388,19.7334656503085,28.343966242935,50.9093850520912
86.3892818527093,113.43770348759,32.7096449132246,20.8831731470539,30.3147000940587,61.9725768451665,29.3222842287876,20.7067978317586,28.8898218441409,49.0701791888067
84.9572304633822,112.318594078462,29.7667596107387,20.0057293923109,30.0210322083765,60.1003563572461,29.2106468550644,20.3687941537465,30.2118997959162,48.096924561339
84.8423392325298,110.989931200687,31.2489713134349,21.556231136662,30.5851346967751,60.6138058209329,28.3613876272435,20.3800580401978,27.9289805740174,43.6324898201894
89.093821708597,108.200183631061,30.9364295800795,21.0205120112528,30.9928574007641,60.3667722058334,28.5231434069819,19.2451613270931,29.7470653127396,49.9768375707421
88.3108546013117,111.806617150677,31.905514665203,20.1622150443805,29.2882939785626,59.4854704964568,28.1332095828388,20.6298369839713,31.8738604711008,45.9588121691872
89.4152965533906,111.673287492719,31.8062002032093,21.3432593636326,32.3562456570112,57.5724306918326,28.6231801190191,20.1506013240706,30.9007936732675,47.0639476283117
88.1482549138955,110.803345933318,31.8083477518824,22.359540075791,29.8120608702203,61.2518722370809,29.9634901261696,20.6775045252596,28.253916106724,45.4019794370372
88.603482595225,108.223467012632,30.7173048889913,21.5787413898733,28.544604805295,64.6979396339156,28.470687361739,20.155189940518,29.1780458714156,50.3405691300014
86.2856820222367,109.617027653069,31.1819977496236,19.9831194467551,30.9683445133833,62.052575869468,28.231165295552,21.4817266526485,30.4963825138375,43.038207512276
89.6107953257248,113.016414360323,32.0881775385719,21.0920515080094,29.1345679153497,56.1917038910893,27.9229362630087,19.5132926564248,30.700223631704,51.9384065516542
82.6765507882881,113.580156909857,32.6389011828417,21.1295270355825,31.7486052771162,59.1331418575157,27.6232943494052,20.3522450157318,27.4434088924685,42.0424533443852
87.3369032020187,112.799056129958,31.1334270143326,19.4171701862925,30.3072622414999,61.2890693877232,29.7886113160892,19.9835026989958,27.3267838249697,49.098057150086
88.4740770562035,107.983884007651,31.6195491473258,20.3432105657634,31.8940225156457,60.3965088672152,29.3184967052777,21.2784551466508,27.3266355179768,45.893193460141
90.3077511892991,112.31998159669,32.0757555220515,20.2147490923118,28.1458082410261,61.199751820015,29.3335553803305,19.9469813403641,30.0584174735721,46.2871726622263
88.0623411644063,113.161184013509,31.8529248341088,20.1628560842256,29.0065327631512,58.8922598085125,29.1032797101399,22.1491805095197,31.2566020497616,47.0871376190118
92.2067785447577,108.887326409407,32.4394262939473,22.3969997818472,30.3309873515279,58.5603717752442,29.5057931288048,19.3502802509203,31.839495721648,49.5141188813424
85.4456390716234,109.804226712046,30.804480143521,21.1869140945616,29.7295614158171,65.1102708531651,29.1968785211686,20.6361031432914,27.9081089751791,48.1904965285223
85.8246117058833,110.486438640561,31.381216622539,20.2355770754599,31.7516313457399,64.2609196200971,28.1340750164234,21.3282551586599,28.8148211036403,43.4015438757539
84.9394329005174,108.126274272557,30.1710149552102,20.589810888633,30.4669229614738,57.2731607479837,30.1319730775286,22.2078212940712,29.317804355723,45.5796913145846
85.0413397602945,113.12679486838,31.3898186220066,21.2025390375768,33.3760339717012,65.644709822098,29.6556111275268,20.4998304664321,30.088364735989,47.6130931103605
86.9859763049345,111.014846905985,32.2315710228396,20.8732666392566,31.733721159939,58.5083287569032,28.479960401143,21.2155641732688,30.2589563664119,45.4145222715863
88.1731332435247,113.374919415646,31.323876997118,21.0262580440045,30.7792331589787,61.5501125180169,29.1439802787309,20.2998595779775,26.8311019375366,46.6767595556574
87.2201834131685,110.960172482152,32.7594725392781,20.7890152575615,28.9646699808243,63.0378429623382,28.1447316695376,21.4618599538182,27.9584047174745,46.6116043297036
86.6889459691778,110.51897907354,32.5519457545046,21.6929466412243,31.154635594175,59.5798943236503,29.4266031522143,20.3088610693188,27.8768006080632,45.7019109570921
86.4265164465931,110.472573039892,32.1851956250258,20.6946353691632,28.8767590750305,61.820301966061,29.3477388856951,20.8643426787658,31.2181486584828,47.8635519021526
87.0239384774827,114.608169980559,32.3932852234501,20.8502503936669,27.5333462158496,60.7153936407742,28.5179030512775,21.4128365795229,28.3601423993619,48.0012574847684
85.6035813527397,111.469235825089,30.1361329838239,20.5627553457027,29.6938359552538,58.0230578837271,29.1728559688459,20.234222421518,26.4803762208475,43.6875382201783
90.0018036328663,112.945275544236,31.7967583985463,21.3100186362929,31.1710659056711,59.0603998893115,28.1599729536939,18.6349385336662,27.5358490578491,42.7242406158967
87.5106043813808,111.330043954426,31.6581315282947,23.0237991102444,31.8362777687006,57.9654805946397,27.5361980067242,20.7560068244492,29.8695629136771,43.9764666963294
83.9076089170419,109.762803053171,31.3426846186214,20.6631787320903,31.403235714658,61.8676700556894,27.8641450443625,19.8797676691426,27.6740334166685,48.4096182190982
86.7768477457284,110.948348968309,31.4686879147648,20.8825013435189,31.544822008153,59.5079008502133,28.5899586194846,21.1900366154586,28.9214547919103,47.2626664190826
88.0570092264311,108.738682955603,33.3892071641657,20.456911858434,29.8206042082562,60.9667853126634,29.3342252560693,20.3771586801166,28.9816097033051,44.4785792727644
88.6750838692067,112.786904071512,31.9562947451195,20.0861698507504,30.6104639440805,63.4851346790072,29.064997978055,20.148766030669,30.7717800873261,46.358578968544
88.192254926053,112.443890147123,30.9681386443254,20.1713618536918,29.7868745668543,61.5085367395167,28.2539392070611,20.3561187126883,32.4289911974442,44.5189705705829
87.1073304507897,110.360454461535,32.1964995086024,21.4152919506891,30.4560213058346,61.8643780543422,28.4707609059502,21.436231864182,28.4004917461045,46.8213114096781
89.7698340931942,115.151143514728,31.7914425687133,21.3797343613481,31.2238753011382,61.0244515618675,29.6055787321202,20.8612437928804,28.4538302831609,48.5050094939107
87.4442295513307,106.848017969509,32.9031681878338,21.2877161720066,31.033327397123,60.7215151170876,29.0547576538671,20.3163688974406,29.8441052306665,43.5656531473606
92.9211372488859,112.609709959213,32.3568277692335,21.28623223108,31.3636891979289,59.5779085680004,29.2622795360094,19.7425061631799,29.6017638156821,47.9855547204902
88.0454352514163,109.978573461549,31.8578973441712,21.3421276008608,32.9755984800734,61.1501433638205,29.2910585523958,20.6691073440496,30.7666129651835,48.3505074639946
89.9144293779388,110.46295207623,31.5561045990346,21.561630459816,31.3260308049146,61.4785135194548,29.7557197625663,20.1746148131015,29.1922051476791,47.4816261211889
86.1974719613941,111.643071136832,31.6095932245263,21.7180994222987,32.0314486620273,58.8570986233193,29.1106786349075,20.2450652945352,28.4792072029318,44.9095431110232
87.63380026654,112.770483144534,31.9248748123927,21.0886422927058,30.0017776993989,58.9072105611747,28.6435861063808,19.5870498091748,30.9495093277558,48.086143639784
86.6839665332683,112.795836616657,30.3538173883815,20.3612160390208,31.1759835013635,64.6424470581954,28.4036260224283,20.3696710804683,29.4758616077167,44.8309587280501
88.1159539519572,107.468301064237,32.7721289341456,20.6639684003865,29.362304424366,62.4707676614547,28.0510239048131,19.0010061401976,28.3561871810763,46.7192896058946
87.1010249116061,112.386066643874,31.0960075925884,21.2918191142782,29.7708016972858,59.1221213410415,27.885561293553,19.2273651856711,30.1350023438769,44.5435896865526
86.0717254932667,113.545451434369,31.7347301939971,19.2477455105988,28.796517830508,58.5524658674192,28.838227907287,20.7678738106557,28.9216840207149,47.2580866213509
90.0428391426688,108.419038344839,30.3497622634445,20.9379990058099,31.0899368605764,61.3234956501031,27.9441792350961,19.7642364517236,28.7145642746412,50.1377649157533
91.4734884828345,110.32149253668,31.5086958717136,20.0739266069898,29.0755160853921,59.2469803797645,28.9584822036282,20.2327568779602,30.935297981026,47.9402504426161
87.1183834518682,110.178200171621,32.3466332717187,21.7959405963791,30.2403085849169,65.6646277024081,30.1469904760791,20.3169051752648,28.7620682814967,48.6561000789987
87.8833181003411,110.681208598272,31.6639825540941,19.9929400817534,29.0738072425474,60.0820288785296,27.9417981757116,19.9393676286007,28.7581413903091,47.2011014427514
84.835311102317,111.830190038673,32.0058373618361,20.8901121456793,29.6699273679729,65.1462046277958,29.2846545753791,20.2648506892296,28.699029802289,43.0178214650915
84.0815267026786,109.235770299519,31.074466544611,20.9597361868067,28.252208487765,55.5438341570776,27.8953654907087,21.5668676543573,30.9459295759959,49.993017194261
88.6767581590314,114.767663540389,30.4710557292016,19.7477661715602,32.1337857376451,63.1173931949642,28.093987050643,21.4591603421796,28.5670314712341,46.9498561681719
87.9177917752671,115.477066368427,30.3388283801568,19.098606586606,29.1385119115658,59.0743759588586,28.9181006991538,21.945695718061,31.178639680818,44.9779738659082
86.6296273118453,112.760969202432,31.7955538717897,19.7873866116347,30.4977996344646,58.3473295729048,28.3596094859263,19.4504327435089,30.6464844156844,46.5378221182636
86.8928208335959,110.379263474164,31.153457001918,21.9757228603474,31.2439596384365,59.448419287321,30.2383306853835,20.3566845474052,27.6426656135832,47.2233444214
88.1523996555092,111.374862231079,31.3360850817628,22.3391064027774,28.5674699178556,54.5801850985499,28.5165272977059,19.6686120656639,30.6619314962841,44.7209890513486
86.3078760320953,111.912248121062,31.9639241624328,22.4437970503515,34.1939453020526,66.2291481382398,28.1577190452892,20.4276865109965,28.4134865856844,48.3256263160264
85.7371324072772,112.693675933187,32.5857977739186,20.0906652337645,28.5872622417545,58.293977353991,27.8464588757292,19.3804827887778,31.0169746805858,47.3981459436045
88.0448388399877,109.97048284289,31.1881024718846,22.8620083132221,31.5110268244232,60.2879120018684,27.523536999089,22.1998351158032,30.0693772509712,47.8359957898453
87.3012886519413,106.079454426811,32.6788546588416,21.0721644483381,30.2632257586447,62.8931122373981,28.1782593774465,20.7474024967319,28.7239777198612,47.1468929240546
86.3814229777601,109.856947404742,31.6321407852109,20.0909945345712,32.8280401519192,60.9968777802104,29.5793304324664,19.9160458293983,30.138125075107,47.6213074300127
88.177814171747,109.47857379971,31.8091624180934,22.4632187116253,30.0800935378111,56.7940840860376,27.6409596089184,20.3963507551137,30.1687995814804,51.0433653233816
90.4689042757367,109.107756426069,32.1199414913801,18.9693387085263,30.3355084190118,58.4014203443825,28.2557796896681,20.8064374778861,29.8535530867567,45.6758399618408
85.3190526936109,111.492978522454,32.1197728853154,20.752948133582,31.247575601313,56.5241297858859,28.7711759958494,21.6816226384989,31.407839161859,49.355802644431
87.5768191660246,111.467078770551,32.6749042938768,22.3785321289464,31.8870023389659,61.1096030319435,27.9287431547777,20.5138167093537,28.0619071241255,47.1093119597506
86.5711227609562,111.121853164496,31.4770285498524,20.0011162765595,31.8768546300385,61.4189621282921,28.5586839802748,19.4183743752484,29.8826356020597,50.0243531200362
87.2919468526815,113.876376240039,30.6992222952196,21.1706936494175,31.9529421560133,58.8645465791231,28.39400977504,18.9793242167977,28.974697486135,44.032750249533
86.310299208017,113.135797428971,31.7434101602286,20.1494718084938,32.052583492796,60.9089748910178,29.0422145671009,21.0125701344859,29.3454465157466,46.6637946978303
87.0047422826587,110.091675770892,31.9897031926144,19.3538320045562,30.9804641048085,59.7460252895693,28.7390165299015,20.7910679248643,30.5682013968556,48.0835493680115
88.1486540528882,111.891378149422,31.1455167627399,19.8819980817736,31.4986690853496,60.7997776137794,28.4908245517327,20.6359478004677,30.966616209222,47.2037451369819
84.5979183182105,109.640328352273,31.1774390595399,20.8649186743353,29.5058663445246,67.3728085989049,29.5222983477039,21.0626083765526,28.1027264411931,48.2995218567453
85.9853401444407,111.828373083644,30.5206712601237,20.6713703347785,30.7458577276473,60.0309861731006,29.8114661004801,20.8802200119477,30.0720272782143,46.3122691317294
87.8237728833261,111.657605212726,32.2237488344332,20.6501111067929,32.4592354540605,62.1857358841253,29.5426561268735,20.5722871326127,28.6414576815839,50.58763705783
86.9473015413422,111.866516601713,31.5730039640456,20.8966681551149,29.6828344608901,62.516660832736,27.9079209299853,21.5915206443994,30.2426726588133,46.2459079076535
88.6497198694356,109.959947168827,30.4337475576766,20.6168328800042,31.6651903218765,56.2815035697281,29.4104097917659,20.5572751260178,27.3373818068923,48.1790070987162
86.460983354349,115.932954263465,31.3307937102239,21.1937952207383,29.9126983079514,62.1309209939307,28.873857843927,19.707587099611,33.8822595796143,47.9599750322031
86.1392378557198,108.576377043445,32.3750572765484,21.1127705150834,30.276429971983,63.002679226789,28.8549950484689,21.1778179031763,27.9190560431553,50.6073199717732
88.238335124567,108.992696598402,31.691946681234,21.7950387266151,29.2688175335763,56.8420193368491,27.4355155905721,19.008609663398,29.3896909686064,48.1498684604453
87.5348591071066,107.057937048936,31.6476990079654,20.2665949371519,29.2956377664971,60.4027861996491,29.3046571646307,19.5683736165716,28.214230167977,46.1751322572826
84.7854245687184,111.440258396863,29.5913443355131,20.2030004718639,30.7163292926807,63.6580298950287,27.9198642778694,18.50099008384,30.7453836775454,44.7855501454331
87.3060737055692,109.691288814486,30.2166040573439,20.4222040763273,31.1462039692808,63.5060249582212,29.498387212939,20.3563990847598,31.038829237369,52.2573419671666
86.8543908050811,113.121280220952,31.3792440773016,20.766796268296,27.0023573347565,61.5199736254301,29.1800701294294,21.719521094179,28.4268444945524,46.1843690781688
85.1837679594858,111.57784611941,32.2790565886743,20.8996390628798,30.9912796538232,57.508171694511,28.5070394455101,20.3102677496654,28.4072066650991,47.2737201022829
87.176716174956,107.995805341971,31.5423053904724,19.6832355362439,30.9343190779991,62.9194916873075,29.0454010057245,20.6815557943593,29.7871602053242,47.31719253504
85.8744092066274,108.771031647603,30.8876938440387,21.7576355771076,30.7177133340394,60.4393698030797,29.1684844074468,19.6382557248586,28.5597311255206,48.6964271462209
88.0432114871488,110.429398255914,32.9075875602964,21.1979757679548,29.7572439180627,62.838781443695,27.8696662635193,19.8298130032524,29.0680278347,43.5676174807534
88.6399059913814,109.185264725798,31.7002568564096,20.9143382756816,32.1317891426614,60.0303174866111,28.4312256548956,20.5533283906026,29.2216906366395,46.0681147286588
87.1750146934717,109.691233233251,31.4747760078749,21.8750672244769,28.000593481644,57.6259488179131,29.513228130221,21.4264400269915,32.1473248334645,49.3164849005776
83.5527079634168,111.446747228024,30.9077517016259,21.5612727094479,30.4134210657126,60.649590861989,28.9980950876122,19.4745347966334,30.2845228765163,49.1620866844928
85.0061471873616,110.572432146576,30.3289238982968,21.5767038803606,28.495138155521,60.2892012495425,28.5338294558685,19.8149734065898,28.7829002786176,46.8119141477652
85.4019472461324,114.007787582207,31.0387315106298,21.5625330546383,31.4934038018043,60.6126606304383,29.6761029396238,20.7807312952409,28.4000160914897,47.2143393124198
89.59649144745,111.481759477311,33.222585073636,22.1726462857287,32.5076108364074,64.1063571187004,28.3483037729198,21.0668798664112,28.7117645932489,43.7987256125045
87.9637955501602,108.527296084801,31.3587474983536,22.3738904878484,31.9225228503841,57.5136513014075,29.6303961898986,20.6283338934388,26.5717670919052,47.6761373867318
83.5832110256154,110.491735857036,32.6529767545211,20.672427391429,30.0213946180236,61.7415603140074,29.5457551377642,19.4502715359152,27.6391878863335,49.0399056371384
85.149045549506,112.198538083331,32.0516439379666,20.3088480494334,30.6484763808455,61.0938638060631,28.4198879853712,21.4725406898376,30.1952053180401,49.1263410237628
84.586999598253,109.780664957876,31.2441148217491,22.0052526514648,30.1793568370177,62.3944646371385,28.9740382130345,19.3495843807522,31.2985632987078,48.9862878660046
89.0876367382861,109.158421555209,31.9888128551894,21.0069785904003,30.4851861926848,54.0266503056522,27.0774326197049,19.3889346530872,29.4154723100264,45.0767004969089
87.814935172385,108.065450960679,31.6596556378348,20.8922240213305,28.7850086302986,66.5111968747616,28.7778351005784,20.4634888005547,30.2579229720395,44.6948806060747
87.2282954747243,110.668617318484,31.5032469611492,22.6496147647259,28.8074088085029,61.2979422546417,29.3096992205445,18.8232522746891,31.8209709847908,47.4623037093533
86.7410377358111,114.331650461668,31.7447032612862,20.6797372732537,29.9338802219239,61.0255565878631,28.6563932808274,21.1407285922518,30.1217521858473,44.4845084160156
89.4152758504642,114.013470788559,32.5873605339302,21.5515956217532,31.1618065895216,60.0289985339589,29.9418220624844,20.1898424030014,28.0841805922452,46.08000824939
85.4472461027607,111.673514902491,30.1107475363621,20.8805345698041,32.6341612224791,62.5997882140028,29.2513409066615,19.8091619388711,30.7187412533105,46.4968882011573
86.3770098213221,111.591088338712,32.8577957487854,19.4468803937083,32.6397247669648,61.4020696642681,27.3310841312162,20.8282581404148,30.765150711674,45.8781541991794
87.3191475052132,107.763097395201,30.9208177621259,21.4274815862162,28.7883147701484,58.8053737060443,28.0779988900269,21.0264724613116,28.6592231173388,48.4126700660554
89.2326173092523,114.699197542218,33.8698331359382,21.2362078958164,29.2120023099621,64.078907843755,28.0480835258163,20.8195027437585,29.1558486471242,44.6051854647277
89.2759779666667,109.302421413268,31.756780991351,21.2800208015833,30.3423097940697,61.4099547841873,27.9897243143834,22.6917286417459,28.5274650099758,46.1198437675256
88.0754216527345,109.496078518293,31.7271553212184,20.2141345963685,30.9535236794385,59.4128812180241,28.8946372638387,23.0790468918014,29.9409743146858,47.8341072016355
86.2069780189237,112.278133078568,33.3488869934242,22.5356640102274,31.8912263678989,61.7960221573382,28.4593680548632,19.942427876622,28.8156360645579,42.3885162493667
86.9397814325914,111.897000374963,32.8057162403247,21.7908971003663,29.3306619505592,58.8523720456446,30.4445110216138,19.0423904172283,30.424109479683,45.7798632041735
91.5164276731024,110.163048121034,30.7102745962019,20.5029573012284,28.5097085884958,56.920871106218,29.4129639009485,20.1211280417877,29.889135606537,46.5867580434539
88.0834317955678,116.010288155119,30.404225807937,20.791313856845,31.0523191017642,57.7702341691716,30.539100615642,21.2489974671985,30.1969063689317,45.4830291645891
87.3435382226598,110.472853711654,31.9254639908652,21.1846402086222,31.2449363884666,58.8011251994608,28.2306247311086,18.8518057958186,30.2294430049787,49.2102311813284
87.5646703573236,112.421330849298,31.618323843012,19.4417120570264,29.7563735725386,60.2379122223712,28.5380069104285,20.9495880510011,29.1549712718471,45.9308760041835
85.067608212926,107.428399852016,33.0363157673453,20.4088604482401,28.9756134970995,61.3181624865818,29.2009102474455,19.658073751372,28.9439508474383,45.9802134390216
85.6436670587478,109.044327678932,32.879911039111,21.3883617232195,30.7562767927554,65.1442136163108,29.3254622953063,19.3870840040959,33.019010266542,49.2892845965612
88.9182013776835,111.06184601461,31.2076832538461,21.5611891402302,32.2079939803454,59.4544046458039,29.3291898670083,19.8775932226835,29.9404593293213,45.3822073584338
85.3767552254346,109.910575641518,31.2650945116132,21.4769336198899,29.6812208235795,60.1527903906342,27.7283581709064,21.5322313254938,30.3768103086081,44.7258230355818
87.7510338601059,113.124582235176,30.4744250164625,20.3915314515956,31.3595131481899,61.3178343399091,28.0958876697974,19.8301930738676,29.2762586499232,46.215195600321
86.1372937464588,111.202740249384,30.5129650423225,20.0508815123597,31.8780784217895,61.0246296853022,27.7208781289579,20.0226378811979,30.7099363340765,45.9242522521634
88.3318975940761,111.572112383003,32.1055689134677,22.3230316730642,31.841909790307,59.374428502224,28.7456785053934,20.7691377316631,27.6300142112148,47.1183726047512
87.5383316687134,113.913610292924,31.9297207995986,21.1821516957803,30.3421338008571,60.0581467218544,28.6489522359152,21.0817228992934,29.585189952438,47.1248540015701
87.6060826453485,108.682584662045,31.2267807912002,22.0800322204543,27.940983124018,59.875455436565,30.436999049189,21.4978974245365,29.9451260985583,47.6852871984808
88.7959068937149,113.544108083902,30.4753839589996,21.3091109874911,34.2436444132508,60.1069868894047,29.550052485279,19.9860317611638,28.9369975658148,48.3541935395116
89.0461314383616,106.868611748175,31.029912306016,21.6832082655336,29.4067017197325,58.0970379033443,29.1420122480749,21.0890353013005,26.4513304168529,46.3831477732395
88.4192397766019,109.073009087332,31.8346709553675,20.1170510638133,28.6740582106851,60.7187292863117,28.9757312341998,20.3588980488694,27.3093074411865,44.7671706274942
90.0582290106876,112.351525190695,30.2171685476651,20.0702259890365,30.6121460245765,57.03144418415,29.2225693603105,20.6707228505579,29.5215017291423,49.6829592888616
89.5010539836876,109.990059568037,32.9719997252603,20.832856090986,32.3873544228641,60.206708360407,28.5868961885695,20.7376575396656,29.7734134915113,47.4791357540564
88.0030963897789,111.765293774511,31.7418403219877,21.7928402934921,30.8433285586247,60.6420371013113,30.1337977056909,19.8747972779875,27.3239161819389,47.2806191913769
88.6249145693628,107.337124969966,31.465611189389,20.3137088472107,31.4536392056628,65.1030443998679,29.1112489087716,21.5560373975788,28.2142637330225,43.1303757090782
87.9183188741886,112.663945950068,31.5997406476236,20.8443513089289,30.0193850595179,61.9734444508294,28.3552743836752,20.4359418116395,30.0749881484577,42.6754430053537
85.9773447541329,111.344089248121,31.5408232422231,19.5033040173873,33.6226860908619,59.9974792184057,28.327006253521,19.8939280661969,29.0975646428731,43.8497635379242
86.1127327696725,111.871285769231,31.5444169063584,21.800040148359,30.6755074615425,60.9918861690189,28.4177605277615,20.7885302737355,30.2313999729179,50.4641888648183
85.6557150505566,111.149703765554,32.3238038939821,19.9815401476617,29.2482465046486,57.0974026867737,27.9910994427207,20.3794729443462,27.6522733249384,46.6933079438837
88.1408155754028,113.634829994428,30.6901432332209,21.7485166923141,30.4163295790687,63.4463904506245,29.3349977436307,19.7781624570035,27.8338307581285,47.3709001100062
85.9914745812201,111.79078446302,34.0900041139483,19.4575901484378,32.0632591571403,60.371701833057,29.907077229151,19.7874196146533,29.772060792935,46.3324223616525
85.1834105077633,108.844836351093,32.5468348291387,20.2971386416535,31.1071768237802,62.4280711089884,28.5565253413008,20.0669327986584,30.583318255534,49.9570848430673
88.209581761428,109.854507203589,32.3634592013588,20.2884465527943,30.2094262154627,60.092642364979,29.8680309371638,19.5478310581841,27.3560161241058,44.9240218254716
90.5440708802482,111.169622070589,30.5227578910425,19.8356300457467,30.402610369461,60.2415888703384,28.9590658658592,20.0794864060136,30.5242926562616,45.3199676298794
87.0801114905696,111.105017730216,30.2552815328249,19.8959596883405,29.5124510388246,59.1247424604176,28.7156549834157,20.8038799149346,30.2202302749087,50.3942956673054
87.9002276337194,108.245080635467,33.2583262110518,22.800365075896,30.1669342597294,58.2263488056813,28.6045627526045,20.9187468540416,28.6810964803001,46.9899430206864
89.0368516624493,114.088002800486,31.3021001572383,22.1042955655178,30.1446571967748,55.6793740163514,28.9495779017816,19.5389323802285,27.724101367001,46.9416190921799
86.6150795094947,111.430099790686,32.0576521568416,21.1084166184348,31.0836062490328,56.5024393669566,28.8987733858885,21.318623384027,30.0737866938022,44.0345232415899
86.5778621322247,107.880208864588,30.5893400467244,21.5617148109121,29.5527570324328,62.5584932538874,28.3901402260421,18.3771168681832,28.4820968052687,47.4256852256014
88.6185946022392,113.443386550107,30.8060592220413,20.3494372355679,29.1341149352113,59.1781464627006,27.8090785603428,18.3858124979396,29.7577994435904,46.2278221980716
88.6401849849502,110.149274917152,33.4021242432065,21.5239073553,28.8953515518875,60.7311801222531,30.3051727131218,22.2553298003067,31.9813683453099,48.5468281329381
87.7129954291116,111.521866411909,31.8984464360122,21.0193084184265,33.4665219075217,59.9581254512963,28.7411241760412,22.3790735877444,28.4042066874212,50.1109605755891
87.6490120538818,115.656977642734,31.3800767000033,19.0478436442491,32.8163798576977,58.8308494524219,28.8496811244536,21.2680742965486,31.5105338787629,49.1615574368397
87.2235125448479,113.933936494966,31.6855784195923,20.9626664250457,30.4653139874327,61.0316315617735,29.5728802867338,20.0607842008985,30.9698452067767,45.9641024346408
87.0253487855696,116.59174300852,31.7295811410538,21.9816247829114,27.7541481584253,61.2098032198362,29.2017793552933,20.9086012253424,28.4441515544164,44.9907597410335
86.8861332905832,110.776769389784,31.8124599054547,21.1231083434787,31.8800823745638,58.6894538515319,28.6283380375956,20.0248459579699,30.3791826864941,48.4430809244215
86.7433584644653,113.807192363452,31.6257813393767,21.5341715273337,31.8998299806258,62.3913763033994,29.6492268035575,20.9236968055878,27.4775172534198,47.2005497730745
87.5698692372316,113.097168623316,31.0420949368426,20.0402970805854,26.1290811442734,63.4023230011839,28.1637316039025,20.0718090556092,29.6181928857241,43.1613892871783
88.0253784203765,108.355235925011,30.8181344995591,20.3778078079215,30.8495591582211,61.1579777350535,29.4325470453584,21.3475156451871,30.5395259754482,44.5443713562177
90.725373341306,113.736473298106,30.7558573594219,19.8264794727621,31.9193071561641,60.6067139597145,29.9269145377582,19.1003855645594,28.6855688477856,46.7757961179611
86.9435911196899,113.778696749035,31.4508508365255,19.8182323556481,31.9883712301684,61.3312075814917,29.1501450924463,20.8046361512955,31.5307579918148,47.8572680175971
87.3740247280985,109.745505789175,31.0658620669668,19.8893039063896,27.9536237775394,60.461672349893,28.4208073736063,21.0618864991257,28.6120838827928,45.1621187832172
86.8331333932946,110.91035942099,30.6038512000057,20.2445337414901,30.6779331907902,61.6799883899165,29.7705474883566,20.1427365069007,27.9447812161909,45.4236053873846
87.0614578626544,111.11764102376,30.9788603956141,20.673475732153,30.5381810711415,58.8792703617473,28.8842478814779,21.6219529149182,27.6229758925354,49.1558060239129
89.4833310803476,112.052710075286,32.528785990603,19.0605060447465,30.3601728760566,62.0393100509092,29.0977771240383,20.7299104650023,30.1139454378273,44.7557594289116
90.4095063286492,110.369576152688,29.754714436659,21.2427987060261,30.7303928980486,58.3743204888728,29.3481935091468,20.33346770038,29.032904676945,45.3651366862107
89.1985023601154,106.297020178116,31.5584591273752,20.4787306777461,30.5889104316096,61.9312531425435,30.0785998525242,21.335626386056,30.3610589088836,46.5586247401645
84.4929527624125,114.531183858995,32.6350002224772,19.8815549937329,29.3951570400552,59.4449610783914,28.375961522344,19.0495560839187,28.1968758753656,45.7813404171493
84.8978383237709,113.201562634538,31.4573756803015,22.3135922352026,30.8361899698275,60.6710418132523,29.7176299403451,20.3677841767373,27.8337794948979,45.8468857853104
85.4114624923493,111.69811777605,31.4886449666972,20.7912163077404,32.3261485053593,62.7606500903892,28.9281102071928,20.8528660175754,29.9722317391697,46.8802329513049
88.6068640010568,109.69627844658,31.780661243716,21.0879863402992,29.1255824646848,60.9528260526193,27.5592946941294,21.2073754414325,27.0756687356977,44.103124351695
87.9096897133748,107.686733337812,31.3974248142971,21.8143120726009,29.7357520978609,58.926958402817,29.0737045368988,20.172059685442,31.264086763283,44.3095965047878
87.7394240919193,108.775176393008,31.5967936311284,20.4331109522519,30.7255149825763,59.6183049254616,27.5731706637863,20.6956277378582,30.1217662174132,49.3251261385493
86.4474970485059,112.964939307737,32.331556063303,20.4389793442337,32.0137864826321,61.8923294368626,29.0298454139816,21.9703328794517,30.1917639994761,46.0399873561478
84.0325064948695,113.932094436789,31.0665623981408,21.2067120498063,32.6004765400808,61.8629142626046,28.2908874092142,20.043415783193,31.0316255671283,50.9468264002298
88.0203130944812,109.932801573231,31.2671406187616,20.6614441560168,31.4388896855831,62.6893141538176,28.2842828306176,20.7378241931186,31.1532972576622,41.5497370673893
89.4391539377325,108.229158429754,31.9335808426392,20.4819276344907,29.4585757219653,57.7237193576941,28.2183913634489,21.1861509282202,27.9764879673747,48.0863014755337
91.3739195312382,110.58642570423,30.5528508355201,20.966566135269,27.6429599531826,57.225820967727,29.230681532355,21.2923048876788,30.4421289829857,48.991003408776
83.8574468863786,108.175644490529,31.1916605222654,21.3760955367412,34.0223502093897,64.9344528243747,28.9555323882291,20.9012927104535,29.9577141372416,45.222314807889
88.4246154438518,111.963931676719,32.4512537780105,20.2294874651088,32.3861047833449,60.8498682688152,27.3495396094409,20.5111550167117,29.6156190126145,48.701742853383
88.0932603791541,111.405220249285,32.404750648956,20.2577954576413,28.9585232278108,58.8655084460053,28.9742213117281,20.917578637198,29.1111648785089,47.5483868106819
85.2963346497,107.356478090451,31.0759940882936,21.4004805727065,31.3191153068873,60.1092528412737,27.7687487476755,20.3037173741878,30.506543751572,48.747780401957
89.273181094931,113.398249947027,33.2164345875697,22.9870218666266,31.9729632086625,61.3665102384396,29.4784877118734,18.9422556438783,29.6506980162589,47.7614010630953
86.3589361371197,108.847967630999,32.1487567190154,21.128066144163,31.8886892904673,58.8921242338068,29.2140991055348,20.4200194197164,29.2304401724744,46.4053983716513
88.7988459833804,112.890690100051,33.2003329321198,20.993276107224,28.9456160712716,61.3331049731649,27.8783074752735,19.6220058547441,28.3072613234646,44.028956658664
86.5813337877395,112.481509064556,31.6852990262495,20.8280623710152,32.1740751214059,61.963505647804,28.8832841526397,21.0967812464434,29.6916834017198,47.5954264268455
85.8973626330394,109.35870732274,31.8443645125649,20.2741492294789,31.9629640392059,63.3047662173657,28.5116483220204,20.2576767604646,30.7086577171284,49.9378380360472
88.3510225751704,112.302697369345,31.6402544627298,20.6124464426048,31.1556504308378,64.1034272737591,29.4229945825399,20.2521958121089,30.6403434780933,44.9821739697975
88.1197113581877,114.492865118239,31.4225844663404,20.2955399241047,31.1149211988544,61.4514514903415,29.1732831735295,20.9063093871904,27.6721381468555,45.0676726911479
86.8742878059335,113.674704518041,30.9890262096946,21.1143530255354,30.6802982476354,61.1570818466106,28.4337095019968,19.8854260484793,27.0966261188569,50.0441030432534
84.7993911376637,111.155741055249,31.2932996884553,20.7520649706513,28.6492516995406,57.5529494509386,29.1900983720294,20.7843904968366,28.8425628950599,47.5269215087219
85.26358610459,109.083108358019,31.696186497372,21.9099446989211,29.9417021386881,59.4672377843754,29.5883659400824,20.8023472544564,30.0121806941551,51.1213544701805
86.8728226009803,112.075676158742,30.8794883493025,23.0862864349701,31.3765865318156,61.2337474794605,30.2221410667277,22.2569551125336,29.8338681589762,46.4842930827071
89.2511529040744,112.82797329667,31.5403015124653,20.5981847776552,30.5899962077223,61.1153827226149,28.4324786794335,21.6365077961414,30.7599015178199,45.2425053698237
91.0665111031604,112.552342586183,30.8193548019553,20.4700877503728,32.2019968598019,56.6617617086311,29.9010099974514,19.3950751732183,33.2873797389779,49.239733847246
88.1051360724407,115.103085557547,32.5627270789748,21.2179337090867,30.0633488072359,59.8406696032654,29.262130768217,21.8749182898897,27.1863839796595,48.5902185460361
90.3172398725101,110.86858532697,31.4056407987098,21.3176574771642,29.0209085817812,59.3171730860587,28.5669446218345,21.596278472592,28.0157242430766,46.3280829283354
83.1601994817015,112.904605553915,31.7635212584149,21.3068427496206,27.4731443524998,57.9707891301617,28.2428353347668,22.0808344074543,29.3692110171366,46.8689882444565
87.6892556132482,113.179972038495,32.5702354443994,20.9104365436047,30.0849068244386,64.1536174147142,28.8174942076096,19.619100670658,31.0156145228787,44.5781443804922
91.2367271349277,109.566128798689,30.6242844524887,21.5616671069121,30.5014222169991,61.01647994235,30.57068136396,20.2410249483308,29.4634693198902,44.3797820936256
87.1540336125439,111.669574417396,31.2883154898936,20.7783242321241,32.4422403206484,58.5729531429086,28.7217867993753,20.2599028107459,27.1641126121923,47.193552367907
89.3864113211899,114.782062889895,31.6044099091216,21.0204003800277,30.2138932983547,57.6856916375999,29.1851925458603,21.6886124400693,32.7650078388709,46.7389398992473
88.5402044570104,105.441039012079,32.8333602223336,19.8069267459161,30.5827459048283,58.6987498619108,27.7934717154555,21.9243133192329,29.1993668334308,43.974066347422
86.4129535763039,107.528222301162,31.6017018909715,21.0716600661957,27.9284732945877,63.4626277461049,27.997688396368,19.2585568939393,30.7476181717512,52.9776235207096
87.9623037292651,114.18811696401,31.1687051184721,20.9312058052762,30.9729300028574,64.4352028684167,29.3810921335783,20.267306138081,29.3714057812305,46.6057308567331
88.2128163491601,107.958175764763,31.7824095039301,22.6076085324059,30.3342446836337,58.6803475029125,29.2988357722632,20.0972763893483,32.0786605653003,43.6765603809769
92.0610393842075,112.703859204289,30.719093210326,21.0254182149302,33.0067291832328,58.145993534256,26.8029829433575,20.4829595090765,29.5125719331506,47.3311384020796
87.7730613424103,109.492714252213,33.098768458713,20.4514847967778,31.92141508845,61.0652557016955,27.8691259210286,18.9984324254268,29.46120047443,49.663929146446
90.2490160364777,108.193979721657,30.2765258799799,21.5774944685184,28.8612326137055,57.854609990785,29.0172225791596,19.69010820581,28.8763992998462,45.2074168163446
86.8425912749745,112.436480605743,30.6415051996027,20.4231097491605,28.1426799140617,62.9610543792741,28.5455492866463,20.9781894392993,30.0165042255842,46.1777012731467
87.9458486037413,114.791970999389,29.8927678311963,19.7185853310769,31.0034619291702,56.9779694223547,28.5904914243287,21.5469912677682,30.4568008131681,44.9044645848168
90.4766330957115,111.51629106535,30.9373103325554,20.2411902092612,33.6724482847433,61.5329306190611,28.5947030280849,20.1162545303181,29.6108188829383,41.1195817224506
88.461483408271,116.24115003888,30.6935418459201,22.0176361093205,29.764467494568,62.7415819049087,28.9093123648447,19.2121369694154,32.06275624409,45.6228350624591
87.4368444520348,114.181992376151,32.498916482754,21.0042220400535,29.3535697444188,58.739463310812,29.3876629498436,18.9474169907462,28.9115841124082,44.9790596463695
86.4944904135139,111.759356256038,31.4043838773737,20.7149013489826,30.3924618737219,57.9975680885463,28.3459796456286,19.3633260923953,29.9491996255576,44.01499888297
88.757193242071,112.807464458017,31.7615963066992,20.8890507578228,29.8502361307503,60.5329428104785,28.3827279252918,20.0927134686048,30.6850891535522,51.4394657838737
89.3384248197479,110.043859038003,30.8332144943771,19.983447322222,29.0742757173065,61.5821338004168,28.5693441736268,21.0477272726915,30.9483149210305,46.4696288311601
88.6832938147754,109.994628581328,31.1432649594268,20.2323921529601,29.5553383251217,59.913131424432,28.3805634888526,20.2976587837335,28.4106093944197,48.9679864464975
87.1954992472625,113.758638507033,31.7055847969511,21.4467235192389,27.420289125707,57.9995692460595,28.9202987968592,19.675166189571,26.6449453032287,45.7314769067637
85.9631330348266,113.201113988342,30.4529851422593,21.3030034916383,33.0425402497988,58.8940413361621,28.7158461341815,21.7319769915759,28.4265717044287,46.2166351244851
89.4350536996748,110.466231185085,32.2329899671069,20.0316760310653,30.6131452997001,61.2553634874706,30.0205373511062,20.2820786637527,31.3434433771496,50.2164342227838
90.123923666874,112.748035570238,31.2736875673239,20.0351125366135,31.5718729225665,61.8551297177661,28.3467388722002,20.239758305521,28.7549303540767,43.7086605355268
87.2365527942349,111.652721816005,30.7410188741657,20.1776322521112,31.2403609753996,61.3254656552565,28.367974320745,21.5868812294113,27.6272071854327,46.6318998280333
87.6002243964643,110.783199883161,31.5652085145131,20.4976903544369,30.0331822355045,65.0514016478298,27.6004254157146,19.5582054059544,28.2992781768051,47.7504244559338
90.1568745265213,110.176217425686,31.5781473820487,21.1865749341775,33.1240441457164,59.9756313941673,28.662127857558,21.2625699721937,29.347142988989,46.3021398672558
90.4318882598236,110.822757050412,32.4147371286278,20.1955017537452,28.4556509577197,60.4804485767035,28.2214209384005,19.6182664697683,30.9318830897594,47.118306914076
90.2145409732168,113.362615697039,32.7780865888573,20.0281307173377,30.0339274405384,58.976269259655,30.109966314963,20.1185857276546,27.3806129502871,46.1112588327637
87.2506386785156,108.752510193594,31.1494163137886,20.1652593687551,30.9630881300475,54.3103908938878,27.4218880717955,19.8973695359471,28.487776216536,47.4992461611432
86.5588405661065,115.307205381019,32.4975784365852,20.480902558688,25.3551723974178,65.6425848016345,29.343305469973,21.9266672296622,30.5000358609736,44.7391210552967
88.6616004311476,108.896470277707,30.0010968978936,19.5956846487181,30.8321959818522,57.1191552905937,27.6582900147176,20.8461234290604,29.8714185551548,45.2900269388169
88.5338096098498,111.408431394619,32.8694624878802,20.5933920697772,31.104899053702,62.0196302661163,28.0578237302319,20.9991822561659,30.0790914845893,50.1973162625704
87.5895918309652,108.650291674441,33.3326932947876,22.0057929634961,30.4788541444994,63.0000075752453,30.0079879935058,19.218951484419,30.6076154572739,46.584403788857
88.5559770114449,109.401341180387,30.6206863170864,21.5115973127958,31.6714562056203,59.9700434633675,28.6708147396711,20.193680654418,29.9865562938079,50.3476494602822
87.6373853788648,106.666817410948,32.8467154368738,19.504485724463,31.4913277204205,63.3286480404185,27.7456012321711,21.5296700045957,30.9239767887545,48.012645133867
86.4170764692923,110.858627889831,31.1959226714193,21.4601936637727,32.5315576474372,59.9794176919079,28.169587693397,20.5289192142545,29.5460434993362,45.7063216550554
85.8559829151409,107.695526968036,32.6701451326747,21.8118214642755,30.8719301210185,58.6555884952965,29.1054394289996,19.000391225556,30.2153414540715,42.5602688017487
87.8903471584295,113.562763392156,31.5807179541087,19.1598525591417,28.4544543229383,57.4548871394806,28.4504715031464,20.247816023922,28.2823922980861,45.9899168753288
87.4304085995831,113.839016033564,31.5955838875083,19.6752252387866,29.4920750941079,64.9630025495459,29.9896027105139,19.4557790451795,31.7883303893749,44.7944163190727
85.5253489039677,112.269937124445,32.4818538299109,21.2449792414668,30.9806516617308,61.4766574109111,28.8520376314257,20.7446787700569,29.7989249549592,45.6376207129477
87.1529903094836,113.61439139233,31.3700680205279,19.5070711760587,29.821237415255,60.5426732531288,28.555183538043,20.502961863017,29.858595047996,47.6126361648111
87.1178650991866,110.211579661951,33.5514993066923,21.2862942684742,32.9660352475209,58.5797727671036,29.6244296267167,19.2173055525289,28.5889011670398,48.8240140523647
86.1704801332342,114.752018820441,33.5002310878478,21.7655952818667,30.0829192294832,59.880379191497,27.5374637937426,21.2430779998633,30.1581591504827,48.2185030133666
88.5365822646332,112.005484470031,31.4551159414661,21.1116509875001,31.2162089206241,59.5634897842682,28.2191951149671,20.18189755642,29.3106903295512,49.7480289660344
87.8713399215713,107.187450283254,31.9088367617184,20.0992556897277,31.3502491874687,63.941449710736,28.0957274236797,20.3147889329236,31.0140457890806,44.8024683078347
86.8808049960222,108.74114432755,32.173384985218,20.7662542801202,28.0237683822262,57.6954829143556,29.2771383108187,20.0331289797679,28.8534813952256,45.6256626797308
86.5870610332209,107.288415453262,31.2158194432914,21.0722270269098,31.9371664881743,61.1426330830043,28.7314604497072,21.6178139096446,31.2853521449045,44.8431295381906
86.5973390525534,111.742067236823,30.4465595826007,20.6413710651746,31.1060507197886,61.2093580945924,28.8732714968919,20.4709748419245,28.8745274104641,49.7865777599423
85.9891000108257,110.883458799977,29.4291618237142,20.4081352191794,31.4874159019275,57.9741419091573,28.9332994950417,21.6038181256056,29.6767577069237,46.3771118709874
84.3026306751919,110.266506004892,30.6558668658122,19.8154631443694,30.3367465899592,54.6727675951641,29.0357524587637,21.2860608640943,29.2480592761654,44.5506615648424
88.5671209629091,112.443732548518,30.7776545632537,21.1489299706905,32.1738468227843,58.02491389556,28.2516669687385,19.8527873528366,30.0056084989532,44.382809017873
88.6930056856354,114.419295575632,32.7456810678733,20.5428347947706,31.0615175618816,60.7872162240189,29.1055006844558,18.9895396975324,29.911445764217,47.7146131820171
88.0947452762314,112.052088131939,30.8680989410755,20.4959373857473,32.4688306462491,59.7447374997119,28.5153234227296,21.301572701227,29.940970721152,50.1186372211956
87.1480094672522,111.853503720643,34.1142390655178,22.6285558896333,30.1191128193893,61.9682756267816,29.6330825336126,20.1473635536628,30.0285997706687,47.6617159730957
85.7303143869113,110.43216481568,31.755201396942,22.3231667560425,32.6452450306402,58.7358101541628,27.6558879914805,18.8873776061912,29.764650940244,47.7774969254683
89.577191067121,108.87848806303,32.0554606890594,21.0173737613276,30.7490591620714,60.7971644206877,28.2882672707538,21.0669761349934,29.3204669393091,49.3070610248203
87.4050896183047,111.234444950679,30.5701761932287,20.2942560506327,31.2654789553973,56.5843949779354,28.5158225697347,19.2573356274721,30.0771100723266,44.0207783943777
88.0624584097282,107.967560168966,32.3579360168629,22.069394906585,31.0677014509911,60.3330476630627,30.3136718454208,19.3602454579115,28.7077874566985,47.2378484941224
88.8039390788994,110.789150206219,31.9698347682474,21.211916514283,31.1713222215827,56.5498357228872,29.5225876178278,19.9695148734011,30.3401626218117,49.8041526257692
87.2389940834302,111.819903353338,30.944602096678,22.6202244457223,28.8452432013339,61.2418529574538,28.1729106334158,19.0792657797579,31.8206643737712,44.3894690527721
89.1489214070807,107.316366098788,31.8499740921231,20.3677961651062,31.1162834267672,58.7636476512117,28.0508218380462,20.017573498367,28.9046968459476,44.9599809109398
93.9668259241411,110.310079884998,32.4710461402144,20.4540280797123,29.5625115221076,59.0012295897092,28.1518735173389,19.7123168812806,31.798690975341,48.2742613931067
88.4105447565526,109.347509939029,31.8995127770949,19.7948452617096,30.4692163650913,62.9091863149153,28.6565709950364,21.0184911167547,30.3718891034697,44.5618689830267
89.8702281374923,111.824464296714,32.0507646343001,21.6794343016626,32.0190993189553,58.8309530874439,29.1986867761809,22.3372274101293,30.7937073938174,47.8169104612553
88.3441330003979,114.799416463633,30.8259290595314,21.1929494309317,31.0808157673581,62.6030207921082,29.2850994628132,21.0630359206954,29.240848543528,46.5752004164665
84.6817927571327,108.970296765063,30.8764316345834,19.5304522516954,29.8414395582651,62.1682891792912,29.0285952126425,20.9071579297237,29.7403737551568,45.4561654092448
87.6246657026712,108.596166015219,31.171666807001,20.2531685537398,30.4932487039802,61.8281679013728,29.9737862790784,19.9479483330004,30.2412667390128,47.3139132689729
87.0679260038147,106.857345991779,31.3351146394824,20.6101745420757,31.7513184339467,59.7999334103894,27.9796691597212,19.7638834346678,29.2333789802165,48.0286268163657
87.8391464298811,109.708615843145,31.5422682006205,22.0823079135987,31.4782970463016,61.002272241629,29.2012606471343,21.8859436867918,30.4306357202223,47.7501886684171
87.4096636109667,109.559640726591,31.7312503986415,22.0437369123658,30.6300705671543,56.7977292583868,27.8936225965892,19.9998142401939,26.8224381891999,44.0154905082894
87.5196142801168,113.23308648092,30.8782989703078,21.9399609179627,32.1369910406261,58.2378561976612,28.597445325907,22.00745536635,27.7167016835029,47.1447223243664
87.0907068953333,112.106723405738,32.5101222030985,21.8401645973641,31.5977526603776,61.7716237781342,28.4682455210854,20.239338085651,31.0933177559433,44.9691469897788
87.1595824063136,112.185535912495,30.8258090615046,21.4466021716955,28.5899248502191,63.2856531937146,28.4636141777999,22.8623543593582,27.6057106356397,50.6895448023807
88.330962356605,109.207300972379,32.3660279159586,20.8000277666392,29.7495010727451,56.5528584932147,29.2257402800264,20.3570501100464,26.4312614849911,47.9305795865866
88.1959628544112,110.082639546703,31.077157267143,20.7890436885891,29.8399637286085,60.1235196776245,28.958388119357,19.443797199493,29.3318608143583,45.4817741292019
88.9349825119331,115.607164351884,31.2140158005571,21.2496149261886,30.0431145183171,59.6593501127416,27.7520288855341,20.426664864678,27.2473525495466,45.7941120201615
84.4057185648894,114.481509695036,31.6093956039418,20.1847460625821,32.2325501754057,61.8526341560325,30.6565516038759,20.3948450874267,29.9794559215992,46.9872515128979
91.0176100172553,110.204881894623,31.6306229888333,19.6298215860205,31.570127268113,60.0415738113369,29.1007364295746,20.5720259313324,31.3786191253678,48.2056950346256
87.2750739152085,109.019628811701,31.3181025257999,21.7428424502007,30.2530636147187,58.0903714381497,28.220406331444,21.2823210446368,31.1694811016857,47.4250064131052
92.4400253181188,109.380831526453,30.6039603522871,21.2314096439651,33.0116486415602,60.4913325354598,27.8985899789854,19.7799374559725,29.9833847970742,47.0770256477586
87.184937597726,113.04003852892,31.0632093287703,20.3577567627559,27.864180069575,57.1684328389418,28.8416097391482,20.3702846290756,29.436415791487,47.9571915737301
86.6519501839521,110.457857527366,31.5870583919095,20.6027545820963,29.4099250497823,66.0677212904346,29.1575018987574,19.256450242188,29.5373097647928,47.173419162479
88.0015484590742,110.944791073641,31.87548126165,20.0320157997153,32.1979140186547,62.7476557355294,29.2290832277061,21.1604453691087,29.6530018864013,46.251253442517
87.866624728245,113.054713913185,31.9907141969295,22.952299473478,33.0312739683368,60.9881678367363,30.1124498453745,20.2636849556858,31.6692143428101,46.4934188261781
86.8202335984312,112.903053946301,31.6921397494971,19.5941091230382,32.4261310533412,61.0351073025107,29.8359733148329,22.0353890060771,30.320134171912,46.6646537784105
89.1854794390596,111.377519991978,32.7632271998307,20.2358734985487,29.1016970495832,58.0313326700402,28.1471801679606,19.8604515335132,30.5892141147444,45.4313676553264
90.0594616109997,112.447477796912,32.9509888191373,21.4720891859493,30.3185055218516,59.1065974447534,27.7745817675663,19.9383530840284,29.6227280815703,45.7968024371799
87.0772774316858,111.307346200847,32.1347920781187,21.3708331254812,31.3306891907441,58.7827541548922,28.9451258475797,21.3195946475472,29.7638126642371,50.1747112347662
90.4698543076529,112.155943125291,31.1098492346097,21.6278400493381,27.660064558796,59.6663898088922,28.3992618544865,20.2398831449126,28.1908947184479,46.1620730194627
87.2595480314538,109.150184984979,30.5376352870271,20.6993728770996,30.6982755323559,63.280760689453,28.5719930682466,20.3390113122828,32.0123223671914,47.1257568704095
85.8418632114775,111.038794981414,33.8076584865066,20.7500919484841,30.3995632691556,58.3442904059072,29.7262647942348,21.8536014301784,28.5566694780895,47.9543965030515
85.8132467708981,114.14495007271,31.4691038748061,22.0433430934012,31.1218786986934,60.7235753591819,28.1110841201125,19.5193511940449,29.5814471215457,48.7350595081972
91.3603756082395,110.588638400489,32.6703785561089,21.0591789548799,30.9872305439144,56.4068002958408,28.3402940457048,19.9942748591513,29.8888309096398,48.1908736942114
85.2773144543358,110.519066138348,31.0316338097137,19.9205539086564,32.4285018954103,56.8956473652969,29.8464087434724,20.2085855304222,31.5941954303161,44.214369621311
86.5798080596083,107.425293040466,32.5867000100758,21.0912419528133,28.3963639777486,62.3381949717355,29.1653976333649,21.7300460778374,28.8408915634095,47.161247507854
87.7629845788332,112.727112718206,31.1922967769235,21.3814060832431,28.2139736860534,57.5430885671928,28.41776861721,19.7817605438069,30.5322903396755,46.7426875045375
88.2501552104488,112.920722854419,32.4235288807711,18.9404430400874,31.1261024706286,56.048850255961,27.9872885736673,20.4312724249916,29.3246102783048,46.7209458129634
89.9545329432274,111.394937930814,30.2264865825305,19.7878975536821,29.3981357391781,60.521136218662,28.5950008166925,20.577828341459,29.7887432423829,48.1345529153913
84.5311114506662,113.043028734447,33.1124612529898,21.6905842071963,30.6933228826002,61.0141155756753,28.8829219940407,20.1291324777668,30.4375422485734,48.6608651391391
83.4645007236485,110.037941295001,32.780472924948,20.2540099442429,31.1068686283372,60.2756032574576,28.0184344605995,20.7731183294042,30.8645257372726,45.9087382339524
86.4901803604366,108.430278894028,30.4862424281958,20.8611256491987,30.453976618846,59.6156110821556,28.6119196700566,21.073112732158,29.4650181474269,48.5609129175701
87.6374388105557,113.872516475326,30.6070050068572,20.3525066317122,29.2212258638009,61.3529079520532,29.1141484040795,19.1848594546681,29.3987900508981,44.4775584291204
86.3630493150295,115.217042942108,31.8223527638691,21.5645609694994,31.1543250955725,61.1486821992948,28.5546848745857,18.7659060939343,29.5268123680801,46.6780979568628
87.6575999756931,111.766726223102,30.7570824105073,20.0918647620858,29.4204313262406,61.1921632937708,28.5533525512262,20.8769667172763,30.5568074655635,43.1201221857288
87.2845895193681,110.251380098608,32.254412335981,21.1642791279625,29.8765707576587,59.677787842665,28.2447572590492,21.99193414828,31.0407523671727,46.1555737071859
90.4818177585741,112.247142627534,31.3457866704048,20.6137443757472,31.1778649880052,63.4185253611337,29.4434049159669,20.4934187840664,29.3253314635208,47.6837519759394
86.3061344154045,114.784566375487,32.9311721203521,22.3517179052457,30.1910919324221,62.4433080558174,29.1306268455278,21.2502728241938,29.8804703787518,43.393964130173
86.3562129758546,110.813639723757,31.1558353737736,19.9925969437747,31.2861856949981,59.4708775361746,28.7991350508578,19.4913482487981,31.2232220388459,48.1684486828597
87.4234214303366,108.598936831232,32.580066950908,19.9331749502473,32.0350230406085,59.1609801968666,28.9437640123458,19.8387480575037,27.9239487885517,46.2623027864837
89.1781916405247,110.847067131207,31.3808846752557,23.5586994524896,30.1947341351263,62.465418551013,29.3490476894318,20.9822096909534,30.8169160917568,46.1229058435018
89.982637834062,110.656082186633,30.8813370511017,20.741010576774,30.1968195238441,63.964241258828,29.1120311013568,20.4046536987161,30.0226914457755,47.3212893909008
87.7352740734469,108.397129944611,31.8068937611909,21.085331588255,30.0202657823241,60.2675597920903,28.6302202008922,20.9094763434456,28.549845755256,46.9202989045388
85.99965484754,110.343571834369,32.4113577644808,21.34287237623,31.844070289048,62.5699455995301,29.3113795728105,19.9910285144039,28.6982687026743,45.4328611365997
88.1130365769913,110.400174366502,30.402807718958,21.4841953291547,31.1562957036948,62.8202400424304,28.806014745471,20.2529073878213,30.4393786403559,48.7889422611631
90.210592641438,110.700728829175,31.128789794316,20.0487756086465,31.3955776936248,60.3235529284191,29.2824295548381,19.5225348479805,28.8161468771968,47.7157169585311
87.9283499370894,110.354332836531,33.4435770366955,22.6235398685839,31.8395824112315,62.0032444873235,29.221309075813,20.5518868271362,30.4452545314724,47.3306780830314
87.2120249188243,114.905652871938,32.1733069817597,21.1695889298343,28.8477034390186,59.3961414678825,29.0459089923632,19.9589966153122,29.2986230602126,47.4599491306879
87.8868606395253,113.429139897098,31.4522903458118,21.0568414412926,31.4005763492877,61.5266438563695,28.6934687586667,22.3574973740172,30.26116744708,45.4636832119886
85.9846993703316,110.868520613996,30.7850945555369,22.0428731683543,30.9054128031883,59.203847857228,27.4623908208997,20.6733687054494,32.9179055438435,47.826388762765
83.7736444501961,108.805540270704,32.1968203702599,21.9418008662024,30.8428686366643,65.3806588315531,29.1320561989341,21.0657631936798,27.6430616098896,49.1716385845252
89.1537614744024,110.920815396048,31.0530603399123,21.1979799934343,29.8008304735763,61.0137770353953,29.1210239267009,21.0065107667658,30.82389575637,48.192093076464
84.8177184325827,113.163869387049,31.964321905607,20.9442006060655,28.2973159006501,57.7939812861103,28.7724040105409,21.3884257787735,28.1284525747431,47.6938556100601
88.6037341955602,111.454269900957,31.4098292450679,20.0626424293993,28.1005520717389,58.7801335698304,28.0488997474781,20.3478955334588,27.1130202124449,47.0397525465788
88.4087690285065,106.928670600025,31.1692618155125,19.9392761145225,31.4919723411144,60.5198426543078,28.1343032839399,19.4959358787625,29.2925377386946,48.6399554383659
85.3603704147242,111.890408857967,31.4707411335409,21.397385656643,31.4959517577005,57.0895588182125,29.388858425656,20.404395124015,30.9855867744215,42.0302016116485
85.156305920916,112.814085830078,32.7886348741682,21.0987069445057,31.2274922034288,63.9731635376052,28.3450946148028,22.0658351253044,27.0693347233482,43.2193098915723
88.2202671025924,108.829594610069,31.6377232399714,20.3919933569404,29.0751445245482,61.4892915846772,29.6758367643446,19.2476563896842,30.4998916441532,44.2545070035559
87.2854952597432,115.460388776065,31.4298169176511,20.138515235299,30.0176926225369,61.5419042739176,28.770974002192,21.2240899394022,30.2997400219148,47.1431963367902
89.7733226951101,113.037847520119,31.7504599403352,21.2186041290349,29.5016025669886,62.7548285999746,28.7558550984493,20.1228375028252,29.4009409818505,49.8657370670614
88.6148575125167,107.457423661382,30.7015453123714,20.655717640525,30.1695227285187,57.252617222761,28.3097779015362,19.7081530592873,28.5146017402917,46.2355553924082
89.9601133440575,111.021984839717,31.7979639084202,22.6502353589287,33.6081195192377,63.4741669746701,29.0774123221997,20.3437574722581,29.9399927063743,44.9171732155478
87.1766771677759,111.982018823125,31.8298062696259,21.2170115352077,29.8375462160998,55.8539126849121,30.0788526962834,20.3625135985303,28.6997644152689,48.3294307818349
85.8803288112033,112.72217632071,31.6749666735533,19.7755237288759,28.2752115724405,60.6425288473874,28.7634766631879,20.1895218152821,31.3673502421973,47.2370456715008
88.3579566300446,111.11391653788,31.767963712608,19.8236255460878,29.0644153828795,56.2463152480431,30.0078159444046,20.2825387436322,30.0558668807949,47.3341200846691
88.402326288921,110.001226190145,33.2056711872849,21.7358470141232,30.0728970008318,67.3118100371499,29.4698675103361,20.9317436872289,29.102367617077,46.6500947638395
86.8713028707819,110.315016888525,30.7373793952398,21.5089285892152,29.814823602088,65.1896452368155,27.9938572037715,20.3134563108335,30.2296051284806,47.4994044780166
88.9944650176545,111.219384671359,30.7400430953518,20.5040628480318,27.268039573328,64.9089731849126,29.4967029273293,19.2037249943668,29.9033770256409,47.0377807919739
89.4239720593456,113.47040564064,29.6155145811317,22.024617809363,29.1244239256246,61.4866767948692,28.8805533136678,20.3992881459948,31.1161293469023,44.5341935176475
84.260662722781,114.789969572029,32.990949433844,19.8554887655112,32.1383122589431,61.0768524891257,28.6240613062165,21.2135602995291,32.6929455823916,47.231948042462
89.1157315197354,108.874903762117,30.8377056818119,20.9281196448631,31.8769795658462,67.9613465367831,28.1160632893682,20.9988061588913,28.7045726623502,47.9254170766536
90.3228173159624,110.887285877264,31.3002891323578,22.5509601376246,31.2327885283329,55.9253803073017,28.0911901971074,19.1938127690902,29.1571365571123,48.1153353024287
87.8153379102315,111.039090214154,29.7668541662838,20.8624207822811,30.9663953523684,62.231673067358,28.8256515412499,21.1176910194778,29.9332144435215,42.495955396159
86.4847613155034,116.061628818922,30.9874504468245,19.6056066403186,29.4297871711192,58.7767903926876,29.0099507720948,21.261136594881,30.337844485745,44.7658641762508
85.3708478791154,110.942330433379,31.8332868023934,21.9222732456748,29.9632046041184,63.3959938622025,28.4335028125723,21.1191952698182,29.3510926385154,47.0441973977073
88.5283613623252,107.071264150287,33.3629496096789,20.9810617361682,29.7472018173784,59.2207343400106,28.2639041649118,18.2782195265204,28.258224315986,44.8246633217787
89.2044229913692,111.485352871444,31.2203082680112,20.7909624754207,29.72979171665,63.7584810841405,29.186952332359,19.4372463633044,28.4788851695651,46.0796773269404
85.7790489983715,110.823147523076,30.5770987302603,21.943267611097,32.0229167055122,61.5375315892793,29.5242812892704,21.3008618923859,27.4107692910031,46.590322769545
90.998621366779,110.121294949972,30.4001821139377,23.1115180771656,32.22809717687,62.5132835656562,28.7035725383501,20.7612473129161,30.6921406709852,44.8971130078884
86.3471700769019,112.501189598419,32.9747953573975,21.0838269167762,31.8612067764938,59.3635323565198,28.538181131922,20.7581594148692,29.6281269390998,42.5472736143217
88.1134792194158,113.459198077231,31.8286366723825,21.3554276363185,31.2386947681686,60.0003880483695,29.3017250648544,19.7138191630147,27.744410982653,46.2374005633391
90.2249479071463,109.593218265519,32.5612682917861,21.1431173659165,32.6875138716696,58.1227982812756,27.6708542064905,20.982461504125,33.3263487399655,46.9712777755554
85.7353416287055,113.677272206905,31.6467072076771,21.8890020145097,28.166925908497,61.4675384785562,28.7041973275581,21.6737733452026,30.317821729187,48.7342754322064
89.0858342898291,107.062546614697,32.9285495367272,19.6369198331839,32.2621526192245,61.0242465040303,28.0404777495535,19.9814080933967,28.4804724054177,49.3779443753841
90.6487898942275,109.828179392462,30.9110767256048,22.1631518312829,30.698820471246,62.5395963296678,29.9375149002291,19.6149348648773,28.7450152273439,44.2863786426115
87.7868429261876,113.103651704883,31.8370852920218,20.7542336410785,30.7344253521345,59.6472031809732,27.4639207104559,19.7000576461058,28.9117175298387,43.4915615947501
87.1418191431764,113.091981302843,31.8055004107176,21.3311970826339,29.625533862827,60.3433198814198,28.903407655598,20.8751325411409,30.0900167844509,47.1247645734745
85.3666918935349,112.297247301794,31.9604121271617,21.0033053251501,31.6888218428392,57.3675431229279,28.0306556211248,20.4115888667184,28.2042148078938,50.0049526114914
89.645395329927,111.921262146267,32.1285769421576,21.9240438773597,29.1178465926518,61.9141999325543,28.8328593945055,20.2978166065559,30.667939646413,45.696066371638
91.0392669905978,109.222145440558,32.2132637928651,21.0257505759617,30.6874438300745,60.3930538163555,29.337874061445,20.0652549303404,30.5207389848399,45.7889588497836
86.220162222444,115.888410968141,31.4651821327852,20.1563506937046,30.0856598919984,66.0776642003239,28.6436171493901,21.0789399626644,28.8487724774836,50.0441818569765
88.1130071033077,112.723405876027,33.1509201431872,21.7697629852378,26.7174380351237,63.9502055555973,28.8414016617669,21.8387683747073,31.390948308912,46.3345566458184
89.5697217760046,112.32092577954,30.564883198127,20.9827947654157,30.3249750640737,61.0582120624515,29.3990292761922,20.2686637191332,28.3588795826333,46.9356924605989
88.7655057083915,108.859036901013,31.9474785527538,21.972921987286,30.9776454611869,62.6367518798838,28.7243097318658,21.1374134068353,30.0511126318878,43.9601878700981
84.014528164447,110.551773354275,31.8253718516279,21.0808718645047,28.2205667364264,65.1972315410516,28.6590503587222,20.4946015827582,29.5195509487315,47.6534606740013
82.2953428708831,111.486620910676,30.1159593184752,20.7182332054266,31.1143939464373,63.6270466331847,28.7192335613094,20.6872023780596,30.2720017223157,48.6722237568488
85.830272049189,112.094499547495,32.8019466998219,21.2186028747834,30.8039827607945,59.0611745082598,28.1239708087984,19.7661744048781,29.7409310894296,47.9403541257549
88.528990714562,107.831451669016,32.5656647695085,21.8429064561653,30.7272356623675,59.7883988158537,28.3611569814973,19.1315204470093,28.4535654679696,44.5440154311886
89.2604910868505,111.384280005748,31.1623656303387,21.9176450004783,33.6163572939966,59.7728720663155,29.0571992325572,21.8984522462918,28.5423761698213,49.071368775102
84.4197214979741,111.61683924903,32.5763561237399,20.5167340933397,31.7327945665526,59.5635284181984,28.1617689433064,20.6006988027004,32.1857337306788,46.1378912868279
89.3362640238171,107.813037651669,31.6476815765865,20.337523469363,30.7343753122567,61.3123813841637,29.2077278771285,20.6303817712429,30.2784450457879,46.5396291288347
86.9173891530803,110.801902665856,30.9037632591339,21.3087503929423,31.0063082319937,55.9443499571451,28.7035721822674,21.7698227856602,31.004570115563,48.5237778867033
86.0587975744768,111.195542891122,30.8537861498999,21.4521222527726,33.8932553428108,64.1634420988625,29.037642697572,20.4507254158385,31.5762567025691,44.4720735144911
87.9721153408352,108.784266794345,32.3877107540166,22.0240270863888,30.3944540255891,57.2974351048605,27.8658210952878,20.6495738884768,30.2016165275146,51.4730436817368
91.3707007466775,108.789541429023,33.0882604924521,20.1528552237429,30.1172287060503,64.8897749556692,28.076448912569,22.0255552475727,28.6864062721413,49.0169995757588
88.2787529765816,108.96003046553,29.1125904568029,21.110943916374,28.2438988952332,58.532896255241,28.6623332969109,19.8771331656755,29.907293264487,46.7597717748389
88.7056706989462,112.011000254604,31.8549490677538,21.553554598311,30.7058778879544,62.717667180488,28.3731613395041,21.0621018746735,30.0194158006621,46.4636422597382
87.2709794748429,110.362529741849,32.2095602834728,20.291658085909,30.9082701141969,60.0453012891255,28.2871775708364,20.8705437959164,28.5688558049303,46.7117770805833
85.2331626652978,107.033301550238,31.5771329171125,22.0874302616787,29.2794535369069,57.1933240083684,28.0944280060555,20.3924580943732,30.6510698168923,47.5702870526092
85.6969836984331,114.46228077062,31.5842050060897,20.4789885567113,32.1435285241904,60.3267811286505,29.365508182664,20.9495489625269,29.5747481957859,47.7359441951046
86.3458055007975,110.797457937376,31.5803509594547,19.9626164012658,28.0999903290607,59.6017860884847,28.6548580255663,20.2127423605411,29.8162093358006,47.2033516024999
87.426165765131,109.382689578263,30.8676591208855,20.2438874851102,31.3198309481994,59.3529090735071,28.2594662543299,22.4647138529255,30.4315428031016,50.074790734953
88.8845148200111,113.421797646911,33.0967588892632,21.6924101517026,29.5668071849475,55.5604693447557,28.446025752113,21.5249203023385,30.5242720247752,46.4206474999209
87.1956419147735,110.290991470945,32.2405102467683,21.6128207455317,30.6208640555094,56.0997806610854,28.1870314433941,20.1948147658356,27.6031450380324,49.8124819131888
87.1235071432366,111.318409010306,32.2670085831512,21.3443999331029,29.2041807137132,61.2455549599948,26.8572931023372,20.3847730336687,30.5371272175671,45.064698542257
86.4732639490815,115.556773799258,30.5458694216348,20.8941543254932,32.7958128141482,59.953107021602,28.5684661862392,21.4337913724645,28.8933239878235,43.8321978269919
91.9017070407732,108.358894233502,28.7426237657287,20.886585394913,27.7850212678623,63.4739997752802,28.2933204590794,21.0824472103967,30.9035640153104,44.0490890374455
89.0766355273678,112.870157058398,31.6408459390591,21.5641256537241,29.9585104937048,61.3646753253524,28.8819079382931,19.6596031473951,26.6719691271981,44.367255434392
87.2233384007876,112.223960585619,31.1307039246863,20.5871309910029,29.511902753319,58.8793035558556,29.2951983514744,19.3401703714381,28.8490244426529,49.7601189186581
91.6036690003433,113.040267416098,30.7926161708011,21.3616657797532,30.6510048610489,58.6129596216671,28.6823535025989,20.3003442149576,28.9509734558724,47.0591225318293
87.6571229259466,110.403361317848,30.5257475075267,22.0940837743217,29.96501076881,60.2342189586517,29.0618215915489,21.455862108996,29.2309168977398,48.2786844151565
87.9217796426917,111.198098149154,29.8983092725652,20.8820538045405,29.690371647775,62.6714444853374,28.5442351865401,19.7495400089514,27.4474544779432,47.9083051064571
89.1094717590367,111.021404322675,31.2358501839498,20.4630535713418,30.0842881103102,61.891728626371,29.4944029126259,21.0070603002364,30.5226501150677,44.3858672883597
93.2055785403733,110.677628575497,30.9341412651037,21.725591248541,29.0628074367272,60.6894437161525,27.8152811917582,20.1974323433734,27.6241580418472,52.5190993397695
87.626321041232,112.394823949093,31.6727745695213,21.6883702028936,29.978814445604,63.4472764001743,28.3062630079773,20.7418901338793,30.7220094685858,46.2637424571483
87.0204722863545,108.847734639254,31.1321911102422,20.9789681924027,31.3122060592575,61.3069013626226,29.0267900081148,19.3579816692391,27.9035823519729,48.585632059396
81.3611305871325,109.612470132002,30.8101520430022,20.7843292877487,29.0443552848825,60.0663219551501,27.4170733431153,20.474670821155,29.2051386986792,45.5769399594624
88.9508646668621,108.351849550513,31.3247110645446,21.4005881148605,31.6752956979419,60.3970458914593,27.844766001243,20.8364901120983,29.1321329489852,46.1649460810448
89.6732383112452,109.040933476947,31.6171489016995,21.6132761166881,33.375424784304,56.7428159952431,28.6393659990255,21.0818153379117,29.4204081195947,50.2928621677681
86.9703110081722,111.535555053289,31.0548078676006,20.3672686424408,30.9621458984436,60.4390613811434,28.6899257864008,21.58799336555,29.4258184528534,46.8502396533887
88.6029704167466,107.106046674589,31.548285965437,20.830184785574,32.1130979627958,63.5571044412088,27.8033399372396,20.5032068686198,30.5350613915295,44.4947179019038
89.1340759583867,111.65754239108,31.7780041611483,22.6475468081242,29.4840346392704,64.4885502510272,28.010199093665,21.6682766194048,29.7808588861768,47.1789453873484
86.9961877476627,113.154358895865,30.9886806265071,19.3413065115293,29.3150792749317,59.5807941924977,29.743074208582,21.2013955935758,28.1575707501305,47.8498366704312
84.4558922913313,112.278404304875,30.4753847765888,21.1704144555439,32.8823950235824,61.0943158747781,29.0853115541789,20.984545334663,29.5693749489507,46.2452530085622
89.3593189490664,113.126290144783,32.4942778303803,19.5656669757311,30.339762966601,64.0818067306715,28.5378557049,22.0117632613509,27.0631458698934,48.3856686525428
87.9207581333377,112.575587333518,31.8198033611464,21.6887469691255,33.0758904562374,60.0493663132489,28.8677733430025,20.6954651596295,30.2937703636409,45.7278003040784
88.0331746512466,111.130621325231,31.3788146168603,21.3764241985349,32.9351485175649,64.8667741976989,28.1934084873194,20.4947270178671,28.6989874558047,43.8489219296856
87.6259086726996,110.739852879136,29.2389592801397,21.1513742264199,31.2289644824051,59.7956809535072,29.1657604033654,19.7105265195142,28.9552128925862,44.556566439851
89.9301258269161,112.435437730663,33.4783370897478,21.7836767864899,29.6299947695384,61.5585302871223,28.4332555675007,20.6204341716119,27.8383063595382,46.9155519261284
87.2287929959544,116.244884670768,30.9680855485524,19.5687750342063,30.5544066870951,62.2739466429131,28.4522224868301,19.7932914064622,31.564077077366,45.8140265509694
88.3066153928766,112.413322134505,32.2055880317884,21.812736254079,30.3846138096163,61.9362141642975,28.4694533686995,20.8782626772474,29.1389267784115,46.1609801295135
87.3303242065938,110.015887009317,32.636438978289,21.4684205484154,29.5948347406219,62.3696482366176,27.7632845373918,21.3595137215562,31.3410935613296,46.9340539220748
88.1468484404092,108.62596111689,32.4768164829201,22.4536379033364,31.9753642813498,61.2217778706651,28.6383903795237,19.9944091531955,28.4544659013978,48.3967153987701
88.8757466401089,111.463076173662,31.008412417302,19.5231972785061,32.3019700120539,64.5209024445907,29.3495152303457,20.0400998791084,31.4064923602643,46.351956402723
89.7803104719825,107.951352637353,31.9314484021039,22.1357622256148,31.4607618058765,60.8849201922879,28.7843146438685,19.7447160816867,30.4105552821774,46.100605474285
84.9518561681717,108.736202582559,31.8586633009559,22.1446977609845,27.7223371660233,59.1893778508539,29.2415798477205,22.0473130034118,29.4272967935844,46.5141357912452
85.4247546435406,112.355743552558,32.3003674586814,21.8755389954668,29.6559679668353,63.2933940717218,28.1614550656297,19.6564261030646,30.5345473741906,44.1926666579618
85.229633250903,109.182792115037,31.8591373756863,20.7711914515213,31.3406545581243,57.7329109897231,28.2857170295085,19.429858811646,29.5675433371618,45.2602280473743
87.3453025907717,108.039790362389,31.7448339002803,20.0572438378196,30.0323083295696,59.4400231957603,29.1289994597796,20.409306092073,30.173431276846,44.2410077849158
84.7885930869501,113.943749902743,30.9882357957282,21.1124616451178,30.8439843145087,59.1627843002094,28.5387163902187,19.2914194151857,29.4938096422395,47.9183950863987
86.4807618419878,113.425754585469,30.4397175932174,20.4656957796627,32.9478438475995,62.2931400850959,29.8776314369532,20.1722034096217,29.6053763937879,47.0735987022154
88.462403987887,110.02728248662,33.6013841346388,19.0961191978097,32.2701504365194,64.0960506981111,30.6712772291031,20.3377034955972,29.1763897494009,47.8314686791849
84.9086291459954,110.634597637945,31.3874773230094,20.5408002228274,31.9241401316328,58.9579913385833,29.1527599738567,20.3392178195047,30.0070110317704,49.744153578673
89.7259495419312,113.701598145275,30.8620689508,21.7286047773989,29.6168966398953,60.4015084728962,29.5348027739318,19.5055798652187,30.7276987142833,47.2067777354821
87.7156751128098,109.817523247096,30.9625935587881,20.3285913085247,30.6523250827875,62.6810333394903,28.7185705448712,21.9579491002911,27.4349405816243,42.7397104629002
83.5308843356038,116.385134906428,31.9775949263441,20.2027949133921,30.2927506840737,59.4033557962839,29.2925890922669,20.2715935099045,30.672144470823,47.0171689282291
87.8110826323119,109.69034453109,31.1105444594102,21.2789417693373,31.4506828067171,63.6587364381538,28.2654733616474,20.6939818672078,28.555688141254,44.3417269710267
91.251371634419,112.572511131299,30.6078040627037,19.7549256242053,31.0275794590206,62.4255900842662,27.8517670611127,20.621681169889,31.1645657832553,48.5546239872477
88.2856632749141,110.966279957321,31.9431189837664,21.6949236907466,30.0035644083413,59.7647911696049,28.1548778448098,20.575688314679,31.0095209632941,50.0618010088235
84.9822360676661,110.682165476536,32.1938870296878,19.8621965302915,31.7264989820952,58.1193552025513,30.1905799100033,20.3359614302847,30.5099792278035,45.8542085873648
86.9983416216975,107.125730666681,30.9123485825373,22.1580651159337,31.4973648639063,60.362950660936,29.2246173769807,20.3392829335242,29.3275278543864,49.0215318812526
87.2716295397403,108.550985948905,33.1978614837175,19.6442341160207,28.8247070394054,58.6646428435174,28.6993716072364,20.9541056760218,29.253009933919,48.5909691859722
85.3448060513315,110.804835573128,31.7661520182965,21.0321465177539,29.7541189214578,61.5816625624104,28.8501759020709,21.6371410730985,29.3404929173124,42.9450288781054
85.700992180049,108.985521792642,31.0787797592203,21.4134079232966,30.2580540762937,61.2875159306396,28.364507255441,19.0338399648177,27.2540556975938,46.1066150791087
87.8223945349741,115.091862847921,31.9006329269706,20.6415223458585,29.589615877289,58.845589050577,29.5771385542818,20.1261956682108,26.6481329783427,45.6459974738383
88.6028120441623,112.064042767324,32.8897134664497,21.7655982471232,31.801393003083,64.3078946731034,26.5205052276744,20.5935002573041,28.3993228300765,45.9014808995627
89.4467991257267,108.35543729928,29.057747642983,20.8134861941505,31.7934738371181,60.9322472436914,28.8036059226721,20.5488445298975,27.3179661792327,47.6028907399561
87.1695500081282,111.601570870185,31.7931320041168,20.6921259006275,33.2386679611237,59.745528115922,28.640628472249,19.9681077206272,27.5955714527166,48.7073728569219
88.5793902650047,112.212353523603,32.5702888664208,20.0578160195666,31.0070857323486,62.2376034918687,29.618173917904,20.1987465869294,30.0410280130684,48.1023458787611
87.4272695542772,108.402635902108,31.3955040587163,19.2830069314861,30.0257837152391,58.2093145466555,30.057930822114,19.2940206967388,33.5469066146908,45.9488038334906
90.7340081267327,112.137706389919,30.85924619017,20.8329180978472,31.9066899527982,62.6208775291922,28.6172472794398,20.3028369327535,30.4737924868689,48.4143000601298
85.870947520968,110.153004961966,30.7645339420774,21.3595703946324,31.4152778673291,60.2396734635049,28.6026834392691,20.2412713056043,30.0508424206784,45.5198456785669
89.7016752872016,110.679702719647,32.3891380329981,21.0038814574689,33.5345463290034,56.7258468241755,28.8951580215356,19.1974419695757,29.7835667614415,45.5870432799662
87.1865875622149,108.37531224625,31.2827865568684,20.7824426292011,29.0350246540455,59.7964569154352,28.9302258260986,20.5985551827472,29.6628132116756,47.485337939619
86.2680315409689,114.750910036655,32.6185971211318,20.0471618890446,28.2490652025132,60.3360364247894,29.6516734541344,20.8131497414493,29.5891032425488,50.1308291457019
89.2668375357967,111.26670464637,31.0958031913382,20.9078938642792,33.8204905456079,60.4493335954374,30.6522226683403,19.8126632840006,26.8085872200082,45.0231883519104
89.5781993085767,113.071440927761,30.9519382228178,21.13953214703,31.0009483752011,63.8752843593482,28.2408656940744,20.5713901196327,28.8725727152577,45.857468746821
85.6772811648061,109.258870410927,31.0232821111343,20.1057498442312,28.8737644360895,59.8409721820925,28.3533044584983,18.7604922944288,30.1847392153513,45.8274239431834
87.0877506680594,113.504560776717,32.2849160734346,21.4836496718301,33.0649113038356,62.7747118566853,28.0611333192473,20.6020725936663,26.4395854270279,44.6974402604119
89.3716689467534,112.610929470288,32.0818289488413,20.6541769587871,29.8917946578809,62.3970854372627,28.0470001952076,20.6013961672873,29.7186797861142,49.4661393083067
87.667197506787,107.834960708134,31.1538541557603,20.4800351251595,30.0756559556579,63.5156463139444,29.3196684582133,19.2922410389712,27.7426674712177,46.7584344993242
89.0090622886677,109.572105054591,33.0696873038462,22.6104604418286,28.6913483401935,61.6622453213416,28.5350055689021,19.7734032418565,31.277526079485,47.9160825160154
87.4351078868257,112.050771269694,31.6393818479254,20.809883567094,33.3837017632781,61.0921222056785,29.0395978370069,20.6674479538841,30.5306540269631,50.3138373734823
89.8506992606047,110.764449453679,31.2473001171355,22.6795092236979,28.9136978754969,58.4111111687562,29.4861328402039,20.4839212530039,30.6119476685729,48.1367479451313
87.9098521936186,112.421314251681,32.173975490036,21.8422335797511,28.5289133047538,61.738642631496,28.2448696477939,20.5112478245985,30.8208614080783,46.563406592146
87.6343657980777,110.908330793095,31.3722657131396,21.3609257625925,29.1892703559522,61.9248778786068,29.4136611149864,21.1720323251005,31.4719864040264,46.6624280136223
89.0268102185347,110.45617158768,31.593082053987,21.6562076305004,30.3541060724867,60.0752531347867,27.7582808232741,19.7994291762068,32.5197543659218,45.4850163224182
84.4342089022631,115.900321529259,31.478549825171,19.4209320203958,31.6805619803643,61.2201796357536,28.0258793926426,20.8309196671546,30.3469044906732,48.4422376370695
85.5790551274753,109.562987973615,30.4496005663038,22.1280749514222,30.8368844298942,63.7110906414758,28.6180327681228,20.0335038467946,30.4409949153895,51.5456577112092
85.5846299575788,114.123318936983,31.6726814632944,20.5087585568709,31.2758290182789,59.0708088972921,29.3122282404988,20.8357215896283,29.2645911453843,44.9106377386151
89.8427633311637,107.259642189447,30.3936114506931,20.5539261256598,29.1791901409944,58.7159795525727,27.3280630082301,20.8201375663901,26.9452897541062,47.1599038927081
89.8380121406759,112.48821964742,31.9340400715895,21.5319439350145,28.9307940088881,58.6904078624738,28.4268958142639,19.8899530799953,28.5155231292734,48.5094230489649
88.5370713026952,111.591525943003,31.3424300436652,21.6005542094437,31.4123203098161,60.7343092007328,28.7530584118795,19.2495328223617,27.5267359057487,45.5665656885627
87.5591303130761,112.600727153756,31.8891665633376,21.479074511254,32.0002359046351,62.3621265465052,28.5694082810754,19.9246041851992,29.4026018903222,45.2792944246313
85.6602055402924,110.427159966214,31.842896042206,22.1463129628172,30.7407865741366,61.2936577569626,29.7918188119924,20.9194117835516,29.2631853439427,46.2661541398748
82.8012891763451,110.006887946297,29.1792954684035,21.8265947005846,30.0755194784576,58.2700482076692,28.5358559101935,19.4777606435906,30.0788088608508,47.1295099863225
84.9531151782802,111.522806818456,30.9918637716664,21.3905719349239,31.722093970641,64.0986740777975,29.4820091163105,22.0025701012599,28.6860315484094,50.0195610608254
86.4622740223032,109.101022626902,30.1675406082877,19.8635794297664,28.4525235805721,58.1128190020081,29.5919323726331,20.5604370183341,31.1737212139253,45.6255794368315
93.6384007426958,110.89800689017,31.938356081871,20.2851688374126,29.4648953440356,62.7050556255329,28.5299883040029,20.7223119290436,31.8627063186693,45.363454274335
86.7811802770676,112.425670403695,30.6926403327249,20.6133888605838,29.2577918115846,57.7956843583148,29.115380344209,20.8038869204308,30.3709360050711,47.4116360938482
88.3857857456384,107.836060992012,31.0865292742082,20.6819346125821,31.0772698279232,59.2027398361906,27.9129349081368,20.8269629925212,31.1176009501192,47.6689783518906
89.7342776596318,114.300669554752,32.3847039987606,21.2534695342709,32.1540246332514,62.6195197328474,30.0193865621973,19.5697325488258,28.5935787106596,46.6442781612655
85.3357030890446,112.913982198071,31.1251311330446,21.1599388628023,31.8097140327751,65.1422271466548,28.5198784841419,20.0881327013774,31.1791202130427,49.2732014836656
90.6635767831918,109.700429094728,32.0287905378061,21.0685190593894,30.9605635524692,58.4397022928157,29.0352184980016,18.9749179470697,29.2430138779287,44.998864584557
87.8431770907717,114.60703766115,30.1193657428775,21.8163172413126,29.8161873955525,58.6450384238189,27.3503886541136,21.4643895749136,29.6391661810518,46.2159946266152
87.7824843872302,113.696703570056,30.7708679776687,20.914459189858,30.0629056686301,56.3846419794144,29.3406481997083,21.3060969030233,27.3428408245592,46.8856293723619
92.172376549243,111.359256166312,32.1383841173036,21.5076367874933,28.7926504541575,59.557429010891,28.7992146322493,20.8219473010744,28.9851149614699,51.1333253058726
87.4321192398873,112.950715185942,31.3410411432883,22.2317374444464,30.1054572578306,59.0004535306332,28.8501699293964,20.0008827051339,29.6701633196571,51.2574468144237
87.5770915121324,109.102983567856,30.1195827741624,21.1951392119935,29.3746367636839,58.7573471242594,30.702478976407,19.3020934119634,28.8561145372038,54.1596136310994
85.7123675401661,115.018424274316,31.9981766038428,20.2483499279041,31.4495040999887,62.0481772553823,29.6690067837659,21.6917812833442,29.8379787055734,44.6044769224995
87.9647149804391,113.105310590263,30.4337108411461,21.7464902474785,28.7080610281625,63.8591958358106,29.7362233946597,19.3891081982552,29.3533016956773,45.850841234294
85.8034647991015,115.941355227119,30.2431939800128,21.9345665281306,28.0303834047249,62.1238849028282,28.7977520508857,20.8187683739819,29.1667612332451,46.7566140606765
90.4250068193559,109.486935145764,30.8720197691833,21.4335680797796,30.7523524843543,58.4733796155276,28.4084971182706,19.9771138706401,28.7377705270719,45.0456259409029
89.3733673172485,109.795048115207,29.6268257741668,20.8703988054886,29.6353784723534,60.2715682775195,27.7048614862552,19.7417992310078,29.8276703246832,51.1990700631426
84.0264766184167,112.245518717448,30.5032942676588,20.4537575674837,27.7347465466035,59.2815518591104,28.365779367883,20.9211067885496,27.8502227588909,45.677474132547
91.119481179069,112.693909894517,32.0808641480569,20.6359236993022,32.0023964740784,59.595770613108,28.3787002404974,19.4510930432881,30.0716738297115,49.8517187047534
85.4079758086209,106.875895415854,32.9339017003798,21.2392758704743,30.9752615210513,64.0498354847595,28.0162210071612,20.5163269900456,30.6328472620864,45.0135724365826
88.2082019528159,108.853500387272,30.5713877567782,22.3369474970155,30.9251118118046,60.0146334520512,28.2300481333447,19.8945341254625,33.0851506748627,50.3037924671111
85.8859866876457,111.698512074321,29.9887334878142,19.8644948908007,29.3651755378457,63.6940285179795,28.3598065058222,19.8702481795297,29.5674690837981,49.1055719268127
86.7488329728041,112.13227802222,31.4424832501191,22.4416915529414,32.3754186360007,58.629453444051,28.329214237593,20.6002724290601,30.3097378830047,51.2509138456738
89.0161154585606,116.08951261407,31.4823376557037,21.2607419581463,31.3438052094691,61.3439547497774,29.7608745093575,21.1769728283419,32.3175580101747,48.5622321657907
86.707330795971,113.917937300753,31.1084581756378,20.2472226407598,31.3110203887904,63.1629278086331,28.6387521681977,21.9177728240272,29.7226531488644,45.5797741582773
86.6161703624887,111.229642251779,32.3360070477447,19.118660888437,31.5528536014238,57.9169450913939,28.7137894228981,20.2302761565882,30.8717269150648,47.5079462901612
86.9966946349196,108.482290530375,31.5729595946851,19.7937262097719,28.7579892879597,60.3291238984351,29.3514732928763,19.7723448023947,27.1431679174677,45.1308321237366
88.4286184119395,110.605693190253,30.8151046303637,20.0998173193833,31.6024320708219,59.1575904342411,28.8462183088346,20.7765555223669,27.3220313356528,49.7388249786258
87.8126556407891,113.843613101119,32.174956065867,20.7481419922794,30.3742351303194,61.1667360949138,28.5723875642,20.1400747703232,28.9042341832105,44.8726540067803
83.5864616581257,108.959450523527,31.7595992027856,20.343288075744,29.8298508210112,58.8266066252425,28.9074486625977,20.7662515541642,28.364140659677,42.8770245356899
88.9202761040302,109.926942970933,32.2296069481141,19.8524668127255,29.1718088040153,55.9351335071986,29.3380090425875,21.3205854613533,30.9856314685481,42.7539035267931
86.3810272837406,112.41213149577,32.7645658795525,22.698815213379,31.6886823852821,61.4034767303189,29.5141798245582,21.2109778072153,28.8296939401258,45.0528497823901
86.3754046625001,109.71997216904,30.9212496450957,19.5281797715514,29.2144583395956,61.0130162920906,29.9276805830153,18.6341567013542,29.3457292069252,47.9099258083601
91.7305442439668,110.950182742146,31.8358937274411,20.1977376122822,29.9164241897189,64.7946432716703,28.9345236613005,20.0048801639737,27.8912674318286,46.6940870139429
88.0359417869756,107.039163979422,32.7058880305781,20.7639628369203,29.4512163307423,58.5999287153073,29.5483892073605,20.947771656275,28.7592506134016,51.8554822236344
86.7803964192014,113.354873664405,31.9671746191587,20.0061236117287,30.4019375677875,63.3087059246137,30.6691649404916,19.6974654030957,28.1104660285284,42.4582129150415
84.0451832260005,111.837474738009,32.3380263978091,21.3286007717502,29.217686520627,59.0889462037637,29.052265126184,20.3166863101805,27.7797298549629,49.6595827948807
89.5341368748852,109.095981932983,31.4422195652858,21.5046447516399,31.7708912181075,57.6866343982911,28.5608440582609,20.8648800566288,29.6402176876198,47.1905872571286
89.7161341299358,112.458931429767,29.5793230692279,20.6306705354589,28.0677258407005,56.7943168144162,28.2243105612595,20.4063447765947,30.4030072764089,47.8605253684537
82.5672152374915,108.406015157661,32.3257400923098,19.2036175177754,29.9893405277112,62.3140358311612,29.6203770786491,20.6903208529488,32.4778173253954,46.9528147581701
87.9424773447369,111.322477660781,32.3366039248357,20.6680291308066,30.9024364809482,61.66396068676,28.2372077774991,20.7588318771022,28.9909331066528,47.5765342875458
89.0968224547311,114.184797817413,31.3364119629273,21.0868480592313,28.9794356965415,64.3236826098634,29.0673457455717,20.1498852111959,29.0471605431554,45.7061649572833
87.9343594882923,112.28276749573,32.058503935396,20.6790207477731,32.8404197941674,59.5421632110443,30.1189011100333,19.7061050907912,29.7901743881178,47.1339738383698
88.4116308909576,108.250688774915,30.357219568871,21.4755322879387,30.7440464881065,59.9778562836891,28.5886304240365,21.2141434309235,30.5946563318815,49.2688470930431
88.6677137208047,112.567184642825,31.4736555224046,21.69559560047,27.9850755852798,58.4315900201188,28.1636134987209,19.2325061833793,30.3624778267771,47.7823828221131
88.8323015535417,114.029566132104,31.6563612382774,20.9455372834129,27.6552888863246,58.6678328947353,29.5138258694466,19.0688379214598,29.2862803115224,45.7292510677843
87.5297883727386,113.648415488771,30.3207785119406,20.1888909717165,31.0483638722695,60.1049489581194,29.6498921633296,20.3442499616198,32.8884957827123,47.0684439946887
88.0559638716085,110.664906437064,31.4828382720396,20.1018204132324,30.4687856368858,61.9321574338604,29.1749858740912,20.6511622535395,29.7935111149888,47.3617423389385
87.079756205574,114.86641468238,30.7273351596865,20.4741571166656,33.6702326527332,59.9320179759309,28.6933959476387,20.117945008832,31.8641822878841,47.9497430402571
86.7214947519472,105.975217761512,31.686598634149,20.289719090385,30.3556560818331,62.3121235326621,28.6224459752696,20.7228752138785,30.7643263444068,44.3044832309744
88.1943704078904,114.369105682767,33.5417507473357,22.6127409246914,28.545933980891,60.2272883277652,28.4225657449735,22.1495442008556,28.0358993396989,46.6206054785656
89.0104824512607,108.24662228567,32.3709437096699,21.4454491848456,28.7288410082651,60.5514158894459,29.6613829165376,21.3630152640131,31.4175470317773,48.9720524191125
91.3208253484453,111.113422153784,32.2361059907126,19.9039856092923,30.4160252816236,63.2790427803716,28.2589022949558,20.0834653291168,30.9062952950354,44.7156130568455
87.0576462774727,115.017288360233,31.2914172025705,22.4502641822434,30.9724830761917,61.0197643775793,28.1249268746813,20.4701408071677,30.8746625073854,48.1585294973481
88.4818038368447,112.233219554788,30.6956986922673,21.2374921499425,30.4812209941821,58.8088444350834,28.8438743320953,20.4615760082023,29.6124709299384,46.9709167454503
84.2712460935125,109.999619193829,32.9223221089473,23.9697870875066,30.2629925868676,64.8869630977071,29.3068204627432,19.551898512889,31.2721344122599,51.9850297218473
82.9241611285572,110.272666916218,31.85654450809,20.1941415693012,30.7848371231817,59.2968890174065,30.5028230928831,20.8790662970228,32.0081107487666,53.0251010131126
85.7382110215568,111.850349279887,32.2281973497468,21.8029086711425,29.6826873472741,57.9741082999751,29.1871570510023,22.3767078547929,28.2460986926644,47.4836767714417
89.3539749536185,113.527887998511,31.152719842232,21.3284046404483,32.5040154129244,59.6450598586637,28.7384222604348,21.2490650691123,28.4274191998575,48.4090802713571
89.3956336657879,112.271024841773,30.2367485580977,19.459651141689,30.7644548128795,64.3137452370048,28.598233485146,22.2169587038493,33.0220639117766,45.411139474712
85.6719851238011,109.860222686741,32.4003162593127,21.2921324319591,31.903339841317,58.474045256941,28.2766344770304,19.750952398335,27.9604481132545,43.261098956719
85.7991614956869,114.361656061173,31.7747873723716,20.7261228833099,30.9372097478324,57.2350433045579,28.5575386975065,19.5310322786562,28.4441361868592,45.3594285972945
90.138978340192,109.725703632695,31.1819055695429,21.5335016343795,32.7499843816272,59.8989827499582,29.0790753607773,20.2915203275987,28.8592578649751,45.4898810846242
82.9917744239979,114.288541969674,30.7214161620578,22.0913231090833,30.7862854799754,62.4892134377544,29.4152111989253,20.0615536009753,28.4362859959801,46.8957576119353
87.6725674767196,113.85115511591,32.4494111854548,21.2754073637694,28.1936438280421,57.6658309611823,28.6157625782359,20.3528111655256,28.931128882519,45.3930574068576
84.3992952246077,110.679718131386,32.7477646042663,21.0009979656127,30.1512588774552,59.7262564443773,29.2558857569704,20.7551055819446,30.5594391044113,46.3977248301943
87.0613036936936,110.133676555365,31.551902255811,21.0970202619594,30.8980183811202,58.4421628477739,28.7943738852106,20.3699181685638,29.0137441613406,45.1383839015606
85.1158262004877,114.005929725568,31.2852707764071,21.8066552151129,30.7401717406168,59.6420310943489,28.6705027763194,21.5372112868171,30.7248959370232,46.9382121774101
89.7036437504964,109.630380119447,33.9602989182731,21.8930188688508,32.0200627044282,63.2459455966944,29.3694227801697,19.6486763082799,29.0180126115305,42.9054468090146
86.9828705967011,109.337237060849,31.4186194665882,21.4919700954708,29.5193769375175,62.5342649955418,28.2144214934725,19.3140442445581,27.8188191278925,50.3790675612135
91.6776014139358,111.480364715344,31.3324694819481,21.5124933877866,30.4150849409864,61.0723336183934,28.9759398031415,20.6746840587847,29.305181724019,47.769326472602
93.4089227274134,114.619206712742,31.7722383165429,20.4134650491112,31.7906715879686,57.8493704130525,29.2577229114628,20.9190448982949,30.4595320046924,46.4429897710377
84.3085072106176,111.520279737852,30.6595998267524,22.1367153606878,28.7600290230002,57.7890828383325,28.9349532906387,20.8622662470096,29.6651833887711,44.5836275410393
87.9355854024293,107.980081671427,30.7444270678099,19.6942529330914,30.5152190445183,61.7540992862747,28.1493950724878,20.7522454502581,31.6976155230903,45.964177847908
88.9217795141228,109.510038670998,30.5303737823791,22.2241589282728,28.968118211313,60.9426057584412,28.2285577715004,20.5349843909582,29.7862603300911,44.4397110573079
87.5630408740267,112.578583361139,31.4577328484127,21.2944560448905,29.5948978865075,54.7872494545278,29.3294632095156,20.0864324456455,28.5460161597173,48.0225432070922
87.8423208700235,111.154915908282,32.8318238514112,20.8148350022141,30.4910306624434,58.5833833894353,28.4180590140641,20.2807980651907,27.3100082729662,51.3338273103212
88.0142112895222,111.329360228923,31.6568546253427,19.7635463962854,31.8833100019294,64.5969291386645,28.3636180647267,22.3928900158567,30.3343793889529,45.190639404667
88.9491462687429,111.97119647397,30.9206026902583,22.4221426008423,30.0681280064882,63.8189783454143,28.5309127969585,19.2603465450385,27.0489501380869,46.8634079983745
86.6746989241326,114.705997031546,32.3720102450918,20.16664403837,29.2368831979764,59.9772531002007,29.2542929698361,21.1522268235694,30.9376930860016,48.5542402141958
87.117104067996,112.997133515899,31.3140003034988,21.3400111456564,33.1966461142066,63.0183529126401,28.8448502729416,19.0913697805226,28.7965168655987,45.8763103924116
88.5488023656125,113.531975449888,31.6520966023299,20.6668630315981,32.0821154134183,60.0554990126142,28.5380815765027,19.1715455066712,30.0036022292551,45.7727883108083
87.5433440045508,112.538262534716,31.5719611240421,20.9297819620672,29.7922189704921,62.7695149372341,28.2814085203704,22.3522232677681,29.7523304320168,48.0525195295343
86.4747113157254,113.303526593196,31.1555502198205,20.4333981641321,31.2908370698847,62.458125419378,29.6527720831997,22.1535992908429,28.2597174354748,44.5025553328472
88.9930720408382,110.578195583642,32.0924267492825,21.8206091444191,29.6461471314786,62.1205596174153,27.2623719726568,19.4809698042484,30.245121695284,46.1249533378824
86.2503865286901,110.348105830859,31.7240195168917,19.2812192546577,29.2139101850385,63.2203435005262,29.2751548120088,20.5237906708856,28.1554902773584,46.4055015594736
88.1544784013651,111.999967569168,31.9277692396227,22.0274873454428,29.4306308300441,60.5634177604182,28.4603693318499,19.7818008233277,27.666585095429,45.5592110896776
86.8590407190721,112.376893723989,31.4421626013313,21.4178194604666,32.1538432583445,63.3305899938266,29.1440008485084,21.8098635259672,29.1415242139562,50.1825825257943
83.7882207797052,109.684392829931,30.8691446252295,20.738612458363,29.5856203303886,61.1257428265143,28.8784930303019,20.7807384444664,28.7876646995025,49.571508150327
86.689150696137,114.603995044243,29.9198516935404,21.9635787507621,31.5029530353346,62.6961951887886,27.5936409569095,20.560674847194,30.3212819540397,45.558624797912
88.4702478440295,108.616769057608,31.6802834400355,20.2983164811995,30.1987821309449,61.5243142159339,28.8827401376723,20.6109271986484,29.816812061847,45.0812007774447
88.7230298768367,108.161787805113,32.5121542933323,21.3241001641994,28.0445530488234,56.6007658527867,29.9919817356006,20.378186543464,29.276850980572,46.0631523476874
82.9215751709412,111.148486480272,30.9049425805075,20.4235272587245,31.4923890835295,61.7204430154549,29.5337517617861,21.1270292003033,29.2649547381055,43.2762051612563
87.9703322270459,113.074896269159,32.7065558519717,19.6089696415358,30.6986310207849,59.9879601703573,29.4474960694731,19.9631752956035,30.5018617652387,46.9768096683471
90.0568617040007,110.967956362981,32.2618386523397,22.6653880488226,30.6219448825494,62.8960468298427,28.3880744917289,22.068470853195,29.0794944085933,45.1644622389853
89.2077879165699,111.205016312524,31.0370204812365,20.4003876755318,29.4816668030909,61.6688724167022,28.2624817102257,22.0710291759508,28.8789616000176,45.6272845409514
89.8938759965216,111.502894598999,32.3208098222555,20.7608976970143,32.3058320879479,61.2723695731235,29.2080323895753,19.3391318771198,29.2018906885423,48.0422808535248
90.187987182966,114.968694669158,32.5926139207008,20.8002027687832,31.3059587004302,62.8303284853495,28.3497859759576,19.1609772477906,27.8291821738761,51.1332563253019
86.3842708303771,108.791159772508,30.6243033183081,22.784882240639,30.9913878763909,58.2282787779268,27.1534854494733,21.5774329339411,29.4910339604326,48.4199235790708
87.8175865542676,110.913400889154,30.9117122143934,20.7525689882275,32.2428921156369,61.2156623257957,28.6295977835703,19.1847761658503,31.9759112956105,46.2801506080679
84.5820722581451,115.096580744216,30.816954791425,21.4714590170269,31.2425154107493,61.6155193518066,28.5792987919103,20.0736823766749,29.5370675666872,46.9264783298316
88.1391668983721,112.262806460203,31.2870942362889,20.2749843974985,29.0858183789126,60.5614162039532,29.1276164149787,19.6977259404112,28.3403474717856,44.6885240601608
85.7839046027003,107.929871415479,32.7158546099182,21.6872340076838,29.9442280665981,59.9896007387987,29.2798127547501,21.2710969537088,29.2303598876741,45.5638212111603
88.1897243500879,111.139462020076,32.5620894141986,20.1364978449909,30.9091345742265,62.3651888549959,29.1112984513494,17.8444028099472,31.9067188840104,45.0494890670442
86.6734870743336,114.019039464581,30.9301088308517,21.0341328760026,30.3125577417004,60.1219442872671,29.0142698904812,20.8506314593159,27.6615586175744,48.670318146578
89.7526216642914,111.111024769066,31.5798652848899,21.9216164668202,34.2163594481618,61.0571960967778,30.3822205889306,19.3026550590247,28.6305487180368,49.4051980913585
86.7471623492385,110.543394190906,30.7391507005949,20.9838384376296,29.9752348674136,59.745258764078,28.2900218953886,21.4251151357794,27.7111676355473,47.2087716906548
84.8221973758563,112.101198020379,33.8641671088957,20.4010061789794,29.0363923518314,64.4356667451262,30.4689719366318,18.6369210691535,28.7744932169773,49.0795637060977
86.7579538617011,110.365794986288,31.8939136764327,21.0875360610527,30.5411141274303,58.3972375561054,28.937624092205,20.4507472769796,30.2541101355692,47.9823574693453
87.1218423185758,112.886858535603,31.1083444442123,20.2271299938251,29.2534237553341,62.4747438692304,27.6389765365357,21.9183200224976,29.4271776486429,48.5786971818202
84.8446331601453,113.410330307422,31.0279807224838,20.6289108328377,28.2232970515957,56.841695689602,28.226001922339,18.9618881723418,27.3541927936359,46.950248225045
89.2543434415855,108.576666855358,31.6796936259578,21.0666460637424,28.6058733243398,59.1627115887303,29.0075231650329,22.3605638292165,30.0781684236609,48.5737935816846
88.5815599367738,108.06684258936,31.1706114438881,20.143981759996,28.2381662519954,59.8919999430517,28.6296117578166,20.2153432280802,29.5735212339213,51.5515264649154
86.0215671399386,113.698379596271,32.5285782039253,21.3462708601236,31.2294001878491,62.8186471867238,28.9956090158545,20.7244514079339,29.3311371230772,45.0401854801455
87.1788671981554,109.291144842814,32.6690502150879,23.109369386263,29.8231474642693,59.8186957753013,29.691891003192,20.6172883986335,30.5608228038394,47.4102735399557
86.3447036263912,113.36994665858,32.1128137637447,21.9183190402454,29.7637114563635,61.5306083284283,29.6567921915012,18.6709184067524,29.3591732325521,46.2486181604029
86.6979213070659,114.872021935084,31.4597282480004,20.3672381836893,31.0672002390005,63.0011899627167,28.7507687691342,21.3268859689801,27.5267256599907,49.638958157852
86.9469126067023,109.646757959787,30.6104401998081,20.7847521175475,34.0492615321306,60.5518065187375,28.8125933242937,19.7803248469042,27.6297018647319,49.6799268121383
87.2182370593652,111.807006661382,32.4087626214517,20.1886916490763,32.7321722016854,59.4800238119086,29.4902865388473,21.6530836895327,29.8562798624705,48.3719657675481
88.2104458212265,113.71652606745,30.7325297412537,21.1137594631976,32.7967562056667,58.8331563064174,28.4891534167869,21.8402074858668,30.2480580882377,45.7930877489241
86.3296606167254,113.427574535825,31.9720580640813,21.1571502829718,31.3336483344865,60.1734944514329,28.4828199379919,21.6992888025605,29.4237950238165,47.8275671787066
88.7824556342129,108.867667868915,31.5266303525342,20.7696712127836,32.3168571948392,62.9529640491889,27.9364745039198,19.5462445523695,29.732663002779,48.6126327257965
88.374265351725,115.980197984697,31.9342049622963,20.3897992628853,29.43854036829,63.5888399020555,29.2976045237149,19.1671873319331,29.1990816622042,44.7699761270102
86.5964211603747,108.849467220034,31.0662359261387,21.9545025589869,28.9838207188379,61.7444981145366,29.4175212381194,20.9158203347309,29.1120602776033,45.5188236871025
88.8940942313552,112.572302321829,31.6846492173947,21.4634625159248,30.3012933030857,58.5749815058556,27.7176591174343,21.025139770927,29.1661425167205,47.2208803638731
90.9764743961898,111.450826198829,31.0054505610585,20.7882158856689,29.2401304997514,60.310220937319,28.6518169950756,21.0107094286803,29.4984875523141,44.1417970772568
86.5433526065098,109.689270101479,30.7486313670251,21.1154854876835,30.4640909665372,59.8668850590862,28.8722293392324,20.0628437710022,29.2972711179168,44.8291591932789
89.2026617693917,111.940117459659,29.8591785795704,21.0154881288029,32.9324225667582,60.6684839051604,28.0621744620347,19.9853927439852,31.5509580491306,49.4647973689288
88.8555662962532,109.35803096296,30.4016900759361,20.1930768802666,32.9288786242083,56.2106577787554,29.0869190541299,18.7537276949902,27.9604822579975,50.0736798057823
88.1571996749415,109.608478691573,31.0266726113633,23.2643895512187,30.5408986158244,61.4746000101821,27.7738526061573,18.5331093626272,27.3154946180507,48.883211974938
88.7923975856322,112.061225817744,32.3589551229962,21.2715073084593,29.4731665346076,60.5200574993217,28.3780450662969,21.1776739191306,29.5465110122555,46.0042472311147
88.7761952097938,112.800947912951,30.6303418778647,20.7297854936927,29.3522451195804,61.1102200798268,28.922820964638,19.6123185564186,29.6293234494542,47.2385027055338
86.9302920714303,113.54765398935,30.7686310721165,21.2531329546764,30.9472618982996,57.8151974175843,30.4564685781426,18.4737639609575,27.2224818445766,43.3198776443777
84.085545483838,105.914825199587,32.3930313415412,19.902400541181,31.8137595407182,63.2800805709627,30.0529265258363,21.3208682346065,25.5997388430234,44.9038702241243
84.0139779572319,110.397778529367,30.8340407107139,20.3200248797611,28.4150403540849,61.3263726033815,28.4885494500065,20.01757668796,29.4399470505773,42.5849404528854
89.698628535482,110.473158259586,32.5092667044,21.6022369766764,30.2997112143961,60.3701784416604,28.7129279710603,18.0785423714243,28.531041921333,49.2577746222257
84.1400108980844,109.24602525705,31.6606201514482,21.2098396174899,30.7702855430764,62.165773492415,28.2883494073754,20.7011023934505,29.314248819253,48.7552400291981
87.7213682251013,111.795405642782,31.4804774147974,19.8767826254926,32.0454565566388,62.3185140589438,29.4520558668708,20.3237140772119,28.7937855156316,46.0835907382054
89.5896173453807,113.808200625033,32.085160466419,22.1138020688006,31.0009053689811,62.2791075831258,28.4343963551917,20.1826702427298,27.4989494283847,45.9415977782572
87.9758759052887,113.025066458912,31.4320270405745,21.8979144912007,33.0308422782635,57.0122163735437,28.8622918607059,20.559200119574,29.1791793077578,49.2448067760585
88.2654052185302,110.716954361912,29.7949563976247,21.6727550596753,32.3425647761054,63.4005454605772,28.7939153811074,20.3914548361247,28.2642667361488,44.819369314504
88.1779400671291,107.33893459409,32.4590668781408,20.1511583824587,33.1299762666187,62.8192536245951,29.0830352808947,20.6914524635191,30.0245682819088,48.1226627581602
83.5535163441135,110.803384477649,31.4424166481952,19.8839496993814,29.7211555402522,58.0493474915005,26.7842149272651,21.2704390113051,30.3981813712089,44.4745634071741
85.8911314765461,112.556694475172,29.2033118587822,19.3442115978473,33.6196957624428,61.0953780794314,29.0301126291788,22.0358245458276,30.8051009311773,45.5599198360231
89.4544412708472,112.624778979952,30.5616214254285,20.0686667615869,31.3372497894094,61.3813893751846,28.2915097045664,20.4645102271827,29.6507419781874,49.235562138396
87.565551118913,109.835420619657,31.8680161997225,21.0115264666218,31.6096260936131,59.9488661840493,28.468004870329,21.0527559642566,31.614599725396,45.9378694355073
87.8168859219135,111.386627924105,31.4927165524465,20.9680742177022,30.6879363407581,65.6607164444315,28.1612591628427,22.1466273255424,27.4164829630189,49.0376661170585
87.9639641977471,108.959187019366,31.4989761387664,20.6102352640269,33.2250362512203,60.6590831104466,28.7669704904966,21.5746292478781,30.6677099879239,48.6706855783771
91.8713611662835,108.8201517377,30.774833671289,21.4854894968593,30.5205725128561,61.5297636786538,29.1068732455792,20.4953857804588,29.0838038299347,47.3953634699185
87.4114515501911,108.553081364503,31.3773584226779,21.1508694607935,32.5005394384299,63.0871729749358,28.5658360000618,20.924924657199,28.6373902512862,46.5662489269465
85.9969122409596,109.397553076449,30.48426810773,20.7189718477518,31.4184932889582,63.9240858426953,29.8625507669472,20.781632455347,28.6809592173149,44.925297226529
88.2248414200872,112.132682502197,31.501469234884,19.6608313758503,28.9721689216049,63.1360231562588,28.9382075822545,20.6227295998513,28.7598890136794,50.5280315202564
88.7099405548118,109.110808073962,32.0260703481058,22.9702860248371,30.2359990184546,55.3184033017197,29.6577382885644,20.5265624002198,25.8477938569088,48.2472147794826
