"level_2_mid","year","median","lo90","hi90","lo50","hi50"
"L2-000: Spectral Decomposition and Transform Methods",2010,3.22471894863636,2.87382625700543,3.55090373461859,3.09614110705449,3.35106790020523
"L2-000: Spectral Decomposition and Transform Methods",2011,3.23253769222515,2.91225767494854,3.54409374541088,3.11435166803868,3.3539612031152
"L2-000: Spectral Decomposition and Transform Methods",2012,3.25722821823936,2.96142322571079,3.55448178220092,3.14453579417767,3.37430246788846
"L2-000: Spectral Decomposition and Transform Methods",2013,3.26951345493175,3.00250905968902,3.54476242007535,3.1655944483745,3.37929788311931
"L2-000: Spectral Decomposition and Transform Methods",2014,3.29252066585882,3.04420068969243,3.55195030469703,3.19337367373152,3.39475613327813
"L2-000: Spectral Decomposition and Transform Methods",2015,3.30908306277007,3.07671635377245,3.55493461551603,3.21543126064005,3.40555158150215
"L2-000: Spectral Decomposition and Transform Methods",2016,3.35554306435249,3.13331108418752,3.59165652203229,3.26527917341673,3.45006986285783
"L2-000: Spectral Decomposition and Transform Methods",2017,3.33126155371763,3.10448833508513,3.56505418090308,3.2417285950886,3.42291320307341
"L2-000: Spectral Decomposition and Transform Methods",2018,3.33470271946058,3.12252871927401,3.55932528426277,3.24593561178068,3.42447813763855
"L2-000: Spectral Decomposition and Transform Methods",2019,3.3368488274773,3.11859134113924,3.56074268519882,3.24746430316017,3.42942256182732
"L2-000: Spectral Decomposition and Transform Methods",2020,3.33194182249172,3.10004076633918,3.56087452040932,3.23886061550222,3.42406023431424
"L2-000: Spectral Decomposition and Transform Methods",2021,3.35961387832022,3.12297618959912,3.59145041720016,3.26756450906145,3.45443117915757
"L2-000: Spectral Decomposition and Transform Methods",2022,3.33764675726392,3.08021982154832,3.59179348151654,3.23913355526086,3.43760316443603
"L2-000: Spectral Decomposition and Transform Methods",2023,3.29595608700701,2.99064764307924,3.57192452003526,3.18103998647156,3.40967502107956
"L2-000: Spectral Decomposition and Transform Methods",2024,3.30057742027068,2.97020887175875,3.60043079903029,3.17199155796572,3.42711777983795
"L2-000: Spectral Decomposition and Transform Methods",2025,3.32694940544906,2.99466377307549,3.62708406575813,3.20081025877196,3.45684328763708
"L2-000: Spectral Decomposition and Transform Methods",2026,3.30561682513981,2.95436195153452,3.63142536368486,3.1649728327417,3.44092331097054
"L2-001: Tomographic and Radiographic Imaging",2010,2.34837974431611,1.77717739755548,2.94646028625593,2.0991108264643,2.59289054377928
"L2-001: Tomographic and Radiographic Imaging",2011,2.37694649466265,1.83325930980489,2.94204821319476,2.14141626544698,2.60980326402682
"L2-001: Tomographic and Radiographic Imaging",2012,2.38751042064181,1.87161689200024,2.91846444272943,2.16823902450547,2.61903699021765
"L2-001: Tomographic and Radiographic Imaging",2013,2.45017800573088,1.94924171915272,2.94497371752285,2.23755189224143,2.65679260746001
"L2-001: Tomographic and Radiographic Imaging",2014,2.4848780315557,2.01859968105954,2.95212118097093,2.28937345425302,2.67580223228825
"L2-001: Tomographic and Radiographic Imaging",2015,2.50792486168399,2.06340688393931,2.94485551635361,2.32348788519732,2.68566698377976
"L2-001: Tomographic and Radiographic Imaging",2016,2.55283348169158,2.14428342676507,2.95996127437697,2.38543532390756,2.72674807405157
"L2-001: Tomographic and Radiographic Imaging",2017,2.59550872378949,2.21366619384994,2.98132587017551,2.43023481492563,2.75361603628422
"L2-001: Tomographic and Radiographic Imaging",2018,2.64812235499963,2.28062331099591,3.01110628386294,2.49930110123421,2.79635505800138
"L2-001: Tomographic and Radiographic Imaging",2019,2.62921946830093,2.27786504860506,2.96360477002067,2.48624168090692,2.76810103863752
"L2-001: Tomographic and Radiographic Imaging",2020,2.71024075657995,2.37124120625541,3.03682788847338,2.57282701705551,2.84593166740953
"L2-001: Tomographic and Radiographic Imaging",2021,2.72542618694104,2.3821703023551,3.05829649394047,2.58456041317735,2.86558602224836
"L2-001: Tomographic and Radiographic Imaging",2022,2.78605550512691,2.42961061389529,3.12486794714049,2.63701996910194,2.92783081445589
"L2-001: Tomographic and Radiographic Imaging",2023,2.8705830723809,2.52098245756313,3.19026085666816,2.72973234197449,3.00888410615855
"L2-001: Tomographic and Radiographic Imaging",2024,2.95084545607354,2.5957198309074,3.28842530997756,2.80971004165626,3.08843766971419
"L2-001: Tomographic and Radiographic Imaging",2025,3.00186527687728,2.62976420902006,3.34990127467536,2.85073352953312,3.14613324396961
"L2-001: Tomographic and Radiographic Imaging",2026,3.04923197996005,2.64365458644034,3.40931998291135,2.88754071161903,3.20254575918039
"L2-002: Image Enhancement and Segmentation",2010,5.64001708189569,4.03376915532369,6.92872932245857,4.99980386359661,6.2278899332462
"L2-002: Image Enhancement and Segmentation",2011,5.77341021178372,4.24728214137934,6.9979816653669,5.18933418920869,6.33623758006788
"L2-002: Image Enhancement and Segmentation",2012,5.87453774497793,4.40971671973235,7.03097184321367,5.28211086441196,6.40001176148094
"L2-002: Image Enhancement and Segmentation",2013,5.97718761457847,4.60873351807794,7.06667764453406,5.42849676148999,6.47528057932944
"L2-002: Image Enhancement and Segmentation",2014,6.05071166784044,4.73881745494572,7.06016140669934,5.51055453538077,6.50336826994189
"L2-002: Image Enhancement and Segmentation",2015,6.14981557681336,4.94773474140382,7.09108452991756,5.65798217465519,6.57296750018734
"L2-002: Image Enhancement and Segmentation",2016,6.22181778238672,5.04229710311337,7.14212718343926,5.75783359024548,6.62235990391356
"L2-002: Image Enhancement and Segmentation",2017,6.25191402059251,5.17579747827783,7.12843125442753,5.8233357351676,6.63492987186149
"L2-002: Image Enhancement and Segmentation",2018,6.31581265512038,5.28801947513756,7.1329798343659,5.92044728242955,6.68146920114629
"L2-002: Image Enhancement and Segmentation",2019,6.2479857742866,5.27787221842967,7.04904725672217,5.87834968298311,6.59075262144334
"L2-002: Image Enhancement and Segmentation",2020,6.27366697236685,5.33450562190168,7.05747118694098,5.90624091015164,6.61408166972692
"L2-002: Image Enhancement and Segmentation",2021,6.19059274972532,5.29927565357828,6.97723745626454,5.83122295906655,6.52393419515941
"L2-002: Image Enhancement and Segmentation",2022,6.15388055868935,5.26031908780106,6.91778897318151,5.80786562732633,6.48366216198172
"L2-002: Image Enhancement and Segmentation",2023,5.94523436735502,5.13317738223282,6.69956093881639,5.61794774883491,6.27712140029103
"L2-002: Image Enhancement and Segmentation",2024,5.81649573100542,5.02810449439241,6.5644803809946,5.4885861392031,6.13344502580653
"L2-002: Image Enhancement and Segmentation",2025,5.60490874484134,4.80423888424116,6.38555610296525,5.25855442491181,5.92535769684535
"L2-002: Image Enhancement and Segmentation",2026,5.50063938446245,4.61786688003664,6.33691023214859,5.12944765804177,5.85110293570782
"L2-003: Impulse Response Characterization",2010,1,1,1,1,1
"L2-003: Impulse Response Characterization",2011,1,1,1,1,1
"L2-003: Impulse Response Characterization",2012,1,1,1,1,1
"L2-003: Impulse Response Characterization",2013,1,1,1,1,1
"L2-003: Impulse Response Characterization",2014,1,1,1,1,1
"L2-003: Impulse Response Characterization",2015,1,1,1,1,1
"L2-003: Impulse Response Characterization",2016,1,1,1,1,1
"L2-003: Impulse Response Characterization",2017,1,1,1,1,1
"L2-003: Impulse Response Characterization",2018,1,1,1,1,1
"L2-003: Impulse Response Characterization",2019,1,1,1,1,1
"L2-003: Impulse Response Characterization",2020,1,1,1,1,1
"L2-003: Impulse Response Characterization",2021,1,1,1,1,1
"L2-003: Impulse Response Characterization",2022,1,1,1,1,1
"L2-003: Impulse Response Characterization",2023,1,1,1,1,1
"L2-003: Impulse Response Characterization",2024,1,1,1,1,1
"L2-003: Impulse Response Characterization",2025,1,1,1,1,1
"L2-003: Impulse Response Characterization",2026,1,1,1,1,1
"L2-004: Colorimetric and Color Space Methods",2010,1.92823603208937,1.56640680884072,1.99942711440565,1.81151368736149,1.98340453664482
"L2-004: Colorimetric and Color Space Methods",2011,1.93626794612228,1.59026280135798,1.99931345557055,1.82735590555274,1.98499608959525
"L2-004: Colorimetric and Color Space Methods",2012,1.94402283797056,1.63631377990145,1.99956673165431,1.85024401331156,1.98670675381164
"L2-004: Colorimetric and Color Space Methods",2013,1.94973617959461,1.66114700278398,1.99953550096009,1.86028660909014,1.98831911163763
"L2-004: Colorimetric and Color Space Methods",2014,1.95531097720505,1.69056793937173,1.99962240259423,1.87762685979996,1.98972817372977
"L2-004: Colorimetric and Color Space Methods",2015,1.9599335090023,1.71579802263991,1.99965156548446,1.88825650213647,1.99107329297423
"L2-004: Colorimetric and Color Space Methods",2016,1.96426042039613,1.74343478459756,1.99969265327051,1.898945040158,1.99217445141862
"L2-004: Colorimetric and Color Space Methods",2017,1.96592902984969,1.75931654532747,1.99973983812968,1.90512962097461,1.99235016227166
"L2-004: Colorimetric and Color Space Methods",2018,1.96760491264471,1.77676784907554,1.99972594439785,1.91166411066836,1.99283916821743
"L2-004: Colorimetric and Color Space Methods",2019,1.970401764727,1.78805408240812,1.99972978972861,1.91806270376744,1.99311406917072
"L2-004: Colorimetric and Color Space Methods",2020,1.97053297928249,1.79065531929792,1.99975210357144,1.91963905222303,1.99290030487993
"L2-004: Colorimetric and Color Space Methods",2021,1.97090133473096,1.79308613292574,1.99971697935215,1.9187307079635,1.99332656643895
"L2-004: Colorimetric and Color Space Methods",2022,1.97037967331413,1.79076545756845,1.99970889998763,1.9182412925699,1.99352273305381
"L2-004: Colorimetric and Color Space Methods",2023,1.9667980754776,1.77079265776352,1.9996685233068,1.90948806199908,1.99244345193444
"L2-004: Colorimetric and Color Space Methods",2024,1.96503830536383,1.76291651230594,1.99964388167913,1.90485872498882,1.99202622786049
"L2-004: Colorimetric and Color Space Methods",2025,1.96286345782321,1.74705768138669,1.99961346322256,1.89588164306078,1.99145077315118
"L2-004: Colorimetric and Color Space Methods",2026,1.95952123533161,1.72381187038675,1.99964765262787,1.88915694809587,1.99058813223363
"L2-005: Geophysical Inversion and Calibration",2010,4.73996246686952,3.97172718835271,5.37371532121197,4.44372890737546,5.0140860883354
"L2-005: Geophysical Inversion and Calibration",2011,4.81106112275463,4.09654139083454,5.38648751366261,4.53854888319135,5.06438548085005
"L2-005: Geophysical Inversion and Calibration",2012,4.87067446417135,4.23348933989945,5.4027703514634,4.62659149396893,5.09376785585947
"L2-005: Geophysical Inversion and Calibration",2013,4.91668694659543,4.33614462866244,5.40882857748702,4.68841199495741,5.12053847704398
"L2-005: Geophysical Inversion and Calibration",2014,4.97839267738591,4.43681490563173,5.43859814118269,4.76897821896613,5.1687372143138
"L2-005: Geophysical Inversion and Calibration",2015,5.02009554426617,4.5261125864314,5.44498543260351,4.83288668461864,5.19567735417101
"L2-005: Geophysical Inversion and Calibration",2016,5.03722483100979,4.57150778096723,5.44068181138551,4.86120293975316,5.20454864997139
"L2-005: Geophysical Inversion and Calibration",2017,5.07772223439362,4.63978793171351,5.4511081076318,4.91303280487505,5.2296961751723
"L2-005: Geophysical Inversion and Calibration",2018,5.07895009095508,4.65220623755629,5.44766264405202,4.91605606651559,5.23215949112744
"L2-005: Geophysical Inversion and Calibration",2019,5.05322778169839,4.62533690973113,5.43040822984664,4.89441814745842,5.21037798476415
"L2-005: Geophysical Inversion and Calibration",2020,5.06409395705388,4.61837493279043,5.43547367832412,4.90026540338025,5.21493787910639
"L2-005: Geophysical Inversion and Calibration",2021,5.0296074631417,4.58022315119926,5.40353813780556,4.85759561297847,5.18693550849181
"L2-005: Geophysical Inversion and Calibration",2022,5.03263106677547,4.58103626007338,5.4163624896297,4.85892580049819,5.19647588340254
"L2-005: Geophysical Inversion and Calibration",2023,4.99437899527688,4.48343242895841,5.41478560959884,4.8070496185257,5.16624645302888
"L2-005: Geophysical Inversion and Calibration",2024,4.95810969199977,4.40344959527122,5.39037342476299,4.75978776246421,5.14273637543489
"L2-005: Geophysical Inversion and Calibration",2025,4.93168819784076,4.35543691603985,5.38465783950157,4.7207338990198,5.12033529584008
"L2-005: Geophysical Inversion and Calibration",2026,4.85193001664371,4.20231520416634,5.34849753058049,4.61882585930101,5.05888713669383
"L2-006: Signal Processing and Pattern Recognition",2010,1.67396593595771,1.33553149581444,1.97850739098809,1.52174652601827,1.82768801438445
"L2-006: Signal Processing and Pattern Recognition",2011,1.66689863295153,1.34589510663567,1.96514324366306,1.52360738712113,1.80976282802578
"L2-006: Signal Processing and Pattern Recognition",2012,1.64642723662427,1.36240859576311,1.94008192773989,1.51841566194631,1.78137768931468
"L2-006: Signal Processing and Pattern Recognition",2013,1.63154196372505,1.35551117435005,1.9139379914937,1.5100935030535,1.7555114916629
"L2-006: Signal Processing and Pattern Recognition",2014,1.62711602275314,1.37266304533577,1.89614420185188,1.51401752264526,1.74073935112476
"L2-006: Signal Processing and Pattern Recognition",2015,1.60689065959755,1.37390632903509,1.85752788923301,1.50459671900514,1.71534167103629
"L2-006: Signal Processing and Pattern Recognition",2016,1.58620914102385,1.37160765102393,1.82015675324154,1.49119240330642,1.6836549175391
"L2-006: Signal Processing and Pattern Recognition",2017,1.57755546094087,1.37506019653271,1.7947787108362,1.48935649284187,1.66327451239539
"L2-006: Signal Processing and Pattern Recognition",2018,1.55827960675573,1.36965181545117,1.76762027025411,1.47694516460038,1.64372342775135
"L2-006: Signal Processing and Pattern Recognition",2019,1.55109925325937,1.37345460734374,1.75189870829388,1.4764510539934,1.63288731368904
"L2-006: Signal Processing and Pattern Recognition",2020,1.53292075560353,1.36181044568077,1.72708585125223,1.46169910301453,1.61080150675873
"L2-006: Signal Processing and Pattern Recognition",2021,1.52729641389955,1.3647509499461,1.71428654680225,1.45638960570441,1.60225277228627
"L2-006: Signal Processing and Pattern Recognition",2022,1.52358863030288,1.36078618194355,1.71532756557216,1.450779307561,1.60090790647484
"L2-006: Signal Processing and Pattern Recognition",2023,1.47245971021775,1.31646998638367,1.65847729432682,1.404045132259,1.54669046382088
"L2-006: Signal Processing and Pattern Recognition",2024,1.45031278167332,1.29347391763659,1.63635813677254,1.3813585864215,1.52269693980315
"L2-006: Signal Processing and Pattern Recognition",2025,1.44430793577296,1.29054772800615,1.63502849714917,1.37675826038355,1.51816842352238
"L2-006: Signal Processing and Pattern Recognition",2026,1.42324473228685,1.26220936131042,1.63073084327226,1.35014734914442,1.50527618522724
"L2-007: Vector Embedding Techniques",2010,1.81321299158529,1.30956851758595,1.99800081567188,1.58385225081619,1.94994848604126
"L2-007: Vector Embedding Techniques",2011,1.82605358042704,1.33259816267258,1.9981383985219,1.60539897788237,1.95443392207038
"L2-007: Vector Embedding Techniques",2012,1.84400600264644,1.36923582652577,1.99848792896979,1.63301198922966,1.95902441442301
"L2-007: Vector Embedding Techniques",2013,1.85239253160031,1.38909343157645,1.99869763017372,1.6557357777972,1.96250354773265
"L2-007: Vector Embedding Techniques",2014,1.86730762121273,1.43148092565206,1.99855252354787,1.68475521911326,1.96671499980717
"L2-007: Vector Embedding Techniques",2015,1.88009874853457,1.46107442745116,1.99876094680495,1.71170865549963,1.97002309281807
"L2-007: Vector Embedding Techniques",2016,1.89090676837646,1.49111775873478,1.9988147229289,1.73673807378978,1.97329100205137
"L2-007: Vector Embedding Techniques",2017,1.90136732964445,1.51646487279461,1.99897119509619,1.75638202967765,1.97694211599448
"L2-007: Vector Embedding Techniques",2018,1.90904708404149,1.53104702370861,1.99909345322365,1.77389494001065,1.97775369962867
"L2-007: Vector Embedding Techniques",2019,1.9184312470408,1.56914109688582,1.99908453183477,1.79671517157679,1.98076350611634
"L2-007: Vector Embedding Techniques",2020,1.92569727560985,1.5799763670311,1.99929568658289,1.8097230975271,1.98157445364903
"L2-007: Vector Embedding Techniques",2021,1.93065500448141,1.60001961855297,1.9993450378209,1.81948424728775,1.98217548809204
"L2-007: Vector Embedding Techniques",2022,1.93340611016652,1.6093136324424,1.99930931097004,1.82611562145468,1.98442849539152
"L2-007: Vector Embedding Techniques",2023,1.94043270783861,1.63696685387041,1.9994803098013,1.84133305808973,1.98587999878977
"L2-007: Vector Embedding Techniques",2024,1.94118224221777,1.63157848453191,1.99948014549052,1.84251804361275,1.98655501612946
"L2-007: Vector Embedding Techniques",2025,1.94057917433214,1.63060978158312,1.99944942616234,1.84135123707163,1.98628207411073
"L2-007: Vector Embedding Techniques",2026,1.93706372615585,1.60725480122225,1.99941893838104,1.83113910136249,1.98541837091367
"L2-008: Bayesian Time Series Analysis",2010,5.05620564886106,4.08023745071948,5.90541336818495,4.66788591513088,5.40748223959285
"L2-008: Bayesian Time Series Analysis",2011,5.11039912197662,4.20107275116968,5.93556385675735,4.74935250745605,5.46637224202055
"L2-008: Bayesian Time Series Analysis",2012,5.18013415087684,4.28518432707307,5.96641952338994,4.83074607797101,5.51776807818978
"L2-008: Bayesian Time Series Analysis",2013,5.22609072325942,4.37163766970229,5.97294280307117,4.89215548632535,5.54689858565338
"L2-008: Bayesian Time Series Analysis",2014,5.20781054217452,4.36889138925971,5.93328756155536,4.86529063105097,5.52658270021361
"L2-008: Bayesian Time Series Analysis",2015,5.28090412627378,4.46753569097225,5.99425946478788,4.95232314535062,5.57821396208509
"L2-008: Bayesian Time Series Analysis",2016,5.30585771199423,4.5301850837114,5.99607372706295,4.9926730185195,5.60795963430202
"L2-008: Bayesian Time Series Analysis",2017,5.27584994071225,4.52704379265387,5.96103310012411,4.97416591592544,5.56180660817646
"L2-008: Bayesian Time Series Analysis",2018,5.32718331595146,4.60121824175761,5.99445981006231,5.0334591259993,5.60657349975335
"L2-008: Bayesian Time Series Analysis",2019,5.29435687190181,4.56238968115351,5.96885422590667,4.99874426711619,5.57132715726822
"L2-008: Bayesian Time Series Analysis",2020,5.24499637168017,4.50927242648025,5.91908607402102,4.95011428836251,5.5312321726833
"L2-008: Bayesian Time Series Analysis",2021,5.29967680227553,4.58359419336019,5.96517420704722,5.01065018939366,5.57949856782795
"L2-008: Bayesian Time Series Analysis",2022,5.23125090619074,4.48005900457732,5.9231014581934,4.93281170634788,5.53053356124651
"L2-008: Bayesian Time Series Analysis",2023,5.24820351157877,4.5002069961103,5.97102996094858,4.94424221463216,5.54953809170392
"L2-008: Bayesian Time Series Analysis",2024,5.15329913025863,4.40350869862425,5.8940936503138,4.84959692520348,5.47654083414894
"L2-008: Bayesian Time Series Analysis",2025,5.18584648658012,4.41242617458694,5.92902986231234,4.85918669466167,5.49986770381878
"L2-008: Bayesian Time Series Analysis",2026,5.13254217118384,4.31282287149027,5.93230464237283,4.79960936713758,5.46697040536101
"L2-009: Graph-Based Network Analysis",2010,2.9408007400399,2.49230308692392,3.50036393331564,2.74806140739611,3.16029394388235
"L2-009: Graph-Based Network Analysis",2011,2.96356863750491,2.53540848841509,3.48604248823192,2.77864330610072,3.16465394867617
"L2-009: Graph-Based Network Analysis",2012,2.9966324292441,2.60580864709782,3.49306026902018,2.82575066378878,3.18844852181469
"L2-009: Graph-Based Network Analysis",2013,3.03404914029411,2.66013250399773,3.4879078796116,2.86950275283227,3.21113081323904
"L2-009: Graph-Based Network Analysis",2014,2.9958689603975,2.65887808324666,3.40407788198801,2.84813541948181,3.16116551518655
"L2-009: Graph-Based Network Analysis",2015,3.01774011036769,2.69676749494692,3.39977762582195,2.87640479147988,3.17153146488758
"L2-009: Graph-Based Network Analysis",2016,3.02414256700791,2.72270196127595,3.3763497913385,2.8928503194959,3.16407256873243
"L2-009: Graph-Based Network Analysis",2017,3.0268626879379,2.74052787301653,3.35414424935663,2.90497410555261,3.15684111956549
"L2-009: Graph-Based Network Analysis",2018,3.06930712144913,2.79468792892177,3.39271955838243,2.9510929167578,3.19631195566047
"L2-009: Graph-Based Network Analysis",2019,3.05695020286721,2.79432555932176,3.35667280053696,2.944151203809,3.17379153251558
"L2-009: Graph-Based Network Analysis",2020,3.07128792028526,2.80552818927934,3.36297678388362,2.95976886544109,3.18545867240706
"L2-009: Graph-Based Network Analysis",2021,3.07427580242356,2.81530562549021,3.35804383888071,2.96120932346257,3.18915382711922
"L2-009: Graph-Based Network Analysis",2022,3.07978221973942,2.81868714875193,3.37489060320383,2.96933742407608,3.19976028446885
"L2-009: Graph-Based Network Analysis",2023,3.18676376893114,2.92558573181581,3.47758915723343,3.07695676429238,3.29942429473739
"L2-009: Graph-Based Network Analysis",2024,3.16294843858783,2.89700949576976,3.45271848786536,3.05056402164769,3.2769487385824
"L2-009: Graph-Based Network Analysis",2025,3.19588929026197,2.92563117433778,3.49123715967319,3.08438325675157,3.31429323837026
"L2-009: Graph-Based Network Analysis",2026,3.23122526906203,2.91640063075916,3.55640415149091,3.10175550683398,3.35710749112809
"L2-010: Weighted Aggregation Methods",2010,1.8792125986882,1.51224579753999,1.99864278696233,1.73903887613747,1.96616681649965
"L2-010: Weighted Aggregation Methods",2011,1.87070447689879,1.52936266922785,1.99820693986321,1.73702012853457,1.9626011721405
"L2-010: Weighted Aggregation Methods",2012,1.84317709805332,1.51608235784131,1.99721648223444,1.71153827983629,1.94704934866831
"L2-010: Weighted Aggregation Methods",2013,1.82487382932678,1.51045039634951,1.99564409798998,1.69810870361341,1.92885949331556
"L2-010: Weighted Aggregation Methods",2014,1.80654196176964,1.51270808928003,1.99151577550256,1.68758769342449,1.91013821197951
"L2-010: Weighted Aggregation Methods",2015,1.78169528620974,1.50806306503255,1.98153713978557,1.66827491255635,1.88408687507922
"L2-010: Weighted Aggregation Methods",2016,1.75470166679414,1.48813604790938,1.96596886776868,1.6441794250641,1.85596311963544
"L2-010: Weighted Aggregation Methods",2017,1.7295081016879,1.47459960976179,1.94846123491376,1.62414266450276,1.83081333241551
"L2-010: Weighted Aggregation Methods",2018,1.70837959302513,1.46562165438658,1.92992476620487,1.60603393144377,1.80966486627429
"L2-010: Weighted Aggregation Methods",2019,1.68672591206253,1.44383447108295,1.91325059660177,1.58342959171737,1.78592415705492
"L2-010: Weighted Aggregation Methods",2020,1.656811490711,1.41796671865786,1.89567458864646,1.5502164279493,1.76188650951691
"L2-010: Weighted Aggregation Methods",2021,1.63636464356247,1.39594787094786,1.88345986247761,1.53298783994646,1.74352143343118
"L2-010: Weighted Aggregation Methods",2022,1.6065372352866,1.36406897614224,1.86821052402696,1.50149680604335,1.71890492170821
"L2-010: Weighted Aggregation Methods",2023,1.58317410698061,1.33151359193485,1.86180272760089,1.47284393908489,1.70183464632117
"L2-010: Weighted Aggregation Methods",2024,1.56592057058308,1.31388428325569,1.86111149463701,1.4544045854785,1.68551185160488
"L2-010: Weighted Aggregation Methods",2025,1.53927504084954,1.28880755442478,1.8514763329561,1.42531533178735,1.66606401826552
"L2-010: Weighted Aggregation Methods",2026,1.51894159045228,1.2612258132394,1.84628819106852,1.40238411399482,1.65228529897345
"L2-011: Radiocarbon Wiggle Matching",2010,1,1,1,1,1
"L2-011: Radiocarbon Wiggle Matching",2011,1,1,1,1,1
"L2-011: Radiocarbon Wiggle Matching",2012,1,1,1,1,1
"L2-011: Radiocarbon Wiggle Matching",2013,1,1,1,1,1
"L2-011: Radiocarbon Wiggle Matching",2014,1,1,1,1,1
"L2-011: Radiocarbon Wiggle Matching",2015,1,1,1,1,1
"L2-011: Radiocarbon Wiggle Matching",2016,1,1,1,1,1
"L2-011: Radiocarbon Wiggle Matching",2017,1,1,1,1,1
"L2-011: Radiocarbon Wiggle Matching",2018,1,1,1,1,1
"L2-011: Radiocarbon Wiggle Matching",2019,1,1,1,1,1
"L2-011: Radiocarbon Wiggle Matching",2020,1,1,1,1,1
"L2-011: Radiocarbon Wiggle Matching",2021,1,1,1,1,1
"L2-011: Radiocarbon Wiggle Matching",2022,1,1,1,1,1
"L2-011: Radiocarbon Wiggle Matching",2023,1,1,1,1,1
"L2-011: Radiocarbon Wiggle Matching",2024,1,1,1,1,1
"L2-011: Radiocarbon Wiggle Matching",2025,1,1,1,1,1
"L2-011: Radiocarbon Wiggle Matching",2026,1,1,1,1,1
"L2-012: Error Metrics and Regularization",2010,1,1,1,1,1
"L2-012: Error Metrics and Regularization",2011,1,1,1,1,1
"L2-012: Error Metrics and Regularization",2012,1,1,1,1,1
"L2-012: Error Metrics and Regularization",2013,1,1,1,1,1
"L2-012: Error Metrics and Regularization",2014,1,1,1,1,1
"L2-012: Error Metrics and Regularization",2015,1,1,1,1,1
"L2-012: Error Metrics and Regularization",2016,1,1,1,1,1
"L2-012: Error Metrics and Regularization",2017,1,1,1,1,1
"L2-012: Error Metrics and Regularization",2018,1,1,1,1,1
"L2-012: Error Metrics and Regularization",2019,1,1,1,1,1
"L2-012: Error Metrics and Regularization",2020,1,1,1,1,1
"L2-012: Error Metrics and Regularization",2021,1,1,1,1,1
"L2-012: Error Metrics and Regularization",2022,1,1,1,1,1
"L2-012: Error Metrics and Regularization",2023,1,1,1,1,1
"L2-012: Error Metrics and Regularization",2024,1,1,1,1,1
"L2-012: Error Metrics and Regularization",2025,1,1,1,1,1
"L2-012: Error Metrics and Regularization",2026,1,1,1,1,1
"L2-013: Geospatial Spatial Analysis",2010,3.80282897904684,3.04280268991404,4.74313219346183,3.46836836493525,4.18505303697236
"L2-013: Geospatial Spatial Analysis",2011,3.80815106756293,3.08755049657823,4.67592823622851,3.47825910295455,4.13858405890076
"L2-013: Geospatial Spatial Analysis",2012,3.80010544587239,3.13268694063151,4.5868723538753,3.50761499630244,4.10340814135068
"L2-013: Geospatial Spatial Analysis",2013,3.91872031035702,3.30068276535737,4.67070217590502,3.65591721988157,4.21259920758189
"L2-013: Geospatial Spatial Analysis",2014,4.00079963112889,3.38928438224739,4.68913298160371,3.74215279735241,4.28076638879045
"L2-013: Geospatial Spatial Analysis",2015,4.00083337324476,3.42610378554043,4.64444249330507,3.75022301051486,4.2566904219599
"L2-013: Geospatial Spatial Analysis",2016,4.13051305663083,3.59377933395287,4.73526942137231,3.89288486764358,4.36486426525309
"L2-013: Geospatial Spatial Analysis",2017,4.39833380040283,3.85143887326622,4.99050326242322,4.16670454814158,4.64229831600591
"L2-013: Geospatial Spatial Analysis",2018,4.28267099713549,3.7609144917977,4.8608204601174,4.06692784109118,4.51703567947532
"L2-013: Geospatial Spatial Analysis",2019,4.25110722869792,3.74511514502635,4.78120215719657,4.03894271814447,4.47370752588248
"L2-013: Geospatial Spatial Analysis",2020,4.47124264376894,3.93847845036494,5.03879233451202,4.24925168569345,4.69948888354614
"L2-013: Geospatial Spatial Analysis",2021,4.30399380642367,3.77013322178196,4.85818637308062,4.07497070835687,4.52299463944317
"L2-013: Geospatial Spatial Analysis",2022,4.50062466936008,3.95561057827893,5.07710663684596,4.27116038902914,4.73124540612572
"L2-013: Geospatial Spatial Analysis",2023,4.79179473632462,4.23097273630941,5.37571908242325,4.55574419140702,5.02590491710811
"L2-013: Geospatial Spatial Analysis",2024,5.11197348184588,4.5739586508629,5.67065171566626,4.88738198815205,5.3335523796418
"L2-013: Geospatial Spatial Analysis",2025,4.83675169077658,4.26603165765215,5.42017947582154,4.60357716333661,5.07221152558619
"L2-013: Geospatial Spatial Analysis",2026,5.00296956468904,4.39717470045584,5.62848913537276,4.74758453215432,5.25761026570775
"L2-014: Cost Surface Modeling",2010,1,1,1,1,1
"L2-014: Cost Surface Modeling",2011,1,1,1,1,1
"L2-014: Cost Surface Modeling",2012,1,1,1,1,1
"L2-014: Cost Surface Modeling",2013,1,1,1,1,1
"L2-014: Cost Surface Modeling",2014,1,1,1,1,1
"L2-014: Cost Surface Modeling",2015,1,1,1,1,1
"L2-014: Cost Surface Modeling",2016,1,1,1,1,1
"L2-014: Cost Surface Modeling",2017,1,1,1,1,1
"L2-014: Cost Surface Modeling",2018,1,1,1,1,1
"L2-014: Cost Surface Modeling",2019,1,1,1,1,1
"L2-014: Cost Surface Modeling",2020,1,1,1,1,1
"L2-014: Cost Surface Modeling",2021,1,1,1,1,1
"L2-014: Cost Surface Modeling",2022,1,1,1,1,1
"L2-014: Cost Surface Modeling",2023,1,1,1,1,1
"L2-014: Cost Surface Modeling",2024,1,1,1,1,1
"L2-014: Cost Surface Modeling",2025,1,1,1,1,1
"L2-014: Cost Surface Modeling",2026,1,1,1,1,1
"L2-015: Geostatistical Interpolation",2010,3.36677939302503,2.85192691918123,3.8092913342503,3.17546353884933,3.55826805119323
"L2-015: Geostatistical Interpolation",2011,3.37912051826883,2.88730858627063,3.79969571391749,3.18933754760523,3.55492084860267
"L2-015: Geostatistical Interpolation",2012,3.38526859279582,2.94863996854346,3.78690199515741,3.21513271950321,3.55469136846212
"L2-015: Geostatistical Interpolation",2013,3.37898410043487,2.97060448965113,3.76563554198887,3.21705380048046,3.54280430852924
"L2-015: Geostatistical Interpolation",2014,3.38291480957404,3.00520112659525,3.7458624765982,3.22999594934647,3.52924221632094
"L2-015: Geostatistical Interpolation",2015,3.37827847823975,3.02463111432394,3.73338628917466,3.24047812866547,3.52139117260348
"L2-015: Geostatistical Interpolation",2016,3.37193553752745,3.03322829338365,3.70734003873891,3.2407383909374,3.51183340852981
"L2-015: Geostatistical Interpolation",2017,3.37906604445815,3.05758941643418,3.69824897369113,3.24933256937963,3.51163763882633
"L2-015: Geostatistical Interpolation",2018,3.34609365077284,3.02767244528464,3.66265858245153,3.22160010644899,3.47588150510272
"L2-015: Geostatistical Interpolation",2019,3.32910228030692,2.9890588678957,3.65051374851236,3.19626316914277,3.45954194416204
"L2-015: Geostatistical Interpolation",2020,3.2988497299307,2.9613779595517,3.62729152030247,3.16789945954815,3.43307789479778
"L2-015: Geostatistical Interpolation",2021,3.27151840543377,2.91332990854574,3.6094165719651,3.13118351716863,3.40994551045065
"L2-015: Geostatistical Interpolation",2022,3.24516719318959,2.87092917623342,3.58979890846108,3.0990405376959,3.38390362211093
"L2-015: Geostatistical Interpolation",2023,3.16396719191707,2.69529285387841,3.53963768526235,2.98760778257618,3.32240428507487
"L2-015: Geostatistical Interpolation",2024,3.12066881277868,2.62252556369359,3.52480278195616,2.93883120977762,3.28980199957567
"L2-015: Geostatistical Interpolation",2025,3.08484928898954,2.55164407469936,3.51387456961206,2.88245425535186,3.26238277983896
"L2-015: Geostatistical Interpolation",2026,3.05108232224361,2.4832511144166,3.50421311432737,2.83511215480558,3.23629575171661
"L2-016: 3D Geometric Morphometrics",2010,2.5230242650916,2.02419771159451,3.14367311593134,2.30278017563109,2.76378831677292
"L2-016: 3D Geometric Morphometrics",2011,2.60082580966542,2.13940887993963,3.16246612631756,2.39572344143721,2.82747559703474
"L2-016: 3D Geometric Morphometrics",2012,2.59000214107518,2.15661947293609,3.1147821106652,2.40359084615179,2.79941040132621
"L2-016: 3D Geometric Morphometrics",2013,2.65907728530561,2.24146260901103,3.14195156430201,2.48028688357256,2.85500028505757
"L2-016: 3D Geometric Morphometrics",2014,2.70544070348443,2.31729785968506,3.14833751641302,2.54299819969046,2.87860817911313
"L2-016: 3D Geometric Morphometrics",2015,2.76985935315544,2.42222221816021,3.17739827017389,2.61676393762432,2.92860480373516
"L2-016: 3D Geometric Morphometrics",2016,2.80574444046201,2.46285605622241,3.1888915268412,2.66211985019239,2.95652178067765
"L2-016: 3D Geometric Morphometrics",2017,2.85428786498061,2.53853555870631,3.20323145525982,2.72390238353231,2.99299546684841
"L2-016: 3D Geometric Morphometrics",2018,2.91754828750777,2.62517295066628,3.25311867936909,2.79270609371194,3.04623164197762
"L2-016: 3D Geometric Morphometrics",2019,2.83376248313753,2.55203508180064,3.12878291542648,2.7181319275879,2.94573384068959
"L2-016: 3D Geometric Morphometrics",2020,2.98593090198594,2.71912193941097,3.29115514046442,2.87072720165025,3.1054191447735
"L2-016: 3D Geometric Morphometrics",2021,3.02129523661522,2.75309762894465,3.32106297372423,2.90963184499027,3.14000637152434
"L2-016: 3D Geometric Morphometrics",2022,3.06347284114859,2.80321062654472,3.36405137638178,2.95295558476271,3.18083104801766
"L2-016: 3D Geometric Morphometrics",2023,2.97596387551622,2.70746309426854,3.27389950467488,2.86361139998629,3.09035502152204
"L2-016: 3D Geometric Morphometrics",2024,3.10463813662027,2.84190333001615,3.4164582085562,2.99081378914279,3.22372476309483
"L2-016: 3D Geometric Morphometrics",2025,3.14377600257182,2.8603927484629,3.47028430424237,3.02393837770013,3.2704828286187
"L2-016: 3D Geometric Morphometrics",2026,3.12806317367295,2.82557268655598,3.50315277448958,2.99755712061358,3.276483126477
"L2-017: 3D Data Acquisition & Reconstruction",2010,3.07113099090358,2.66474394878069,3.37642765400828,2.92407190920627,3.19513948777616
"L2-017: 3D Data Acquisition & Reconstruction",2011,3.07604690086783,2.69575790932217,3.37243960201978,2.93686131830849,3.19364937527335
"L2-017: 3D Data Acquisition & Reconstruction",2012,3.07461301381191,2.71251409723599,3.36035572932297,2.93972965181447,3.19411693824777
"L2-017: 3D Data Acquisition & Reconstruction",2013,3.0888774412864,2.77015757112496,3.35988308965143,2.96663090989094,3.2016619741156
"L2-017: 3D Data Acquisition & Reconstruction",2014,3.08849965074151,2.78894082470622,3.34268218771802,2.97874456820024,3.19619980859808
"L2-017: 3D Data Acquisition & Reconstruction",2015,3.07692679139252,2.79732373136538,3.31563280499828,2.96963490272129,3.18046129744881
"L2-017: 3D Data Acquisition & Reconstruction",2016,3.08839034977003,2.81923690774434,3.31052767342586,2.98567888866785,3.18122546221564
"L2-017: 3D Data Acquisition & Reconstruction",2017,3.06539949055127,2.82198691509087,3.28414196908621,2.97085186846772,3.15751960684843
"L2-017: 3D Data Acquisition & Reconstruction",2018,3.07352815023034,2.83742508671458,3.28820160807377,2.98136332612237,3.16189693741128
"L2-017: 3D Data Acquisition & Reconstruction",2019,3.07676551472327,2.85846790129477,3.28740708273011,2.98911933969736,3.16058503619798
"L2-017: 3D Data Acquisition & Reconstruction",2020,3.04184592696932,2.8105049354526,3.24829783815295,2.95222435997949,3.12561826758871
"L2-017: 3D Data Acquisition & Reconstruction",2021,3.03793157890577,2.81630714692233,3.24133873948372,2.95041160939779,3.12390113639919
"L2-017: 3D Data Acquisition & Reconstruction",2022,3.04486767520282,2.80234435865666,3.26516336191114,2.94916892221718,3.13931513420347
"L2-017: 3D Data Acquisition & Reconstruction",2023,3.08467588190921,2.84820119447676,3.31497375264063,2.98991262246942,3.18144357688865
"L2-017: 3D Data Acquisition & Reconstruction",2024,3.04026323448442,2.79613193275744,3.27782873265548,2.93939211719502,3.13936503838136
"L2-017: 3D Data Acquisition & Reconstruction",2025,3.06517207265296,2.8060443091783,3.30546904774333,2.96257083786953,3.16478877828829
"L2-017: 3D Data Acquisition & Reconstruction",2026,3.10213327936924,2.82034844649539,3.37297910560334,2.98962720571631,3.21221560789467
"L2-018: Monte Carlo and Resampling Methods",2010,2.47335100658753,1.9345437988779,3.04450954683181,2.23962145327676,2.70298506341584
"L2-018: Monte Carlo and Resampling Methods",2011,2.49662659363683,1.97823869219396,3.02627326028689,2.27295903536623,2.70957485906005
"L2-018: Monte Carlo and Resampling Methods",2012,2.50255984706614,2.03495131573535,3.01087423287534,2.29479211211246,2.70571540941475
"L2-018: Monte Carlo and Resampling Methods",2013,2.51302674297983,2.06329377240027,2.98407079563266,2.32014403793668,2.71014541884859
"L2-018: Monte Carlo and Resampling Methods",2014,2.5064498764131,2.09726500344393,2.95555250809705,2.32442092101703,2.69086414964584
"L2-018: Monte Carlo and Resampling Methods",2015,2.52242913694898,2.1275503240926,2.93056166246023,2.36015638016405,2.69279180748519
"L2-018: Monte Carlo and Resampling Methods",2016,2.51751524642854,2.14869588098958,2.90220806270866,2.36021478770487,2.68005498712024
"L2-018: Monte Carlo and Resampling Methods",2017,2.49752448848114,2.13838544596847,2.88258796322721,2.35047426250812,2.65703457945249
"L2-018: Monte Carlo and Resampling Methods",2018,2.51767285177443,2.17301340545869,2.88785135430561,2.37125402132174,2.67273980689774
"L2-018: Monte Carlo and Resampling Methods",2019,2.53914376183561,2.19918216710557,2.90885972798769,2.39308529864965,2.69138323602132
"L2-018: Monte Carlo and Resampling Methods",2020,2.53185421370699,2.18566712131858,2.91863103942592,2.38708945130494,2.6869238807691
"L2-018: Monte Carlo and Resampling Methods",2021,2.54494538528231,2.17294882313202,2.94135826195242,2.38507967156925,2.70228772888973
"L2-018: Monte Carlo and Resampling Methods",2022,2.55656581167392,2.16694910900916,2.97285896534008,2.39700404631873,2.7225778047447
"L2-018: Monte Carlo and Resampling Methods",2023,2.61042379185084,2.19740452283117,3.04350449694634,2.43683869704303,2.78607490624987
"L2-018: Monte Carlo and Resampling Methods",2024,2.64821946501674,2.21862139492359,3.10588649806252,2.47178887124981,2.83443612964227
"L2-018: Monte Carlo and Resampling Methods",2025,2.66009086690252,2.22505876982317,3.11671698552068,2.47526160504061,2.84997549946471
"L2-018: Monte Carlo and Resampling Methods",2026,2.63436491562926,2.16719397467715,3.14203670726288,2.43809794297397,2.84725880912895
"L2-019: Bayesian Statistical Modeling",2010,1.74634019820748,1.51044913474681,2.07453228327742,1.63992735210423,1.86669659810323
"L2-019: Bayesian Statistical Modeling",2011,1.74783187966185,1.51793399168312,2.05892201723588,1.64424046078435,1.86686240865602
"L2-019: Bayesian Statistical Modeling",2012,1.74794027041237,1.53709910073733,2.02195524486257,1.6501862834479,1.85136010777901
"L2-019: Bayesian Statistical Modeling",2013,1.76944045484317,1.56256659849475,2.04041950307613,1.67974884995185,1.87021176032987
"L2-019: Bayesian Statistical Modeling",2014,1.79210181117898,1.5978616775024,2.03808597878811,1.70557630307947,1.88503595504484
"L2-019: Bayesian Statistical Modeling",2015,1.79539303473253,1.60622337981123,2.02860454230016,1.71142808168999,1.88355874424108
"L2-019: Bayesian Statistical Modeling",2016,1.81434951179218,1.62904285486877,2.03941263008612,1.73298644020158,1.8992128450946
"L2-019: Bayesian Statistical Modeling",2017,1.82360315443557,1.64222399725386,2.04830127761464,1.74246275859899,1.90777088328062
"L2-019: Bayesian Statistical Modeling",2018,1.88991912236065,1.70454394064611,2.11524573733645,1.8108237705789,1.97591250083765
"L2-019: Bayesian Statistical Modeling",2019,1.91928107330955,1.72821876195812,2.15322476682291,1.83888773336834,2.00823687760183
"L2-019: Bayesian Statistical Modeling",2020,1.94492089742983,1.75161164502925,2.17823010752364,1.86262832822789,2.03758352071444
"L2-019: Bayesian Statistical Modeling",2021,1.98305632906804,1.77011802269718,2.24433765732341,1.89047432548824,2.08470226062408
"L2-019: Bayesian Statistical Modeling",2022,1.99523626193026,1.77219914350904,2.27512560161497,1.89749640126312,2.10298815556342
"L2-019: Bayesian Statistical Modeling",2023,1.90497565647059,1.68771134228022,2.17797739915372,1.80839652804025,2.00640445136568
"L2-019: Bayesian Statistical Modeling",2024,1.99922717152473,1.75635274178773,2.30237429856799,1.89077795967846,2.11614856843935
"L2-019: Bayesian Statistical Modeling",2025,2.09115631549779,1.82315600803433,2.43339648512166,1.97375990713006,2.22044614332779
"L2-019: Bayesian Statistical Modeling",2026,2.04951070765591,1.76175710167425,2.42438353242337,1.92296309321171,2.19262299625776
"L2-020: Kernel Density Estimation",2010,1.81672327522054,1.44436833011401,1.99708645681202,1.66161242217517,1.9381074207418
"L2-020: Kernel Density Estimation",2011,1.7989835307517,1.44688518141736,1.99495347944316,1.6474606613676,1.921421477107
"L2-020: Kernel Density Estimation",2012,1.78542682131026,1.45824529296686,1.99148265686233,1.64266483059863,1.90316792258957
"L2-020: Kernel Density Estimation",2013,1.76932923115422,1.46696754643532,1.9848856539707,1.63792386224142,1.88501940822898
"L2-020: Kernel Density Estimation",2014,1.75315498430957,1.47528038436212,1.97432741657336,1.63408292842576,1.8600356749133
"L2-020: Kernel Density Estimation",2015,1.73334639670216,1.47830628724193,1.95047750328717,1.62291269773308,1.83609746083079
"L2-020: Kernel Density Estimation",2016,1.71264746027065,1.47669479456964,1.92378922266547,1.61278701736735,1.80861467151816
"L2-020: Kernel Density Estimation",2017,1.69513092588896,1.47984490712287,1.90039043891487,1.60373325411529,1.78727434173508
"L2-020: Kernel Density Estimation",2018,1.67057966627341,1.46874214921009,1.86569128399415,1.58496640428447,1.75505317081281
"L2-020: Kernel Density Estimation",2019,1.64880566302319,1.45795877583381,1.83608390314775,1.57008258504259,1.72744164064792
"L2-020: Kernel Density Estimation",2020,1.64378978665753,1.46253289025338,1.82646202337169,1.56903469118764,1.71882114223273
"L2-020: Kernel Density Estimation",2021,1.60805270895336,1.43356891978841,1.7943568525997,1.53252604762355,1.68453665536519
"L2-020: Kernel Density Estimation",2022,1.60787792524955,1.42996044393573,1.80050484929178,1.5328272015954,1.68457444023871
"L2-020: Kernel Density Estimation",2023,1.57359369877639,1.39895973007564,1.76669231641939,1.49784493223323,1.65085801632387
"L2-020: Kernel Density Estimation",2024,1.56692685276027,1.39342303485494,1.76453038676326,1.49227077964458,1.64652846102775
"L2-020: Kernel Density Estimation",2025,1.54887505618617,1.36915215781326,1.75741614206343,1.4691266173575,1.63224392284584
"L2-020: Kernel Density Estimation",2026,1.54929219015056,1.35736828577825,1.77140586269383,1.46669974229584,1.63810068660701
"L2-021: Mixture Modeling and Unmixing",2010,2.63813627114605,2.05843215569035,2.95787584864454,2.42125249906539,2.80723141292159
"L2-021: Mixture Modeling and Unmixing",2011,2.66071696507041,2.12061825031816,2.95889733625389,2.45803541800006,2.81688710690844
"L2-021: Mixture Modeling and Unmixing",2012,2.66982007005814,2.16695318225659,2.95679701779058,2.48347219097859,2.82407800076099
"L2-021: Mixture Modeling and Unmixing",2013,2.677250640288,2.21324199392366,2.95511340725691,2.50453491615098,2.81857680697714
"L2-021: Mixture Modeling and Unmixing",2014,2.69227407793411,2.25325313035177,2.95371324854401,2.53257487867441,2.82499525929834
"L2-021: Mixture Modeling and Unmixing",2015,2.70242174594026,2.3084660328441,2.94994757655375,2.55789969421377,2.82742076214871
"L2-021: Mixture Modeling and Unmixing",2016,2.71498396995848,2.35171810949573,2.94573109888806,2.5718002432603,2.82897878380742
"L2-021: Mixture Modeling and Unmixing",2017,2.72176673315151,2.38109972690374,2.94390796777531,2.59151247945445,2.8307567041121
"L2-021: Mixture Modeling and Unmixing",2018,2.72476779426928,2.40811048511143,2.93929953728014,2.6061153224966,2.83097313830983
"L2-021: Mixture Modeling and Unmixing",2019,2.72735412916512,2.423651413275,2.93163662614893,2.61056755313568,2.82384915837956
"L2-021: Mixture Modeling and Unmixing",2020,2.72722184196037,2.43542416032616,2.92914728651186,2.61568212434809,2.82467813205967
"L2-021: Mixture Modeling and Unmixing",2021,2.72620119410439,2.43969236724857,2.92709773909139,2.61392839688615,2.8228484358063
"L2-021: Mixture Modeling and Unmixing",2022,2.71977182284843,2.4182605810192,2.93374330252979,2.60639193724262,2.82075590553314
"L2-021: Mixture Modeling and Unmixing",2023,2.76861693101096,2.47570863222538,2.95627170054334,2.65716609178146,2.86048605287215
"L2-021: Mixture Modeling and Unmixing",2024,2.7713736757165,2.47223005733468,2.96134220795662,2.65571320846708,2.86668834164275
"L2-021: Mixture Modeling and Unmixing",2025,2.77032566328864,2.45264770413639,2.96629032138018,2.65041596880452,2.87165379536304
"L2-021: Mixture Modeling and Unmixing",2026,2.75421243770196,2.41767880430689,2.96371524468027,2.62054750643206,2.86080220954268
"L2-022: Generalized Linear Modeling",2010,3.12187284025183,2.48211858886067,3.73014904812058,2.86293653200582,3.37219414012633
"L2-022: Generalized Linear Modeling",2011,3.14458280247102,2.54869140917173,3.70614711432539,2.90163599767249,3.37217168008143
"L2-022: Generalized Linear Modeling",2012,3.13937607886092,2.58930492407948,3.66737769869435,2.92133215940773,3.35355641382238
"L2-022: Generalized Linear Modeling",2013,3.1575284073542,2.66268646680208,3.65067267149819,2.95705909461572,3.3569503514236
"L2-022: Generalized Linear Modeling",2014,3.18069093779403,2.71819350220192,3.63728630223621,2.98949276011659,3.35899297516594
"L2-022: Generalized Linear Modeling",2015,3.1847375933887,2.77354070661382,3.60859984436299,3.01530924948302,3.35398373520915
"L2-022: Generalized Linear Modeling",2016,3.18109226076685,2.80186340911338,3.57241969506976,3.02562463956008,3.34327074259835
"L2-022: Generalized Linear Modeling",2017,3.19449844392912,2.84088116815442,3.56601234968527,3.04707836720793,3.34490008355405
"L2-022: Generalized Linear Modeling",2018,3.20261749459881,2.87908246530013,3.55665441265847,3.06290352428645,3.34876657032567
"L2-022: Generalized Linear Modeling",2019,3.18550380079607,2.86400101655274,3.52436309289297,3.04827608300805,3.32042861757916
"L2-022: Generalized Linear Modeling",2020,3.18631597718354,2.87330654542511,3.52702250728369,3.05781851316937,3.32339764397174
"L2-022: Generalized Linear Modeling",2021,3.15688342503188,2.85402969014764,3.48836508909136,3.02674998889561,3.28681032382704
"L2-022: Generalized Linear Modeling",2022,3.14473618287256,2.83850372135148,3.48509012547237,3.0144710443946,3.2778739216414
"L2-022: Generalized Linear Modeling",2023,3.10129429103283,2.77013215123925,3.44510929539736,2.96689988803022,3.2428452289899
"L2-022: Generalized Linear Modeling",2024,3.05755184780637,2.72272751212486,3.40373197683296,2.91550448981792,3.19900157842784
"L2-022: Generalized Linear Modeling",2025,2.96547019474495,2.63573809125809,3.30822876544812,2.82821536037948,3.10293437337689
"L2-022: Generalized Linear Modeling",2026,2.92905873797315,2.56285329194893,3.32080511591196,2.77585729908008,3.09296738598105
"L2-023: Regression Modeling",2010,3.71473622612383,3.13935954398927,4.272861283055,3.47522359665861,3.94236331062674
"L2-023: Regression Modeling",2011,3.75843555374128,3.23969998117819,4.27254379614467,3.5356684135157,3.97467291394132
"L2-023: Regression Modeling",2012,3.80359293311938,3.30055641202924,4.2955411279319,3.59503270857781,4.01391984574076
"L2-023: Regression Modeling",2013,3.8015944508343,3.3304401093735,4.27169552859826,3.60873563861556,3.99620872932051
"L2-023: Regression Modeling",2014,3.86497048811861,3.41808337527813,4.3066752761116,3.68405032939427,4.05030632907556
"L2-023: Regression Modeling",2015,3.88408834477925,3.47128796429863,4.28705888581549,3.71255985350041,4.05566137590489
"L2-023: Regression Modeling",2016,3.93152686461529,3.54057666667173,4.31650405825446,3.77183639574573,4.09588184127267
"L2-023: Regression Modeling",2017,3.9285897704468,3.54334327869724,4.29323482879106,3.773249988992,4.08565921387186
"L2-023: Regression Modeling",2018,3.96067812617302,3.58572847793405,4.32193342752817,3.81087142246939,4.11187418773627
"L2-023: Regression Modeling",2019,3.9973120672605,3.63261082655986,4.3382187858853,3.8453885354832,4.1383419547597
"L2-023: Regression Modeling",2020,4.03388425364946,3.67797077261123,4.36443808523248,3.88926372102519,4.17405817936675
"L2-023: Regression Modeling",2021,4.03120170509143,3.66197628985317,4.37936049355222,3.88450819769308,4.1750496536187
"L2-023: Regression Modeling",2022,4.07238546107479,3.70691606805503,4.41372359986017,3.92206263066211,4.2177977203524
"L2-023: Regression Modeling",2023,4.02669387093455,3.63123269783012,4.37265366266895,3.87084595675278,4.17359414889417
"L2-023: Regression Modeling",2024,4.04672048597426,3.64611038226447,4.39990456377177,3.88510506384431,4.19383367380446
"L2-023: Regression Modeling",2025,3.9988110254129,3.5883517788185,4.3399866960079,3.83252321910757,4.13976674945107
"L2-023: Regression Modeling",2026,3.99562028815972,3.54558468939014,4.37731913015214,3.82345538964869,4.15982155995329
"L2-024: Dimensionality Reduction and Projection",2010,3.55794410915898,3.14445561897724,3.97654663982789,3.38617338812841,3.7292103318998
"L2-024: Dimensionality Reduction and Projection",2011,3.66034976776083,3.25642649970313,4.0692058504396,3.49438369817612,3.82587054952509
"L2-024: Dimensionality Reduction and Projection",2012,3.49656051225315,3.100592399776,3.87573484690203,3.33485743765502,3.65560787239008
"L2-024: Dimensionality Reduction and Projection",2013,3.50608453253082,3.13588459338269,3.88012367997412,3.35595813980984,3.66075221429252
"L2-024: Dimensionality Reduction and Projection",2014,3.52483608715443,3.17633474924604,3.89022606369774,3.37885218224302,3.67359366159634
"L2-024: Dimensionality Reduction and Projection",2015,3.40712541258311,3.06160104448989,3.76021031820638,3.26294751029307,3.54887277425664
"L2-024: Dimensionality Reduction and Projection",2016,3.37938069004257,3.03459186378505,3.71218121798254,3.24557438130198,3.51528893921552
"L2-024: Dimensionality Reduction and Projection",2017,3.46112273975502,3.13572682568549,3.80241185555325,3.32692254346681,3.60015586451811
"L2-024: Dimensionality Reduction and Projection",2018,3.38606913737495,3.05731515117301,3.71711604754197,3.2464384955632,3.52291470954336
"L2-024: Dimensionality Reduction and Projection",2019,3.37147906726854,3.04692184399737,3.7156311682879,3.23607554527774,3.50275204418378
"L2-024: Dimensionality Reduction and Projection",2020,3.34372461129018,3.01308934036598,3.67865151246592,3.20504716364045,3.4774012091344
"L2-024: Dimensionality Reduction and Projection",2021,3.27376314112473,2.92244617576096,3.64526515258956,3.12610791772696,3.42826248825288
"L2-024: Dimensionality Reduction and Projection",2022,3.25504913549473,2.88541800810791,3.64120970214414,3.09973666499662,3.41174610219296
"L2-024: Dimensionality Reduction and Projection",2023,3.44360343854872,3.05356190875238,3.83690286436207,3.28207890133421,3.60390093703977
"L2-024: Dimensionality Reduction and Projection",2024,3.40412847423865,3.02734521655705,3.79411133170652,3.24554023919731,3.56220923839434
"L2-024: Dimensionality Reduction and Projection",2025,3.65839242934326,3.27675538204338,4.05261386052728,3.49592493799971,3.82348485511192
"L2-024: Dimensionality Reduction and Projection",2026,3.48265849548783,3.05637928995995,3.94355936657101,3.30417552229154,3.66649884100486
"L2-025: Deep Learning Architectures",2010,3.35989378345834,2.43777519634883,4.57168798391349,2.96505098867164,3.82206971142736
"L2-025: Deep Learning Architectures",2011,3.43921240645484,2.51642454926927,4.60048634622458,3.04928199780586,3.8879595836654
"L2-025: Deep Learning Architectures",2012,3.51585521387585,2.58088469451042,4.67635775200909,3.10552621125929,3.95752561932185
"L2-025: Deep Learning Architectures",2013,3.59932626823673,2.69509762017799,4.66080233990705,3.21442174186499,4.02287831405672
"L2-025: Deep Learning Architectures",2014,3.67733846665965,2.76811051114329,4.74149112974144,3.28677788042923,4.09549511738266
"L2-025: Deep Learning Architectures",2015,3.74212731456023,2.85783383584149,4.75834181015874,3.36378475326956,4.1357701328882
"L2-025: Deep Learning Architectures",2016,3.78354440400884,2.95209737545533,4.78508561211492,3.42645536550976,4.17022166793309
"L2-025: Deep Learning Architectures",2017,3.91699121394863,3.09328824903264,4.84898755087925,3.56072906885546,4.28555241522771
"L2-025: Deep Learning Architectures",2018,3.98464588478524,3.20387249727482,4.87637271815495,3.6588017104796,4.33126121843271
"L2-025: Deep Learning Architectures",2019,4.08003389610334,3.33952684079023,4.91555718394272,3.75983344054371,4.41592412036708
"L2-025: Deep Learning Architectures",2020,4.19080813179098,3.47091380903535,5.00231119735669,3.88732308713989,4.50166972911818
"L2-025: Deep Learning Architectures",2021,4.15078184677924,3.45638022467599,4.88383366560045,3.85703693813741,4.45008275372442
"L2-025: Deep Learning Architectures",2022,4.33841561769891,3.62909130462996,5.10640051595591,4.04439185593705,4.64658209688982
"L2-025: Deep Learning Architectures",2023,4.76251090471256,4.09946873847154,5.49273679643128,4.48204236803192,5.05361688031972
"L2-025: Deep Learning Architectures",2024,4.74898626863949,4.08138173033782,5.45732655829254,4.46323543389452,5.0319603114475
"L2-025: Deep Learning Architectures",2025,5.41520181842399,4.7669457876565,6.07025762601643,5.13898019314458,5.68418929635994
"L2-025: Deep Learning Architectures",2026,5.209616629832,4.42530731183967,6.01736627245012,4.89172452278348,5.54470760699085
"L2-026: Attention Mechanisms",2010,1.85213315129645,1.35121067251884,1.9986060848941,1.64867654233511,1.96250608314705
"L2-026: Attention Mechanisms",2011,1.86667135989711,1.38565086771325,1.9987930838174,1.67670102389892,1.96632688026885
"L2-026: Attention Mechanisms",2012,1.88126361689271,1.42198115598454,1.99887921070556,1.70425764183373,1.97124763279921
"L2-026: Attention Mechanisms",2013,1.89361781899347,1.45813251615496,1.9990412737767,1.73111070325758,1.97450858685408
"L2-026: Attention Mechanisms",2014,1.90605907195274,1.50048152205357,1.99919562531547,1.76008319379406,1.97779952614587
"L2-026: Attention Mechanisms",2015,1.91768504570687,1.54083144377183,1.99924559260617,1.78536478863356,1.98058532916936
"L2-026: Attention Mechanisms",2016,1.92849536695498,1.57790290697119,1.99931352579828,1.81074370079516,1.98287146465726
"L2-026: Attention Mechanisms",2017,1.9376461186929,1.62108398683427,1.99937135326333,1.83333928238836,1.98513827128976
"L2-026: Attention Mechanisms",2018,1.94635122548022,1.65975614948234,1.99945339106943,1.85559906763657,1.98700939948399
"L2-026: Attention Mechanisms",2019,1.95410546767666,1.6946352437562,1.99956388514991,1.8741377582181,1.98885626255038
"L2-026: Attention Mechanisms",2020,1.96052457805684,1.72759594170058,1.99963594466487,1.89016070685284,1.99069362559486
"L2-026: Attention Mechanisms",2021,1.96436226718352,1.74632790694463,1.99967206722364,1.89834067518185,1.99187292361772
"L2-026: Attention Mechanisms",2022,1.9695604773454,1.77965791143029,1.99970578190187,1.91404234096606,1.99318221537104
"L2-026: Attention Mechanisms",2023,1.97883390449495,1.84342855843461,1.99979600671468,1.94114649673142,1.9949476350287
"L2-026: Attention Mechanisms",2024,1.98199646770319,1.86654572514547,1.99985608885841,1.94999192966903,1.99583356107985
"L2-026: Attention Mechanisms",2025,1.98298828113694,1.86980232139973,1.9998415836608,1.95136167743711,1.99626033993094
"L2-026: Attention Mechanisms",2026,1.98092625478009,1.8557445429035,1.9998317680984,1.94432672779539,1.99567008678909
"L2-027: Convolutional Neural Network Architectures",2010,4.38203877395888,3.25526536655042,5.26534984694706,3.94632264460989,4.76884145539403
"L2-027: Convolutional Neural Network Architectures",2011,4.45865576432867,3.40604874344169,5.28746651141084,4.05759431914149,4.81826159868282
"L2-027: Convolutional Neural Network Architectures",2012,4.53125552906473,3.55657689406177,5.30054146247224,4.16107191831511,4.86466377718264
"L2-027: Convolutional Neural Network Architectures",2013,4.59918122734184,3.69332927034374,5.31442688202768,4.25809602304194,4.91022115173763
"L2-027: Convolutional Neural Network Architectures",2014,4.6672678149115,3.83971636727491,5.33174945417219,4.35200106995375,4.95244998531197
"L2-027: Convolutional Neural Network Architectures",2015,4.73148000363884,3.97594596667679,5.33785858481343,4.44173571047316,4.99458210747638
"L2-027: Convolutional Neural Network Architectures",2016,4.78753733621401,4.09005140985734,5.34336764611954,4.52385139271021,5.03132174339977
"L2-027: Convolutional Neural Network Architectures",2017,4.80104758290694,4.13853619853196,5.34634189580139,4.5451106007848,5.04330911975458
"L2-027: Convolutional Neural Network Architectures",2018,4.85424857756549,4.21857478780748,5.3620261924088,4.61562619652516,5.07568649132678
"L2-027: Convolutional Neural Network Architectures",2019,4.86150955231404,4.27573159140498,5.33696457760238,4.63479197798301,5.06786561248779
"L2-027: Convolutional Neural Network Architectures",2020,4.90791774674092,4.36416932634464,5.36466092253331,4.69907958776004,5.10861505176175
"L2-027: Convolutional Neural Network Architectures",2021,4.92474114842065,4.41649980267439,5.34382877720321,4.7285179402967,5.10349497265635
"L2-027: Convolutional Neural Network Architectures",2022,4.93334872073856,4.42940393931535,5.35271154949851,4.74267310202562,5.11461151457573
"L2-027: Convolutional Neural Network Architectures",2023,4.95592711839671,4.4843551218718,5.33772543096214,4.77636295448081,5.1162510287239
"L2-027: Convolutional Neural Network Architectures",2024,4.95295305254647,4.5408165650022,5.30533804706306,4.78994207572201,5.10714926170045
"L2-027: Convolutional Neural Network Architectures",2025,4.88594612870009,4.46420004413381,5.24663559910282,4.72242028740419,5.04705934047682
"L2-027: Convolutional Neural Network Architectures",2026,4.86250706676535,4.3357563783132,5.29851468636984,4.66099941167482,5.05956237002024
"L2-028: Sequence Modeling Architectures",2010,1,1,1,1,1
"L2-028: Sequence Modeling Architectures",2011,1,1,1,1,1
"L2-028: Sequence Modeling Architectures",2012,1,1,1,1,1
"L2-028: Sequence Modeling Architectures",2013,1,1,1,1,1
"L2-028: Sequence Modeling Architectures",2014,1,1,1,1,1
"L2-028: Sequence Modeling Architectures",2015,1,1,1,1,1
"L2-028: Sequence Modeling Architectures",2016,1,1,1,1,1
"L2-028: Sequence Modeling Architectures",2017,1,1,1,1,1
"L2-028: Sequence Modeling Architectures",2018,1,1,1,1,1
"L2-028: Sequence Modeling Architectures",2019,1,1,1,1,1
"L2-028: Sequence Modeling Architectures",2020,1,1,1,1,1
"L2-028: Sequence Modeling Architectures",2021,1,1,1,1,1
"L2-028: Sequence Modeling Architectures",2022,1,1,1,1,1
"L2-028: Sequence Modeling Architectures",2023,1,1,1,1,1
"L2-028: Sequence Modeling Architectures",2024,1,1,1,1,1
"L2-028: Sequence Modeling Architectures",2025,1,1,1,1,1
"L2-028: Sequence Modeling Architectures",2026,1,1,1,1,1
"L2-029: Archaeological Material Characterization",2010,2.67466092060314,1.90341027475114,3.4844237730959,2.32411354627757,3.03004407445397
"L2-029: Archaeological Material Characterization",2011,2.67154024652404,1.94065350191607,3.47473080950479,2.34650178363917,3.02119994230329
"L2-029: Archaeological Material Characterization",2012,2.6831134397596,1.98321386513309,3.43427456117268,2.37586149487303,3.00335022081685
"L2-029: Archaeological Material Characterization",2013,2.68831210253727,2.01771331679265,3.41938833929671,2.38719902021027,3.00209143294366
"L2-029: Archaeological Material Characterization",2014,2.67834075400558,2.04716473391826,3.37559807550808,2.40163557051302,2.97344001307548
"L2-029: Archaeological Material Characterization",2015,2.67794281021306,2.07267615078825,3.35576225741561,2.41449681191421,2.95479351112874
"L2-029: Archaeological Material Characterization",2016,2.69524139116705,2.12701175440023,3.31242054968137,2.44641965470209,2.94836936885949
"L2-029: Archaeological Material Characterization",2017,2.69569976449194,2.15801594504914,3.29193478662457,2.46126899807649,2.94397035605726
"L2-029: Archaeological Material Characterization",2018,2.7156048111638,2.20120355418457,3.28091908705605,2.48589299943027,2.95647665410603
"L2-029: Archaeological Material Characterization",2019,2.70601470973791,2.1887427497162,3.26159415027219,2.47820705372323,2.93199983080487
"L2-029: Archaeological Material Characterization",2020,2.71794165299176,2.21366507594766,3.26715506425695,2.49318825971779,2.9419749955934
"L2-029: Archaeological Material Characterization",2021,2.7399104073355,2.23957816317659,3.29301246558205,2.52946358520787,2.97352121307076
"L2-029: Archaeological Material Characterization",2022,2.72519626184815,2.21061554781663,3.28849607875093,2.50418863522859,2.96187418556257
"L2-029: Archaeological Material Characterization",2023,2.73717875309638,2.20793067353727,3.3071613773291,2.51470344328032,2.97340780517256
"L2-029: Archaeological Material Characterization",2024,2.71763141738987,2.16596173754467,3.3192720532804,2.47868639371143,2.96457267558144
"L2-029: Archaeological Material Characterization",2025,2.73892182820819,2.14855506235216,3.36263741515084,2.48644785540863,3.0060355259789
"L2-029: Archaeological Material Characterization",2026,2.74745134665339,2.13046305070581,3.41532199876614,2.47865780398039,3.03029537868876
"L2-030: Radiocarbon Calibration and Modeling",2010,1.4357135775125,1.21896442076746,1.79326494023252,1.33222061131679,1.56557462527509
"L2-030: Radiocarbon Calibration and Modeling",2011,1.43039487765782,1.21912754933343,1.75398970953407,1.33213313377654,1.55170900476938
"L2-030: Radiocarbon Calibration and Modeling",2012,1.42980763403815,1.23081135856013,1.72754527670819,1.33718715289247,1.54257805528833
"L2-030: Radiocarbon Calibration and Modeling",2013,1.42578326434696,1.24009522549774,1.70095421214529,1.3419396358393,1.5262446511713
"L2-030: Radiocarbon Calibration and Modeling",2014,1.4293290971152,1.24957215234846,1.68624401762179,1.34760434179273,1.52436443307083
"L2-030: Radiocarbon Calibration and Modeling",2015,1.42693487233592,1.27338091032918,1.64404047796328,1.35743475804143,1.50806825946808
"L2-030: Radiocarbon Calibration and Modeling",2016,1.42375445603437,1.26142558423109,1.64596392987383,1.35113578103892,1.50655557485635
"L2-030: Radiocarbon Calibration and Modeling",2017,1.42611294482208,1.27576122777846,1.62918178411616,1.36105726506786,1.50284594122774
"L2-030: Radiocarbon Calibration and Modeling",2018,1.42580482677239,1.2812680251791,1.62256306591321,1.36185607570603,1.49959635704025
"L2-030: Radiocarbon Calibration and Modeling",2019,1.41903768135851,1.27838418341335,1.60501951964792,1.35843639910169,1.49033720696228
"L2-030: Radiocarbon Calibration and Modeling",2020,1.40878715839726,1.27252159268579,1.59572963042015,1.34815343442793,1.47880748420344
"L2-030: Radiocarbon Calibration and Modeling",2021,1.42791997961366,1.28551828467688,1.61604921761423,1.36418657393684,1.49922093233676
"L2-030: Radiocarbon Calibration and Modeling",2022,1.43363995213867,1.28782495474275,1.63253501297776,1.37072905000885,1.50788787349647
"L2-030: Radiocarbon Calibration and Modeling",2023,1.44077925999731,1.28625914363628,1.6492660168135,1.37061148535749,1.52026325024468
"L2-030: Radiocarbon Calibration and Modeling",2024,1.43316367428964,1.27589291541855,1.64745033145498,1.36267557296947,1.51614357557397
"L2-030: Radiocarbon Calibration and Modeling",2025,1.42630466105267,1.26151986052112,1.65693151079596,1.35156514472724,1.51099651791955
"L2-030: Radiocarbon Calibration and Modeling",2026,1.43665955231908,1.25818682457365,1.69418930481434,1.35395884568899,1.53032782778021
"L2-031: Thermal Analysis Methods",2010,1,1,1,1,1
"L2-031: Thermal Analysis Methods",2011,1,1,1,1,1
"L2-031: Thermal Analysis Methods",2012,1,1,1,1,1
"L2-031: Thermal Analysis Methods",2013,1,1,1,1,1
"L2-031: Thermal Analysis Methods",2014,1,1,1,1,1
"L2-031: Thermal Analysis Methods",2015,1,1,1,1,1
"L2-031: Thermal Analysis Methods",2016,1,1,1,1,1
"L2-031: Thermal Analysis Methods",2017,1,1,1,1,1
"L2-031: Thermal Analysis Methods",2018,1,1,1,1,1
"L2-031: Thermal Analysis Methods",2019,1,1,1,1,1
"L2-031: Thermal Analysis Methods",2020,1,1,1,1,1
"L2-031: Thermal Analysis Methods",2021,1,1,1,1,1
"L2-031: Thermal Analysis Methods",2022,1,1,1,1,1
"L2-031: Thermal Analysis Methods",2023,1,1,1,1,1
"L2-031: Thermal Analysis Methods",2024,1,1,1,1,1
"L2-031: Thermal Analysis Methods",2025,1,1,1,1,1
"L2-031: Thermal Analysis Methods",2026,1,1,1,1,1
"L2-032: Distance and Similarity Metrics",2010,3.8046754794226,2.92079545614378,4.58909982449618,3.46703477271719,4.13875621200881
"L2-032: Distance and Similarity Metrics",2011,3.81619819898,2.99783024500607,4.56263072150524,3.49506614445166,4.13051478546008
"L2-032: Distance and Similarity Metrics",2012,3.89156086975459,3.12300417879335,4.59258827309784,3.5914480538481,4.18138685556391
"L2-032: Distance and Similarity Metrics",2013,3.95148879465617,3.22935546524934,4.59398531215266,3.67757922758191,4.2179447508386
"L2-032: Distance and Similarity Metrics",2014,3.97984551997002,3.31415700661512,4.59952508104114,3.71992231684481,4.24302857421147
"L2-032: Distance and Similarity Metrics",2015,3.99183982920918,3.37768480603874,4.56636385433234,3.74813627765645,4.2308382476136
"L2-032: Distance and Similarity Metrics",2016,4.03460341743224,3.45899623660311,4.57830562016818,3.8093089660141,4.26350315934418
"L2-032: Distance and Similarity Metrics",2017,4.09051854677265,3.55440059719997,4.60737309862556,3.87692366779236,4.30487285081244
"L2-032: Distance and Similarity Metrics",2018,4.10799729416159,3.60614635156099,4.5965671901697,3.90342573794669,4.30067370166369
"L2-032: Distance and Similarity Metrics",2019,4.10956103890798,3.62442468451763,4.57948827745123,3.91532507031289,4.30746579290187
"L2-032: Distance and Similarity Metrics",2020,4.11208633242328,3.63850470029678,4.57672226432433,3.9141247203728,4.30532403256031
"L2-032: Distance and Similarity Metrics",2021,4.13692025751212,3.66790699417456,4.60496066346134,3.94399897136354,4.32857763356288
"L2-032: Distance and Similarity Metrics",2022,4.15591882603209,3.67855133941071,4.63839441558951,3.96054818700076,4.34364376582199
"L2-032: Distance and Similarity Metrics",2023,4.2314101400272,3.77375513427832,4.70431738930098,4.03857909544343,4.42636973182212
"L2-032: Distance and Similarity Metrics",2024,4.23242348658256,3.7485389623713,4.72381389948995,4.0291473191222,4.43763836001041
"L2-032: Distance and Similarity Metrics",2025,4.260145664893,3.7571694110073,4.77478980887428,4.04925550926901,4.4700194057344
"L2-032: Distance and Similarity Metrics",2026,4.27563117835367,3.73290093089638,4.83583660660315,4.0500181501697,4.51769587456823
"L2-033: Fuzzy Clustering Methods",2010,1,1,1,1,1
"L2-033: Fuzzy Clustering Methods",2011,1,1,1,1,1
"L2-033: Fuzzy Clustering Methods",2012,1,1,1,1,1
"L2-033: Fuzzy Clustering Methods",2013,1,1,1,1,1
"L2-033: Fuzzy Clustering Methods",2014,1,1,1,1,1
"L2-033: Fuzzy Clustering Methods",2015,1,1,1,1,1
"L2-033: Fuzzy Clustering Methods",2016,1,1,1,1,1
"L2-033: Fuzzy Clustering Methods",2017,1,1,1,1,1
"L2-033: Fuzzy Clustering Methods",2018,1,1,1,1,1
"L2-033: Fuzzy Clustering Methods",2019,1,1,1,1,1
"L2-033: Fuzzy Clustering Methods",2020,1,1,1,1,1
"L2-033: Fuzzy Clustering Methods",2021,1,1,1,1,1
"L2-033: Fuzzy Clustering Methods",2022,1,1,1,1,1
"L2-033: Fuzzy Clustering Methods",2023,1,1,1,1,1
"L2-033: Fuzzy Clustering Methods",2024,1,1,1,1,1
"L2-033: Fuzzy Clustering Methods",2025,1,1,1,1,1
"L2-033: Fuzzy Clustering Methods",2026,1,1,1,1,1
"L2-034: Partitioning and Hierarchical Clustering",2010,1.48503350191851,1.28899205506258,1.7518700733281,1.39808390984982,1.58651250644146
"L2-034: Partitioning and Hierarchical Clustering",2011,1.5019142633684,1.31809716717744,1.75843960114578,1.42022403210043,1.59850011857384
"L2-034: Partitioning and Hierarchical Clustering",2012,1.51131423822419,1.33257591253844,1.74178021907798,1.4327066091914,1.5982542433315
"L2-034: Partitioning and Hierarchical Clustering",2013,1.51687984942495,1.34730953341101,1.73342077717132,1.44228376500227,1.60083208232512
"L2-034: Partitioning and Hierarchical Clustering",2014,1.54023691712297,1.37949223712498,1.7352200384115,1.47008559677791,1.616986722649
"L2-034: Partitioning and Hierarchical Clustering",2015,1.52320076601923,1.36946289522739,1.70348062579345,1.45763138124292,1.59439011070363
"L2-034: Partitioning and Hierarchical Clustering",2016,1.54765220374471,1.40031331667977,1.72723953380095,1.48485450317351,1.61759523963975
"L2-034: Partitioning and Hierarchical Clustering",2017,1.55047355080826,1.41145805697708,1.71996529369799,1.49080072240105,1.61658687559778
"L2-034: Partitioning and Hierarchical Clustering",2018,1.58001954274699,1.43988411010201,1.73997103712329,1.52097794428482,1.64470470058268
"L2-034: Partitioning and Hierarchical Clustering",2019,1.58165375383705,1.44652520800518,1.74251229183163,1.52387439603082,1.64312833284482
"L2-034: Partitioning and Hierarchical Clustering",2020,1.58895815363999,1.45276290419752,1.74925700483718,1.5315957946718,1.65282465393757
"L2-034: Partitioning and Hierarchical Clustering",2021,1.60520514219268,1.46415395546459,1.77097168417009,1.54594842378972,1.67016688198716
"L2-034: Partitioning and Hierarchical Clustering",2022,1.6125420125556,1.46539274291104,1.78714850588488,1.5498041013903,1.68010010125505
"L2-034: Partitioning and Hierarchical Clustering",2023,1.60525243457309,1.45798701488748,1.77720563288543,1.54282317636812,1.67200041541337
"L2-034: Partitioning and Hierarchical Clustering",2024,1.63432849775357,1.47882267911617,1.80988198994431,1.56818809694453,1.7018637402899
"L2-034: Partitioning and Hierarchical Clustering",2025,1.60654915650337,1.44957087418245,1.79253919892153,1.53797017008918,1.67839521707271
"L2-034: Partitioning and Hierarchical Clustering",2026,1.64621258436795,1.47152152909494,1.86097561842136,1.56993814140202,1.73278369602633
"L2-035: Vibrational and Optical Spectroscopy",2010,2.7478135551535,2.41708337002735,2.96789990667556,2.61470105312059,2.86512050219356
"L2-035: Vibrational and Optical Spectroscopy",2011,2.75271027675754,2.45395281518396,2.96587802992841,2.63135288277878,2.86287472800951
"L2-035: Vibrational and Optical Spectroscopy",2012,2.7553346548423,2.48191681920112,2.95849289050167,2.64492776787063,2.85595391967523
"L2-035: Vibrational and Optical Spectroscopy",2013,2.75469146455564,2.50511920018457,2.95188620104005,2.65296473875619,2.8494556886034
"L2-035: Vibrational and Optical Spectroscopy",2014,2.74491182768418,2.50918901177393,2.9314280880455,2.65081035949378,2.83070187728297
"L2-035: Vibrational and Optical Spectroscopy",2015,2.74122789936314,2.52259591589159,2.91617876818439,2.65672421662663,2.82001521990048
"L2-035: Vibrational and Optical Spectroscopy",2016,2.73891784079486,2.54093618320453,2.90529284586269,2.65956492655823,2.81331740038315
"L2-035: Vibrational and Optical Spectroscopy",2017,2.71457633883911,2.5293728604369,2.87328030454177,2.64140864852525,2.78378191359926
"L2-035: Vibrational and Optical Spectroscopy",2018,2.71965400480822,2.54120965134537,2.87052663620282,2.64827863506948,2.78668318077603
"L2-035: Vibrational and Optical Spectroscopy",2019,2.69870921407669,2.52640813141084,2.84822600266877,2.63045116583183,2.7632998135798
"L2-035: Vibrational and Optical Spectroscopy",2020,2.68731898371055,2.51949842024791,2.83873556441147,2.62046169573003,2.75116870314585
"L2-035: Vibrational and Optical Spectroscopy",2021,2.66256531968548,2.48227642954946,2.82423842327115,2.59157116734596,2.73268795792785
"L2-035: Vibrational and Optical Spectroscopy",2022,2.66550425253735,2.47801679950067,2.82853764621563,2.59313408813053,2.73729922327368
"L2-035: Vibrational and Optical Spectroscopy",2023,2.59605079576046,2.39285994276186,2.78187632982708,2.51466384770423,2.67345166686936
"L2-035: Vibrational and Optical Spectroscopy",2024,2.54255072433153,2.3258688947372,2.73582055934272,2.45519005850133,2.62474521314792
"L2-035: Vibrational and Optical Spectroscopy",2025,2.53402210096718,2.30424287725163,2.73854840989968,2.4411668818966,2.61981965588993
"L2-035: Vibrational and Optical Spectroscopy",2026,2.5030954692343,2.24469966264241,2.74271064413245,2.39782638209013,2.60786282375461
"L2-036: X-ray Spectrometry and Diffraction",2010,2.88403671472912,2.64279123262649,2.98938468408694,2.79349234949361,2.94612632021859
"L2-036: X-ray Spectrometry and Diffraction",2011,2.89900101116526,2.66946345519953,2.99153187429831,2.81876200270305,2.95365083597978
"L2-036: X-ray Spectrometry and Diffraction",2012,2.91380903056771,2.72010179202473,2.99246153140487,2.84464317092168,2.96097833687931
"L2-036: X-ray Spectrometry and Diffraction",2013,2.92906061430378,2.7599805937835,2.99424929180754,2.86956358728924,2.96875316408319
"L2-036: X-ray Spectrometry and Diffraction",2014,2.94295451237146,2.8025235083578,2.99536099680531,2.89541954319755,2.97526414835995
"L2-036: X-ray Spectrometry and Diffraction",2015,2.94990381670704,2.82432627146376,2.99573805156859,2.90901876960374,2.97750602312639
"L2-036: X-ray Spectrometry and Diffraction",2016,2.95897964676207,2.8510904769953,2.99682221110818,2.92294754150419,2.98245376094615
"L2-036: X-ray Spectrometry and Diffraction",2017,2.96826877826089,2.87894063983274,2.99737666244177,2.93946186931044,2.98663628520621
"L2-036: X-ray Spectrometry and Diffraction",2018,2.97574846267284,2.9011636060948,2.99818295621741,2.95156971892398,2.98975038933539
"L2-036: X-ray Spectrometry and Diffraction",2019,2.97788753190884,2.91074406535036,2.99828827910538,2.95730819175603,2.99062065766304
"L2-036: X-ray Spectrometry and Diffraction",2020,2.98130081105742,2.92219515542792,2.998565837004,2.96365955817029,2.99222650452874
"L2-036: X-ray Spectrometry and Diffraction",2021,2.98047266814951,2.91564456893331,2.99854229912332,2.96066680296716,2.99211820367358
"L2-036: X-ray Spectrometry and Diffraction",2022,2.97636363228425,2.90133299548803,2.99831133481211,2.95361172955088,2.99003640113878
"L2-036: X-ray Spectrometry and Diffraction",2023,2.97227507271904,2.89087340032765,2.99785360991653,2.94576944771366,2.98817415919812
"L2-036: X-ray Spectrometry and Diffraction",2024,2.96728435515631,2.87777642542252,2.99737849600276,2.93864661087594,2.98597288477403
"L2-036: X-ray Spectrometry and Diffraction",2025,2.9576518864167,2.85251992850788,2.99660336196307,2.92196129704253,2.98140613104175
"L2-036: X-ray Spectrometry and Diffraction",2026,2.94909323062726,2.81495825154971,2.9957767318293,2.90552086652645,2.97806918476708
"L2-037: Statistical Inference and Validation",2010,2.58058908245063,1.9326565303203,3.3226560097973,2.2915141888789,2.88250147022028
"L2-037: Statistical Inference and Validation",2011,2.62874474483821,2.01032581970852,3.34110752887286,2.35750101103383,2.91901616387261
"L2-037: Statistical Inference and Validation",2012,2.6694469842125,2.07121921794556,3.33866066223887,2.40762807315812,2.94112984375999
"L2-037: Statistical Inference and Validation",2013,2.72033701989199,2.14304681448047,3.35124439307245,2.47425879713318,2.98229170582355
"L2-037: Statistical Inference and Validation",2014,2.81287019020352,2.26145006587257,3.40198277836213,2.57541481635052,3.05318443899569
"L2-037: Statistical Inference and Validation",2015,2.84788403639358,2.3243679903289,3.40887276984794,2.62389151348308,3.07937058676134
"L2-037: Statistical Inference and Validation",2016,2.90121892952258,2.40323605822717,3.43404328465053,2.68961530906896,3.11795414633685
"L2-037: Statistical Inference and Validation",2017,2.97649306465932,2.49833875276738,3.48307585678188,2.77336153425119,3.18566565503681
"L2-037: Statistical Inference and Validation",2018,3.04361149494064,2.58272574232266,3.52693656167778,2.84984065510756,3.24125376485657
"L2-037: Statistical Inference and Validation",2019,3.1052068636635,2.65068944298905,3.56767691724341,2.9179493495877,3.2983116077546
"L2-037: Statistical Inference and Validation",2020,3.15033075837861,2.6891121336213,3.61593295808997,2.95572266034234,3.33371758743622
"L2-037: Statistical Inference and Validation",2021,3.2428272515109,2.777386785314,3.71973500741672,3.05019782666349,3.44006605198277
"L2-037: Statistical Inference and Validation",2022,3.29369652152038,2.80922311432689,3.76423879922888,3.09611539537615,3.48876189061909
"L2-037: Statistical Inference and Validation",2023,3.5843605954465,3.12272459914804,4.056209860232,3.39161383322509,3.77930092112989
"L2-037: Statistical Inference and Validation",2024,3.68403077472869,3.21228881492906,4.12343244013001,3.48978436796336,3.86970676153778
"L2-037: Statistical Inference and Validation",2025,3.74763729692265,3.26599381754678,4.20193947812274,3.55520869471619,3.94189929996915
"L2-037: Statistical Inference and Validation",2026,3.85242292361812,3.30920572146883,4.32844463921802,3.63466676548562,4.05650775362158
"L2-038: Correlation Analysis Methods",2010,1.54269191351913,1.27393400103754,1.97564134743098,1.4128702919565,1.69925000166836
"L2-038: Correlation Analysis Methods",2011,1.52262099568188,1.27192129760321,1.91012738324392,1.40634748064517,1.66400916378843
"L2-038: Correlation Analysis Methods",2012,1.49662543450604,1.27484783651229,1.83723425594811,1.39394230516963,1.62322834768358
"L2-038: Correlation Analysis Methods",2013,1.48434862142869,1.27553045072665,1.78871041915573,1.38813663137541,1.59722612909466
"L2-038: Correlation Analysis Methods",2014,1.48188606738605,1.29106157341451,1.75553200669394,1.39372212154309,1.58336871212844
"L2-038: Correlation Analysis Methods",2015,1.45793186733972,1.27734791050644,1.70558148443772,1.3774085660843,1.55192329826546
"L2-038: Correlation Analysis Methods",2016,1.44432571930765,1.28045788297037,1.66312415145254,1.37008009999786,1.52893792335228
"L2-038: Correlation Analysis Methods",2017,1.42177371799171,1.26952160648813,1.6193322222864,1.35479245325771,1.49663404437451
"L2-038: Correlation Analysis Methods",2018,1.41283395307413,1.26702163573719,1.59940567212806,1.34628635945236,1.48467912781197
"L2-038: Correlation Analysis Methods",2019,1.4023281897551,1.2661216435277,1.58438220821815,1.34201747469658,1.46841398758015
"L2-038: Correlation Analysis Methods",2020,1.37892260508472,1.25263570507224,1.55058801973138,1.32295990791731,1.44259944240057
"L2-038: Correlation Analysis Methods",2021,1.37544165514644,1.24988185567422,1.54059299599211,1.31847491700116,1.43794321063378
"L2-038: Correlation Analysis Methods",2022,1.35662121325225,1.22934461256822,1.52789106509136,1.3001459326657,1.41980211148094
"L2-038: Correlation Analysis Methods",2023,1.34479326733068,1.22073816891148,1.51101784423518,1.28848719373811,1.40783050286666
"L2-038: Correlation Analysis Methods",2024,1.3321890627583,1.20853768265438,1.49821303887283,1.27607377761407,1.39411143128459
"L2-038: Correlation Analysis Methods",2025,1.29288051435007,1.18036118665761,1.45586775231395,1.24131728325373,1.35182128808553
"L2-038: Correlation Analysis Methods",2026,1.31436369074347,1.18538686467917,1.50380002662797,1.25418901364526,1.38251367151825
"L2-039: Statistical Inference Methods",2010,3.03053483230114,2.53657922870004,3.49751300614038,2.82494285126983,3.23043094828873
"L2-039: Statistical Inference Methods",2011,3.07139683295178,2.61474444470273,3.50218403968372,2.88014564703041,3.26357253144029
"L2-039: Statistical Inference Methods",2012,3.1995879908473,2.78023184741733,3.5765076433297,3.0254357735092,3.36377944560952
"L2-039: Statistical Inference Methods",2013,3.24157116244566,2.8549572302128,3.5981559899518,3.0849080140975,3.3944205396435
"L2-039: Statistical Inference Methods",2014,3.28573152982893,2.92916048295071,3.61279814027149,3.14531786914497,3.42810450129652
"L2-039: Statistical Inference Methods",2015,3.37316122048786,3.05258512216625,3.66348299044731,3.24582979542354,3.49800195416945
"L2-039: Statistical Inference Methods",2016,3.44206985296976,3.15250424546818,3.70103801712667,3.32654157987671,3.55352932932274
"L2-039: Statistical Inference Methods",2017,3.45027742608425,3.16745692380596,3.69106906088895,3.33822860061494,3.55579788886107
"L2-039: Statistical Inference Methods",2018,3.52698454539915,3.26730677796387,3.74798987274039,3.42555272420679,3.62208676452411
"L2-039: Statistical Inference Methods",2019,3.54074583487505,3.28585990743715,3.74417845141825,3.44121587758797,3.63218551079711
"L2-039: Statistical Inference Methods",2020,3.57850847337466,3.33642448923267,3.77437222708999,3.48510947326914,3.66938227735575
"L2-039: Statistical Inference Methods",2021,3.63041777980047,3.39293793865974,3.82015244067803,3.53883436517387,3.71301717279098
"L2-039: Statistical Inference Methods",2022,3.68047139275057,3.45594013853779,3.85508145831688,3.59232044215877,3.76048295978734
"L2-039: Statistical Inference Methods",2023,3.72773231880643,3.51761168812902,3.88777169090892,3.64484399666841,3.80158881486685
"L2-039: Statistical Inference Methods",2024,3.71230112978663,3.48636811268809,3.8850161768512,3.62472787390476,3.79355842651352
"L2-039: Statistical Inference Methods",2025,3.65178439057834,3.4101607385204,3.83731484472632,3.55743463162121,3.73749778091939
"L2-039: Statistical Inference Methods",2026,3.63296000467565,3.33107753648005,3.85742008038686,3.51615637451701,3.73576523981496
"L2-040: Parametric and Nonparametric Tests",2010,2.65817072749153,2.03959180017706,3.36635208731745,2.40080781469724,2.9343541583305
"L2-040: Parametric and Nonparametric Tests",2011,2.69403799430659,2.10387601154174,3.36623596911812,2.43882662180833,2.95768662687846
"L2-040: Parametric and Nonparametric Tests",2012,2.76669263709136,2.20337744282934,3.40164321668943,2.52385589081763,3.01881031301733
"L2-040: Parametric and Nonparametric Tests",2013,2.7998010366418,2.25976338443369,3.3782585307558,2.57476974703029,3.03241177814773
"L2-040: Parametric and Nonparametric Tests",2014,2.86608803917886,2.36153492555185,3.41850925495501,2.64820975256063,3.08581811714453
"L2-040: Parametric and Nonparametric Tests",2015,2.94954502080211,2.46045764398369,3.47312629441954,2.75175894628659,3.15947111174401
"L2-040: Parametric and Nonparametric Tests",2016,2.96202516612851,2.50412425070455,3.44541587858649,2.77352770068518,3.15900087394164
"L2-040: Parametric and Nonparametric Tests",2017,3.06406984107765,2.61759246002683,3.54402893915066,2.87652777968956,3.252357474671
"L2-040: Parametric and Nonparametric Tests",2018,3.1179000749688,2.69936865298328,3.56539321706465,2.9432103885182,3.29570893142341
"L2-040: Parametric and Nonparametric Tests",2019,3.19115486563403,2.77043624340051,3.60886366187593,3.01356841628001,3.36199963952161
"L2-040: Parametric and Nonparametric Tests",2020,3.22750439962877,2.80387093886914,3.65250681218705,3.05523439952246,3.40402427136647
"L2-040: Parametric and Nonparametric Tests",2021,3.28680462566937,2.85547402509826,3.69503517621616,3.11081911109029,3.45860313024829
"L2-040: Parametric and Nonparametric Tests",2022,3.27171684691453,2.81791956803384,3.69976091368415,3.09130866951902,3.44774238004734
"L2-040: Parametric and Nonparametric Tests",2023,3.5690365998654,3.17618248225366,3.95344666846343,3.41126298596614,3.7297031365275
"L2-040: Parametric and Nonparametric Tests",2024,3.6186222029477,3.22138094207935,4.00997377325067,3.44901469084994,3.78646698269342
"L2-040: Parametric and Nonparametric Tests",2025,3.66395603690038,3.26970950986368,4.04501074127393,3.50629342980535,3.82114483334413
"L2-040: Parametric and Nonparametric Tests",2026,3.6429206862028,3.20359403028617,4.07979615833162,3.45957359046278,3.82247522763112
"L2-041: Gradient Boosting Variants",2010,1.58123715012562,1.20645678639784,1.9810456849499,1.38595156077128,1.79058840112462
"L2-041: Gradient Boosting Variants",2011,1.57283150025246,1.21646323402366,1.9744600327272,1.38923459145399,1.76830459067733
"L2-041: Gradient Boosting Variants",2012,1.56152850366716,1.2143995830145,1.96376832672819,1.3880356865167,1.7470263593453
"L2-041: Gradient Boosting Variants",2013,1.55280586414099,1.22997811557094,1.94509527596702,1.39161851790688,1.72873981749942
"L2-041: Gradient Boosting Variants",2014,1.54180249234008,1.23767635153037,1.92018815385328,1.39167222546643,1.70348220690936
"L2-041: Gradient Boosting Variants",2015,1.53420243337493,1.24456590467238,1.89805130938834,1.39571618009048,1.68622087316122
"L2-041: Gradient Boosting Variants",2016,1.53439777616443,1.26304906142645,1.87230922198738,1.4027851742449,1.67719887583357
"L2-041: Gradient Boosting Variants",2017,1.51550131798069,1.26024452817068,1.8393808810943,1.39334301252034,1.64901127984507
"L2-041: Gradient Boosting Variants",2018,1.50785994136337,1.27139876450954,1.80375374168104,1.39839946965321,1.63188902323912
"L2-041: Gradient Boosting Variants",2019,1.49664436320681,1.26511688295828,1.78861520122987,1.39083023248545,1.61664503987937
"L2-041: Gradient Boosting Variants",2020,1.49548975851747,1.27447841189198,1.7745736833686,1.3926224443962,1.61119413164454
"L2-041: Gradient Boosting Variants",2021,1.48498200159402,1.27100038627708,1.75682979489753,1.38836306117724,1.59791813732557
"L2-041: Gradient Boosting Variants",2022,1.47163477692225,1.26298023717045,1.74253900843905,1.37591051471333,1.57876808345502
"L2-041: Gradient Boosting Variants",2023,1.45955140765431,1.26753745044928,1.70821849235969,1.37387568071018,1.55798440925821
"L2-041: Gradient Boosting Variants",2024,1.4409375005266,1.24694306674489,1.69413624332533,1.35291908265061,1.53993745143746
"L2-041: Gradient Boosting Variants",2025,1.43364626657344,1.23995315508846,1.68795381504005,1.34523913373016,1.53178142371941
"L2-041: Gradient Boosting Variants",2026,1.42934232652163,1.2307699089389,1.69779331092892,1.33647327010655,1.53088307407581
"L2-042: Tree-Based Ensemble Methods",2010,1.91806273249188,1.54984880275456,1.99924000745144,1.79476689318734,1.98089994606416
"L2-042: Tree-Based Ensemble Methods",2011,1.94083693145385,1.62560860228447,1.99949518448979,1.83545795275025,1.98612035521578
"L2-042: Tree-Based Ensemble Methods",2012,1.95345783970517,1.68881678808505,1.99962768902082,1.87382277432729,1.98914148143499
"L2-042: Tree-Based Ensemble Methods",2013,1.96365250210261,1.75210165605737,1.99964142209359,1.89992251890167,1.99191851096423
"L2-042: Tree-Based Ensemble Methods",2014,1.97067564618758,1.78782872869404,1.99973812234111,1.91637557173322,1.99278393234273
"L2-042: Tree-Based Ensemble Methods",2015,1.97062898268715,1.79498276542512,1.99973259773021,1.91843607179792,1.99301942280218
"L2-042: Tree-Based Ensemble Methods",2016,1.96140286699363,1.76899134655839,1.99962534189059,1.90133083576372,1.99003415014753
"L2-042: Tree-Based Ensemble Methods",2017,1.94153933105727,1.74517282096133,1.99928159596595,1.87350421468629,1.98344950289514
"L2-042: Tree-Based Ensemble Methods",2018,1.90904055392136,1.72621055582745,1.99774674162509,1.84050808823118,1.96462049993015
"L2-042: Tree-Based Ensemble Methods",2019,1.86475362724442,1.66297226025951,1.98980977409447,1.78787901158921,1.93136684190379
"L2-042: Tree-Based Ensemble Methods",2020,1.82592438347016,1.63322045613187,1.97097389884248,1.74899057252736,1.89729559964535
"L2-042: Tree-Based Ensemble Methods",2021,1.77817493209182,1.58079194769302,1.94231471968982,1.69717959930896,1.85246723951181
"L2-042: Tree-Based Ensemble Methods",2022,1.72410703529766,1.52640178464858,1.90787580390893,1.64265096161969,1.80551781172708
"L2-042: Tree-Based Ensemble Methods",2023,1.677767494252,1.49399431495771,1.85625824554762,1.60284283497661,1.75371534136749
"L2-042: Tree-Based Ensemble Methods",2024,1.63580663371744,1.45120966320895,1.8202463464521,1.55600557682822,1.71148971400746
"L2-042: Tree-Based Ensemble Methods",2025,1.58304797549133,1.40469821840105,1.77037086751023,1.50830651653032,1.65806313600851
"L2-042: Tree-Based Ensemble Methods",2026,1.52241927155493,1.33665214521535,1.73530611300171,1.44232255155917,1.60762624217522
"L2-043: Paleoenvironmental Transfer Functions",2010,1.76550323812007,1.32603809200363,1.99681383866456,1.57406723180869,1.92373216672032
"L2-043: Paleoenvironmental Transfer Functions",2011,1.78675717604377,1.36354849900832,1.99701684038051,1.6044508795564,1.93155254633962
"L2-043: Paleoenvironmental Transfer Functions",2012,1.80301008951439,1.39083994795444,1.99730048161218,1.62890270238002,1.93778631808441
"L2-043: Paleoenvironmental Transfer Functions",2013,1.82304993930118,1.417112983711,1.99765804408158,1.64963194416492,1.94435943176412
"L2-043: Paleoenvironmental Transfer Functions",2014,1.83628128622642,1.45052295274956,1.99805163286536,1.67508575917748,1.9493011555316
"L2-043: Paleoenvironmental Transfer Functions",2015,1.85613593871142,1.48610539159216,1.99832546127369,1.70633619564821,1.95786770598682
"L2-043: Paleoenvironmental Transfer Functions",2016,1.87188487042517,1.50431589604062,1.99829863782035,1.72502791677107,1.9637458211748
"L2-043: Paleoenvironmental Transfer Functions",2017,1.88624776508166,1.52200679765491,1.99874035499898,1.74478590017183,1.9696898541643
"L2-043: Paleoenvironmental Transfer Functions",2018,1.89597837684666,1.54170215625643,1.99887562328996,1.76294307950117,1.97325793047914
"L2-043: Paleoenvironmental Transfer Functions",2019,1.90709375179493,1.55332221981051,1.99895933630799,1.77665283537922,1.97642238070024
"L2-043: Paleoenvironmental Transfer Functions",2020,1.91057047549313,1.55221698052465,1.99900591121096,1.7834394774247,1.97806518709461
"L2-043: Paleoenvironmental Transfer Functions",2021,1.91834580827717,1.5535417971871,1.99916522656298,1.7940113891853,1.97974874649552
"L2-043: Paleoenvironmental Transfer Functions",2022,1.9193825994343,1.5579625421263,1.99907798490139,1.79711031180918,1.98165074048147
"L2-043: Paleoenvironmental Transfer Functions",2023,1.91098120270148,1.51515371786233,1.99925177468077,1.77230274368249,1.97916444321142
"L2-043: Paleoenvironmental Transfer Functions",2024,1.90712263399576,1.49149689292052,1.99925525713678,1.76651666875094,1.97907875297184
"L2-043: Paleoenvironmental Transfer Functions",2025,1.90436864128585,1.48777940880855,1.99919811467115,1.75919583215731,1.9783517866909
"L2-043: Paleoenvironmental Transfer Functions",2026,1.89857624581951,1.47035754611079,1.99905991285042,1.75129826253523,1.9764346943993
"L2-044: Molecular Data Acquisition",2010,2.7174014671548,2.19053953797549,2.97332847553731,2.51983026925853,2.86736409083306
"L2-044: Molecular Data Acquisition",2011,2.72662294857539,2.24129047613283,2.97641816964524,2.5410355945762,2.86905859837746
"L2-044: Molecular Data Acquisition",2012,2.72734357223176,2.2675712473545,2.97432806072289,2.55340117875402,2.86940790145734
"L2-044: Molecular Data Acquisition",2013,2.71956480579724,2.30077927606616,2.9723765632337,2.56069756498189,2.85889730733153
"L2-044: Molecular Data Acquisition",2014,2.71786230402795,2.34153731372397,2.9644006826091,2.56841332795561,2.84672615707847
"L2-044: Molecular Data Acquisition",2015,2.69762430891918,2.34134879259365,2.95576741605856,2.55245163560011,2.83152142257267
"L2-044: Molecular Data Acquisition",2016,2.68474538436795,2.35599777184499,2.9419339308773,2.54832031411224,2.80887567207388
"L2-044: Molecular Data Acquisition",2017,2.66032550981228,2.35329998289551,2.91975503650251,2.53425333412492,2.77942053603651
"L2-044: Molecular Data Acquisition",2018,2.64324614836524,2.3584030662011,2.89749243706721,2.5241171617676,2.75804281382526
"L2-044: Molecular Data Acquisition",2019,2.63000955300024,2.36458060105444,2.88074703977622,2.51938272549084,2.7415628728119
"L2-044: Molecular Data Acquisition",2020,2.59069690148452,2.3280232211793,2.8460231734731,2.48050816344124,2.69885424607457
"L2-044: Molecular Data Acquisition",2021,2.55164954610715,2.30212557997173,2.80973242192757,2.44364415517445,2.66211127440952
"L2-044: Molecular Data Acquisition",2022,2.52320390329785,2.26413234484595,2.7875786217675,2.41254694267017,2.63224790195414
"L2-044: Molecular Data Acquisition",2023,2.47426673860308,2.21611736216506,2.7480485856929,2.36218620300638,2.58799995312153
"L2-044: Molecular Data Acquisition",2024,2.42993103558167,2.17355512316613,2.72087447179207,2.32268817191035,2.54774667693593
"L2-044: Molecular Data Acquisition",2025,2.39479836226874,2.13248300055103,2.69106033717271,2.28613633092426,2.51731134644268
"L2-044: Molecular Data Acquisition",2026,2.37406742949551,2.08893940455462,2.68232789932142,2.25866251563728,2.49649562883186
"L2-045: Hyphenated Chromatographic Spectrometry",2010,2.59198704766458,2.1253894324515,2.91747574997668,2.41132220091758,2.75347227833419
"L2-045: Hyphenated Chromatographic Spectrometry",2011,2.60952385172039,2.17633715618198,2.91711417705632,2.44181611701894,2.75522202849103
"L2-045: Hyphenated Chromatographic Spectrometry",2012,2.61509718120776,2.20793196746037,2.9045286047058,2.45827809365641,2.75858670699493
"L2-045: Hyphenated Chromatographic Spectrometry",2013,2.63357549759178,2.26138709902372,2.90721338777629,2.49349872292033,2.76352194828732
"L2-045: Hyphenated Chromatographic Spectrometry",2014,2.64679744381634,2.3008150751094,2.89917521320676,2.51401014895033,2.76661979031823
"L2-045: Hyphenated Chromatographic Spectrometry",2015,2.66199864264604,2.3333486472202,2.89836285010492,2.53271283322629,2.77041435122826
"L2-045: Hyphenated Chromatographic Spectrometry",2016,2.66741694174983,2.36702837779335,2.892818160082,2.54841471406897,2.77119327329189
"L2-045: Hyphenated Chromatographic Spectrometry",2017,2.66930993807392,2.38446948277794,2.87881336586623,2.55421538057006,2.76674184113358
"L2-045: Hyphenated Chromatographic Spectrometry",2018,2.66692806953168,2.40738544761197,2.87015579454739,2.56285911271848,2.76176883779492
"L2-045: Hyphenated Chromatographic Spectrometry",2019,2.68967593198194,2.43628494935788,2.88037720237294,2.59059289713224,2.78168233734398
"L2-045: Hyphenated Chromatographic Spectrometry",2020,2.71380838471406,2.4662407509651,2.89820659383773,2.61419602589614,2.79746658322154
"L2-045: Hyphenated Chromatographic Spectrometry",2021,2.69551451928168,2.44435155593898,2.88738312605351,2.59394825003757,2.78542446679769
"L2-045: Hyphenated Chromatographic Spectrometry",2022,2.73384321458749,2.47058921323768,2.91682577630542,2.63537133776397,2.82112871000517
"L2-045: Hyphenated Chromatographic Spectrometry",2023,2.71778638326082,2.43857038676084,2.91279003485084,2.60913765438003,2.80858962986822
"L2-045: Hyphenated Chromatographic Spectrometry",2024,2.69749395651053,2.40956814233932,2.90571100867314,2.58373367716639,2.79452633025486
"L2-045: Hyphenated Chromatographic Spectrometry",2025,2.70326141756408,2.38881694227824,2.92110607644075,2.58236068309211,2.80681547554431
"L2-045: Hyphenated Chromatographic Spectrometry",2026,2.69920322952682,2.35581547209723,2.93109546671305,2.56724814355681,2.81342873947992
"L2-046: Inductively Coupled Plasma Spectrometry",2010,1,1,1,1,1
"L2-046: Inductively Coupled Plasma Spectrometry",2011,1,1,1,1,1
"L2-046: Inductively Coupled Plasma Spectrometry",2012,1,1,1,1,1
"L2-046: Inductively Coupled Plasma Spectrometry",2013,1,1,1,1,1
"L2-046: Inductively Coupled Plasma Spectrometry",2014,1,1,1,1,1
"L2-046: Inductively Coupled Plasma Spectrometry",2015,1,1,1,1,1
"L2-046: Inductively Coupled Plasma Spectrometry",2016,1,1,1,1,1
"L2-046: Inductively Coupled Plasma Spectrometry",2017,1,1,1,1,1
"L2-046: Inductively Coupled Plasma Spectrometry",2018,1,1,1,1,1
"L2-046: Inductively Coupled Plasma Spectrometry",2019,1,1,1,1,1
"L2-046: Inductively Coupled Plasma Spectrometry",2020,1,1,1,1,1
"L2-046: Inductively Coupled Plasma Spectrometry",2021,1,1,1,1,1
"L2-046: Inductively Coupled Plasma Spectrometry",2022,1,1,1,1,1
"L2-046: Inductively Coupled Plasma Spectrometry",2023,1,1,1,1,1
"L2-046: Inductively Coupled Plasma Spectrometry",2024,1,1,1,1,1
"L2-046: Inductively Coupled Plasma Spectrometry",2025,1,1,1,1,1
"L2-046: Inductively Coupled Plasma Spectrometry",2026,1,1,1,1,1
"L2-047: Elliptic Fourier Shape Analysis",2010,1,1,1,1,1
"L2-047: Elliptic Fourier Shape Analysis",2011,1,1,1,1,1
"L2-047: Elliptic Fourier Shape Analysis",2012,1,1,1,1,1
"L2-047: Elliptic Fourier Shape Analysis",2013,1,1,1,1,1
"L2-047: Elliptic Fourier Shape Analysis",2014,1,1,1,1,1
"L2-047: Elliptic Fourier Shape Analysis",2015,1,1,1,1,1
"L2-047: Elliptic Fourier Shape Analysis",2016,1,1,1,1,1
"L2-047: Elliptic Fourier Shape Analysis",2017,1,1,1,1,1
"L2-047: Elliptic Fourier Shape Analysis",2018,1,1,1,1,1
"L2-047: Elliptic Fourier Shape Analysis",2019,1,1,1,1,1
"L2-047: Elliptic Fourier Shape Analysis",2020,1,1,1,1,1
"L2-047: Elliptic Fourier Shape Analysis",2021,1,1,1,1,1
"L2-047: Elliptic Fourier Shape Analysis",2022,1,1,1,1,1
"L2-047: Elliptic Fourier Shape Analysis",2023,1,1,1,1,1
"L2-047: Elliptic Fourier Shape Analysis",2024,1,1,1,1,1
"L2-047: Elliptic Fourier Shape Analysis",2025,1,1,1,1,1
"L2-047: Elliptic Fourier Shape Analysis",2026,1,1,1,1,1
"L2-048: Remote Sensing Image Analysis",2010,2.17408922379429,1.66945775438433,2.86343958667564,1.9429133098064,2.43581051833376
"L2-048: Remote Sensing Image Analysis",2011,2.21304511388128,1.72628647837894,2.85564872048077,1.99281731234209,2.45417326109063
"L2-048: Remote Sensing Image Analysis",2012,2.22547110425735,1.76235000083374,2.81987066762667,2.01454259986569,2.45806894832962
"L2-048: Remote Sensing Image Analysis",2013,2.25945491376217,1.81304436998304,2.81635449545226,2.0581996536878,2.47939217058933
"L2-048: Remote Sensing Image Analysis",2014,2.25352415769627,1.84042204290668,2.77344113829107,2.07155254654097,2.45048955168834
"L2-048: Remote Sensing Image Analysis",2015,2.29815160363953,1.89845288052912,2.7870049038661,2.12338091172235,2.48654625179943
"L2-048: Remote Sensing Image Analysis",2016,2.30764224575198,1.92668761641627,2.76011716103442,2.14516200730114,2.48650276079082
"L2-048: Remote Sensing Image Analysis",2017,2.35321892738448,1.97517311466608,2.78097729757345,2.19643650582942,2.52217274890122
"L2-048: Remote Sensing Image Analysis",2018,2.37472879026117,2.01492530306569,2.78457128440594,2.21957462766894,2.53724343047118
"L2-048: Remote Sensing Image Analysis",2019,2.39857437971277,2.04761053615785,2.79374099467191,2.24853746220268,2.56121663158239
"L2-048: Remote Sensing Image Analysis",2020,2.43083790934338,2.07475498365255,2.83096538639769,2.28497688793013,2.59401706555902
"L2-048: Remote Sensing Image Analysis",2021,2.44868492547399,2.08825318577224,2.85384242141014,2.29258974931024,2.61726764141246
"L2-048: Remote Sensing Image Analysis",2022,2.45542634778969,2.07078691907819,2.88694238084361,2.29391667687211,2.63549871082419
"L2-048: Remote Sensing Image Analysis",2023,2.61842095916747,2.21074609094711,3.0740779720146,2.44181823977859,2.80502981373185
"L2-048: Remote Sensing Image Analysis",2024,2.6340225440306,2.20664664794948,3.10062896225614,2.45243953953433,2.81853976146602
"L2-048: Remote Sensing Image Analysis",2025,2.708665431732,2.26142730231331,3.17508704253857,2.52007334061901,2.90117174660538
"L2-048: Remote Sensing Image Analysis",2026,2.75342325895961,2.25876067779815,3.25381137938572,2.5391595069866,2.96044006750885
"L2-049: Image Preprocessing and Enhancement",2010,1.74390703928371,1.29781871360483,1.99606630025768,1.53667166819154,1.91476677582734
"L2-049: Image Preprocessing and Enhancement",2011,1.77728509110841,1.34849581400502,1.99649243582108,1.5857436312859,1.92805179927424
"L2-049: Image Preprocessing and Enhancement",2012,1.80496805485992,1.38923339776771,1.99714634785147,1.62039032938299,1.94021728461306
"L2-049: Image Preprocessing and Enhancement",2013,1.83646172824748,1.4343965942071,1.9972953896249,1.66593324464739,1.94868529565984
"L2-049: Image Preprocessing and Enhancement",2014,1.86146918455119,1.48502383647687,1.9980694712317,1.71087859986742,1.96112554422769
"L2-049: Image Preprocessing and Enhancement",2015,1.88961640360463,1.5490741183488,1.99853410160328,1.75918464150066,1.96952141082332
"L2-049: Image Preprocessing and Enhancement",2016,1.90928026178132,1.59165205314435,1.9988434102502,1.79465769380268,1.97597827779112
"L2-049: Image Preprocessing and Enhancement",2017,1.93194650841958,1.65773788669514,1.99932515848437,1.83743533233186,1.98304524741467
"L2-049: Image Preprocessing and Enhancement",2018,1.94871338324483,1.70234213345488,1.99949936128055,1.87177977314259,1.98803233245147
"L2-049: Image Preprocessing and Enhancement",2019,1.95967741334304,1.74537800377868,1.99961057227707,1.894282112427,1.99104940942192
"L2-049: Image Preprocessing and Enhancement",2020,1.97008277441298,1.78885184287822,1.9997173861316,1.91534055942996,1.99309481145787
"L2-049: Image Preprocessing and Enhancement",2021,1.97538949644188,1.81558340018619,1.99978944860622,1.93081992737345,1.99468846128296
"L2-049: Image Preprocessing and Enhancement",2022,1.97667177188456,1.82835386829575,1.99977905378197,1.93523585469401,1.99459059509636
"L2-049: Image Preprocessing and Enhancement",2023,1.97499162305408,1.81818689995514,1.9997843196999,1.92852781797121,1.99458070459732
"L2-049: Image Preprocessing and Enhancement",2024,1.96993360076831,1.79040500652433,1.99968673043661,1.91745620455865,1.99320101742554
"L2-049: Image Preprocessing and Enhancement",2025,1.95951824833132,1.74309814612701,1.99958906178589,1.89321103854992,1.9905067889051
"L2-049: Image Preprocessing and Enhancement",2026,1.94750585264747,1.68876530039787,1.99951057644491,1.8641597792933,1.98753424876532
"L2-050: Data Preprocessing and Scaling",2010,1.33152062502994,1.13865804331084,1.64699995143541,1.23686740959917,1.44748845981528
"L2-050: Data Preprocessing and Scaling",2011,1.36904909390483,1.16324470917384,1.67515455246241,1.26875241298305,1.48453655210703
"L2-050: Data Preprocessing and Scaling",2012,1.40251946286692,1.18951034288112,1.70250152533957,1.30566694152379,1.51746430359831
"L2-050: Data Preprocessing and Scaling",2013,1.44395709288712,1.22607042612028,1.73514555404522,1.34540706875583,1.5601241144995
"L2-050: Data Preprocessing and Scaling",2014,1.48270651656159,1.2564800345322,1.76074601732426,1.3803128967043,1.59428330267314
"L2-050: Data Preprocessing and Scaling",2015,1.52574040034855,1.3005769643029,1.78523981790798,1.42154414793299,1.63220956180589
"L2-050: Data Preprocessing and Scaling",2016,1.56818743758279,1.34103884744238,1.82532958699741,1.46700163010089,1.67726870761082
"L2-050: Data Preprocessing and Scaling",2017,1.62166225405849,1.38708328714076,1.8642754953848,1.51813859317714,1.72155555581969
"L2-050: Data Preprocessing and Scaling",2018,1.66137078535334,1.42841517972745,1.89281555571884,1.5611660616037,1.76393896478489
"L2-050: Data Preprocessing and Scaling",2019,1.71991087352456,1.48128710815421,1.93546978497944,1.62051699652022,1.81780321141528
"L2-050: Data Preprocessing and Scaling",2020,1.76622130506412,1.52036101019822,1.96234295260372,1.66628197428789,1.85935546041556
"L2-050: Data Preprocessing and Scaling",2021,1.81672475048063,1.56406676292482,1.98470498719824,1.71442926166367,1.90571150733757
"L2-050: Data Preprocessing and Scaling",2022,1.8617182091142,1.59847615844312,1.995631080102,1.76026841310548,1.94254024988994
"L2-050: Data Preprocessing and Scaling",2023,1.92554204705376,1.67493986494029,1.9992282504515,1.83568040828277,1.98040332981799
"L2-050: Data Preprocessing and Scaling",2024,1.95139228638466,1.71147290202856,1.99950355374652,1.8754680253466,1.98900215607117
"L2-050: Data Preprocessing and Scaling",2025,1.96556947506022,1.75187452546956,1.99967118841754,1.90609485824789,1.99148862888833
"L2-050: Data Preprocessing and Scaling",2026,1.96325958446798,1.74670455740649,1.99971247569175,1.90108805136897,1.99183280891786
"L2-051: Bayesian Error Quantification",2010,1,1,1,1,1
"L2-051: Bayesian Error Quantification",2011,1,1,1,1,1
"L2-051: Bayesian Error Quantification",2012,1,1,1,1,1
"L2-051: Bayesian Error Quantification",2013,1,1,1,1,1
"L2-051: Bayesian Error Quantification",2014,1,1,1,1,1
"L2-051: Bayesian Error Quantification",2015,1,1,1,1,1
"L2-051: Bayesian Error Quantification",2016,1,1,1,1,1
"L2-051: Bayesian Error Quantification",2017,1,1,1,1,1
"L2-051: Bayesian Error Quantification",2018,1,1,1,1,1
"L2-051: Bayesian Error Quantification",2019,1,1,1,1,1
"L2-051: Bayesian Error Quantification",2020,1,1,1,1,1
"L2-051: Bayesian Error Quantification",2021,1,1,1,1,1
"L2-051: Bayesian Error Quantification",2022,1,1,1,1,1
"L2-051: Bayesian Error Quantification",2023,1,1,1,1,1
"L2-051: Bayesian Error Quantification",2024,1,1,1,1,1
"L2-051: Bayesian Error Quantification",2025,1,1,1,1,1
"L2-051: Bayesian Error Quantification",2026,1,1,1,1,1
"L2-052: Polynomial Trend Surface Modeling",2010,1,1,1,1,1
"L2-052: Polynomial Trend Surface Modeling",2011,1,1,1,1,1
"L2-052: Polynomial Trend Surface Modeling",2012,1,1,1,1,1
"L2-052: Polynomial Trend Surface Modeling",2013,1,1,1,1,1
"L2-052: Polynomial Trend Surface Modeling",2014,1,1,1,1,1
"L2-052: Polynomial Trend Surface Modeling",2015,1,1,1,1,1
"L2-052: Polynomial Trend Surface Modeling",2016,1,1,1,1,1
"L2-052: Polynomial Trend Surface Modeling",2017,1,1,1,1,1
"L2-052: Polynomial Trend Surface Modeling",2018,1,1,1,1,1
"L2-052: Polynomial Trend Surface Modeling",2019,1,1,1,1,1
"L2-052: Polynomial Trend Surface Modeling",2020,1,1,1,1,1
"L2-052: Polynomial Trend Surface Modeling",2021,1,1,1,1,1
"L2-052: Polynomial Trend Surface Modeling",2022,1,1,1,1,1
"L2-052: Polynomial Trend Surface Modeling",2023,1,1,1,1,1
"L2-052: Polynomial Trend Surface Modeling",2024,1,1,1,1,1
"L2-052: Polynomial Trend Surface Modeling",2025,1,1,1,1,1
"L2-052: Polynomial Trend Surface Modeling",2026,1,1,1,1,1
"L2-053: Markov Chain Monte Carlo",2010,1,1,1,1,1
"L2-053: Markov Chain Monte Carlo",2011,1,1,1,1,1
"L2-053: Markov Chain Monte Carlo",2012,1,1,1,1,1
"L2-053: Markov Chain Monte Carlo",2013,1,1,1,1,1
"L2-053: Markov Chain Monte Carlo",2014,1,1,1,1,1
"L2-053: Markov Chain Monte Carlo",2015,1,1,1,1,1
"L2-053: Markov Chain Monte Carlo",2016,1,1,1,1,1
"L2-053: Markov Chain Monte Carlo",2017,1,1,1,1,1
"L2-053: Markov Chain Monte Carlo",2018,1,1,1,1,1
"L2-053: Markov Chain Monte Carlo",2019,1,1,1,1,1
"L2-053: Markov Chain Monte Carlo",2020,1,1,1,1,1
"L2-053: Markov Chain Monte Carlo",2021,1,1,1,1,1
"L2-053: Markov Chain Monte Carlo",2022,1,1,1,1,1
"L2-053: Markov Chain Monte Carlo",2023,1,1,1,1,1
"L2-053: Markov Chain Monte Carlo",2024,1,1,1,1,1
"L2-053: Markov Chain Monte Carlo",2025,1,1,1,1,1
"L2-053: Markov Chain Monte Carlo",2026,1,1,1,1,1
"L2-054: Microscopic and Microanalytical Methods",2010,1.9238460875197,1.59199092583529,2.28911812802049,1.78013491509946,2.07625450930668
"L2-054: Microscopic and Microanalytical Methods",2011,1.91878182338145,1.61233784768637,2.25506479318414,1.780623162799,2.05881569701036
"L2-054: Microscopic and Microanalytical Methods",2012,1.89193176585637,1.60326462145777,2.20207320729768,1.77009425943459,2.01644262426566
"L2-054: Microscopic and Microanalytical Methods",2013,1.87663302407989,1.61822401038662,2.15985936291145,1.76564239280357,1.99193576863726
"L2-054: Microscopic and Microanalytical Methods",2014,1.86431198171182,1.62291334911566,2.12778971295221,1.7606972717425,1.97135928982476
"L2-054: Microscopic and Microanalytical Methods",2015,1.85030240470262,1.6292211921755,2.08010211092092,1.75539937314534,1.94204936110096
"L2-054: Microscopic and Microanalytical Methods",2016,1.84464969511491,1.64520324742085,2.05647026699785,1.75973203731822,1.92982269432944
"L2-054: Microscopic and Microanalytical Methods",2017,1.8142286700071,1.63246836225367,2.01633719944458,1.73760259365784,1.89437227798861
"L2-054: Microscopic and Microanalytical Methods",2018,1.80123512202471,1.62925251158809,1.99686469701085,1.72799605091638,1.87863877081621
"L2-054: Microscopic and Microanalytical Methods",2019,1.78078971293614,1.614749568708,1.9563010523992,1.71032253368845,1.85052400753174
"L2-054: Microscopic and Microanalytical Methods",2020,1.76708754585472,1.60527344254851,1.942324453325,1.69837370638157,1.8370257961177
"L2-054: Microscopic and Microanalytical Methods",2021,1.77030742650713,1.60579027693629,1.95049803792543,1.69882429522911,1.84144918888043
"L2-054: Microscopic and Microanalytical Methods",2022,1.74659299490692,1.58054807768476,1.93116447568842,1.6737242042674,1.81871976358941
"L2-054: Microscopic and Microanalytical Methods",2023,1.72650672776498,1.55898222700253,1.90569651906363,1.65671086180384,1.79938184227943
"L2-054: Microscopic and Microanalytical Methods",2024,1.70514546531838,1.52951715367383,1.89800750811229,1.62958382838825,1.78444955879181
"L2-054: Microscopic and Microanalytical Methods",2025,1.69807695156056,1.51486182377758,1.89930735248314,1.62134634371511,1.77906445921508
"L2-054: Microscopic and Microanalytical Methods",2026,1.70431358392185,1.50251890996286,1.92636309013741,1.61567654987091,1.79693499658937
"L2-055: Stable Isotope Analysis",2010,1.80573648730849,1.49470301182034,1.9934716506768,1.6774171429304,1.9151954141141
"L2-055: Stable Isotope Analysis",2011,1.78354525263374,1.49473680548296,1.9833734260555,1.66692677896554,1.89015256907473
"L2-055: Stable Isotope Analysis",2012,1.75942939043409,1.48962291716322,1.96936982603066,1.64632240562098,1.86009106640839
"L2-055: Stable Isotope Analysis",2013,1.73292140249997,1.48268117720884,1.9429948399869,1.62890405857273,1.8289471106069
"L2-055: Stable Isotope Analysis",2014,1.70620021011676,1.47727329462853,1.91234922593765,1.61315444567653,1.7976905234163
"L2-055: Stable Isotope Analysis",2015,1.68556934365279,1.47237351307974,1.88902885314201,1.5984753089316,1.77165341287923
"L2-055: Stable Isotope Analysis",2016,1.65738758020558,1.45798432091911,1.8526342535666,1.57393522276167,1.73758992052926
"L2-055: Stable Isotope Analysis",2017,1.63207500025967,1.44622506866509,1.81850633945367,1.55588687290268,1.70970768195916
"L2-055: Stable Isotope Analysis",2018,1.61081600218535,1.4316443814406,1.79495046711457,1.53610655218777,1.68543451163482
"L2-055: Stable Isotope Analysis",2019,1.59829805095084,1.42241340211713,1.78255748785519,1.52405579967703,1.6742764475467
"L2-055: Stable Isotope Analysis",2020,1.57359655365036,1.39692624535664,1.76535811287096,1.49787949973753,1.64979650485901
"L2-055: Stable Isotope Analysis",2021,1.53859708942214,1.36291321872661,1.7372004576952,1.46192309712698,1.61957987531194
"L2-055: Stable Isotope Analysis",2022,1.51232009725059,1.33217489800162,1.72329414235755,1.43404321628987,1.59647696884307
"L2-055: Stable Isotope Analysis",2023,1.44573231377686,1.27474978643585,1.65733911026725,1.36749847926312,1.52696539489743
"L2-055: Stable Isotope Analysis",2024,1.42413928603675,1.25324519656713,1.65025310333199,1.34784929689306,1.51340408186858
"L2-055: Stable Isotope Analysis",2025,1.40123462675131,1.23286797537444,1.62998117511995,1.32498387185363,1.49272050608126
"L2-055: Stable Isotope Analysis",2026,1.38821923808666,1.21107256781859,1.637280989215,1.30668280377607,1.48279698744611
"L2-056: Neural Network Clustering",2010,1,1,1,1,1
"L2-056: Neural Network Clustering",2011,1,1,1,1,1
"L2-056: Neural Network Clustering",2012,1,1,1,1,1
"L2-056: Neural Network Clustering",2013,1,1,1,1,1
"L2-056: Neural Network Clustering",2014,1,1,1,1,1
"L2-056: Neural Network Clustering",2015,1,1,1,1,1
"L2-056: Neural Network Clustering",2016,1,1,1,1,1
"L2-056: Neural Network Clustering",2017,1,1,1,1,1
"L2-056: Neural Network Clustering",2018,1,1,1,1,1
"L2-056: Neural Network Clustering",2019,1,1,1,1,1
"L2-056: Neural Network Clustering",2020,1,1,1,1,1
"L2-056: Neural Network Clustering",2021,1,1,1,1,1
"L2-056: Neural Network Clustering",2022,1,1,1,1,1
"L2-056: Neural Network Clustering",2023,1,1,1,1,1
"L2-056: Neural Network Clustering",2024,1,1,1,1,1
"L2-056: Neural Network Clustering",2025,1,1,1,1,1
"L2-056: Neural Network Clustering",2026,1,1,1,1,1
"L2-057: Uncertain Data Fusion Methods",2010,1,1,1,1,1
"L2-057: Uncertain Data Fusion Methods",2011,1,1,1,1,1
"L2-057: Uncertain Data Fusion Methods",2012,1,1,1,1,1
"L2-057: Uncertain Data Fusion Methods",2013,1,1,1,1,1
"L2-057: Uncertain Data Fusion Methods",2014,1,1,1,1,1
"L2-057: Uncertain Data Fusion Methods",2015,1,1,1,1,1
"L2-057: Uncertain Data Fusion Methods",2016,1,1,1,1,1
"L2-057: Uncertain Data Fusion Methods",2017,1,1,1,1,1
"L2-057: Uncertain Data Fusion Methods",2018,1,1,1,1,1
"L2-057: Uncertain Data Fusion Methods",2019,1,1,1,1,1
"L2-057: Uncertain Data Fusion Methods",2020,1,1,1,1,1
"L2-057: Uncertain Data Fusion Methods",2021,1,1,1,1,1
"L2-057: Uncertain Data Fusion Methods",2022,1,1,1,1,1
"L2-057: Uncertain Data Fusion Methods",2023,1,1,1,1,1
"L2-057: Uncertain Data Fusion Methods",2024,1,1,1,1,1
"L2-057: Uncertain Data Fusion Methods",2025,1,1,1,1,1
"L2-057: Uncertain Data Fusion Methods",2026,1,1,1,1,1
"L2-058: Magnetic Resonance Spectroscopy",2010,1,1,1,1,1
"L2-058: Magnetic Resonance Spectroscopy",2011,1,1,1,1,1
"L2-058: Magnetic Resonance Spectroscopy",2012,1,1,1,1,1
"L2-058: Magnetic Resonance Spectroscopy",2013,1,1,1,1,1
"L2-058: Magnetic Resonance Spectroscopy",2014,1,1,1,1,1
"L2-058: Magnetic Resonance Spectroscopy",2015,1,1,1,1,1
"L2-058: Magnetic Resonance Spectroscopy",2016,1,1,1,1,1
"L2-058: Magnetic Resonance Spectroscopy",2017,1,1,1,1,1
"L2-058: Magnetic Resonance Spectroscopy",2018,1,1,1,1,1
"L2-058: Magnetic Resonance Spectroscopy",2019,1,1,1,1,1
"L2-058: Magnetic Resonance Spectroscopy",2020,1,1,1,1,1
"L2-058: Magnetic Resonance Spectroscopy",2021,1,1,1,1,1
"L2-058: Magnetic Resonance Spectroscopy",2022,1,1,1,1,1
"L2-058: Magnetic Resonance Spectroscopy",2023,1,1,1,1,1
"L2-058: Magnetic Resonance Spectroscopy",2024,1,1,1,1,1
"L2-058: Magnetic Resonance Spectroscopy",2025,1,1,1,1,1
"L2-058: Magnetic Resonance Spectroscopy",2026,1,1,1,1,1
"L2-059: Cross-Validation Techniques",2010,1,1,1,1,1
"L2-059: Cross-Validation Techniques",2011,1,1,1,1,1
"L2-059: Cross-Validation Techniques",2012,1,1,1,1,1
"L2-059: Cross-Validation Techniques",2013,1,1,1,1,1
"L2-059: Cross-Validation Techniques",2014,1,1,1,1,1
"L2-059: Cross-Validation Techniques",2015,1,1,1,1,1
"L2-059: Cross-Validation Techniques",2016,1,1,1,1,1
"L2-059: Cross-Validation Techniques",2017,1,1,1,1,1
"L2-059: Cross-Validation Techniques",2018,1,1,1,1,1
"L2-059: Cross-Validation Techniques",2019,1,1,1,1,1
"L2-059: Cross-Validation Techniques",2020,1,1,1,1,1
"L2-059: Cross-Validation Techniques",2021,1,1,1,1,1
"L2-059: Cross-Validation Techniques",2022,1,1,1,1,1
"L2-059: Cross-Validation Techniques",2023,1,1,1,1,1
"L2-059: Cross-Validation Techniques",2024,1,1,1,1,1
"L2-059: Cross-Validation Techniques",2025,1,1,1,1,1
"L2-059: Cross-Validation Techniques",2026,1,1,1,1,1
"L2-060: Phylogenetic Inference Methods",2010,2.83142008023593,2.463529018535,2.98478992463116,2.70312183725175,2.92248723340679
"L2-060: Phylogenetic Inference Methods",2011,2.85637757068107,2.52771571399169,2.98736607585248,2.74214787450895,2.93456766964141
"L2-060: Phylogenetic Inference Methods",2012,2.87163518775389,2.57890492871634,2.9885222598024,2.77187072889324,2.94143956190696
"L2-060: Phylogenetic Inference Methods",2013,2.8859515472214,2.62507402018867,2.98988825866229,2.79818403396741,2.94773862958583
"L2-060: Phylogenetic Inference Methods",2014,2.89362902728184,2.66792912465227,2.99116194841853,2.81686503027764,2.95091760391904
"L2-060: Phylogenetic Inference Methods",2015,2.92051877444308,2.7336327563851,2.99345436436977,2.85791718747697,2.96461536670387
"L2-060: Phylogenetic Inference Methods",2016,2.92022561099494,2.749750352178,2.99321449113907,2.85878781382853,2.96333573873734
"L2-060: Phylogenetic Inference Methods",2017,2.91642583412759,2.75119431741516,2.99149743979276,2.85665746929549,2.96011100568158
"L2-060: Phylogenetic Inference Methods",2018,2.91608121822897,2.75256572507526,2.99131629412954,2.85743534940461,2.95883567006112
"L2-060: Phylogenetic Inference Methods",2019,2.92190535754219,2.76043719554469,2.99223725319976,2.86778792303048,2.96207880325113
"L2-060: Phylogenetic Inference Methods",2020,2.91739834935223,2.75721226888319,2.99193606828419,2.85954544259314,2.95955559940189
"L2-060: Phylogenetic Inference Methods",2021,2.89221631909317,2.70324967430772,2.98626276420759,2.8250873088743,2.94410036543555
"L2-060: Phylogenetic Inference Methods",2022,2.88055135051452,2.66918043317347,2.98493626725832,2.80245253185317,2.93777003087808
"L2-060: Phylogenetic Inference Methods",2023,2.87149770816583,2.63593376889253,2.98402563168622,2.78574681570461,2.93246980381208
"L2-060: Phylogenetic Inference Methods",2024,2.85376943081467,2.5903319042575,2.98206371633848,2.76000445878768,2.92376972448118
"L2-060: Phylogenetic Inference Methods",2025,2.80694600675998,2.50589267545449,2.97140428821274,2.69873572659895,2.89673787693956
"L2-060: Phylogenetic Inference Methods",2026,2.80457543373511,2.46769239711869,2.97295802326534,2.68262978704417,2.89827719935713
"L2-061: Discrete and Continuous Simulation",2010,6.1667896193321,5.36501372052455,6.97849745215493,5.83738417365783,6.50649914259102
"L2-061: Discrete and Continuous Simulation",2011,6.1514610608468,5.38810968283367,6.92630762255423,5.83778650751494,6.46749998108273
"L2-061: Discrete and Continuous Simulation",2012,6.10142216992293,5.387669809796,6.84206635011842,5.8024436724491,6.40429515179856
"L2-061: Discrete and Continuous Simulation",2013,6.14310891074925,5.49360892849853,6.82028958166875,5.87468547158812,6.41666314964245
"L2-061: Discrete and Continuous Simulation",2014,5.99167690390496,5.34595765488268,6.62821355651735,5.73115991836981,6.2505395339061
"L2-061: Discrete and Continuous Simulation",2015,5.89424978499492,5.30258947403119,6.4846470691833,5.64353272047228,6.13315049509301
"L2-061: Discrete and Continuous Simulation",2016,5.90084066362613,5.36084713263963,6.47741631594262,5.67854736463741,6.13548098929083
"L2-061: Discrete and Continuous Simulation",2017,5.79609004496936,5.27308240359865,6.336700683053,5.57104412787414,6.01942984229801
"L2-061: Discrete and Continuous Simulation",2018,5.68257348997471,5.16700662754518,6.19534229077907,5.47897110536421,5.88698392985119
"L2-061: Discrete and Continuous Simulation",2019,5.67766421945364,5.17331561174947,6.2008680800195,5.47532210781907,5.88592255244964
"L2-061: Discrete and Continuous Simulation",2020,5.55894323788831,5.05865748786436,6.05473145364318,5.35666606503972,5.75983375371212
"L2-061: Discrete and Continuous Simulation",2021,5.49352757640054,4.99688346919342,6.01054993514704,5.28859922985342,5.70350846531074
"L2-061: Discrete and Continuous Simulation",2022,5.44703991574982,4.94705928785189,5.9782301697374,5.24475392142212,5.65710436115503
"L2-061: Discrete and Continuous Simulation",2023,5.24981018433524,4.75755122346633,5.78539910799679,5.04611991903514,5.46776374212905
"L2-061: Discrete and Continuous Simulation",2024,5.14396697263579,4.65756848817293,5.65773789926589,4.94626618379205,5.3473068516711
"L2-061: Discrete and Continuous Simulation",2025,5.17869819118841,4.69347239161733,5.68861611991694,4.97345531626124,5.38392632965357
"L2-061: Discrete and Continuous Simulation",2026,5.10039604319895,4.55927696483748,5.69334551258858,4.87278104146776,5.32893667130689
"L2-062: Spectral and Multivariate Analysis",2010,4.85320551037005,3.64600461514017,6.09228113325057,4.3304015809657,5.36302072634771
"L2-062: Spectral and Multivariate Analysis",2011,4.99987090606962,3.84878412221882,6.1997412584917,4.52806752722275,5.48456557963119
"L2-062: Spectral and Multivariate Analysis",2012,5.08633790531385,4.0063742169247,6.20280669099639,4.64063142295417,5.5475984759308
"L2-062: Spectral and Multivariate Analysis",2013,5.15289568650945,4.13613393811826,6.18770317261133,4.7232582100962,5.58155267485043
"L2-062: Spectral and Multivariate Analysis",2014,5.23032165916087,4.25144817627246,6.22511849117079,4.81222418334153,5.63410675410962
"L2-062: Spectral and Multivariate Analysis",2015,5.36992099505394,4.46283110398214,6.30075834989025,4.99347955763692,5.75288865546232
"L2-062: Spectral and Multivariate Analysis",2016,5.4547444697117,4.58746192300735,6.30393861014687,5.09252740856799,5.80374245022738
"L2-062: Spectral and Multivariate Analysis",2017,5.61201170286689,4.78272366929326,6.40601170953282,5.27341117552023,5.93459401057419
"L2-062: Spectral and Multivariate Analysis",2018,5.66106315131217,4.90189656874984,6.43084774937832,5.33846187301086,5.9890347059646
"L2-062: Spectral and Multivariate Analysis",2019,5.79428692524133,5.06012344636059,6.53372804703053,5.49293509265344,6.11392015456161
"L2-062: Spectral and Multivariate Analysis",2020,5.98248544833091,5.253837539295,6.71419243734127,5.68673833117744,6.28795295676792
"L2-062: Spectral and Multivariate Analysis",2021,5.890483421507,5.13693408279723,6.58358936464172,5.5998843244238,6.1876912162102
"L2-062: Spectral and Multivariate Analysis",2022,6.00367552658825,5.28508696272669,6.71601669463678,5.70954853597483,6.29822935916241
"L2-062: Spectral and Multivariate Analysis",2023,6.08292821713322,5.3573669325891,6.77571644497164,5.78704082770432,6.36945797877561
"L2-062: Spectral and Multivariate Analysis",2024,6.09612531363379,5.36215535348052,6.78006505869836,5.79308263307961,6.36935119868263
"L2-062: Spectral and Multivariate Analysis",2025,6.22851843836686,5.55123292774672,6.86037886782771,5.9509635772831,6.48956134653313
"L2-062: Spectral and Multivariate Analysis",2026,6.16837428291397,5.41378596407895,6.88350051574198,5.86182110325841,6.46897336731031
"L2-063: Association Rule Mining",2010,1,1,1,1,1
"L2-063: Association Rule Mining",2011,1,1,1,1,1
"L2-063: Association Rule Mining",2012,1,1,1,1,1
"L2-063: Association Rule Mining",2013,1,1,1,1,1
"L2-063: Association Rule Mining",2014,1,1,1,1,1
"L2-063: Association Rule Mining",2015,1,1,1,1,1
"L2-063: Association Rule Mining",2016,1,1,1,1,1
"L2-063: Association Rule Mining",2017,1,1,1,1,1
"L2-063: Association Rule Mining",2018,1,1,1,1,1
"L2-063: Association Rule Mining",2019,1,1,1,1,1
"L2-063: Association Rule Mining",2020,1,1,1,1,1
"L2-063: Association Rule Mining",2021,1,1,1,1,1
"L2-063: Association Rule Mining",2022,1,1,1,1,1
"L2-063: Association Rule Mining",2023,1,1,1,1,1
"L2-063: Association Rule Mining",2024,1,1,1,1,1
"L2-063: Association Rule Mining",2025,1,1,1,1,1
"L2-063: Association Rule Mining",2026,1,1,1,1,1
"L2-064: Diversity and Complexity Metrics",2010,3.46605659454199,2.79132999042603,4.29169748347829,3.16086494456754,3.78865103381737
"L2-064: Diversity and Complexity Metrics",2011,3.53245781859443,2.87984156747844,4.34263414308553,3.23600961072792,3.83949563151804
"L2-064: Diversity and Complexity Metrics",2012,3.63055735497764,2.99884143665117,4.396887729508,3.35466639543302,3.92309577385346
"L2-064: Diversity and Complexity Metrics",2013,3.69771189720355,3.09389540053121,4.40351711394644,3.42984713568319,3.98128632706365
"L2-064: Diversity and Complexity Metrics",2014,3.80304543837522,3.212011940072,4.4769847041612,3.54802056683073,4.07108887356679
"L2-064: Diversity and Complexity Metrics",2015,3.89057417271181,3.32165584547229,4.52667263762175,3.6437395184377,4.14517793625781
"L2-064: Diversity and Complexity Metrics",2016,3.97471153479063,3.42004387515407,4.58952534056212,3.73622439295812,4.2193440058686
"L2-064: Diversity and Complexity Metrics",2017,4.03593994984112,3.49695830578158,4.61280485577745,3.81063718553608,4.27430669140714
"L2-064: Diversity and Complexity Metrics",2018,4.17288609343925,3.65111847317063,4.72659087926787,3.94922990091296,4.39480348547794
"L2-064: Diversity and Complexity Metrics",2019,4.30567190067193,3.78690738567541,4.84048457808316,4.0874480135511,4.52608066415547
"L2-064: Diversity and Complexity Metrics",2020,4.3589039525746,3.83867857325447,4.88234182586331,4.13789154295562,4.577692362796
"L2-064: Diversity and Complexity Metrics",2021,4.49845790748133,3.96844962448189,5.0273025567611,4.27845336130618,4.72789429256011
"L2-064: Diversity and Complexity Metrics",2022,4.4813578373257,3.91575719216593,5.02459601143763,4.25306871270013,4.71578042137776
"L2-064: Diversity and Complexity Metrics",2023,4.85869602182094,4.31250698440143,5.3483681583918,4.63790963674097,5.07180284360614
"L2-064: Diversity and Complexity Metrics",2024,5.01008111671639,4.49095091684402,5.44664585898904,4.80381121878374,5.20509592847309
"L2-064: Diversity and Complexity Metrics",2025,4.99701356149539,4.45097449579393,5.46615346402571,4.77666843703654,5.19590484521767
"L2-064: Diversity and Complexity Metrics",2026,5.06415409506794,4.50495466425956,5.53334031278087,4.84629868924191,5.2793430917077
"L2-065: Computational Text Analytics",2010,2.58125445544394,2.00261921195024,2.94717249285974,2.36150409971806,2.77496882268758
"L2-065: Computational Text Analytics",2011,2.59633786246811,2.06188647225546,2.94723869729261,2.38966661008315,2.77912725358969
"L2-065: Computational Text Analytics",2012,2.61109857448801,2.09656401949386,2.9452218330224,2.41657884405393,2.78282422902362
"L2-065: Computational Text Analytics",2013,2.62031952208611,2.16879500432135,2.93878406141868,2.44543351501825,2.77728335214604
"L2-065: Computational Text Analytics",2014,2.62155415251763,2.18711915939018,2.93096898401453,2.45761645313495,2.77349211341983
"L2-065: Computational Text Analytics",2015,2.63107393689126,2.23425690933039,2.92511999727943,2.48199835403765,2.76817961752016
"L2-065: Computational Text Analytics",2016,2.64195265977143,2.27662784567337,2.91824180372023,2.50021765938044,2.76853666858859
"L2-065: Computational Text Analytics",2017,2.64912303390671,2.3217401083619,2.90555635882268,2.51963707247905,2.76734430211785
"L2-065: Computational Text Analytics",2018,2.66346912502803,2.36275524195938,2.89862857046391,2.54454646854996,2.7718732083936
"L2-065: Computational Text Analytics",2019,2.66893003127199,2.38560943035654,2.89214957755105,2.55913891866681,2.76735582850313
"L2-065: Computational Text Analytics",2020,2.65869817757728,2.40119195485514,2.87667521698795,2.56224693018744,2.75622876286029
"L2-065: Computational Text Analytics",2021,2.65707970435598,2.42036464519882,2.8615998057878,2.5633282586945,2.74993709057716
"L2-065: Computational Text Analytics",2022,2.67538865679122,2.4355871083,2.87232613795153,2.58220078742188,2.76370556410965
"L2-065: Computational Text Analytics",2023,2.73886444163384,2.52768255165339,2.90161246989951,2.65804294918854,2.81328846222649
"L2-065: Computational Text Analytics",2024,2.71030378756718,2.49958722788078,2.88190264873904,2.62818512406149,2.78549005603413
"L2-065: Computational Text Analytics",2025,2.72788022041981,2.53412701561039,2.88921033887865,2.65265512471089,2.80018912974546
"L2-065: Computational Text Analytics",2026,2.71387703173206,2.49916750616871,2.8946462987876,2.62819416949016,2.79309627036229
"L2-066: Optimization and Decision Analysis",2010,3.47991706015597,2.92206050391044,3.85889316996653,3.26968310644663,3.65205974013973
"L2-066: Optimization and Decision Analysis",2011,3.52601112779108,3.01986787343515,3.877110381334,3.33859541328072,3.69114114191027
"L2-066: Optimization and Decision Analysis",2012,3.57553895188153,3.11969150823704,3.88216643881277,3.40603568694686,3.72420338220495
"L2-066: Optimization and Decision Analysis",2013,3.60778392856287,3.19249715498276,3.89663779756157,3.45024354285359,3.74660860063759
"L2-066: Optimization and Decision Analysis",2014,3.61659722065487,3.21280557649875,3.89231204772933,3.46152487208529,3.74726138855194
"L2-066: Optimization and Decision Analysis",2015,3.61270701084431,3.20324360797831,3.88747426283216,3.4607631801747,3.74354536961268
"L2-066: Optimization and Decision Analysis",2016,3.62222371714772,3.21971249522606,3.88274342911376,3.47396628791872,3.74455223932174
"L2-066: Optimization and Decision Analysis",2017,3.58466221494779,3.18259584571405,3.86319822929294,3.43139376390509,3.71761171400059
"L2-066: Optimization and Decision Analysis",2018,3.53021579732884,3.10900327147546,3.82718828160051,3.36813849603351,3.66993187676085
"L2-066: Optimization and Decision Analysis",2019,3.46804978659216,3.04050640924655,3.79260018979907,3.30179710050693,3.61936712154028
"L2-066: Optimization and Decision Analysis",2020,3.38670651162285,2.95266247132317,3.73904542043233,3.21765378463879,3.54611826233954
"L2-066: Optimization and Decision Analysis",2021,3.32681400867248,2.87630388466914,3.70492067220602,3.14964315146414,3.49644825164955
"L2-066: Optimization and Decision Analysis",2022,3.2503618255406,2.79574828873435,3.65738179417829,3.06546617962012,3.42821366795173
"L2-066: Optimization and Decision Analysis",2023,3.03043619783771,2.57838089578023,3.45115169020107,2.84875225081541,3.20872278501588
"L2-066: Optimization and Decision Analysis",2024,2.90563750799546,2.45741370802333,3.34777692732189,2.71689337724294,3.09250394584119
"L2-066: Optimization and Decision Analysis",2025,2.8174753890333,2.38855325407578,3.26955981146472,2.63809235245971,3.0045817970732
"L2-066: Optimization and Decision Analysis",2026,2.79856970050683,2.32493640454627,3.26687143389009,2.59539201783422,2.99517368142689
"L2-067: Matrix-Based Modeling",2010,1,1,1,1,1
"L2-067: Matrix-Based Modeling",2011,1,1,1,1,1
"L2-067: Matrix-Based Modeling",2012,1,1,1,1,1
"L2-067: Matrix-Based Modeling",2013,1,1,1,1,1
"L2-067: Matrix-Based Modeling",2014,1,1,1,1,1
"L2-067: Matrix-Based Modeling",2015,1,1,1,1,1
"L2-067: Matrix-Based Modeling",2016,1,1,1,1,1
"L2-067: Matrix-Based Modeling",2017,1,1,1,1,1
"L2-067: Matrix-Based Modeling",2018,1,1,1,1,1
"L2-067: Matrix-Based Modeling",2019,1,1,1,1,1
"L2-067: Matrix-Based Modeling",2020,1,1,1,1,1
"L2-067: Matrix-Based Modeling",2021,1,1,1,1,1
"L2-067: Matrix-Based Modeling",2022,1,1,1,1,1
"L2-067: Matrix-Based Modeling",2023,1,1,1,1,1
"L2-067: Matrix-Based Modeling",2024,1,1,1,1,1
"L2-067: Matrix-Based Modeling",2025,1,1,1,1,1
"L2-067: Matrix-Based Modeling",2026,1,1,1,1,1
"L2-068: Statistical Learning and Data Mining",2010,4.51592260140343,3.55236470604185,5.57154450749408,4.10489306350916,4.95392298231673
"L2-068: Statistical Learning and Data Mining",2011,4.70858485579659,3.79285961244726,5.71979466271946,4.31034344424551,5.09835327204331
"L2-068: Statistical Learning and Data Mining",2012,4.67480779794709,3.82404295069142,5.58370361076091,4.30846262666499,5.0432139002161
"L2-068: Statistical Learning and Data Mining",2013,4.79069654371538,3.9846738928975,5.65417895932911,4.45499843527992,5.14517032712376
"L2-068: Statistical Learning and Data Mining",2014,4.82615666840485,4.09166933895287,5.58227300143988,4.52083229604642,5.13387274522705
"L2-068: Statistical Learning and Data Mining",2015,4.80085830335514,4.13196488118321,5.50988797574435,4.53012863875111,5.08730345288783
"L2-068: Statistical Learning and Data Mining",2016,4.92534960578807,4.29054666623383,5.59660885117197,4.65921790770211,5.19170194251157
"L2-068: Statistical Learning and Data Mining",2017,4.96470443346925,4.37993925263955,5.59226737343708,4.72067277010423,5.21400925415792
"L2-068: Statistical Learning and Data Mining",2018,5.06204790873909,4.48195672390513,5.65951733007403,4.82410917956408,5.29571440987155
"L2-068: Statistical Learning and Data Mining",2019,5.05901384939681,4.52898016067439,5.60262193001202,4.83980495647275,5.27431970448217
"L2-068: Statistical Learning and Data Mining",2020,5.13423575914145,4.63754779213702,5.65557245741995,4.93380685796173,5.34620300855033
"L2-068: Statistical Learning and Data Mining",2021,5.07654840700775,4.58253317872095,5.56964768063536,4.86889723303492,5.27911746196295
"L2-068: Statistical Learning and Data Mining",2022,5.04081019541257,4.55125090535031,5.54801903801436,4.83749269001148,5.25014462576494
"L2-068: Statistical Learning and Data Mining",2023,5.09997087451084,4.64232902595078,5.59698153680023,4.90560251127474,5.29727675876554
"L2-068: Statistical Learning and Data Mining",2024,4.95801614153916,4.52369075174814,5.41306497028008,4.77445994001596,5.13711852705529
"L2-068: Statistical Learning and Data Mining",2025,5.02317915242616,4.62063702621325,5.45266420748415,4.85594429473093,5.19569249522934
"L2-068: Statistical Learning and Data Mining",2026,5.06238592691373,4.56910789783258,5.58947537963808,4.85578521164499,5.27312700915929
