"qwen_b_pre","qwen_b_gamma","gemma_b_pre","gemma_b_gamma"
0.87752222,0.098435571,0.62975292,0.71374173
0.72222311,-0.27603335,0.57981725,0.92095342
0.73020311,-0.19041326,0.63140085,0.29164583
0.71568435,0.16224776,0.60824341,-0.7020094
0.54206965,-0.19639721,0.61465296,-0.37772582
0.64172672,0.48018125,0.6065906,0.21660062
0.59357058,-0.17836357,0.5092185,-0.49412786
0.57291148,-0.46729317,0.4120933,0.095683157
0.56636229,-0.74462239,0.44671736,-0.063051256
0.56694209,-1.2106759,0.65551217,0.17315597
0.5288712,-0.36460566,0.63301596,1.4135144
0.6844019,1.9317852,0.62187284,-1.0773904
0.75054569,1.9457581,0.61492519,-1.0379809
0.705584,-0.6530666,0.59595217,-0.54691081
0.61746479,0.44644174,0.48553188,0.25792022
0.50627494,1.7485334,0.73774163,0.040512497
0.55062351,1.8223414,0.45647869,-0.39467393
0.81364255,-1.492564,0.55378188,1.0244249
0.53857891,1.2273726,0.58308097,1.366466
0.67052027,1.0003875,0.60822115,1.663426
0.54344613,-0.55430819,0.55853997,-0.96007321
0.42858383,0.70841757,0.58728248,-1.6056602
0.47101205,0.32113479,0.62660538,-1.9989383
0.42976071,-0.2834631,0.57424697,-0.29622347
0.79110461,-0.28244436,0.65963808,-0.50622316
0.66448978,0.13333475,0.6226892,-0.67882869
0.70409017,0.15365462,0.60630474,1.7357523
0.72031379,1.2282059,0.40129058,-0.42699216
0.67993043,-0.93440288,0.36209526,-0.31059271
0.70273066,0.17289412,0.59884055,0.41438227
0.66084214,-0.12233123,0.52046583,0.28097395
0.48299832,-0.2325231,0.43210209,1.4985272
0.75922743,1.3906914,0.50334606,1.3569499
0.71386499,-1.7646554,0.52648559,1.0120686
0.6774297,2.207259,0.63783969,0.17521099
0.53755403,-0.88307789,0.56214631,0.2526816
0.53711047,-1.1657857,0.61918091,1.8797179
0.58008702,-0.010970414,0.49613282,0.74926214
0.63600548,-0.1462467,0.51637795,0.29516165
0.63129519,-0.00049472698,0.59952521,0.72051328
0.65614621,-0.30669795,0.52876149,-0.043272722
0.66705866,-0.071937357,0.70369296,1.2417372
0.67398034,0.44849218,0.73990547,0.89893555
0.75697775,1.347933,0.76405805,1.5760421
0.83170086,0.81813895,0.75909351,1.9439871
0.81935689,0.82116978,0.75258682,2.4951888
0.77545455,-0.24059703,0.7626903,1.3662129
0.75911984,-0.83528871,0.74586305,-0.46726136
0.63198686,-0.79209282,0.74304913,-0.36193917
0.63141802,-0.77305402,0.62403229,1.7124845
0.68890427,-0.74980027,0.66995682,0.21501957
0.62226035,0.79045399,0.5863448,0.26656782
0.55481327,0.19157731,0.57854019,0.38163128
0.5953545,0.86944617,0.56116221,0.34763581
0.80308407,-0.92410586,0.66009139,-1.1852554
0.7122783,-0.056399384,0.73895813,-0.93223035
0.75347975,-0.46277766,0.73329656,0.070761926
0.7878029,0.14477331,0.40155939,0.6821975
0.78919413,0.45160359,0.58156176,-0.10117343
0.79659338,0.82596337,0.60177524,-0.16508545
0.79523697,1.0169406,0.49822233,0.52498145
0.70503791,0.087633511,0.52779272,-0.88252596
0.57842591,0.20167585,0.54559522,-0.60415881
0.59193506,0.25023174,0.51439256,0.19494142
0.56111173,-1.4394101,0.54362086,1.9438952
0.7742782,0.80195251,0.50879758,-0.436863
0.5138832,-0.21380434,0.47989406,1.1607028
0.58033338,-0.90190008,0.54253184,-0.43499184
0.57676625,-0.2522297,0.42330191,0.26191501
0.50989538,-1.2756092,0.64185571,-0.60957106
0.52480456,-0.8842335,0.67360695,0.61067283
0.51254544,-0.59700038,0.68532354,1.7751608
0.66254918,0.41823183,0.61645184,-0.086878552
0.58348811,-0.32010329,0.42004833,0.26538161
0.57738152,1.6765662,0.51506646,0.88602759
0.44462661,0.76735407,0.59346406,0.60902766
0.56334967,0.12170264,0.57836442,-0.31240387
0.66777916,1.7328109,0.70948152,1.3630722
0.57281896,0.82019834,0.61847431,0.35035986
0.6819471,0.21885794,0.50618445,-1.4365344
0.69791937,-1.0876658,0.5338435,-0.21677526
0.73192776,-0.56410444,0.65554104,0.33711228
0.66702411,-0.1431268,0.54387449,-0.3919444
0.6910488,0.47781731,0.40977721,-1.1709022
0.67154837,0.26510969,0.40504505,-0.052095332
0.66667134,0.81128632,0.6790241,-0.45719946
0.88449701,0.7380009,0.69565856,-0.5212334
0.63756623,0.63787007,0.44139425,0.50385217
0.66511737,0.59877432,0.4475796,-0.035816244
0.51066026,-1.0013117,0.48840374,0.27673395
0.55908317,-0.78477069,0.61889631,-0.022248053
0.51921854,-0.26875301,0.60486793,-1.0424546
0.74438598,0.40390761,0.56540749,1.5692752
0.6334052,-0.040884307,0.56540749,1.5692752
0.63269784,-0.39520516,0.54472235,-0.16457649
0.675709,0.46897329,0.53655758,0.43021587
0.67535491,0.47164,0.65547384,0.67334035
0.60605483,0.35937692,0.81960487,1.2729243
0.68328653,0.32294197,0.68167583,-0.57278091
0.55813916,0.22726671,0.69456009,-0.93847386
0.58916577,0.19060498,0.7637664,0.18576525
0.73067903,-0.10879185,0.56225214,0.09270747
0.5977518,0.31223259,0.59666238,0.23554015
0.63756058,0.2708123,0.58394233,-0.84826878
0.62392251,0.16035126,0.62171905,2.2424752
0.57540854,-0.11206631,0.53808743,0.82794402
0.64934026,-0.083147596,0.48001381,0.62421164
0.6494802,-0.067318267,0.52969449,0.4987228
0.58764962,-0.35186856,0.48255568,0.80571249
0.6464797,0.94454858,0.4855277,1.2452242
0.67870786,1.1767491,0.70617175,-0.75285236
0.69252117,1.1861056,0.54770819,1.4010006
0.68153039,1.216488,0.51837694,-0.52254692
0.69712493,-1.1021437,0.33599995,-0.11171804
0.75449325,-0.75625508,0.60709165,-0.46677333
0.71627715,-0.52382371,0.5435328,0.030005174
0.64203798,0.57070013,0.51779827,0.17685591
0.4846256,0.201186,0.53931181,-0.081890152
0.47677305,-0.030787381,0.62110044,-0.72306223
0.4636708,0.95187768,0.59742355,-0.45085882
0.45312536,0.62309837,0.45328388,-0.76077562
0.46971244,-0.00061137834,0.38464801,-0.40186944
0.42736552,-0.1031879,0.69755413,0.84143793
0.75652929,-0.41733959,0.62287826,1.6579757
0.73438557,0.44132026,0.67414108,1.7544948
0.55900597,0.60802269,0.71262391,-0.64680858
0.69110544,1.568249,0.5864925,1.4502059
0.5715767,-0.89119597,0.80296968,-0.61590145
0.55898027,0.32411827,0.62574147,0.15268061
0.75562699,-1.0384995,0.62375072,0.10929598
0.71180764,-0.62374817,0.56945016,-0.56904645
0.63319444,0.60037862,0.4214119,1.2772773
0.58479901,0.1209481,0.53198807,0.11311254
0.54011441,-0.22961624,0.58605777,0.58785075
0.63561187,-0.99461906,0.59679353,0.89568981
0.66174388,0.049683009,0.67859022,-0.17430272
0.52845576,-1.3974277,0.6660589,-0.16778746
0.5336108,-0.062137686,0.51982159,1.8983659
0.83318576,0.076673823,0.47517527,0.48350962
0.80032256,1.1594608,0.4597025,0.16405983
0.63766133,0.54640225,0.56851835,-0.19307651
0.66230356,0.25880059,0.73587,0.76769196
0.63299141,0.20637264,0.48882819,-0.70115805
0.53847662,1.2619034,0.44766879,-1.0403888
0.72796867,0.82978043,0.49971954,-0.13776627
0.64301782,1.6239435,0.56037032,1.0163154
0.63525862,1.6918705,0.54258467,0.20221523
0.5202383,0.3099208,0.67413067,0.69435093
0.65076431,-0.58118169,0.60975339,0.29915055
0.6514824,-1.4425917,0.74371051,1.4173244
0.56744924,1.4554842,0.67992162,2.1132712
0.59867102,1.3448587,0.38641898,-1.6306505
0.62727589,1.11948,0.45876742,-1.1878767
0.64334604,2.0430151,0.54817953,0.4631566
0.65822349,0.86791595,0.60296104,-1.0281308
0.61960754,-0.88346915,0.55047839,-0.65006575
0.59790019,-0.36733679,0.44224059,0.64906428
0.65631683,-0.49681985,0.7136915,0.57151556
0.79244948,-0.48401992,0.75941166,0.86092218
0.82628344,0.73369699,0.4972925,2.4903546
0.59929295,-0.27396251,0.53968877,2.5412248
0.73980593,0.52607899,0.44796595,1.7206301
0.49013621,1.4168483,0.7188483,-1.1355344
0.5008621,-0.39911121,0.67536759,-1.0974163
0.65575015,-0.61868914,0.46497274,1.5898313
0.60486931,-1.4805033,0.36157941,0.65772272
0.69303699,0.835199,0.77497149,1.0894929
0.74428126,1.2339516,0.61842081,0.70040267
0.68489204,0.49833183,0.68162054,0.68243206
0.55441396,0.61012593,0.62160547,0.38102623
0.66489718,1.1416152,0.61583636,0.91962358
0.52709207,0.8068357,0.46990355,0.18990031
0.49991313,0.79923652,0.56928146,0.55740882
0.51389563,0.64481977,0.57749702,-0.70321537
0.53509259,0.8212063,0.59141859,0.27029827
0.51877805,0.95348385,0.68089162,0.54269409
0.62976029,-1.3828494,0.52152352,-0.82151145
0.60956466,-0.93756786,0.60083609,0.8316387
0.51066282,1.1834713,0.6160444,0.29389467
0.47554713,-0.72007882,0.6629905,0.567857
0.56664016,1.0470252,0.60234715,0.66389409
0.55651533,-0.94635438,0.49233262,-1.3463321
0.57032284,-1.739055,0.48378269,-2.0031135
0.57813927,-1.5550546,0.47028542,0.65645612
0.64248531,1.1671174,0.5941559,0.012822309
0.54528446,0.026862168,0.60073122,-0.61232044
0.60647986,0.026648556,0.34914231,0.746353
0.54340417,0.20506957,0.48396335,-0.86595339
0.72340458,-1.1777975,0.4898752,0.1011158
0.6795741,0.3608818,0.5573871,-0.3878938
0.64037974,0.13273618,0.57801774,-0.59748913
0.6257215,0.65163731,0.66195485,0.15311681
0.6532384,0.080299927,0.6971196,0.70659922
0.64572163,-0.49880843,0.54907739,-0.17012845
0.8469721,2.1148261,0.59643222,0.1332752
0.8062531,0.29569181,0.47413575,0.10809464
0.7711776,0.45956393,0.49051682,-0.00023132414
0.65073513,-0.30630871,0.53643592,1.6627009
0.72082712,0.16415609,0.60246974,0.34155661
0.68161323,2.8421641,0.65703144,-1.0828654
0.78948549,-1.7150418,0.55386871,1.2002083
0.76049125,-1.6382042,0.52840124,0.43026082
0.76496134,0.69532775,0.51816526,1.1496331
0.76412235,0.7413614,0.60339409,-0.69562818
0.65563568,-0.026795934,0.48172892,0.20071976
0.70355299,0.40819993,0.50533672,0.65143372
0.74518543,-0.060944555,0.44078399,1.1575984
0.69159303,0.59238744,0.59327481,0.19221349
0.63136355,0.045480342,0.61990012,1.2318127
0.57895157,-0.50430777,0.74196451,-1.5501007
0.56445093,-0.0053517535,0.77998039,-1.4057861
0.63931235,1.4870555,0.71079737,-1.2332042
0.64228691,1.8692296,0.67822864,-0.090718527
0.60015544,-1.3667399,0.64467824,-0.4625667
0.70703728,-0.49427001,0.68117267,-0.073585467
0.62867137,-0.093729059,0.67135887,1.4250801
0.64035747,0.03287282,0.64811665,1.0887774
0.67578057,-0.97547468,0.58768924,1.1149998
0.55807724,-1.1411986,0.54226291,1.301105
0.56347728,0.30261852,0.59981206,2.095921
0.74073554,-0.0072181701,0.59423002,1.5669354
0.69716769,0.097942668,0.65601988,-1.2808187
0.6114364,0.64907716,0.47773133,-0.61477003
0.6191736,-0.32235095,0.65018855,-0.34578225
0.62637747,0.59758062,0.71809063,1.4801191
0.63950712,-0.69474276,0.73411379,-1.1341508
0.63701316,-1.0875296,0.50581397,-0.74203486
0.66163181,-0.85874496,0.67621248,1.6287755
0.62965945,-0.78105366,0.55669627,0.71652101
0.54227838,0.90136225,0.61338832,-0.25516489
0.68238597,-0.62393948,0.5910779,0.67221839
0.53976502,0.3183923,0.48989839,0.40582583
0.64080507,0.6777159,0.68220887,0.94298255
0.64504097,0.46623381,0.74654104,1.6363286
0.63473599,-1.2206184,0.63601545,0.4769798
0.66959089,-0.49807215,0.53442256,0.19924023
0.6878236,0.88351193,0.56932374,-0.081486268
0.81175043,1.0136067,0.56963213,-0.91210193
0.57692926,-0.52948182,0.56699445,0.44509573
0.64570502,-0.29034009,0.5218442,-0.25684254
0.6436414,-0.79053002,0.53842967,1.4984907
0.5456885,0.27749665,0.45866324,1.5437766
0.58082663,0.24249919,0.60078542,1.4334664
0.48062695,-0.45488659,0.38304571,0.87141957
0.50935248,-0.46816198,0.60603215,-0.17818401
0.61512287,-1.5167276,0.60801226,-0.73407608
0.57913326,-2.2069492,0.45261218,1.0755283
0.61054082,2.1226155,0.43876554,1.7028642
0.5094632,-0.36620986,0.39751706,0.30079293
0.69204864,-0.1101601,0.50724223,0.087019949
0.7434381,0.69229114,0.45677799,0.63475519
0.59990278,0.79702413,0.48782041,-1.7435877
0.66399783,0.53889875,0.65450671,0.51679372
0.82104953,-0.60768333,0.53092845,-0.40752313
0.65393496,1.8014294,0.53529996,0.96135678
0.57788468,0.46766309,0.5413167,1.0149159
0.52958067,-0.58524191,0.59974057,0.99593157
0.72985116,-0.33414258,0.66349261,0.16855494
0.60776032,-0.20564473,0.61825154,0.95443977
0.64705737,-0.55460273,0.4684938,-0.62736181
0.62948322,-0.75290257,0.49204213,0.70053035
0.62222921,0.65550299,0.48618711,-0.92826381
0.51293799,-0.82442465,0.50814708,-0.49609965
0.64754071,0.56921588,0.46119481,0.33436004
0.82526757,-1.6150423,0.52808425,0.032023362
0.58902867,1.9487227,0.66889432,0.46488481
0.64712553,0.24312263,0.74388234,0.024831413
0.64733765,0.43835065,0.66945096,-0.54781925
0.65290156,0.8888196,0.56407126,0.59417927
0.65212115,1.1019715,0.6698961,1.3318688
0.59999392,1.1110971,0.61766512,2.0906945
0.68570716,-0.17147122,0.44206255,0.92610344
0.58133878,1.3535567,0.5175466,-1.0261191
0.57738668,0.82260013,0.67276793,0.84925742
0.72652428,-0.46070072,0.62611559,-0.62214933
0.63206094,-1.3057631,0.63959526,-1.1694382
0.82485333,1.5979232,0.63806434,-1.2851883
0.65832838,0.81804195,0.65264901,2.1849619
0.70191765,0.26281342,0.6368209,1.0986029
0.62111009,0.1216395,0.69591016,0.12334466
0.58898098,0.05930927,0.62947316,-0.63860367
0.63380916,0.77247219,0.59193072,-0.97074012
0.66056868,1.3176782,0.52674511,-1.2221076
0.81257843,-0.081005522,0.53331964,0.25225502
0.82131149,-0.071817208,0.67048347,0.3320163
0.74527473,0.44135857,0.64798158,0.36177245
0.63765479,-0.60307013,0.54890831,-1.4783455
0.72807906,0.025420232,0.47551389,1.5837606
0.71809088,1.0824059,0.76304158,-0.73559271
0.60422514,1.7185491,0.82631493,-0.53569368
0.56096903,1.8541765,0.79869192,0.63695012
0.50762498,-0.57627088,0.41969497,0.71097791
0.68308043,1.1372418,0.44491208,-0.17421757
0.66625023,0.84232423,0.45055586,0.14760984
0.61474519,0.62893209,0.42379704,-0.076897448
0.59546296,0.38881929,0.51311284,-0.542517
0.59677385,1.4668972,0.75364996,1.9731201
0.64083026,0.30095923,0.77868963,1.6805835
0.58285775,0.56051614,0.79724898,1.671094
0.55312581,-0.83919026,0.84151177,0.42805012
0.6711121,-1.7899925,0.60194751,0.04425848
0.73150391,-1.2513764,0.61640787,-0.38839616
0.69113366,-1.2421546,0.62459939,-0.46700592
0.65948767,1.76347,0.6050893,0.6908605
0.65834272,0.99445969,0.44612938,-0.44023056
0.6481343,1.2820353,0.45998766,-0.69235036
0.57674026,-1.4599504,0.56550978,-0.37564128
0.62488109,-0.92893956,0.5192392,0.9038891
0.58417485,1.1575331,0.5905866,-0.0012472868
0.70731369,-0.57831033,0.57772601,-0.46842312
0.72499785,1.137817,0.49901712,-0.96917768
0.72820411,1.3184487,0.47892345,0.53010043
0.70883558,-0.73058833,0.47294321,-0.48813995
0.67240598,-0.48109564,0.56376565,-0.5619206
0.70567768,-0.77340627,0.61443919,-0.10960491
0.72854088,-0.94305356,0.51091652,-0.18578373
0.64965394,2.3104583,0.51801465,0.037750954
0.61444588,1.1811998,0.56509999,0.49194215
0.67645018,0.72792893,0.62635301,0.72884541
0.53763019,-0.21348948,0.67515238,0.16349139
0.59119307,0.15566516,0.59795725,-0.91442865
0.67099134,-1.2272834,0.7011618,-1.3713074
0.64184055,0.12845715,0.51867953,-0.8502348
0.70093555,0.50436952,0.65486048,1.2524304
0.60740198,1.3010589,0.5077997,-0.55527496
0.632837,1.3210083,0.58261414,1.605629
0.63993358,1.2902534,0.77395781,0.539618
0.6119728,0.25742984,0.79339366,0.54610357
0.64412636,0.19252849,0.73412353,1.8008061
0.64049243,0.30150253,0.69536785,1.532811
0.62960852,0.47984277,0.69061464,1.7103646
0.55471319,-0.068412411,0.8305952,0.41684223
0.5417315,0.038262727,0.50830734,0.31092052
0.65317636,-0.071521008,0.67851062,-0.5862256
0.65484934,0.11650758,0.62852715,-0.16984985
0.69683099,0.46566973,0.55729197,-0.3038555
0.62716601,1.6436096,0.51341639,1.2827165
0.60273052,0.61734533,0.67446574,-1.1462635
0.60523456,1.0038753,0.75255542,1.9250876
0.56306555,0.46516411,0.73056894,-0.42678565
0.65550881,-0.30725265,0.65907436,0.53803163
0.58409393,-0.1433356,0.76235763,0.2643463
0.57751612,0.12786802,0.63296678,0.12933936
0.5657114,0.32192474,0.64101467,-0.54712534
0.55888758,0.34678025,0.60526715,-0.67178029
0.54561984,0.77393261,0.61505565,-0.21078321
0.64667091,0.92336415,0.38609844,0.80526013
0.77196738,-0.67264944,0.49851002,0.71318779
0.61490129,1.7954718,0.5550945,-0.63170843
0.5617443,0.087863109,0.57603705,0.31027309
0.69314075,-0.31697467,0.60312845,0.096226216
0.74541784,-0.86331191,0.57627457,-0.32328481
0.63710492,0.11481342,0.71233393,-0.43832362
0.64518617,0.23189513,0.58027285,0.69611804
0.69607367,0.30023751,0.57146282,0.46051445
0.66903045,-1.3591432,0.57330939,-0.27332949
0.66865951,-0.63674239,0.35273307,0.8818318
0.69052475,-0.047026218,0.77686391,-0.54057602
0.64422217,-0.1517664,0.80250068,1.0413252
0.7410568,1.0114805,0.72208668,1.7824384
0.71164149,1.0866846,0.71480744,0.95306828
0.5872072,-1.1435081,0.77215287,1.7309372
0.55961506,-0.8401124,0.81449298,1.6170537
0.65053166,0.92333367,0.46127906,-1.0916045
0.71533317,0.45814756,0.61010017,0.12066092
0.64649222,0.62124189,0.64757933,0.075803195
0.38549231,-0.59938918,0.56050684,-0.72047426
0.4682704,-0.96106854,0.5783982,-1.0089061
0.50822008,-1.0881068,0.57743739,-1.5809543
0.80856961,1.7031774,0.54568862,-1.0646078
0.70100282,1.390848,0.61288574,0.29254329
0.65795202,-0.41281361,0.49842715,-0.19326784
0.69461588,-0.21654156,0.38420381,0.30168263
0.58999294,-0.63171388,0.39700924,0.22100091
0.61920235,-0.56481468,0.57168839,-1.1473729
0.62078881,0.14367668,0.46576706,-1.3074512
0.52559776,1.4795555,0.49386348,-0.73017248
0.55570033,-0.72734377,0.60280591,1.1994451
0.67156765,-0.26715046,0.64898289,-0.81041445
0.6725685,-0.32819303,0.74915846,1.870225
0.65180414,0.6058677,0.56182143,-0.52004507
0.6610117,0.039958471,0.61828164,0.10658116
0.70345155,0.81896741,0.58660232,-0.28199625
0.60106169,1.3712949,0.63690676,0.72509353
0.6775677,0.36473973,0.56016738,-0.57045493
0.61365106,1.3914292,0.58206108,-0.70862567
0.58328938,1.2732952,0.64494942,-1.0717195
0.68004498,1.1140666,0.8433844,0.21280047
0.59212485,-0.090196563,0.39983268,-0.28814031
0.64587739,-0.50401044,0.33981012,-0.15553184
0.63241638,-0.75938949,0.81787564,0.58916869
0.65319331,0.56211718,0.42553378,0.18991969
0.69944453,0.41857417,0.43784487,0.58067602
0.52282512,0.18730123,0.44076215,-0.033077544
0.61252228,-0.15514099,0.50138446,1.2235364
0.59229717,1.035163,0.47381907,1.3306892
0.66500072,0.94223056,0.64751412,0.76250107
0.62276359,-0.16224983,0.57515077,-0.17439737
0.61889779,0.13757258,0.61637763,-0.90489848
0.70404834,-0.075439803,0.61632365,2.6880473
0.54400118,-0.10212996,0.51598586,0.54477846
0.54392877,-0.46678166,0.5657695,0.79888626
0.5277728,-0.49282052,0.62914158,1.0344664
0.56750506,-0.89201955,0.70375775,-0.51738599
0.78777874,1.2946922,0.53565277,-0.021513591
0.81093165,1.5694101,0.73005257,1.1953702
0.74063784,0.79124275,0.57038744,-0.1594781
0.80980965,1.3956774,0.7274421,-0.24340372
0.67988636,-0.35091418,0.5692916,0.30212644
0.61767031,-0.15769949,0.50381868,0.96713144
0.64553547,-0.43053464,0.5963337,1.0444579
0.5778156,0.65657092,0.72330307,0.32180806
0.65719732,-0.45396508,0.7254526,0.33809014
0.68222886,-0.64482887,0.74291962,0.60026584
0.61815911,1.3735887,0.76927785,0.48946567
0.62593098,0.49898107,0.54892095,-0.67989124
0.52254345,0.3078638,0.51964373,-0.96352367
0.44792326,0.37456709,0.59627962,1.3924657
0.75861396,-0.10107176,0.61151594,0.64032424
0.56751101,0.10630292,0.47278882,-0.27644415
0.59045406,-0.041801416,0.54782549,0.63698597
0.67467611,0.38853158,0.65931337,-0.52901667
0.62747807,-1.5852701,0.66037191,-0.71868621
0.77227015,-1.0548725,0.55999032,-1.1403227
0.76528262,0.87272829,0.55941769,-0.61774226
0.62189272,-0.085039725,0.59320492,-0.90260264
0.57710665,-1.4489757,0.63478062,-0.44715569
0.55906252,-1.4734377,0.60509468,-0.47451177
0.57026169,-1.3668348,0.75299859,1.1760828
0.61762931,1.3049418,0.43888653,-0.067080284
0.57328978,-0.33553913,0.47041433,0.35871434
0.6438679,0.48909792,0.47901163,-0.2641258
0.74138409,0.49870593,0.53330698,1.0429269
0.71650044,0.48028419,0.44539985,-0.29703247
0.73628928,0.9205249,0.68081758,0.55267918
0.70279705,1.4132649,0.51004484,-0.2005324
0.62170248,1.3856344,0.53096408,0.1057525
0.7183265,0.3556617,0.71506992,-0.40944336
0.62559007,-0.11521202,0.62312924,0.97444917
0.66541443,0.83651569,0.48532875,-0.88423825
0.63798432,0.26714747,0.63648318,-0.34807682
0.84575429,-0.75131704,0.63244372,-0.54864138
0.63998062,-0.16147015,0.73996275,1.2540963
0.76631161,-0.63061378,0.68044605,-0.90778006
0.64186855,1.5216093,0.64267011,-1.3724903
0.74322831,-1.0099202,0.47767533,-0.54778744
0.73548606,-0.70360121,0.58529261,-0.32281081
0.70359319,-0.40754217,0.46540441,0.28705947
0.68676348,1.0042833,0.56834448,1.7302696
0.73543375,1.1057289,0.58646826,1.5775787
0.77165061,0.91346265,0.57223942,1.8133024
0.69346278,-1.0154881,0.57656583,-1.3427646
0.7150993,0.36313305,0.51150082,-1.5517934
0.64071492,0.33247767,0.50792338,-1.5179492
0.65566665,0.54542326,0.61817789,0.24011571
0.71396948,0.17176018,0.43355057,-0.060750219
0.87373215,0.73081373,0.70651942,0.40846546
0.52341786,-0.48156452,0.56370296,-0.033106715
0.69310373,-1.9359278,0.35159559,-0.55083512
0.72182743,0.3438388,0.62510156,0.5076966
0.52638651,-0.42653687,0.38775426,1.7018215
0.54869333,-0.55788846,0.51382381,0.051826628
0.5900642,-0.77962851,0.47802853,-0.7633333
0.5544721,0.42054444,0.44956033,0.91937248
0.5875512,-0.18758039,0.31889609,0.82440078
0.629234,-0.19824445,0.1613169,0.032103102
0.68469268,0.83885084,0.57297489,-0.32044847
0.69098717,0.67005703,0.57874746,0.28855092
0.61335681,-0.63939899,0.52380882,0.45097475
0.6519416,0.26185496,0.68345424,1.0055147
0.74434744,0.66454546,0.7475126,-1.0038477
0.67418827,1.2398737,0.68936904,0.69106005
0.717691,0.82534073,0.66919466,-0.6050636
0.73881145,0.86397239,0.5800613,-0.38003596
0.65936999,0.61878706,0.51206439,0.10099152
0.60108909,-0.64952508,0.43210742,-0.55266197
0.6044916,-0.68015679,0.56993574,0.29330783
0.56143198,1.2096192,0.64580918,1.3322268
0.58088786,-0.21163469,0.66050311,0.026089871
0.57018637,-0.061494628,0.68409431,-0.44496483
0.60879873,-0.72830195,0.67236233,1.2038521
0.51696838,1.5359549,0.50849715,2.3424629
0.72486317,0.13815456,0.38949171,2.8557733
0.67185822,-0.14256378,0.77758587,-1.4507729
0.59712767,-1.1145958,0.53298302,1.7631693
0.66155753,-0.88215456,0.53876821,1.1331928
0.5899108,-0.3664755,0.51247217,-0.55490914
0.6319907,0.074908569,0.52554035,1.5129766
0.62281259,0.29306086,0.52386413,-1.8778898
0.67347892,1.1883564,0.48745659,-1.4792878
0.64957158,-0.76796676,0.52789241,-1.4858124
0.71246389,-0.15096802,0.50165507,-1.2137863
0.73305493,-0.077211738,0.48178274,-1.0463338
0.68206264,1.1250496,0.39387303,0.6015562
0.70377418,0.58515171,0.47974191,-1.1001738
0.81424516,-0.31987303,0.50803013,-1.0441831
0.71777244,1.8551434,0.51859979,-0.91532701
0.6078446,0.87887407,0.46429878,-1.4065604
0.71597641,-0.24387615,0.4947271,-1.2252761
0.68805385,0.99876307,0.50687105,1.1030426
0.59415542,-0.5961206,0.44339926,-0.92177125
0.71263548,-0.11727186,0.49602547,-0.037068667
0.6030512,0.2224245,0.58149298,-1.0228505
0.69516269,-0.37178964,0.54826451,0.84044295
0.61019839,-0.26026321,0.46502183,0.66625556
0.64810625,0.67210134,0.74863709,-0.083648188
0.68671234,-0.00023532142,0.59163705,0.88389812
0.68130644,0.36491125,0.44109399,0.75006996
0.70042962,0.76707599,0.6061155,-1.3699268
0.63202724,0.23365572,0.74396759,1.5845415
0.87469948,0.56611817,0.74660016,1.554497
0.83559727,1.7785978,0.63356445,0.51279412
0.67824025,0.53575782,0.49739177,-0.20661786
0.69363026,-0.93874085,0.47517702,-0.55910115
0.66924592,-0.9650201,0.53514953,0.30470383
0.65272854,-0.63796947,0.52853456,0.47547602
0.71757185,0.92828755,0.64020931,-0.67002116
0.56161169,-1.3844404,0.54962715,-1.1747111
0.63193809,-1.1647598,0.62721955,-0.97031606
0.6189006,0.013928016,0.6455697,-1.1238292
0.63746745,0.053019364,0.58623361,0.416485
0.71612938,0.61882659,0.58761211,0.43880451
0.66017092,0.40004416,0.57494745,0.7496434
0.71700316,0.70999197,0.53627005,-0.11070882
0.70578419,-0.0086417573,0.6141129,-0.083916494
0.76369971,0.85494111,0.50587627,0.0043550245
0.75718011,0.83217579,0.6491509,0.14402631
0.75148263,0.40515643,0.52776055,2.6142753
0.71036734,0.6497154,0.54986191,-1.123305
0.72232927,-0.856861,0.58455425,-0.31853215
0.64497828,-0.42983335,0.52490668,-0.20358462
0.62048141,0.10325205,0.5220483,0.80854885
0.61227977,-0.93720484,0.59899085,-0.54901159
0.66898861,-1.2404303,0.63924966,-1.2324517
0.72727115,0.50762457,0.57565285,0.13627066
0.67452103,0.13891067,0.59849952,0.99992083
0.63707963,-0.72406181,0.67547356,-0.96886908
0.62199513,0.72294023,0.62981138,0.90411547
0.63983188,0.12903354,0.73652192,-1.0403529
0.56145913,-0.26897388,0.73721259,-1.5914161
0.61805411,-0.25032391,0.54905571,2.3200509
0.58549014,-0.57723286,0.56215763,-0.18995738
0.75974384,1.3218759,0.61054382,0.29567979
0.69982573,-1.02982,0.71264869,2.2558827
0.62736788,-1.2249254,0.39879152,-1.051108
0.76141366,0.96013138,0.48542867,1.2572684
0.74020986,3.1227736,0.45551673,1.3864175
0.85800288,1.6622891,0.47831304,0.86594867
0.7093001,1.0458389,0.35559862,0.33526756
0.68380715,-0.15064985,0.7534861,0.31339787
0.66217064,0.18101941,0.52826466,-1.5072843
0.65591629,0.24325817,0.45459957,1.37872
0.63508537,0.33271697,0.45792356,1.4471511
0.66359661,0.57150314,0.66584489,1.3385825
0.57920987,0.19357584,0.6598207,1.5585565
0.76350952,0.017018118,0.57447838,0.55936193
0.73816326,0.072434336,0.57296722,0.15913239
0.68373298,-0.23488158,0.51409259,-0.40665552
0.56971281,0.42264913,0.65345729,-1.001048
0.48577046,0.78306076,0.62903396,-0.35737556
0.61808638,0.80431361,0.70037412,0.6698166
0.73631873,-1.0614601,0.63582866,-0.18362481
0.6740043,1.2993992,0.68368248,-0.64485364
0.66813863,-1.0507827,0.40999761,1.4231439
0.725301,1.109873,0.4013807,-0.16682305
0.60230756,-0.18883627,0.32635135,-0.4835755
0.65699269,0.23427956,0.40966325,-0.18511495
0.46525986,-0.75286909,0.4446394,-0.37527846
0.66737039,1.103674,0.63255021,1.6342491
0.80739314,0.063699029,0.58062225,0.9244356
0.69187411,0.50546073,0.5334783,-0.0092710667
0.7457656,0.23520466,0.57025927,1.3082496
0.68176389,-0.1264219,0.60173031,1.0443526
0.67088202,0.054544179,0.4425332,0.87337699
0.74845312,0.39936578,0.57391766,-0.80481542
0.69717668,-0.031109713,0.5733313,-1.0677477
0.70509443,0.5815427,0.49811724,-0.65264151
0.70117059,0.85698475,0.59670949,-1.4602006
0.64294193,-0.32804099,0.65351277,-0.90532968
0.66823284,-0.12526827,0.54005938,1.3610275
0.66188578,-0.27467125,0.54425134,0.34080811
0.70193222,0.63353758,0.58109778,-0.022495331
0.73123424,-0.91738888,0.43640754,-0.58763677
0.7158581,2.0563056,0.44113924,-0.84806043
0.62282825,0.20049511,0.47971422,-0.036721497
0.70637469,-0.89726668,0.62524246,-0.31575669
0.63037978,0.20175058,0.68943557,0.61393845
0.66113407,0.7770442,0.57511213,0.18322932
0.62747468,1.2774586,0.49961351,-0.080487009
0.66630241,0.84964133,0.40809534,0.19388901
0.58457693,-2.0505862,0.43066385,0.34080215
0.69894465,2.9281474,0.38546378,0.60058396
0.6214343,1.8460655,0.45294481,-1.0548518
0.6036731,1.6481935,0.42344247,-0.40700088
0.72738322,-1.1641641,0.49374105,0.0032724583
0.73211943,0.77644451,0.47902773,0.074575422
0.6658614,0.56875358,0.56640798,-0.99523159
0.71181038,1.6084236,0.61352271,-2.1444231
0.68684571,-1.1793219,0.43041827,1.8779857
0.69778425,-0.58310103,0.34816926,-0.50821549
0.7250838,0.02507141,0.53193526,0.84826621
0.71800607,-0.22811288,0.70247932,0.95684303
0.59925727,-0.2715037,0.43106895,1.1337929
0.64632267,0.45219389,0.58888861,0.32087795
0.66772973,1.1902903,0.59668216,1.1234237
0.57996431,1.0278309,0.61285967,-0.052896824
0.56709327,-0.86248899,0.60108499,-0.1911209
0.70352536,1.162562,0.40801425,-1.1678053
0.62930499,-0.67341857,0.39789072,-1.4303443
0.63589857,-0.86271869,0.4573306,-0.52632606
0.49661785,-0.83087981,0.45911621,0.24123445
0.52317531,-0.83388108,0.47161308,0.086459421
0.77214148,0.49365274,0.71281748,-0.21773386
0.74323867,1.1561943,0.6887832,0.32298743
0.72633703,1.02399,0.70217606,0.43488829
0.8429328,-0.076540834,0.48744345,0.092595472
0.85180302,-1.0079998,0.70194093,-0.57747015
0.88127659,-1.0441332,0.72915993,-0.89480465
0.74211918,-1.2114372,0.658304,-1.4889965
0.44847584,1.0662015,0.6212646,-1.0083107
0.5421218,-0.23950131,0.47365012,-0.33931383
0.57416511,-0.25722569,0.39310564,-0.05632703
0.56078518,0.53610609,0.44816036,-1.0009893
0.72644609,0.95449252,0.37860127,0.34538064
0.58126195,-0.20256516,0.31021545,-0.020966415
0.5818822,-0.42424744,0.36066222,-0.1336286
0.66937339,-0.33528408,0.63037208,-0.028766229
0.78620646,-0.82429804,0.39734703,0.83566794
0.7451129,2.1195027,0.39020375,0.65163306
0.81508516,1.2606448,0.42876917,-1.1222458
0.88122277,1.6311134,0.428377,0.12012328
0.59977966,0.33332557,0.45833498,0.091949436
0.65145827,0.4164248,0.43745179,-0.53621649
0.67501719,0.46754084,0.67224823,-0.25563699
0.57991477,0.24866306,0.5609786,0.23390333
0.70770384,0.34004505,0.55064817,0.29303038
0.40210373,-0.33954587,0.57222668,-0.29347546
0.663431,0.043405791,0.52236873,-0.19702209
0.5356384,0.57172201,0.77028006,-0.74308497
0.50977482,-0.72761195,0.77065976,-0.6771212
0.47879368,0.16336874,0.82703132,-0.91120621
0.58286753,-0.41312081,0.76276926,-0.14576993
0.75922226,-0.28420781,0.74844772,-0.047430568
0.70360788,0.82118181,0.74781445,0.016004173
0.68207022,0.99011233,0.76500717,-0.050039162
0.65363438,1.9261652,0.45723917,-1.8076817
0.58457872,-1.7561897,0.44769086,-1.7351777
0.67586445,-0.75685363,0.42101899,-1.7154806
0.64175505,-0.19804033,0.40027841,-0.83772241
0.65756684,0.95620519,0.72773846,1.5824919
0.73352879,0.6099626,0.82658281,1.9622547
0.5592788,-1.3116252,0.71487165,1.23323
0.6635517,-1.0270353,0.47780563,-0.92157066
0.7290598,-0.9340292,0.51120989,-0.65376347
0.70111503,-0.76378972,0.60924876,1.0307582
0.72165168,-0.9063401,0.69674723,1.0490593
0.67225535,-0.14513784,0.56908238,-0.23104408
0.73968058,-0.18170872,0.53051316,2.1262281
0.71655388,-0.25040566,0.56020068,1.1770511
0.57948737,0.33827133,0.58303938,1.6647994
0.78151711,-0.13328495,0.46962146,2.0245481
0.5620523,0.22247512,0.60423135,-1.5358052
0.68295948,-1.6504627,0.67581715,-1.5336235
0.69792462,-1.9498307,0.46733355,1.3498562
0.77113383,0.94718563,0.44768009,-0.62351681
0.69765901,-1.2128229,0.50210843,0.49401485
0.63811635,-1.3263433,0.70331273,-1.1099736
0.62791456,1.2447954,0.55818217,1.8580505
0.71971066,-0.39539784,0.63726012,0.95175377
0.72207937,-0.36980045,0.58058341,0.29490886
0.60527476,0.80826732,0.63697273,-0.73646586
0.81187847,-0.29879755,0.49944848,1.5745773
0.80515293,-0.20510103,0.78199559,-1.349953
0.71101969,-0.34354357,0.80338252,-0.88105021
0.73177623,-0.60358708,0.67008791,-0.28022598
0.81989472,-0.74711187,0.6083303,-0.011983454
0.84234295,-0.65722253,0.56975303,-0.022763907
0.64562039,1.9273886,0.67796885,2.6362949
0.53510208,-1.7964417,0.59625781,1.8053471
0.63033906,-0.1827521,0.59131887,1.3762676
0.63505725,-1.0120682,0.44743855,0.46290832
0.59736615,-2.5296952,0.60916342,1.6179143
0.57868254,-0.35761253,0.67830311,1.8359487
0.68827784,-0.39387681,0.48394827,-1.2144653
0.58180544,-0.75686066,0.40504066,-1.0086501
0.65690457,-1.4816106,0.68899747,0.65088782
0.6584012,0.16925675,0.52000395,-1.025585
0.6802859,1.1504136,0.59614192,-0.48502335
0.74013893,0.53006867,0.65917935,0.3173806
0.74833059,0.69134711,0.59997382,0.084607044
0.58933329,-0.97350529,0.54230307,0.27308704
0.59751582,0.2737529,0.63353585,1.1418718
0.52794799,-0.23297889,0.61818087,-1.2785986
0.63531987,0.74973532,0.53060269,-0.29073571
0.52085067,0.09550545,0.66129136,0.90964928
0.56980033,-0.19883359,0.42541526,0.32074093
0.55361287,1.1759924,0.53315278,-0.10721175
0.75554732,0.11147483,0.82584756,-0.34452192
0.70560338,-0.86831436,0.63060249,1.6330786
0.69880024,-0.40308791,0.64718221,0.34232625
0.56518037,0.36433136,0.57299298,1.6838961
0.75669959,0.24461945,0.56192121,0.44822709
0.71960716,0.89066161,0.5713833,0.68772197
0.60903329,0.53747449,0.66297986,0.17634555
0.55534251,-0.43377553,0.64436842,0.50352638
0.58274024,0.43921163,0.61929234,0.041341603
0.60118593,0.51396061,0.72654077,0.35346119
0.56964108,0.68834453,0.53996075,0.56288185
0.60473407,0.38118881,0.67268808,-0.13371221
0.59764624,0.42822245,0.57425381,-0.5638391
0.54365277,0.542679,0.45835515,0.89171294
0.58189072,-0.85740211,0.56225304,-0.78311572
0.58396205,-0.61463734,0.55453566,1.0103387
0.67473155,-1.0318994,0.58556546,-0.17285009
0.62620616,1.1703676,0.61230992,0.31272304
0.51081754,-0.080825141,0.5925468,0.068486862
0.58021717,-0.089612898,0.53549367,-0.131382
0.54543382,1.3464332,0.58106284,0.040878096
0.69697121,-0.30754529,0.62432637,0.2939265
0.73153981,0.14300113,0.63030774,1.1321063
0.72356584,0.13674795,0.48403357,0.22542298
0.67182891,-0.64436478,0.58622261,0.18432069
0.77799791,0.37807901,0.51004422,-0.44278279
0.79180868,0.37565914,0.67452715,0.99523876
0.75757534,0.98654233,0.50966281,-1.3882599
0.64234162,0.27325376,0.48864259,1.4774368
0.61777964,0.24734735,0.43354467,1.5259876
0.65312577,0.5485843,0.69598641,-0.45763218
0.60533704,0.27309609,0.71331635,-0.29388299
0.63753608,0.23044117,0.61564139,1.4255845
0.63094991,0.15320962,0.6445153,0.91969427
0.61691155,-0.096081217,0.63359371,-0.51261935
0.61645112,0.061307707,0.68502095,-1.0334394
0.6182138,-0.38043839,0.59291395,-0.85828608
0.6209189,-0.98395743,0.4994305,0.70543188
0.61433213,-1.4484421,0.46973145,0.55487114
0.79599586,2.04894,0.44521623,-0.45115179
0.77127364,1.9630535,0.53430096,0.54171275
0.56731888,0.87175756,0.54430584,1.4279037
0.64344205,-1.0748745,0.55767272,-0.84391912
0.6994977,1.6887797,0.50119499,-1.0290987
0.58391025,0.76345797,0.43657141,1.2293498
0.66072724,-1.1474574,0.62319886,-0.69255235
0.64583519,-0.36431241,0.59143332,0.2983647
0.66328395,1.0349969,0.56143865,1.4995531
0.6085879,0.52945817,0.55383981,-0.58442905
0.56806018,-0.60177553,0.61375492,-0.11070738
0.66204854,0.5111017,0.53276547,0.81378419
0.66338295,0.24280335,0.53966081,1.0136024
0.60674983,0.34205409,0.48700162,0.12617842
0.62974079,0.46165625,0.48462871,1.0472692
0.63125483,-0.16641235,0.65345818,-0.55676617
0.7245232,-0.79223408,0.70503642,-0.38244689
0.70113166,-1.0021191,0.545362,0.021629939
0.6547373,-1.1170289,0.66414382,0.80026769
0.72935598,1.7011802,0.55937895,0.90513613
0.75143797,1.2693801,0.56650866,0.90624061
0.7942469,1.9197815,0.46906457,0.731885
0.7303288,0.31578689,0.6731658,1.4728365
0.58473394,0.8258221,0.69099648,1.1247308
0.5490916,0.6392242,0.67126923,-1.2400073
0.46942041,0.49462708,0.69615057,-1.295215
0.4331276,0.37717206,0.62339762,-0.05008882
0.69892312,0.24850847,0.65514473,0.00045104691
0.65503524,1.1657769,0.49697845,0.32231101
0.76417059,-0.77461638,0.46124169,-0.1972691
0.77376449,0.72348549,0.5020273,-0.035607653
0.78195388,0.018175486,0.48552345,-0.022775388
0.73452835,1.5966081,0.93828628,0.53078005
0.60310794,-0.34632541,0.79200924,-0.77923896
0.71217195,-1.3914859,0.38969329,1.1015019
0.72631436,0.060438336,0.36503423,1.1177988
0.53127845,0.50177185,0.38399769,0.38633598
0.63380982,-1.3750692,0.61738458,0.17747646
0.8625619,-0.39491117,0.65815218,-0.24037395
0.71247672,0.76381654,0.63390222,-0.5078169
0.42218183,-1.8062962,0.63118962,0.22620541
0.48470855,-2.1063257,0.62884537,-0.46025178
0.45879264,-0.97155369,0.64692706,-0.73849336
0.4826957,-0.48169148,0.67294153,-1.3047003
0.63770481,-0.91542854,0.67119896,1.3252037
0.67444432,2.8326994,0.66285581,1.7524386
0.601607,-0.75655066,0.56016809,-1.4718671
0.54476097,-0.83018187,0.52839097,-1.073152
0.60809755,0.81890044,0.53113953,-0.82585677
0.71173916,0.89431129,0.61584692,0.59647047
0.64354839,1.4179234,0.51359726,0.28065951
0.6450059,1.6114074,0.60915755,0.20337864
0.7271206,-1.4688329,0.57994507,-0.029179842
0.68005924,-0.18878078,0.51769062,-0.26800301
0.56992726,2.4801036,0.49041117,0.13901825
0.70809301,-0.8408174,0.59102402,-0.25363377
0.72758193,-0.66358817,0.5647615,-0.25538271
0.75480132,0.23239175,0.54324066,0.068720239
0.70399884,0.2499659,0.52640295,-1.6757025
0.60931492,-1.1511405,0.51295639,-1.4721599
0.72287289,1.760897,0.49570593,-0.43446831
0.79941831,2.3142912,0.37677573,0.32721484
0.77454107,-1.1574384,0.51087792,-0.25033847
0.76064069,-0.99795621,0.66268276,0.52958464
0.61696982,0.33986263,0.60544575,-1.739682
0.67189681,1.3580698,0.58586659,-1.7543761
0.61831847,-1.4282434,0.70033704,2.414336
0.71462181,-1.9004101,0.56551419,-1.0205873
0.71127408,1.548276,0.63528233,-0.33456337
0.84985221,-0.83949386,0.67302657,-0.5145875
0.79932624,-0.88045686,0.58655305,0.88049923
0.6344788,0.039711045,0.61675347,-0.08727412
0.60576943,-0.080764399,0.56852545,1.6440319
0.65574399,0.027961782,0.63364401,1.9451593
0.64143192,0.64112256,0.60231482,-0.23306421
0.64112204,-0.20580978,0.59956535,-0.31380697
0.57802951,-0.25127576,0.5647816,-1.0982316
0.63429094,-0.36395579,0.64541167,0.045457959
0.69072298,-1.0162545,0.66346796,0.89312745
0.73630047,-0.98061955,0.60369044,0.81932265
0.75085118,-1.5331597,0.5588781,0.36330733
0.67897523,-2.2042196,0.58052501,-0.27725976
0.66594862,2.1572631,0.63193571,1.2387622
0.65652943,1.1771899,0.58593747,0.61751453
0.60329463,1.8320693,0.61478029,2.3157296
0.60227869,2.2038636,0.47348876,-2.0136289
0.56588996,2.1626255,0.71309544,2.2421912
0.63148358,-0.24531746,0.70172162,0.54525579
0.66777076,1.2029432,0.62084549,-0.17060952
0.65095105,0.096472632,0.71145175,-0.043610101
0.59792318,0.35010582,0.5853823,1.8226159
0.67768857,-0.031820042,0.75967533,0.60083073
0.63976862,-0.17625513,0.80842486,0.40830047
0.55634031,0.50021411,0.53365649,0.29915926
0.52553629,0.80702003,0.50476682,-0.68741802
0.54472038,-0.90765874,0.50974107,0.62644917
0.67568669,1.994369,0.54378215,-0.49539034
0.67163287,0.55414782,0.53266389,0.66897687
0.62610725,-0.80621085,0.65822833,0.72901405
0.66411877,0.21177083,0.57841161,1.9673827
0.61071219,0.12371477,0.56983184,2.2632994
0.65648891,-0.46030038,0.60194868,0.75020423
0.65366079,0.645741,0.60919668,1.1122196
0.72848014,0.11232157,0.51758109,1.9673018
0.66798462,1.0550864,0.50669361,-0.75389405
0.62057414,0.19623866,0.43752036,1.4407903
0.68829853,0.42380934,0.48337373,1.185851
0.64969819,0.87403611,0.49629412,-0.62509224
0.69888547,0.85245197,0.78522222,0.52148943
0.76181157,0.21061831,0.61823402,-0.01244856
0.75448206,0.76877819,0.43541224,-0.87806408
0.64289439,-0.16522513,0.61643128,-0.47354717
0.74513286,-0.21702186,0.597902,-0.07168313
0.5642893,0.37726976,0.34605435,1.0728082
0.61065973,0.23499607,0.47220629,-0.64978695
0.70311995,-0.20671523,0.46482414,0.25906694
0.73676802,1.9780244,0.54841541,0.88903718
0.63217909,2.0719006,0.58714625,1.3046824
0.67236976,-0.4062398,0.64980199,0.54383752
0.62712072,-0.32845297,0.45465008,0.22941535
0.57958729,0.35008743,0.61937009,-0.81566431
0.79522965,-1.4827098,0.7242651,1.5903878
0.71882566,-0.1853327,0.42519221,-1.228632
0.73908416,0.097123448,0.74996536,1.8830097
0.67877436,-0.85651926,0.74449021,0.64013376
0.62839575,-0.28307804,0.44485845,-0.61946371
0.61563722,-1.2342829,0.49977767,0.52888983
0.69088111,1.7892503,0.50157133,0.21459735
0.7352723,2.1626224,0.46195232,0.29613085
0.78842687,2.7414648,0.6897141,-0.74889407
0.70254107,-2.4956619,0.56173835,1.4455642
0.73903588,-2.7928835,0.58811699,1.2846841
0.73943076,-1.9929885,0.67672143,1.7576356
0.66219391,-2.5104771,0.56358377,-0.37953997
0.54693194,-0.44722563,0.37104029,1.8098797
0.80475518,-1.0046113,0.47578537,-0.88832676
0.70594244,1.4059159,0.27057644,1.2585292
0.68813992,0.85508313,0.71195032,-0.24087403
0.56083942,-0.60812553,0.63048193,-1.2932305
0.80494734,2.4242955,0.70100496,-0.37778698
0.59732446,-1.3533354,0.68933114,-0.38863868
0.59242447,-1.1507708,0.52852234,0.34169013
0.67428398,-1.4803163,0.51733555,0.84349557
0.69065975,-1.8426179,0.3825487,0.29022328
0.74860042,-1.8873486,0.62524915,0.38491559
0.67161424,-2.351776,0.60562343,0.64439527
0.71395337,0.86951901,0.51763654,0.33608108
0.61850643,-0.37975325,0.48492137,0.39214721
0.82972223,1.1087206,0.45631919,-0.51927279
0.51554581,-0.41718068,0.45747398,-1.8935625
0.75437728,0.68478383,0.49508015,-0.095165712
0.87065296,0.95242827,0.55276129,0.37684049
0.7681668,1.0674035,0.76354894,0.6588521
0.76856793,1.1075745,0.52834834,-0.17396107
0.77002874,0.639877,0.59318484,-0.037628654
0.69657952,0.02651885,0.63977666,0.1248178
0.79028805,0.31348128,0.64890015,0.48190783
0.71642378,-0.1811375,0.57947534,0.66770523
0.68052765,0.83210413,0.49316978,0.059302692
0.58458694,-0.34616651,0.58460749,0.40566296
0.63187373,0.62204145,0.62554363,0.20519037
0.62131749,0.48320823,0.5278115,0.71315724
0.65567594,1.8161662,0.49260133,0.54105535
0.69139711,1.2180064,0.39465332,-0.20613407
0.71224096,1.3445865,0.46757043,-1.0323571
0.40345761,-2.705889,0.68837044,0.9788417
0.45862382,-1.409084,0.5919517,0.17053226
0.5058036,-0.68357503,0.47061536,-0.23391793
0.56291542,0.90283807,0.74538074,1.9319403
0.50603986,1.1531109,0.69650345,1.2348764
0.44469198,0.80496281,0.71878488,0.91414288
0.4132998,-0.81532498,0.85141179,0.88421239
0.3975144,-0.6084987,0.84755402,0.22094502
0.36731132,0.44025004,0.53834925,-0.6411919
0.8214729,-0.65001346,0.5545016,-0.16819844
0.69171787,-0.44510349,0.50901856,0.7568964
0.63098579,-0.17996639,0.48928886,0.40806131
0.60546988,0.46971505,0.57845455,0.098658321
0.55301244,0.41428019,0.51325905,0.20392863
0.55844509,0.048532847,0.6243025,-0.49942522
0.57206119,-0.45388621,0.68398423,-0.35137428
0.66996439,-1.1908954,0.61782325,-0.76488728
0.64223836,0.91794384,0.60799012,1.4502347
0.61970664,0.82821446,0.44622767,0.68450567
0.54037034,2.0504326,0.89553606,0.8676016
0.71758547,-1.903013,0.76674517,2.0559624
0.62417683,1.2612463,0.58991365,-1.1347853
0.64969804,0.97209869,0.61731363,-0.38270967
0.61513244,-0.36251042,0.66675605,0.19779947
0.67066054,-0.28174234,0.50380199,1.7508017
0.63301118,-0.16083185,0.54340503,2.0170042
0.67733272,-0.74718944,0.55643859,2.0217879
0.6919491,-0.38266937,0.60563565,2.2968259
0.69657926,1.2975625,0.59570612,1.7651147
0.73956483,1.2904704,0.64848946,1.5806971
0.63461176,0.027961367,0.38617649,-0.30533984
0.79064933,-0.44729486,0.3600822,-0.32641942
0.75281701,0.15129512,0.39235357,-1.062213
0.73147372,0.48162318,0.31964397,0.73611819
0.71990814,0.92247476,0.58022232,-0.10343861
0.73406891,1.0262456,0.57033809,0.65748787
0.74212782,-0.3203583,0.59433563,-0.055187169
0.68962721,1.2399205,0.55487919,0.44759456
0.83420662,-2.0530969,0.45738159,-0.22565248
0.73597148,-2.1727013,0.42228163,-0.56892202
0.71559411,-2.0127119,0.40589406,-0.35540687
0.71549967,-1.4139023,0.44988505,-1.4140127
0.68394981,0.642507,0.65626956,0.84785916
0.66414433,-0.85878656,0.48014161,0.45776025
0.62545854,2.0725855,0.48632681,0.0011053288
0.65500002,1.6112466,0.49339728,1.0463851
0.69298123,-0.45170458,0.677993,1.0849819
0.61717231,-0.84809256,0.55019427,0.2992274
0.63327497,-0.33767866,0.37506836,-0.069457879
0.61781701,-0.45003423,0.55005778,0.17697686
0.67264085,-1.3212614,0.48470014,0.74392881
0.63967164,0.37762661,0.60189765,1.5578616
0.81023556,0.90970901,0.61377558,-0.43773446
0.82578623,1.3665155,0.64328135,-0.399784
0.82703278,0.64527571,0.69754407,0.028628349
0.69057333,-0.4015568,0.42111737,0.61090471
0.56457735,1.0005619,0.60471306,-0.72044668
0.64175837,0.78313652,0.60303499,0.078332175
0.70038762,2.254118,0.43434233,-0.52791988
0.67872731,0.61472455,0.6786203,1.3213114
0.71018851,-0.25280919,0.53002626,-0.88796751
0.75262495,0.87688684,0.56904475,-0.24752679
0.71524543,0.47532656,0.50748964,-0.55983354
0.64512115,-0.62547754,0.54611615,0.47129638
0.61304205,-0.24295633,0.50864549,-0.064106317
0.63069132,0.51191749,0.46309657,-0.57522485
0.66789489,0.68552433,0.62012648,-0.64681531
0.59874683,1.5596491,0.62854136,0.2528915
0.55403434,2.0021746,0.61024543,0.24212574
0.85928168,-0.22496047,0.46439118,0.79871463
0.68773387,0.6209511,0.49232538,0.86445323
0.63904093,-0.061786697,0.50877605,0.099642547
0.71571416,-0.56110785,0.46403412,0.61180296
0.69330419,-1.1143118,0.49922338,0.37948046
0.67951993,-1.1265781,0.43263312,0.89095437
0.57857194,-0.053975417,0.66548568,-0.47687283
0.54047335,-0.061753628,0.55356495,1.2322417
0.56491079,-0.36763905,0.67303659,0.21688128
0.53934957,-0.31474641,0.5161359,0.50628494
0.60069369,-0.50457279,0.54663271,0.70508925
0.58093894,0.29909751,0.74825797,0.034367692
0.76856602,0.86536199,0.52899474,0.66167087
0.79519126,1.0814196,0.51952765,-0.66751047
0.73850773,0.72346532,0.54473706,-0.014039901
0.59154748,1.1639582,0.62466756,0.0075736782
0.63546672,-0.28238023,0.6489618,-0.52447263
0.56506935,0.26420665,0.70827888,-1.5960163
0.57836799,-0.35378007,0.65368935,1.6016299
0.54272694,0.061053389,0.60463637,0.098308302
0.5752217,1.4383809,0.53723162,0.32869547
0.63459553,-0.724718,0.78624743,1.5058431
0.62064622,0.35275846,0.6874944,-0.46818761
0.55226469,-1.6677009,0.60417927,0.32583142
0.57748917,0.30749324,0.58300898,0.9565936
0.84371264,0.32671902,0.70075489,-0.95978163
0.73841762,0.58118025,0.54785519,1.2149218
0.74862301,0.57341184,0.58032928,1.1648356
0.73577872,0.28898522,0.52434525,1.2990173
0.68974944,0.85446039,0.46533066,-0.92496418
0.58297525,0.072271944,0.67384846,-0.72977974
0.66651918,0.1105637,0.69323613,-0.25053006
0.68649387,-0.22966229,0.59161186,-0.20558255
0.71846038,1.0757754,0.48726917,1.114766
0.47669101,-0.47561239,0.64473683,0.28571418
0.72457608,0.38699074,0.45687028,0.36563966
0.59451171,-1.2937239,0.54596653,0.52417695
0.62138339,-1.7186693,0.49154685,0.52256921
0.58251843,0.80916978,0.60865581,-1.7221223
0.60352575,-0.35337507,0.55496115,0.55767802
0.60766028,-0.28633716,0.63078017,0.97751042
0.58939743,-0.33790808,0.61922122,0.83157875
0.70588797,0.55472559,0.49321014,0.32004001
0.77630795,-0.77600599,0.58055846,-0.069267348
0.66478628,0.29627959,0.53091273,-0.58912115
0.62153641,-0.44862796,0.58958697,1.4863978
0.67577676,-0.089481365,0.57525856,1.5433036
0.65858273,0.13960445,0.68837842,-0.009431381
0.63010475,-0.75499039,0.65116937,0.1808016
0.45739872,0.23657696,0.63105261,1.4654127
0.46608231,0.31153316,0.48384633,-0.7660568
0.47792153,0.2764684,0.5460943,-0.843212
0.69381045,-1.2905931,0.56924302,-0.98855393
0.69641779,-0.80370746,0.54976841,-1.4543116
0.64552145,1.0273151,0.40272182,-0.2992184
0.74003219,0.21612439,0.38118142,0.22838877
0.68295266,0.59366205,0.5189836,-1.2442677
0.68631842,0.73414434,0.53944357,1.1462941
0.70367847,-0.39112761,0.61935166,1.6447263
0.66547631,-0.53520416,0.52772661,2.347032
0.66270913,-0.86700759,0.48627014,2.5563212
0.49678498,-0.23606409,0.55132635,-2.2558302
0.60339725,-0.19631935,0.56054577,-0.32548228
0.75557345,0.38868649,0.55010949,-0.36389434
0.47272392,-0.415119,0.39566445,-0.18845197
0.6329936,-0.35098277,0.51137146,0.36482593
0.72930206,0.68642253,0.52192442,0.39879231
0.53231009,-1.3049222,0.45616305,-0.59297931
0.58259469,0.072579714,0.65074321,0.19271451
0.68264427,-1.0620664,0.44613166,0.036598245
0.67754854,0.62829996,0.68149345,2.6804903
0.5794359,-0.69561666,0.48215071,-1.1511186
0.74034864,-0.33285043,0.54091134,1.2192052
0.78329207,1.9035665,0.65195107,-0.53577435
0.556679,-1.1533171,0.49421013,0.57877073
0.53359761,-1.5493871,0.66767715,0.95428225
0.60847178,-0.63895218,0.63415282,-0.34611637
0.60420498,-0.99600193,0.64063684,0.30276508
0.7830901,-1.1332385,0.67550996,-1.3188695
0.7826511,0.83612388,0.59820763,-1.177781
0.85120284,1.4251717,0.55052576,-0.43791687
0.66315407,0.12765929,0.62023762,1.1885335
0.6750573,0.29802695,0.63232695,0.77881784
0.76660541,-0.33897058,0.71425857,2.3240816
0.75775647,-0.35149195,0.53662591,-0.32310066
0.54219698,0.63115757,0.47844253,0.037255716
0.55230314,0.24554231,0.66774042,0.99683022
0.54764475,-0.69523135,0.70083416,-1.1851586
0.59590735,0.45576778,0.55779059,1.412104
0.62336812,0.94932043,0.45990914,2.6131803
0.57710393,1.0719003,0.55145893,1.5799199
0.6225396,1.3935792,0.57180031,1.4142628
0.55229442,0.39566593,0.561337,1.4326015
0.61815172,0.75207054,0.61101831,0.53727486
0.64538137,-0.92262293,0.58303429,0.6530415
0.6684065,-1.3963905,0.5290163,0.73415567
0.681017,1.8836338,0.55575737,-0.69096402
0.64397789,1.3743515,0.46019272,0.14043607
0.57867154,0.74320655,0.4668629,0.1328816
0.62023329,-0.4230542,0.45008342,-0.16101227
0.65608138,-0.63062257,0.6437145,0.66815506
0.61108116,-1.2863739,0.50086649,0.52564806
0.50722485,0.59595901,0.49350682,0.37897969
0.55554403,0.23716591,0.46127945,1.1082962
0.60960536,-0.22676684,0.68142087,1.7944213
0.63446891,1.8356425,0.77855067,0.81719913
0.58739476,0.20755566,0.70358709,0.94161347
0.64283636,0.53409895,0.52378834,0.40798848
0.69181026,-0.57070846,0.67409711,0.47916023
0.61145474,-0.50204663,0.52590916,-0.80850338
0.79820082,0.12682582,0.5816778,-0.32301478
0.6036584,-0.066735818,0.66872087,0.47003344
0.58032893,0.24193159,0.57221577,0.65825983
0.64323432,0.4377468,0.55378081,1.0928071
0.64933273,0.23809293,0.69156222,-0.074915819
0.67794103,0.67610704,0.63597382,-0.40344281
0.73788507,-1.5427709,0.51142103,1.4435935
0.67184591,-1.1971216,0.57887026,0.72416546
0.68052079,-1.0566672,0.63363202,-0.54035087
0.77147378,1.9057889,0.65967424,-1.2027575
0.79260387,-0.70157829,0.64677088,-1.1454848
0.73157166,0.17086646,0.66698485,-0.93976966
0.5845636,-0.0030347675,0.54566459,0.66505056
0.68920062,0.040073884,0.6319165,-0.24454852
0.64667504,0.26336956,0.57725505,0.72106539
0.59117676,0.35194099,0.47040625,-0.31179487
0.7026227,0.71415323,0.7850039,-0.33367936
0.75325997,0.54374195,0.39788354,0.42111224
0.76735602,0.65369759,0.43038979,-0.45037672
0.82871244,0.092343086,0.46326439,-0.39772172
0.53823928,-0.39719989,0.47852088,-0.047776566
0.59421932,0.81777753,0.56469862,1.2073072
0.56328541,-1.0279639,0.63981208,0.29591496
0.69631679,1.1979178,0.59041364,0.46075221
0.5375102,-1.6467492,0.51011097,1.4615012
0.76945991,1.6801719,0.58992609,1.4201514
0.76584088,1.7474159,0.56424805,1.7683541
0.55821312,-0.34303373,0.57940964,1.7020918
0.56752727,-0.29202465,0.55182227,1.5041671
0.48952896,0.26023664,0.68452218,1.4381274
0.63724404,-2.136395,0.50715979,-0.061618287
0.63052597,1.1810225,0.4204561,-0.89218462
0.6097533,-0.98190992,0.55538937,-1.4964637
0.59394454,-0.92271252,0.64711891,0.76507093
0.63856008,-0.37123758,0.66027655,0.43978927
0.60463634,-1.0714388,0.62840239,-0.69245967
0.6106994,-0.72151456,0.51514247,-0.54548334
0.61016599,-0.23526279,0.40348522,-0.92382499
0.61851749,-0.43144677,0.46942404,-1.781214
0.64290398,0.70918835,0.58603757,-1.3352808
0.76069853,0.75172712,0.53173543,-2.034812
0.31454954,-1.3351291,0.5055863,0.18796602
0.65073871,-0.50186275,0.56469657,-0.19100638
0.66292975,-0.25608627,0.61363695,-0.47514339
0.62015345,0.26373704,0.61538303,0.86151719
0.61097594,-0.09273316,0.7300413,-0.40122138
0.70204361,-0.11943229,0.64040793,1.3952671
0.72836081,0.39817919,0.62885477,1.6439043
0.68993848,-0.46370327,0.67290495,0.24987503
0.63069054,-0.72310924,0.54355669,0.50204887
0.80091535,-0.15467153,0.63677327,-0.67138443
0.74494686,0.1772847,0.60644203,-0.22646271
0.71626814,0.69814084,0.62706839,0.53253929
0.67577067,-0.07250211,0.6877753,0.77108021
0.75168606,1.320245,0.5466422,-1.3259056
0.6746022,-0.83115267,0.53325927,-1.0720876
0.65827256,-0.61600912,0.62350257,1.5050231
0.55532869,-0.069312942,0.82795859,0.16030472
0.58708619,-0.32538305,0.73627807,-0.066489137
0.67054534,-0.86921161,0.36882926,0.28442394
0.66621582,-0.17227637,0.3114468,0.75552353
0.65028919,0.89638741,0.31407978,0.83674161
0.57405118,0.43519047,0.43210512,-0.42631763
0.58209689,-0.4180816,0.45734077,-1.1952732
0.62942619,1.0838418,0.7227829,1.047654
0.66109909,1.3304843,0.82445569,1.1840295
0.58661581,-1.2190799,0.489064,0.041938521
0.70543936,-1.4006542,0.48708503,-0.27232509
0.69879946,-1.2875912,0.54294754,2.5719278
0.79801576,-1.3906553,0.56396511,0.56707736
0.80613268,-1.4134815,0.32860483,-0.58936338
0.76293409,1.1494527,0.41250605,-1.4475058
0.78102712,-0.19819151,0.52599222,-1.3449877
0.54690958,-0.090688351,0.58460474,1.494708
0.71953762,-0.044496798,0.58135039,1.2322381
0.75971398,-0.010803241,0.61386133,2.1335566
0.75532508,0.18150676,0.66428722,-0.58371313
0.74065654,1.1610392,0.67729177,-0.81493105
0.8933829,1.2484029,0.56374124,2.24947
0.85751308,1.5132722,0.56109036,-1.1744974
0.73672912,0.23227464,0.62811907,-0.2451174
0.65554224,-0.7001918,0.49062669,-0.65111048
0.5222412,-0.014413058,0.64320766,2.339301
0.69255691,0.015205042,0.78031673,2.7399954
0.78236122,0.46517441,0.63984087,1.5914465
0.70184931,1.2078848,0.55914594,0.97803532
0.65717883,0.48817916,0.51544408,0.32883227
0.60742924,-0.16789754,0.52711909,-0.4768458
0.60103715,-0.078447465,0.55927253,-0.27325188
0.66297407,1.3457147,0.58560559,0.44442032
0.67558682,1.4516484,0.53452457,0.56735586
0.63024259,1.0914648,0.57203742,1.7349864
0.70122596,-0.30422985,0.7084139,-0.85906814
0.7203566,1.3630201,0.55526576,-1.0768568
0.69228343,1.4922473,0.6663165,-0.19933372
0.74632024,0.29482891,0.63786099,-0.18968492
0.74810298,0.49067888,0.73724524,0.73809783
0.93671756,0.43272554,0.85008061,1.1251154
0.72875167,0.72907562,0.75067873,-0.84918055
0.55714237,0.25142422,0.49036021,1.1569069
0.68409693,-0.052573511,0.48310938,0.88069194
0.66745387,-1.7522542,0.47385058,0.59253731
0.60819631,-0.46220729,0.57619582,-0.98502815
0.65158598,0.45854511,0.57375409,-0.05012409
0.63462984,0.59037166,0.47561366,-0.56701828
0.57802655,1.7863914,0.61173915,1.079512
0.53688403,0.35116332,0.58516883,0.10225353
0.70722471,-0.53772221,0.49195854,1.024438
0.7905513,1.7111857,0.53350817,-0.19436683
0.77074891,-1.4505998,0.48137157,0.82050336
0.72392609,-1.3323988,0.50771018,-0.42349032
0.60284646,1.2057421,0.798309,1.4880334
0.65488933,0.10954282,0.72886748,1.1360486
0.59584996,0.065926723,0.43606623,0.69927326
0.67941116,-0.13589485,0.509505,0.10972231
0.63450753,0.95946347,0.58707566,-0.099692325
0.6371759,0.94719281,0.52069968,0.2414953
0.57902391,0.71162076,0.46662583,-0.85814456
0.75347333,-0.72476862,0.61123247,0.77086545
0.78869495,0.5974404,0.46697498,-0.81089466
0.55671686,-1.5137106,0.62946585,-0.46490687
0.54288149,-1.0168197,0.64555963,0.32058331
0.56865683,0.43606014,0.29375029,-1.0938976
0.52918301,-0.016025791,0.66291239,-0.3876386
0.53153672,-0.57892388,0.65667328,-0.69295601
0.54836336,-0.502197,0.62706002,-1.5135829
0.6403152,-0.39301454,0.61676716,-1.5605829
0.46799925,0.83797643,0.63432265,-1.0299035
0.5316192,0.017787287,0.68399613,-1.3058764
0.5332244,-0.81515118,0.6736223,-1.1030512
0.54078068,-1.7524634,0.5967149,1.9432027
0.42020789,-0.84099942,0.54406499,1.2249477
0.44564239,-0.87121522,0.4729638,0.30290248
0.44027895,-1.2412492,0.56658607,-0.29749928
0.46848268,0.079913911,0.58293925,-0.20900383
0.55096411,-1.5597042,0.59954101,0.69544158
0.88234496,1.9275614,0.61636057,1.0647064
0.68422605,-0.38745021,0.66524837,0.62146809
0.56516917,-0.051134333,0.64341232,0.62443563
0.4889428,0.58054013,0.61978318,-0.38587412
0.54761939,0.3701469,0.71820842,-0.1986534
0.57301213,0.49829221,0.82280836,0.085439273
0.76976738,2.0089112,0.4305322,0.77050727
0.66718899,1.3390043,0.64843567,-1.5895428
0.71299102,-1.0622403,0.64037149,-1.869727
0.69187438,-1.1595697,0.24347626,1.0697605
0.63842723,1.0571406,0.16786795,0.14571158
0.66086377,1.0208409,0.30098158,0.5732951
0.66909506,0.88589742,0.58489167,-0.14593293
0.6389745,0.30482632,0.51343831,-0.72792627
0.74252357,0.97836022,0.69401603,-0.13514028
0.65746014,-1.7250468,0.63115489,-0.25195154
0.7353999,-0.032038566,0.62415269,-0.15612436
0.73148132,-0.4692467,0.58670841,-0.17852156
0.75306612,-0.45155193,0.55974153,-0.0098006029
0.69810215,-1.0081954,0.51454068,-1.0400267
0.60038266,-1.7303769,0.4834294,-1.0838044
0.78437828,1.00267,0.54464328,1.4933431
0.75223598,1.1048394,0.38622679,-1.7296789
0.87193501,1.5606104,0.39286524,-1.3777093
0.57637886,-0.32748613,0.72277935,1.1454916
0.76715298,0.37615967,0.59054048,-1.150539
0.68871803,0.60027206,0.61242095,-0.95970315
0.67613376,1.629313,0.5723114,0.0090885799
0.61331751,-0.42745461,0.50497622,0.64090144
0.66511478,-1.3608998,0.65313313,0.018877915
0.65304411,0.20117271,0.61461541,-0.33658966
0.52666562,-0.7707152,0.58821301,-1.5184391
0.62340301,0.13626267,0.47059191,-0.27715508
0.60987355,0.97566417,0.39852246,0.14777158
0.71319228,0.76050692,0.41858261,-0.56762206
0.53885633,0.37782452,0.63162336,0.15298927
0.56352896,0.30257546,0.49618372,0.13927495
0.67326334,-0.43821117,0.4933563,0.91722183
0.65993498,-0.021555914,0.44946936,-2.2599202
0.64310433,-0.038271793,0.51051684,-1.5538191
0.66477605,0.69414251,0.48716917,-1.2286362
0.5610413,-0.860932,0.49544666,-0.92081876
0.47522738,0.60904695,0.44857481,-1.5957571
0.45378806,0.82365713,0.581068,0.34668076
0.50400548,0.70398672,0.59462644,0.32405289
0.52578005,0.61134053,0.57616316,0.8750551
0.64654796,-0.56645163,0.60193283,1.2937073
0.61457255,-0.640964,0.69844934,1.7463445
0.62310632,-0.33589453,0.55581863,0.46664064
0.63365065,-1.309468,0.64175809,-0.88481907
0.65559657,-0.50510089,0.68785139,-0.50546422
0.59290303,-0.76697014,0.67386049,-0.95324903
0.61316428,-0.0045451814,0.64095808,-0.87717787
0.59756814,2.1992947,0.65456986,0.85615494
0.65472598,-0.22576166,0.48831429,-0.24403642
0.75440348,-0.012464303,0.36745956,-0.22237519
0.73174766,-0.1419885,0.40736035,-0.34634366
0.75139236,0.9812768,0.47545139,-0.5613915
0.58685364,0.0033568911,0.60900615,-0.099250064
0.65854706,-0.61491467,0.52492328,1.6134979
0.72364508,-0.47078073,0.50784702,0.53848099
0.8389726,0.66523161,0.59831234,-0.11008151
0.66085471,0.33348373,0.53487425,-0.035613451
0.60774593,1.5624051,0.60757369,1.8819937
0.72331395,2.4562454,0.51838479,-0.7813049
0.55455008,-2.1320846,0.48281309,-0.88333736
0.58597154,-2.4261196,0.30735841,-1.3722955
0.60508654,2.3742291,0.38480287,-0.018142265
0.62425305,1.5066271,0.30768034,-0.10451157
0.72666482,1.1225671,0.36412769,0.92468085
0.76044313,0.71869226,0.65691447,-0.5327529
0.64732668,-0.55663811,0.65714247,-0.10194072
0.51788468,0.37798764,0.6744085,-0.097091256
0.67743811,-0.81209169,0.65620367,-0.89664552
0.69197017,0.32533268,0.70102878,-1.0335643
0.70900589,-1.3661505,0.46458357,1.1795953
0.77524128,1.4998011,0.53906641,0.12546015
0.86458368,0.1926104,0.54694562,-0.59364704
0.67382762,1.1179958,0.6414284,0.78158522
0.67592918,0.40359523,0.64024658,0.6260508
0.68895218,-0.22043175,0.61656376,1.1729601
0.6542799,0.059805342,0.61019301,1.1795505
0.59249447,-0.04279273,0.62551109,1.9532004
0.59118172,-0.022258362,0.75281269,-0.6051477
0.61169561,0.19454793,0.45993748,0.64085453
0.60704165,0.57261671,0.45246429,-0.48705314
0.55714236,-1.0444428,0.34332543,0.61985055
0.62610108,-0.87545712,0.38859175,1.2448031
0.6569015,-0.9774908,0.35323631,1.2796846
0.71810055,-1.0565527,0.36109865,0.82194253
0.69324882,-0.18514163,0.37384157,0.92591654
0.73765811,-0.10776959,0.32084303,0.87746356
0.69512044,-0.018949713,0.38737987,1.3084029
0.58397153,-1.1169009,0.49122298,-2.0121673
0.74077616,1.1882896,0.6826604,0.26648975
0.69364884,0.93752249,0.62304287,0.56106931
0.56874091,-0.82741359,0.59445116,0.74858271
0.79842328,1.2067716,0.66827453,-0.52223047
0.81724526,1.1772164,0.62546341,0.093597542
0.69549135,-0.42125419,0.58171858,0.48916826
0.56688706,0.54627005,0.74022209,1.0858071
0.65545197,1.1511616,0.72219848,1.9404943
0.66835993,0.78266218,0.65268626,1.4110455
0.70713399,0.97855914,0.70958664,0.42173437
0.75077465,0.4889463,0.37866056,-0.54528682
0.69173376,0.023908794,0.56469148,0.53207439
0.79676846,-0.35195291,0.59181073,1.2339863
0.71829823,0.49525363,0.52725332,1.1335209
0.70715595,-0.99065342,0.70081465,-0.57075402
0.5316842,0.44095942,0.61130067,-0.76247153
0.63778372,-1.1748441,0.55579999,-0.45066052
0.58579871,0.40321001,0.68773107,1.1259839
0.51646696,0.35172127,0.6625882,0.38250084
0.53689338,-0.059710796,0.54787245,-0.084378377
0.56318585,0.98346996,0.59759598,0.51861854
0.56798156,-0.94189421,0.63601433,2.5340972
0.58820895,0.69743939,0.51612678,-1.7922978
0.50956428,-1.1873077,0.4965379,0.65560257
0.46140728,0.19524024,0.60627703,-0.0060238352
0.52765671,-0.28906966,0.61501409,-0.17314482
0.63644567,0.97913682,0.58666901,-0.53010096
0.6655413,-0.21867301,0.46716562,-1.8669369
0.64330137,-0.45736047,0.48645955,-1.8638133
0.59212288,0.060028753,0.61332119,1.9439469
0.73331377,1.051579,0.62882295,1.9638998
0.68434972,0.44239517,0.61268483,1.5383737
0.638783,-0.056130859,0.62325843,-0.15564107
0.59367838,0.14932455,0.62477263,-0.92107553
0.54780804,2.3659098,0.62061742,-0.54178307
0.57653607,0.87943875,0.55961529,-0.69500523
0.59015467,0.97291027,0.4473697,0.66418009
0.51601179,0.97016707,0.47171876,1.4511681
0.85959755,-0.60029446,0.75542326,-0.060206443
0.72705765,-0.14229033,0.58071005,-0.58039122
0.71580707,0.58754732,0.67494118,-1.4185945
0.62507246,1.0758467,0.66477983,-1.2434218
0.7629052,-0.94622659,0.47038932,0.28930195
0.7717844,-1.1273864,0.68146402,-1.4238572
0.72729843,-0.47594995,0.70224997,-1.2243625
0.71777255,-0.67822064,0.70164501,-0.90424571
0.66360255,1.5200593,0.38035882,0.86761399
0.68824158,1.1311852,0.37888407,-0.18631819
0.59707451,-0.36462866,0.52320463,0.26849022
0.71620123,-0.78608563,0.64089975,0.16340148
0.71268489,-0.42450637,0.50810662,-0.65350149
0.71221153,0.9977997,0.48665672,-0.72880954
0.74108843,-0.17175624,0.58846676,-0.98686316
0.7448658,0.39614138,0.6034638,1.297478
0.74158215,0.59185289,0.4828791,1.4729385
0.72552043,0.01546951,0.56920009,-0.99282257
0.69567061,0.81031326,0.4461579,0.91090866
0.730201,-0.032908415,0.45561492,-0.088725478
0.73924147,0.27254188,0.48899667,-0.086802083
0.59309064,0.023669,0.67736391,-0.48834144
0.66485412,-1.0316981,0.63209141,-0.1749327
0.59518921,-0.60681349,0.62010897,-0.16046709
0.62507694,-0.91984124,0.55415668,0.47628041
0.55650211,1.3017418,0.49739111,0.026869486
0.61584168,0.74006375,0.57357002,0.1014362
0.60884837,0.18399673,0.60952098,0.28705108
0.5953463,0.23171558,0.61216672,0.39628691
0.60044379,0.19307161,0.4430549,-0.054966219
0.70201284,1.5195238,0.45307152,-0.14773889
0.53600945,-2.1455662,0.47817007,-0.040567301
0.65282237,1.9409334,0.54203471,-1.6191618
0.65101588,2.2469993,0.75727444,-0.52142667
0.80188972,-1.1469944,0.3700073,0.66725906
0.79032592,1.2834938,0.63629128,-1.2624692
0.73464576,0.86387295,0.63438839,-1.353763
0.69310022,0.50117653,0.72031813,1.7185311
0.67140911,1.1286032,0.70532023,-1.344059
0.62214808,1.1795553,0.5337188,2.080756
0.70550439,-1.0919449,0.61924004,1.4004929
0.71226314,-1.5219959,0.43086435,0.12311637
0.5942816,1.0547635,0.85776647,0.2989519
0.66096233,-1.3032714,0.83839513,0.48142111
0.56350675,-0.32604297,0.61269813,0.65303092
0.55107459,-1.2437524,0.63829152,0.21113358
0.58703636,-0.77952066,0.46005908,0.45827619
0.79128243,0.68585444,0.65709552,0.99018054
0.69028022,0.84247481,0.69905472,1.3946443
0.71855369,-0.18015986,0.5936651,1.2092442
0.67658512,0.56169084,0.70134031,2.2412701
0.53411473,0.38314611,0.72022484,1.2027545
0.63965334,-0.5666796,0.62618819,0.97841573
0.7481329,0.29511313,0.58721464,0.23200509
0.6556414,1.2580647,0.55047119,0.83915072
0.6707632,-0.66052618,0.45934556,0.24272087
0.59326481,-0.29618488,0.61737283,1.5950844
0.59206813,-0.12706442,0.57692281,2.0798454
0.65988987,0.69477488,0.54026005,1.4297966
0.60986673,1.6067764,0.54472208,1.0044549
0.76543039,0.723858,0.64614294,0.24915926
0.66972194,1.8487406,0.6066596,-0.74903214
0.69644479,1.1537168,0.57112515,-0.23213062
0.70984282,-0.88542502,0.54600015,-0.080218193
0.60076745,1.0696727,0.59232043,0.075981112
0.56752171,0.0031060155,0.65027135,1.3137086
0.49057957,-0.5224286,0.59494151,0.65647324
0.4552244,-0.63598096,0.59636402,0.67530019
0.63333631,1.2408275,0.59688241,-0.71136841
0.69363448,0.60151076,0.69626508,0.30133522
0.63318119,-1.2941436,0.75688676,0.11221748
0.52409248,0.078529439,0.69039071,1.5364968
0.53044657,-1.6487465,0.66802264,1.4606695
0.53877309,-1.3720555,0.57779435,0.29209437
0.53852529,-1.0061045,0.6544782,0.28308658
0.55378005,-0.1948987,0.5479146,0.64142898
0.56586503,-0.49422291,0.52247783,1.1200111
0.54369952,-0.076181438,0.54348375,-0.64977159
0.60316069,-0.83070831,0.57584132,-0.55269871
0.57823794,-0.67332608,0.66619339,0.062099234
0.58541088,-0.75587026,0.57810692,-0.45054577
0.60841899,-0.018981628,0.5784263,-1.6788373
0.57525966,-0.74157167,0.61309865,-1.8575671
0.70781782,1.0544978,0.51000009,-1.2134952
0.7499406,0.8637535,0.62781314,0.35496571
0.52239927,0.61257327,0.61273894,0.24415016
0.6616922,-0.98067451,0.55638367,0.13050769
0.61537547,-1.4630453,0.6091441,0.27740445
0.69056045,-0.02153611,0.57951741,0.22359735
0.46910469,-0.06793225,0.62326828,0.20997244
0.72835439,0.86531643,0.59123151,-0.32317108
0.80155697,1.5136692,0.71255599,0.67160634
0.80836532,1.1812135,0.48156642,-1.0389268
0.70969606,0.4655986,0.45386481,0.83607939
0.67164758,-0.46607437,0.57661463,1.9215289
0.66475453,-0.22994926,0.65061064,-0.086526347
0.71188509,-0.31063482,0.65609987,-0.61571247
0.70116173,0.27025021,0.54852035,0.20627245
0.52864551,-0.30767203,0.67434939,0.99660747
0.59812942,-1.1952638,0.69544002,-0.91174572
0.72332295,0.32022823,0.37318585,-1.5622405
0.7365718,-0.44115708,0.65141627,0.7394858
0.77922934,1.0593428,0.62349826,0.25671779
0.7345215,0.95918466,0.62174795,0.22713694
0.55841819,0.62367819,0.52828157,1.6951118
0.54471251,-0.21276619,0.56522257,1.5848308
0.57134596,0.34181154,0.60732886,1.5916661
0.77348941,0.0013652078,0.6286775,1.295304
0.48007663,0.12704576,0.73084905,0.88281898
0.64608957,0.29495199,0.62765812,1.5301047
0.65319512,-1.7077438,0.62124935,0.90967363
0.76779308,0.65881766,0.64026836,1.0076654
0.76157417,0.49380753,0.6372929,-0.92212381
0.79400368,1.0057864,0.63746901,-1.2424121
0.77858401,0.7555391,0.72463293,0.087590933
0.64815855,0.17321012,0.52967249,-0.11141066
0.6156001,0.2786328,0.66776051,0.72615123
0.66300236,-0.10928073,0.57409906,0.68101541
0.52245104,-0.44417702,0.54208982,-0.064529548
0.60860166,-0.79223961,0.51015113,-0.21543125
0.60239868,-0.6621934,0.7698902,0.49634771
0.63257877,0.98848175,0.42861669,-0.08638326
0.63549498,1.7982946,0.60578958,-0.029610807
0.65283633,2.0412613,0.60508494,-0.23041768
0.68745252,-0.34666038,0.48987431,0.57505106
0.69188584,-0.53655686,0.62867724,0.79031881
0.56859706,1.4278849,0.70735178,-0.32126394
0.55765688,0.52201214,0.63094364,-0.75742817
0.61973856,-0.38800701,0.58041019,-0.32351543
0.54522697,-0.55982395,0.60799659,-0.71675746
0.48997296,0.15699373,0.55919385,0.19586321
0.81407774,-0.030585144,0.53506641,-0.066437199
0.49689082,0.71057237,0.54305547,-0.50608117
0.8096063,-0.13322478,0.56389437,0.94235333
0.56809478,0.080662104,0.54480908,1.0142109
0.67014177,-1.1019631,0.64388317,0.22178458
0.69232529,0.18388063,0.59546244,-0.23218413
0.53354074,0.62890127,0.56926917,0.00027327387
0.67979554,-0.23212532,0.660699,0.99080377
0.64222701,-0.083723745,0.41226307,-1.3637424
0.58911634,0.40059983,0.47640011,1.656406
0.50305478,-0.49567656,0.62403243,-0.30741153
0.56079969,-0.34838089,0.58116517,0.50233244
0.50095591,-0.98747489,0.49642856,0.71099509
0.57330568,-0.6044976,0.67089171,-0.48999805
0.58965764,-1.5916061,0.69392158,-0.7001346
0.74931865,2.0495306,0.67945543,2.2032883
0.70787835,-0.19702018,0.61983627,-1.3488349
0.38628023,-0.37559434,0.57922246,-1.4833368
0.39768971,-0.43020668,0.65581803,1.9616558
0.43812807,-0.17589552,0.41558904,-0.063277116
0.46243757,0.17395883,0.40676299,-0.59825317
0.65585121,-1.1663547,0.46437655,-0.14684172
0.72215383,-0.74159161,0.62100376,0.64145068
0.71732683,-0.341097,0.62292878,0.53976602
0.72375407,-0.069842916,0.69717526,0.7043698
0.63540416,0.024291909,0.65202775,0.73907644
0.64930791,0.2663173,0.67759484,0.82863228
0.75488658,0.084818434,0.67274059,0.996107
0.73450803,0.7173618,0.5571595,0.15506799
0.70112815,0.90478276,0.59978914,-0.0088506907
0.73376047,-1.1382716,0.61627417,-0.17807621
0.62668852,-1.8245943,0.66540552,-0.74289372
0.72935202,-0.31677035,0.58862662,-0.25505507
0.77128458,-0.45350891,0.59872553,2.1433914
0.72941768,-0.15947317,0.48436002,-1.559662
0.6583252,2.4204376,0.48060507,-0.58068425
0.73503101,-0.13027225,0.68248972,0.32057869
0.81888526,0.10754416,0.66344196,0.40684483
0.68325897,0.20941772,0.59951189,1.3669977
0.68922718,-0.38254294,0.60063381,-1.1050507
0.57793126,-0.29775024,0.81762618,-1.6504853
0.70606036,-0.25874714,0.74722972,-0.57054771
0.65716546,-0.51199219,0.67653713,0.83039969
0.63626721,-0.38432681,0.71021591,1.9858401
0.64197931,-0.8765254,0.55454384,0.55942827
0.63807092,-1.344998,0.60241302,0.46089033
0.52769471,-1.1991561,0.56133667,-0.53897496
0.7323444,1.6114361,0.72280775,0.16051427
0.76504872,0.26049293,0.44340158,0.64535141
0.73211669,0.29974453,0.69264013,-1.4843786
0.7314814,0.11091249,0.56822203,0.009316433
0.72438768,0.36016728,0.58449124,0.026323583
0.74706047,-0.16593057,0.55726681,0.89937198
0.72210678,-0.55920834,0.42375301,0.2970551
0.66618749,-0.17439038,0.38955772,-0.10950262
0.71783084,0.22255069,0.38200819,0.0027045078
0.66060576,-0.16673363,0.38475512,0.692943
0.50858456,-0.1906575,0.46696091,0.64651608
0.75973718,0.77018529,0.58717086,-1.8856713
0.56579312,-0.23022808,0.49923945,0.43653037
0.73520283,-0.094945982,0.54557237,-0.60013818
0.66278341,0.2212948,0.68580295,1.1083395
0.44473305,-0.24840795,0.63780608,1.1421918
0.43478164,-0.44930483,0.66672099,-0.14102804
0.62411422,1.1625053,0.57868546,-1.2387687
0.48961212,-0.080002856,0.48615686,0.50341709
0.55878792,-0.13392907,0.57099911,-0.23311118
0.62411228,0.61436723,0.54992881,0.75066508
0.66374269,0.46030184,0.68314277,0.65467587
0.70556023,1.0769976,0.68079021,0.61901094
0.56760034,-1.0271498,0.57687161,-0.14395237
0.75313418,-0.25156637,0.55413253,0.15298206
0.74999309,-0.40767829,0.5959618,0.354673
0.71836373,0.108244,0.45665563,-0.2637123
0.62040935,1.3804257,0.94903061,1.1122896
0.65579553,1.3518542,0.75009491,1.8593062
0.56176003,0.4288647,0.66278888,1.2407193
0.61420818,0.58133909,0.69364507,-0.58299851
0.67656545,0.059172609,0.49033513,0.95596449
0.69150211,0.22671147,0.45208005,1.1196755
0.69523617,0.58541121,0.48302441,0.044249112
0.66570194,-0.39287846,0.43791718,0.11530921
0.51455594,-0.11041955,0.60918905,-0.42405263
0.65814468,2.909527,0.71549598,1.7343013
0.46581241,-2.4815682,0.70186224,0.52380599
0.77164229,2.4741463,0.5984548,2.1634907
0.83752154,-0.55549298,0.53806771,-1.6931253
0.81613524,1.3504245,0.55606567,-1.5217896
0.77278388,1.3923453,0.50390627,-1.3321321
0.74493525,0.44805362,0.43850558,0.62192951
0.68350958,-0.59143704,0.47363636,-0.29296641
0.72168867,-1.1433986,0.51179928,-0.12201677
0.59088994,0.87735644,0.54062957,1.0426309
0.56379758,-1.254948,0.55815868,1.8783976
0.732044,-0.1377627,0.59694913,-3.2281083
0.58877123,0.29992533,0.58655277,-3.3402147
0.58128744,1.2746751,0.59852602,-3.2298887
0.71620961,1.9229074,0.56803715,-1.2248763
0.74806884,1.1798024,0.69718688,1.7738079
0.66999822,1.1267393,0.69852137,-0.35387853
0.77609666,-0.38679042,0.55182063,-0.074681888
0.61575578,0.12877901,0.66604687,0.37138392
0.77499451,0.31971184,0.44780005,0.31691906
0.64289617,-0.0095441034,0.61026894,-0.04976924
0.800613,1.1163245,0.61827066,-0.15249881
0.76018511,1.1771566,0.7737248,0.46751174
0.67570291,-1.0792387,0.61536542,-0.1501984
0.69789943,-0.71136786,0.46880064,-0.082440752
0.62930172,-0.47237883,0.80332682,0.56498964
0.59793089,0.41532498,0.73298025,-0.010327907
0.58504642,0.36721291,0.68120284,-0.42825682
0.74264634,0.5334639,0.64921118,-0.41297099
0.62813504,-0.014792228,0.6997753,-0.50962605
0.60177184,0.56695862,0.5047256,0.5612849
0.63999037,-0.030563813,0.43926535,-0.76171572
0.66260408,0.82837782,0.66641464,1.9142595
0.656185,1.2258855,0.70129268,0.97608329
0.69384266,0.76866815,0.53522765,-1.3248579
0.70009358,0.64826497,0.6352257,0.31958753
0.66571541,0.45488995,0.6411439,1.1628987
0.6769131,0.76006061,0.71007699,1.5980701
0.61427445,-0.90752489,0.81332092,-2.0173469
0.64999464,-0.2433269,0.45278646,-0.21767498
0.6247813,0.72923076,0.52148465,-0.2122604
0.69174254,-0.19209113,0.40293181,-0.23934363
0.71446435,-0.087290784,0.68014559,-1.1883409
0.72035501,0.052966948,0.6239721,0.80951861
0.7214586,0.26360737,0.76873863,1.8252752
0.71575032,0.50201386,0.43038556,-0.48860074
0.72576613,0.22916599,0.39099973,-0.6278337
0.62612232,-1.2628176,0.52902578,0.16114092
0.56717358,-1.0106509,0.47642905,0.095580443
0.66557618,-0.46918091,0.61180273,0.27041551
0.49974385,-0.80251545,0.56425855,-0.28401855
0.65623882,0.76968956,0.67943117,-0.28209211
0.63966819,1.0125357,0.71356902,1.0285096
0.67695552,0.70736268,0.58499862,-0.85937568
0.65858639,0.4462543,0.60483322,-1.0619908
0.59449198,0.38529303,0.65051441,-0.30846859
0.73384753,2.0042355,0.710252,-0.68039131
0.71202795,1.9441123,0.82533306,0.061860294
0.82825809,0.34981623,0.6239553,0.12530937
0.75409842,1.3766817,0.39844738,-0.2120761
0.74259457,0.36264399,0.55855473,0.69417136
0.53408408,-0.2725205,0.74033796,0.43894658
0.66926195,0.18074634,0.72759306,2.2981911
0.6589146,0.32853898,0.47758093,1.1814412
0.68344353,1.111783,0.43420891,1.2935568
0.69605046,0.69439206,0.51300532,1.1705846
0.63894981,-0.82841403,0.59016733,0.24349321
0.69979646,0.23417297,0.6278396,1.0984636
0.73330472,0.1509258,0.6318669,1.5620034
0.61702595,-0.15089505,0.54687175,1.5229587
0.77100137,0.6309535,0.46683543,1.6357053
0.54992422,-0.03341789,0.52479423,-0.85495102
0.68641311,-0.90187518,0.53910889,-0.41352204
0.73747105,0.18146545,0.51242844,-1.1554533
0.77216737,0.10301609,0.56619531,-0.79074797
0.7928366,-0.57598618,0.43538933,0.20904929
0.60559625,1.2573819,0.61820236,0.279711
0.71857086,-0.51907771,0.63757658,0.52533894
0.79587709,-0.17835656,0.72906113,0.82813378
0.59498656,-0.26954899,0.41182872,0.074812878
0.60392982,-0.14231489,0.4043547,-1.0627514
0.64245462,-1.4756201,0.39489544,-1.2607218
0.60601279,-1.1281536,0.42506908,-0.38665935
0.53220449,1.1368731,0.37858016,-1.0399539
0.59973573,-0.53809321,0.34470368,-0.20547013
0.51020419,-0.030551086,0.305978,0.26501034
0.64822223,-0.49283764,0.30337398,0.60606606
0.6901269,-1.6647133,0.6103923,-1.0872232
0.57166117,-0.712642,0.6137825,0.76868067
0.29359354,-0.051628425,0.62748269,0.58493505
0.35238041,-0.92246985,0.75536674,0.79724789
0.65978769,0.68984613,0.60626497,0.18625899
0.544943,1.0613793,0.57795241,-0.064995213
0.60281613,1.2844951,0.56428904,-0.077732836
0.59310385,0.59304375,0.71586423,0.52485813
0.54978343,-1.0860615,0.7528287,1.7483576
0.58256025,0.35491486,0.38124335,-1.344184
0.52793592,0.14003471,0.35729063,0.23555037
0.66332548,-1.0960949,0.62172148,0.18872355
0.69712986,1.1843917,0.53551644,-1.0343822
0.6808649,0.73527857,0.40724516,-0.33415992
0.67679821,0.59741783,0.45364852,-1.9937534
0.73996838,0.76843636,0.45523051,-1.7387063
0.42572938,0.74308803,0.71558271,1.3733112
0.61687,1.3917671,0.48645928,0.26282298
0.65971723,0.40294736,0.48645928,0.26282298
0.64682745,-1.2376402,0.47514558,-0.73935538
0.59950613,0.69241288,0.47758795,-0.62901141
0.60536099,1.4500922,0.59043047,-0.80915728
0.54203995,-1.1631991,0.59850248,-1.2473559
0.67273362,-0.45961479,0.64100489,-1.1782846
0.62398509,1.2592441,0.64972235,2.5489212
0.51099575,-0.67191593,0.63162683,2.0528699
0.63772445,0.6659735,0.47592084,-0.72950968
0.39884144,-0.3850925,0.65921105,-0.35648417
0.4112779,0.052793744,0.65874414,-0.53658154
0.680283,1.0736615,0.62884326,1.0026403
0.66155467,-0.29088766,0.57712415,0.073910784
0.74448454,0.34927371,0.56298511,0.27560782
0.73318059,1.3540882,0.59338906,-0.016569987
0.57711861,-0.90102444,0.55106697,0.17130139
0.50687127,-2.1296972,0.33287183,0.17144516
0.51998137,-2.1956943,0.54582029,-0.020801044
0.77485302,2.0347667,0.57924276,-0.30348079
0.6367049,-0.58473548,0.60493179,0.31155527
0.59113977,0.30280614,0.58936767,-0.5631217
0.71836421,0.098989504,0.5434978,-0.57004631
0.61913076,-0.46375412,0.63513893,-1.1003799
0.51769773,0.17936716,0.61436475,-0.82789204
0.68776738,1.2415327,0.48763714,0.41720875
0.71695352,-0.35474045,0.68793407,-0.40373219
0.63208139,0.60452074,0.56105712,0.50434079
0.58075831,-0.019202226,0.52842409,0.36230533
0.67537367,0.28743307,0.53150451,-1.3856859
0.66553483,0.066034743,0.48615375,1.0472777
0.62608327,1.8911001,0.64054527,-0.6446918
0.5812823,0.75524693,0.61942465,1.3765473
0.58450815,0.012860388,0.6907962,-0.60667274
0.78385739,-0.082686416,0.7616511,0.09385941
0.63764669,0.15277719,0.65929578,0.58871308
0.75609563,0.31185406,0.63784911,-0.06657427
0.80146189,-0.70280594,0.65507833,0.31203969
0.9046036,-0.08211006,0.70765762,0.088253762
0.90426712,-0.31637157,0.62832836,0.50566581
0.85892747,-0.19450724,0.60801225,0.23096743
0.86236063,-0.16690944,0.44964889,-0.15948021
0.51728805,0.72239694,0.52209857,-1.0047297
0.48621521,0.88072568,0.54675976,0.095003306
0.55009092,0.5321913,0.63923678,1.1356358
0.67647294,0.44905928,0.66653548,-0.11715821
0.64758369,0.023124998,0.61898744,-0.5185274
0.59052018,0.23588272,0.56371076,1.4259939
0.6095551,0.25191677,0.6264425,0.92471874
0.51808253,-0.30579937,0.47073351,-1.1714204
0.68339861,0.5508606,0.47792677,-0.78110886
0.60949476,-1.1378092,0.40596226,-1.1840673
0.69939405,-1.4189409,0.40201103,-1.3377774
0.63977019,-1.5454123,0.47855614,-1.0989196
0.50079167,-0.53000639,0.49877164,-0.50664518
0.49102177,0.59023487,0.59852989,0.33551833
0.62654132,-0.87098287,0.69294699,-0.3875873
0.73846899,1.0251554,0.51898044,-0.25754282
0.44523496,0.10627383,0.62357586,0.02657463
0.45620486,0.27434618,0.59536101,-0.30360804
0.77864963,-0.47209414,0.55982695,1.2661151
0.79372407,-0.32174397,0.45883425,1.3506917
0.47825858,-0.35110904,0.50336589,-0.51909163
0.51630867,-1.5933534,0.4363985,0.91208858
0.54204671,0.18505643,0.40323447,-0.55448984
0.815079,1.9214603,0.6542569,1.0479703
0.91571837,0.65568192,0.75570669,2.8044758
0.84390147,-0.29435985,0.60690715,-1.8564141
0.81683943,0.39507165,0.5546302,-1.0038865
0.82518402,2.4535384,0.7118335,-0.40027933
0.80107757,2.3745424,0.63709909,-1.4224588
0.83380818,2.3828331,0.4885076,1.822692
0.66887384,1.1946797,0.4946279,1.1196531
0.69251158,0.25475179,0.47924812,0.91997095
0.59486308,0.020079064,0.71223123,0.0029923569
0.73062437,-0.15588641,0.68100831,0.81465724
0.75430811,0.016383755,0.67128175,1.1186457
0.77124595,-0.033370037,0.45859613,0.091108555
0.65217089,-0.62086566,0.4693634,-1.1465215
0.72538757,-0.52179294,0.43863944,-0.61659012
0.81068895,-0.10507797,0.68384249,0.58571488
0.71300509,0.66700411,0.69975957,-0.40890096
0.77986054,0.85820802,0.70060169,-0.26846112
0.64878022,0.62252603,0.65201416,0.70339285
0.63865736,0.50980488,0.70216734,0.58712541
0.60739472,-0.66693622,0.68343248,0.04130988
0.62175877,2.0023768,0.58037009,0.30971485
0.59952366,2.3881551,0.63690495,0.79860865
0.78066133,-0.21688956,0.46338412,0.39082078
0.7085513,2.038605,0.5160349,-1.0207877
0.72813266,2.4428981,0.45019147,1.2290387
0.66647771,0.67307683,0.5465652,0.30636667
0.53331057,-0.12738865,0.6362667,0.06251356
0.89427559,-0.43320713,0.59843813,-0.15542546
0.48982017,-0.81490405,0.46710788,-1.2146599
0.49350144,0.090577551,0.53589934,1.0985374
0.55027848,0.050114183,0.44824462,-0.69958471
0.72885124,0.33477961,0.38363076,-0.67640512
0.78638235,0.10413912,0.56928224,1.358236
0.55224644,-0.51600196,0.50816349,1.0739034
0.53371082,-1.4921153,0.58745676,0.75170721
0.80508935,-0.58760221,0.49023063,-0.29891895
0.6045155,-0.56525734,0.47289936,0.14274917
0.62248383,-0.54428242,0.6189466,-0.0054101781
0.64929391,0.62297305,0.64795426,0.096804891
0.57937339,0.68045842,0.4973629,-0.23190832
0.57607853,-0.95834848,0.60123076,-0.98103987
0.5134031,-0.88349551,0.6786446,1.0040859
0.58504863,-1.1939988,0.60974156,-1.338574
0.5508781,-1.152521,0.51364398,1.4239771
0.55728623,-1.1422494,0.39009911,0.14185118
0.57856278,1.157827,0.42701404,-0.28334114
0.68319255,-0.29826854,0.45994606,-0.79202867
0.68241893,0.45001731,0.59179181,1.0493171
0.6285208,0.41932135,0.64130979,0.68193966
0.63351841,0.45846707,0.47491581,-0.6529046
0.61233038,0.34045907,0.51296717,-0.86520253
0.71579604,0.038093432,0.63479873,0.30478789
0.69632234,-0.63197915,0.62320372,0.21892208
0.72509337,-0.61915694,0.71682196,-0.29419626
0.79949442,-0.092578,0.70756618,-0.13124748
0.54226998,-0.026223135,0.41468752,1.3588844
0.70502113,0.11086614,0.44127965,0.99191745
0.69272724,1.4388227,0.70853772,-0.18192874
0.74468476,1.4482572,0.70164929,-0.012522729
0.55945292,-0.1995357,0.55791911,-1.7224364
0.56025183,-0.29350124,0.50445186,1.9273026
0.56997111,0.64252306,0.60293666,-0.3008315
0.59574963,0.89508529,0.57011816,1.5112946
0.62712985,1.8403789,0.65660271,0.88412128
0.63031187,0.65529434,0.40089835,1.5324681
0.60805044,-0.81983942,0.55589178,-0.29932536
0.52518818,-0.48267357,0.60561949,-0.42603292
0.77115737,0.57235955,0.46927433,1.7126805
0.73835433,0.40354036,0.51105684,-0.83546829
0.57496171,-0.81442316,0.6011369,1.4759482
0.72961577,0.20966752,0.5772718,1.5736906
0.7374505,-0.037788035,0.54363449,2.3098794
0.6687415,-1.1074197,0.50270524,2.3652874
0.56607974,1.3645381,0.42357362,0.66415294
0.69636161,-2.0351636,0.6049679,0.037262166
0.61560289,1.385083,0.6314389,0.85993897
0.67945182,-1.2689133,0.6466564,0.5650912
0.65482346,-0.43354634,0.58946958,0.59362542
0.62641219,-1.3394257,0.53919856,2.2698726
0.64701005,-1.1180973,0.45705331,3.0015844
0.53489759,-0.49871348,0.70035652,-0.29722738
0.78017103,0.51675666,0.59150876,0.47215894
0.77495965,1.7748579,0.48015265,0.71792864
0.84681855,2.3812881,0.52758936,-0.18482267
0.68018437,-0.4231273,0.59075583,-0.66709268
0.6975297,1.3288964,0.56277686,-0.53245648
0.54464875,-0.898322,0.59417757,0.98958763
0.59435887,1.7204403,0.420607,-1.0309756
0.50844727,1.1973997,0.7258613,1.266822
0.61633584,-0.28234953,0.71201266,1.3747554
0.72820806,0.60898022,0.62137971,-0.50585226
0.6269928,0.25360046,0.65117174,-0.13713801
0.76167928,1.4335668,0.66592748,0.044368054
0.55623321,-0.35174392,0.49399418,0.10095384
0.7038077,0.21778896,0.45460569,0.072108473
0.65048315,-0.99235811,0.50438214,-0.98219587
0.49389901,-0.80580435,0.65445775,1.4677368
0.49912748,-0.78138609,0.69153443,0.10926831
0.65301421,-0.099437329,0.45200021,1.1657845
0.67957091,0.039184719,0.77581823,-1.0885017
0.64706217,1.0146735,0.80601455,-1.2183141
0.54106061,-0.0057779199,0.72618495,1.4806191
0.5283432,0.48702022,0.85895548,0.022452224
0.66086213,-0.10432187,0.86065191,-0.10449553
0.59022146,0.94095463,0.50816155,-0.52969845
0.60550357,0.84388876,0.55474721,1.214882
0.69282347,-0.266392,0.74355113,1.43401
0.75336576,0.74210688,0.71601697,1.4862685
0.61561343,1.7140495,0.63438808,2.2934653
0.64490541,0.040585791,0.49918426,2.0978312
0.67756338,1.0230006,0.4820986,1.9381492
0.69091988,-0.22352451,0.49085806,2.2351209
0.72716686,0.41045451,0.54141199,1.8062552
0.5106573,0.73495598,0.6872129,-1.2820598
0.54569831,0.54294939,0.66844638,-0.48686887
0.4891936,-1.6956522,0.43077275,-0.28050032
0.4283473,-1.4567467,0.32960739,0.27269485
0.62348034,0.86511605,0.4340908,0.083389134
0.68018659,0.33168142,0.5433381,-0.09575105
0.66494699,0.30638228,0.54355362,0.93714329
0.74328532,0.2108005,0.56031652,1.239142
0.71071458,0.23529609,0.60586593,2.0313537
0.54261282,0.040437194,0.61431847,-1.2055209
0.60625246,-0.58052803,0.59741175,-1.2841201
0.59991925,-1.1178819,0.62990211,-1.3469937
0.59182911,-1.240591,0.64430698,-1.4851927
0.51508956,-0.7969773,0.68580217,-0.29991906
0.62394227,0.2928204,0.71337762,0.60950297
0.61025879,-0.36845529,0.59926795,-1.0494505
0.67614679,0.33370793,0.70225852,0.70438059
0.52150012,-1.2663683,0.38788626,-1.8511944
0.56145005,0.9483995,0.35568166,-0.97589255
0.47924496,-2.3542669,0.26294648,-0.24210922
0.49130904,1.9713327,0.76079043,0.32083023
0.82431313,-1.2976648,0.79716186,-0.69978729
0.79819342,-0.50871121,0.41437936,-0.32230508
0.52309212,-0.42605333,0.73668554,-0.17557887
0.52659593,0.17238075,0.77852273,0.029665212
0.75411794,0.18828783,0.64156488,-0.26782423
0.74574203,0.63854867,0.66604084,0.59734213
0.7586301,0.82997159,0.56484263,-0.64873079
0.77795715,-0.42077339,0.38949147,-0.32267051
0.62091866,0.16164403,0.61778086,-0.41405643
0.61466872,-0.59512522,0.69645793,0.15370685
0.62089407,-0.83441061,0.60532217,1.1806137
0.61537065,1.3185584,0.57640357,1.0069818
0.80059233,-0.99900709,0.67838736,1.5627743
0.60173676,1.5467139,0.50767709,1.950966
0.57448169,0.98540426,0.446858,0.51776438
0.61776295,0.2347577,0.57620427,1.4392976
0.70996139,0.3262745,0.54894279,-0.071049924
0.77135499,1.1723312,0.51101729,0.13054837
0.75742723,0.23370688,0.67724582,0.94911115
0.82089924,0.28838383,0.67054991,1.026392
0.75214791,0.12881969,0.54159519,1.160701
0.56758139,-0.81683181,0.54730641,0.56603263
0.6066351,-1.2082727,0.47372701,-1.4321933
0.56680297,-1.170817,0.5799852,-0.40957751
0.39263544,0.032761084,0.59639106,-0.28285787
0.79418458,0.58227671,0.57567118,-0.80005807
0.51227054,-0.63726465,0.57125879,-0.74268462
0.57182606,0.50147671,0.53323673,-1.033018
0.71879208,-0.52611286,0.52045827,-1.192515
0.68887906,-0.8895055,0.55277007,-0.51715644
0.65666547,-0.68513997,0.54917966,0.035757339
0.70088743,-1.0140191,0.65980018,0.7669715
0.67267017,-0.50947652,0.6752135,1.5670287
0.61801564,-0.20336108,0.53057468,1.4046411
0.74972708,0.34992246,0.51027743,1.4898962
0.64918807,0.95802616,0.44785862,1.5339134
0.64365313,1.2103488,0.43403849,1.4075598
0.67153606,2.460179,0.58306711,-2.6086921
0.65960797,-0.68931607,0.41923468,-0.87520494
0.62093119,0.6433338,0.4184186,-0.30548285
0.6453922,0.58227418,0.63646448,0.053338462
0.72080654,0.62111726,0.73241148,0.71984514
0.68837244,0.49990519,0.74481019,0.42341067
0.63025289,1.8120555,0.35095258,-0.95821979
0.64603873,1.6924216,0.77887737,1.4259591
0.56780566,0.36884898,0.58645005,0.52904525
0.5802077,1.3756753,0.60848506,0.11170296
0.57378984,-0.84560566,0.63928008,0.44935446
0.62566837,-0.41888046,0.6324076,0.70825837
0.61489374,-0.56616667,0.55488998,-1.3358696
0.64553646,-0.73410621,0.72900393,0.34976625
0.58141796,-0.57836539,0.65596976,0.090428452
0.55431867,2.382968,0.68288274,0.88383413
0.50188305,1.2051776,0.68392396,1.1452629
0.60395588,-0.43544279,0.60206063,-0.60657039
0.68494457,-0.62373275,0.63383465,1.1990175
0.471425,-1.636717,0.62520432,1.2641684
0.66472355,0.88309513,0.35043619,-0.62927495
0.55281007,-0.97402649,0.41452799,-0.11606661
0.71296265,1.234587,0.4243556,0.30643627
0.7756825,1.3089863,0.57218233,0.38304677
0.77819482,1.3996864,0.58126068,0.50637273
0.73519156,-0.63200738,0.6388059,0.89498129
0.64116338,-1.3417229,0.6271203,0.85605221
0.72870049,0.093642969,0.68336912,0.17224688
0.57744214,1.2079301,0.62494401,-0.14920938
0.756104,0.024603453,0.66832944,-0.26745705
0.73569814,-0.12828447,0.49839787,0.92708331
0.50330253,0.3727345,0.57299055,0.87165274
0.64088966,0.096044026,0.6155629,1.1021533
0.64862466,0.069256582,0.66039833,0.79785601
0.66120461,0.014837238,0.59600772,-0.39375055
0.6790882,0.48631408,0.54716068,0.090785139
0.69683206,0.94498507,0.72484651,-1.0338047
0.89137748,0.17759265,0.70987556,0.031729682
0.78157672,-0.31025084,0.52462319,0.087877093
0.68235467,1.348239,0.64533101,0.79653627
0.74607338,0.95303139,0.64034695,0.77550417
0.61829189,-1.0827172,0.62278437,0.74309171
0.52079713,0.73732688,0.43452558,-1.8679133
0.67620653,0.50173816,0.7393935,2.1034816
0.63975057,-0.84833399,0.56600869,0.96529976
0.63080183,-0.68952816,0.76100708,0.19223278
0.58172673,-0.50861072,0.65069465,1.1126828
0.38696858,-0.84241365,0.50128026,0.25745132
0.80033168,0.39815058,0.44166952,-1.1935158
0.53611519,-0.13068313,0.4604008,-0.36555152
0.70707322,0.076273538,0.73740396,0.82934482
0.73358332,0.30320223,0.75982469,0.79875763
0.71190968,0.65020693,0.43795259,-0.15104941
0.52181159,-0.39949668,0.5152606,0.93236579
0.680563,0.34912684,0.59023279,-0.20672407
0.54624085,0.57263981,0.66568264,-0.15871034
0.65928489,1.4087215,0.70650306,0.89253272
0.75879928,1.894845,0.66173,2.4713705
0.64045181,1.4207383,0.65783977,2.1057787
0.78263022,0.47653229,0.78454936,1.8889992
0.85101977,-0.18529617,0.62357477,1.5221484
0.83180368,-0.31180652,0.67990957,1.4259042
0.80337513,-0.48547342,0.48031924,1.9796063
0.77836256,0.70266093,0.43474636,2.1344487
0.80696308,-0.61365113,0.49694308,-1.8133723
0.70852769,-1.3180772,0.61966456,0.81766438
0.72454567,-0.65362191,0.67306967,0.90438563
0.65921739,-1.9977183,0.64911568,-0.37692597
0.68711436,2.2955741,0.59744644,-0.43444902
0.6032391,0.40373427,0.72072248,0.20427089
0.70281487,-0.72535842,0.47740312,0.081822919
0.74806803,0.76590379,0.50171196,-0.12033445
0.59162146,-0.42989737,0.67135261,0.51384109
0.53378398,-0.0043322043,0.62404559,0.053016505
0.44062942,-0.28988867,0.58695601,0.28818615
0.5980733,-0.54915798,0.53634564,0.6226419
0.82570939,1.9741712,0.55302249,0.57030434
0.814541,2.1483208,0.48800563,0.29471778
0.70891441,-1.343773,0.52291175,0.45728404
0.69904551,-1.6029727,0.64403948,0.23142879
0.66519967,0.47962096,0.46992164,1.2537961
0.63530251,-1.3517437,0.77945618,-0.65476399
0.63834702,-0.96138018,0.65496308,1.8586067
0.4966813,-0.88487748,0.65496308,1.8586067
0.66960731,-0.060630493,0.36775823,-0.86655579
0.70481658,1.0812103,0.25886683,-0.86450957
0.75595637,1.7454262,0.31247163,-0.55394257
0.69436098,1.1674834,0.30260872,-0.74285719
0.63336473,1.3637955,0.32044265,-0.81280101
0.62853531,1.2859407,0.65367105,1.0091492
0.62569797,-1.6011565,0.56793241,1.75851
0.63584311,-1.4516492,0.55810115,-1.3068309
0.57851112,-2.1921021,0.5453518,0.26088598
0.513252,-0.30121192,0.538178,0.072538633
0.69971843,0.31160037,0.6282668,-0.033461972
0.61294604,0.14629464,0.54890646,-0.67604148
0.61325074,0.57513789,0.69459757,1.2540415
0.74414069,1.2819673,0.47277631,-0.47897362
0.61940785,-0.4302086,0.55389919,-0.16899947
0.65703798,1.8720894,0.47450593,0.45009214
0.62563942,1.5220034,0.6430892,0.12208101
0.67688992,1.1100873,0.74893413,0.17763299
0.72096867,-0.36295122,0.63722221,-1.1319701
0.6497591,0.84582838,0.54848376,-0.65681976
0.68208986,1.772675,0.57841134,-0.6202808
0.39598456,-0.4977958,0.55796516,-0.77811335
0.45242429,-1.3652344,0.53951071,-0.77950818
0.59663343,1.0371234,0.52590155,-0.49377371
0.66070878,-1.2566156,0.52085772,0.78892199
0.51264943,0.19003456,0.6605457,1.0252671
0.5503929,-0.12426543,0.66237114,0.82782167
0.63194518,-0.86265612,0.67610678,0.77910973
0.62724638,-0.49668472,0.46850835,0.74523098
0.63002027,0.25294189,0.46837256,0.6871111
0.67917954,0.28878515,0.54286431,-1.4317247
0.61428344,-0.21555395,0.64225518,0.094049334
0.5928321,-0.61159456,0.76038361,0.90676236
0.68629805,0.12379292,0.80738529,0.79520421
0.79492643,-0.12505427,0.64371642,0.5931433
0.66063817,-0.35752495,0.43910102,-0.19037303
0.58823153,-0.38176721,0.5434081,0.8323833
0.88409099,0.58586582,0.66113745,0.10247269
0.59817696,-0.3194758,0.69749879,0.39580387
0.72965666,-0.80692941,0.67397761,-0.80051912
0.56061757,1.0567447,0.6911967,0.62876709
0.77392603,1.2157853,0.62748731,1.429616
0.67984649,1.0096564,0.56085498,1.1116272
0.6494277,0.94942922,0.61890781,0.61075349
0.73266215,1.1123645,0.61015379,-0.73905594
0.56518731,-0.37893587,0.52318447,-0.031735042
0.55125177,-0.14729665,0.42400444,-0.11223101
0.5241689,0.67880855,0.40703465,-0.21439875
0.58959657,0.10849383,0.60178258,0.57236539
0.60228988,0.27850362,0.36354531,-0.38316193
0.55096803,0.72339074,0.3498004,0.52128156
0.73441647,-1.1072913,0.31312261,0.58202013
0.71610852,-1.9211069,0.47123001,0.95799703
0.70799273,-0.51297826,0.58171507,-0.59886972
0.71089164,-0.29362334,0.61200789,0.37299833
0.72919108,-0.15446285,0.45395973,-0.79846821
0.68451396,-0.3679192,0.55221931,1.7429414
0.6484131,-0.18798041,0.63956462,0.052138514
0.6214974,-0.86774916,0.59977828,-0.54618218
0.6567625,-0.8534483,0.66652943,-0.8985101
0.59573088,0.83394115,0.51305912,1.0626986
0.61950372,0.1442973,0.47874758,0.81385017
0.73022786,0.54345904,0.72324228,-0.27241034
0.57958754,0.27423294,0.74885329,0.1805904
0.75568054,-0.19284971,0.55632873,-0.81472649
0.73116994,-0.049983438,0.51879947,2.6610605
0.69542066,0.23553236,0.62447947,0.14766142
0.67066957,-0.035589169,0.53336824,-1.2090073
0.78823625,-0.22620634,0.48491464,0.088965173
0.78173156,0.6307039,0.4466355,0.62811647
0.96615935,0.80394361,0.4495668,0.65922026
0.84735372,0.037021537,0.51621149,-0.85573649
0.73698751,0.8822601,0.47227095,1.0224867
0.71446567,2.0006668,0.57224504,-0.064163581
0.6294934,2.1664255,0.65187336,-0.63027482
0.63944363,-0.10870614,0.72430984,-0.94027244
0.72844831,-0.59166269,0.80704814,0.1570148
0.65606427,-1.0927167,0.78720691,0.16768667
0.68254958,-0.36587724,0.78781163,-0.19643114
0.75348506,0.21144421,0.77615316,-1.3580008
0.6563848,-0.14082772,0.67161116,-0.32413012
0.68923627,-1.2365695,0.498047,0.43268817
0.54834907,-1.1323516,0.63578446,0.6714566
0.69064618,-0.2703517,0.51419315,1.1075367
0.66261334,1.3067416,0.52818544,0.37563291
0.6017738,0.77231879,0.62955609,0.23138077
0.60790199,-0.60597631,0.58558027,1.0991856
0.58316093,0.21880744,0.49962944,1.4165382
0.56054088,1.0075822,0.46896197,0.48230764
0.56778978,-0.45395249,0.48206274,0.52651554
0.54545527,-1.120492,0.5338883,0.21817809
0.54269083,0.074705937,0.56027808,0.046737162
0.52192677,-0.6613391,0.53118774,-0.19802048
0.60427893,0.33484747,0.75403244,0.70549341
0.65881779,0.028635805,0.69123662,-0.63372325
0.7703023,0.22162436,0.60298869,-0.091766199
0.7731558,-0.40882767,0.62329085,0.27813467
0.75425035,-0.41086135,0.66746536,0.55944681
0.70398215,-1.0149548,0.71757714,1.5677526
0.76367483,-0.84120798,0.64000106,1.4364978
0.68055675,-0.061502786,0.58303767,0.13088247
0.63413366,1.2015867,0.53709233,-0.81320158
0.44013679,1.3652252,0.65323118,-0.34797751
0.44856154,1.4007279,0.49830244,1.9385801
0.68552136,-1.4657912,0.6103792,0.48778196
0.6829078,-1.0924352,0.82848418,0.23710616
0.70311924,0.12570897,0.48163673,0.53281552
0.55477206,-0.075815529,0.35142263,0.89523468
0.67092084,0.19546682,0.36212414,0.92281989
0.70460217,0.53098777,0.53564802,0.87535437
0.6194251,-0.54461249,0.49427065,1.164743
0.54839551,-0.72066998,0.45398618,0.01527898
0.62949825,0.6230187,0.72844968,0.30529113
0.68490126,0.48891669,0.72427686,0.069098334
0.6626272,0.47808231,0.45204557,0.046763649
0.73411988,-1.1554812,0.53707911,0.4350122
0.6217898,-1.0756649,0.50245599,0.75025414
0.7017016,-1.6062354,0.70059855,-0.18914523
0.68535527,1.888232,0.6811454,-0.11325807
0.71351303,-0.48899897,0.69761639,-0.33098362
0.53849149,-1.1072567,0.41306414,0.27670464
0.61654163,0.42004728,0.44884707,0.22214691
0.62401346,0.37454143,0.43362199,0.95040975
0.7561603,0.10826683,0.56068273,-0.67499103
0.74847142,0.32607921,0.5470539,0.59574483
0.67382472,-0.17047355,0.51289474,-0.50573154
0.62801748,-0.68754146,0.58055333,0.59985547
0.64449251,-0.5993079,0.75365746,1.3350026
0.61112446,-1.609416,0.65541932,0.97781929
0.54455945,1.2727987,0.63349773,-0.17831006
0.6580955,-1.7839183,0.48253782,0.85120105
0.62687724,-1.6197599,0.71347131,0.19983823
0.59155776,-0.56113127,0.78165675,1.7056246
0.54125598,-1.2268301,0.63001957,1.8444631
0.68168167,0.68703674,0.353182,-1.5664447
0.60309862,-0.35216361,0.43818845,-1.236881
0.62527129,-0.49750028,0.49680246,0.043383276
0.55229622,0.074435297,0.43153513,-0.13016621
0.54195535,0.11052228,0.44912514,-0.41858777
0.78875054,0.44193595,0.6462939,1.324082
0.76275979,-0.43515254,0.71669416,0.47796103
0.79045051,0.4280312,0.32781982,0.02233311
0.70031376,0.47786532,0.32558035,0.038267182
0.71772568,0.56444653,0.78563364,0.5595383
0.72966786,0.62740145,0.54367255,0.51433733
0.7211425,0.63074675,0.62794684,-0.26162698
0.66799209,-0.48244701,0.59423424,0.94053052
0.65464105,-0.41861282,0.64413884,-0.96974459
0.65785828,0.4381238,0.53125788,1.1784928
0.80563631,1.2411403,0.51717156,-0.45637366
0.80901073,0.53320456,0.6957768,3.0665667
0.85974731,0.51989856,0.66594479,-1.2614477
0.85618379,1.3328869,0.64531206,-0.99978263
0.74385671,-0.6907535,0.54661682,-0.22539234
0.77101455,-0.63019876,0.47840774,1.8290034
0.74332116,-0.12920425,0.44839767,-2.3099592
0.6396675,-0.257249,0.48402025,-1.9823776
0.71682792,0.98326389,0.505996,-1.7545378
0.58116234,0.18299716,0.53722273,0.76018666
0.61247437,0.66048457,0.76917471,0.03671427
0.63219065,1.5464141,0.59366575,-0.52757859
0.60406187,-0.94777052,0.5358626,0.57794683
0.64049054,0.75381218,0.43044433,0.92494997
0.64977286,0.72425619,0.60130081,0.85158399
0.70840615,0.23833385,0.608134,0.71992623
0.74827161,0.5335575,0.62643928,1.137529
0.71751886,0.3758891,0.48737161,1.1600389
0.70288316,0.43371177,0.46533562,1.6055304
0.55170464,-0.91524859,0.44935698,2.0342198
0.55476378,-0.85989659,0.54050715,0.51217478
0.8294423,-0.90777759,0.5006207,-0.086865932
0.88944652,-1.0970161,0.47096199,-0.85952386
0.78957223,-1.2550202,0.43257081,0.19538407
0.67416566,1.8603479,0.40854342,0.33874556
0.79201426,0.71629259,0.47801921,-0.063061746
0.74298045,1.0527539,0.45922457,0.096666809
0.76414835,-0.81737927,0.47784838,-1.165265
0.67324359,0.34690903,0.45351294,0.55289646
0.57193596,-0.29071839,0.45365653,-0.53606171
0.51788251,0.037545222,0.59676389,-1.5519194
0.77515422,0.092782037,0.62789346,1.6140966
0.75954684,-0.16355567,0.69732606,-0.032192076
0.76851012,0.042657598,0.66174477,1.3041191
0.64242116,0.25878634,0.57874461,0.91963357
0.68472734,1.1037566,0.58671587,-0.015561974
0.673854,0.7961856,0.62969825,0.24738208
0.75617895,-0.59741691,0.73376123,1.2662923
0.76324234,-0.071814563,0.50294354,-1.614516
0.74557419,-0.058401556,0.63653294,-0.75918236
0.53995413,-1.875675,0.73276942,0.057887336
0.57643518,-1.4954333,0.43289237,0.97957151
0.50748891,-1.5373637,0.5079521,0.92058334
0.54323705,-1.5723201,0.52084291,-0.01019589
0.55572386,1.1359292,0.62032174,0.20312299
0.83978655,1.6110278,0.60115004,-0.090353428
0.81936975,1.5895604,0.57539316,1.2057303
0.78676015,-1.1043605,0.66144597,1.3715473
0.67057193,0.21718753,0.66730574,1.397118
0.76086912,-0.081757995,0.57592978,2.0989947
0.64663532,-1.3529734,0.56229703,-0.22275073
0.72822758,1.8460261,0.57452996,0.38062243
0.66611077,0.01202288,0.57367176,0.19292494
0.60439651,-0.35871667,0.53101841,-0.87324754
0.69295006,0.064392072,0.4168971,1.7441633
0.65431759,-0.36935099,0.76024081,-1.4407974
0.61063736,0.78433297,0.7132697,-0.20813043
0.66199777,0.68658289,0.52175033,2.0999919
0.64699461,0.669076,0.5505834,1.9881367
0.66610794,0.077345287,0.43377476,0.36527341
0.55830506,0.10034917,0.562084,0.35976527
0.55096769,0.22398164,0.61182724,0.21346126
0.6134915,0.48877923,0.41738288,-0.23372227
0.71214293,-0.043232621,0.51199472,-0.19977022
0.67960208,-0.18917822,0.46441868,0.07842051
0.63312863,-0.098684274,0.45338327,0.12672349
0.61971784,0.15705672,0.50676773,0.27302096
0.40221476,0.17565517,0.35101346,-0.082578477
0.64876468,-0.65555714,0.61620181,1.4063939
0.67412754,-0.537058,0.75358244,-0.27649903
0.59384825,-0.30272235,0.47113754,0.50297483
0.66941799,-0.40152738,0.44660884,0.53499711
0.66958369,-0.28651889,0.54439888,-0.24095443
0.71457834,0.53472332,0.53267927,-1.9640426
0.72536537,1.6302094,0.50913832,2.4925169
0.7393815,1.53989,0.59812718,1.6846008
0.63561121,0.036322631,0.57505764,1.1760226
0.77044627,2.1212498,0.53574396,0.67801328
0.86408407,0.6123697,0.57815789,0.058527981
0.82251685,0.91518255,0.58739368,0.069483543
0.76314695,1.7702073,0.59704165,0.026901358
0.76559542,0.53649706,0.52552122,0.1431574
0.74150798,-0.54385971,0.77960038,-0.23950926
0.7383357,0.60935722,0.63295508,1.4590887
0.72047371,-0.38548932,0.67756765,-1.236279
0.63027438,-1.497698,0.50238447,1.2351919
0.6677629,-1.8478214,0.53649701,1.1087847
0.61835416,-0.57525363,0.54163042,-0.76931697
0.55550892,2.7428114,0.49185556,1.1034013
0.55181371,2.5063379,0.76217533,-0.35041964
0.61826991,-2.9017578,0.74953637,-0.71989022
0.59695748,-2.5472716,0.72194295,-0.11336231
0.70088554,-1.5798444,0.42559088,1.1569785
0.73460751,0.2958103,0.47210936,0.14542777
0.65630685,-0.081649439,0.43171943,0.21867387
0.65213285,0.99737488,0.40880488,0.34270696
0.65530189,0.90929585,0.40572471,-0.63508022
0.70669425,-0.66545642,0.50837782,-0.049050189
0.70420929,-0.6229914,0.52822309,0.33989686
0.58435287,-0.51303004,0.66492552,-0.7669515
0.48542216,0.42614337,0.63551422,-0.7919266
0.5459547,-1.8148623,0.71980187,-0.25101152
0.79304541,0.091741355,0.60693061,0.35732978
0.78422229,0.12701182,0.53076535,-0.69914565
0.57793785,0.17195122,0.57221184,0.0094664727
0.59213271,0.38257134,0.66297598,0.037786159
0.65862315,-0.43310489,0.55780989,0.46906667
0.68859824,3.0552781,0.75659806,1.0060644
0.70240723,3.5277477,0.70861415,-0.5145888
0.66302785,2.1838302,0.74776313,0.23869151
0.70818494,1.728199,0.56748422,0.40570093
0.70331981,0.35143085,0.63164102,1.5746875
0.61602669,1.0320427,0.57725657,1.9341704
0.67653251,0.42949664,0.59631577,0.1846059
0.72508492,-0.10730158,0.55316069,0.045608893
0.55708019,0.097739854,0.3913329,-0.28709693
0.60909118,-0.22822834,0.33507868,-2.2866445
0.66182735,-0.11002447,0.51633088,-1.225708
0.56772729,-0.12839588,0.65338201,1.1127906
0.52208922,0.7094144,0.73031033,0.80386714
0.49119756,-0.79839635,0.71832344,0.81187963
0.68268688,-0.74945379,0.78877939,1.697663
0.65212269,-1.1847874,0.72606562,-0.52310405
0.77226078,-0.86914255,0.71853752,-0.80350195
0.58312253,1.4789241,0.71684422,-0.013688684
0.64884946,-1.5070456,0.68501703,1.1717016
0.62231072,-0.68686626,0.40427594,-0.44951243
0.60189862,-0.043165281,0.62734956,0.89154772
0.76300258,-0.82233297,0.59441061,-0.3614206
0.73059569,-0.89639696,0.60013798,-0.40618481
0.71685973,1.5703881,0.63952411,-0.2415737
0.74147502,1.3753709,0.62891953,0.59079922
0.5455479,-1.0447133,0.50214418,-0.037178601
0.61051792,-0.31284015,0.42285425,1.239309
0.6309401,-0.064077134,0.65373711,-1.3584332
0.53412884,0.0033357533,0.68185531,0.80833658
0.6877946,0.18331676,0.52214446,1.8852206
0.70462234,-0.30072957,0.62832039,0.9652716
0.657466,-1.8857388,0.69972456,0.1755622
0.63516551,-1.8627358,0.70139613,0.75621684
0.64027696,-0.67768801,0.66199567,0.76729535
0.65414212,-0.93929278,0.52742366,0.21636628
0.39086025,0.21222103,0.56078477,0.36290242
0.38877078,-0.29819621,0.61154776,0.29142431
0.33532437,-0.14989579,0.55502471,1.1444809
0.35878334,-0.14137287,0.604979,-0.75272416
0.70411391,-0.34640213,0.63820253,-1.2891423
0.69210933,-0.56646122,0.63343368,0.3655706
0.77126152,0.16971577,0.60627549,0.30066356
0.60476356,-0.36651583,0.46217646,-0.27823117
0.64777074,0.25062192,0.45597346,-0.30218513
0.6419172,0.17383671,0.77302752,0.59204794
0.60569887,0.46884388,0.74388133,0.71534285
0.70001684,-0.17556817,0.49661525,1.8338301
0.6002831,1.1044169,0.49755477,1.8417996
0.5939532,-1.7278595,0.48285041,1.8255678
0.790348,-0.40609871,0.60834138,1.1823056
0.64720101,0.12003592,0.59954221,1.3303988
0.60531954,0.48660317,0.65950338,0.05361262
0.61529506,0.39540802,0.53685745,-0.55824139
0.60308914,0.51248014,0.51241544,0.056629036
0.57370084,-0.11995822,0.51971459,0.093772566
0.56399883,-0.48726668,0.51742974,0.60037157
0.59888272,-0.12464246,0.76472965,0.71512319
0.71926755,0.39225705,0.53759237,1.6100702
0.71225123,0.75816795,0.5443147,1.3521228
0.69260023,1.365619,0.60907258,-0.55155662
0.59958386,-0.27476005,0.55005829,-1.0588485
0.61101128,-0.32849456,0.52177433,-0.15229493
0.60165147,-0.016598457,0.53306516,-0.47651589
0.67514481,0.50575933,0.49224911,1.0121133
0.82632919,0.0001794759,0.48545035,0.43445896
0.93861275,0.60098931,0.42315928,0.224076
0.77787583,1.251434,0.57889907,1.1851047
0.87395844,1.3994776,0.5677806,1.2559589
0.86521843,0.93911976,0.58200851,1.0695571
0.63561998,-0.56164401,0.41264584,1.1328036
0.50551385,0.3468167,0.43146721,0.96841663
0.58438423,1.0235805,0.55657907,1.5164012
0.54545674,-0.59418044,0.48151821,0.30361762
0.57718755,-0.62624587,0.63030849,1.2601442
0.5999957,-0.84930737,0.59004098,1.6198806
0.57705334,-0.42473316,0.52937228,-0.32640168
0.61396785,-0.9169015,0.41459633,0.64652674
0.63881885,-1.996071,0.43294035,0.70501833
0.65492388,0.39040121,0.76080481,-0.17693601
0.64583808,0.26169345,0.86520993,-1.7867954
0.67585096,-0.036757323,0.65427134,2.3849764
0.56667896,-0.22900004,0.66493315,-1.634401
0.73027333,0.55391206,0.64309175,1.5993304
0.78357831,0.071534208,0.63360076,-0.34514981
0.65401155,0.77242588,0.57871131,0.85981904
0.62044635,2.1497912,0.50823882,-1.1797664
0.71300442,1.6686835,0.53920456,0.59427422
0.67897087,1.6061075,0.45700148,-0.95508453
0.70893391,1.4622991,0.46154837,0.90677114
0.75333188,0.11614522,0.49018695,0.78848517
0.74601272,-0.12450569,0.57376338,-0.70856712
0.72874768,1.5346288,0.5306491,-0.51281731
0.65340932,-0.76824216,0.57704751,-0.01353538
0.67782282,-0.16798,0.5937856,-0.26276272
0.66828045,0.11063012,0.66497101,1.0196826
0.69469792,-0.81889854,0.5731153,-0.44200795
0.61040713,0.71196673,0.68412866,-1.0273927
0.5586433,0.85125058,0.75014346,-1.0666739
0.64867805,-0.79178607,0.72321977,-0.88898183
0.69278199,0.66363327,0.46366852,0.69681315
0.71382337,1.0090735,0.44125549,-1.1384839
0.62485027,-0.45365289,0.46093417,1.1168609
0.61025168,-0.50657556,0.33830838,0.41350893
0.66687344,0.48569933,0.58665072,0.24696684
0.69146414,0.12566543,0.58111951,0.7036193
0.77473183,0.75635584,0.61842868,0.80412247
0.79816781,-0.084862876,0.69481169,-0.14524856
0.86256331,-0.5326818,0.58642998,0.36244658
0.70825142,1.8457926,0.56236726,0.15199186
0.71554126,1.2517485,0.60116938,-0.39782757
0.5422077,0.41722689,0.52060233,-0.15891669
0.6562256,-1.4194283,0.72904767,0.11093876
0.89498388,-0.15803571,0.57879074,1.1973859
0.93041669,0.33445465,0.58990743,2.348455
0.88428344,0.37131055,0.54745738,-1.09152
0.86158971,-0.1604888,0.59564473,-1.1700505
0.74441861,-0.6917061,0.79191297,-0.32536036
0.69170986,-0.014870368,0.80214257,-0.44313305
0.74004417,-1.235255,0.65299175,1.082487
0.65116484,-1.3121959,0.60604404,-0.60795624
0.59704657,-0.076682995,0.60374503,-1.1051181
0.46950818,-1.8337204,0.50746396,-0.75328143
0.43762227,-1.9257543,0.63494052,-1.7945146
0.53458311,-1.6176855,0.58203186,-1.4280953
0.49291212,-1.0137739,0.55101643,0.34160204
0.52970034,-0.43234826,0.58677746,0.43722602
0.57402582,-0.31275521,0.37880519,-0.059298942
0.62909848,-0.45056069,0.36872153,0.85647669
0.63909066,1.9268482,0.46617168,1.7479182
0.78458682,0.13495801,0.46956711,-0.13257421
0.67577228,-0.039133067,0.52839337,-1.0959131
0.73857774,0.21408408,0.55448228,-1.0108276
0.82156889,0.38116744,0.64063335,0.44130371
0.83012441,0.25699705,0.61689271,0.50493893
0.67389862,1.4765571,0.55795737,-0.50168121
0.5834429,0.18688686,0.62351235,-0.22916859
0.59838891,-0.4306456,0.61663817,-0.13846244
0.64567318,-0.75837412,0.45836228,1.2148478
0.84953568,0.4392786,0.54448739,0.57462372
0.51625143,-0.19163076,0.49114499,-0.61995248
0.75438103,0.38641452,0.66680992,0.50280046
0.63349617,0.83276784,0.67160705,0.011031098
0.75167317,1.2086769,0.60479356,-0.0094544424
0.55371897,-0.7955442,0.60862561,-0.017424196
0.60628499,1.4755965,0.6990152,-0.16589766
0.66290021,0.55557798,0.77291024,-0.44155464
0.68389389,0.82870002,0.61963969,1.9863393
0.67468815,0.1401929,0.76141911,-0.35587663
0.74473269,-1.5095126,0.58789983,1.1366677
0.68716756,-0.92066829,0.51277547,1.4976087
0.48979541,0.67909543,0.61313147,0.26729624
0.73392014,-0.98884877,0.53507359,0.15708158
0.54230577,1.0414882,0.48956064,1.9066226
0.63594591,-0.92522962,0.54625304,0.70645867
0.65790594,0.16316372,0.57633165,0.72185545
0.64966324,0.2710146,0.60330558,0.82190968
0.75359419,0.21642248,0.52508468,1.0666476
0.56914143,0.736759,0.52023242,0.19817133
0.64261999,-0.37600718,0.59773945,0.10375953
0.77842291,0.30003476,0.5563047,-0.45292891
0.53733008,-0.013230501,0.59575685,-0.77946856
0.63248877,-0.10050167,0.52582879,1.2507651
0.65441884,-0.12360216,0.43682952,-0.24824835
0.66436342,0.89481287,0.62655147,0.64423008
0.69372418,-0.29133118,0.65157102,0.62750656
0.62964629,-0.78726961,0.70718087,0.23247979
0.59054412,-0.11673634,0.68666049,0.1287452
0.76455594,1.2416898,0.4240811,0.3062478
0.61844889,-0.90918951,0.48845712,-0.83435911
0.59429556,-0.9633574,0.45457956,0.26794533
0.62993956,-0.97046532,0.45360768,0.013148928
0.65246665,-0.86188734,0.38588927,0.72166804
0.62957425,-0.61165902,0.40962365,-0.39127359
0.55952431,-2.3881143,0.54664204,0.1880856
0.67565321,-0.2313061,0.52292377,-0.18991552
0.70162769,1.4499981,0.46351439,-0.4977017
0.69682424,0.059166858,0.40872074,1.0136432
0.72312609,0.053473675,0.71774959,-0.71816153
0.76584608,-0.46112183,0.5343964,1.4362603
0.75187333,0.70262981,0.49852064,0.22658098
0.58411806,-1.1349241,0.66991332,-0.22283927
0.76647724,0.39644912,0.55703789,-0.49044694
0.73105009,-0.70235469,0.56700736,-0.34207342
0.69150818,-0.38363884,0.47375133,0.064815385
0.58840975,0.71144886,0.49330656,0.17779313
0.52750918,1.7837871,0.4133692,-0.44364879
0.79942812,-0.52323749,0.50304489,0.54758751
0.81216648,-0.62616585,0.52995678,0.98524263
0.6926627,0.63651851,0.49468947,-0.30826523
0.5286596,1.4393026,0.50515717,1.0752123
0.52453248,-0.76047727,0.46639484,-1.1547321
0.53734295,-0.43457288,0.3960622,0.19560704
0.63461432,0.90684841,0.52279165,0.080831238
0.65343666,0.2093657,0.68269192,-0.33996589
0.62628969,-0.69267207,0.72290888,-1.6182208
0.78784898,-0.025930083,0.68960042,-0.73774755
0.69085245,0.86053709,0.52557269,-1.0794038
0.64223739,-0.42267332,0.38627131,0.37016987
0.70320751,0.49847267,0.41534703,0.20755534
0.68633563,-1.1756121,0.42339583,-0.47013833
0.59161832,0.93279753,0.51869518,0.067135197
0.74732431,1.3599215,0.56022642,0.34968476
0.70380782,2.114948,0.34034273,2.0989541
0.69096172,2.3208235,0.42379391,-1.8547535
0.81071459,-0.42976691,0.33095591,0.59865971
0.7664747,-0.31157018,0.37145982,-0.46466961
0.88275683,0.3004062,0.65060059,0.84600318
0.86825224,0.2697415,0.61497499,-0.87618523
0.84257284,0.50884734,0.57624159,0.83361837
0.68751114,0.30785392,0.53298184,-0.4758774
0.54050805,0.57866211,0.42135819,1.7205468
0.66721638,-1.7812913,0.71231824,-0.73869668
0.5917341,-0.42761689,0.52185147,2.38554
0.61453049,-1.8799812,0.63957808,-1.1706095
0.4833636,-0.69649643,0.51178509,-0.32023966
0.49128177,-0.082754528,0.62622586,-0.0059442521
0.52871734,0.082310972,0.61769205,1.822381
0.47321788,-0.33300952,0.52253249,-0.50002285
0.51635408,-0.18823685,0.59829955,-0.29638694
0.50650572,-0.32484123,0.51995999,0.16435195
0.64277457,0.52454023,0.6728611,-0.33130228
0.71742873,2.4074543,0.70087835,-0.37767151
0.6268496,2.2739755,0.50143101,1.1403417
0.61072194,1.6912696,0.69858724,0.23710512
0.57359505,1.3838553,0.68579968,0.23929482
0.58476574,1.9482999,0.69859221,-0.16365292
0.5685154,0.92313724,0.66898523,-0.09267181
0.67663593,0.74059025,0.66190083,0.98519426
0.59367538,-0.79337671,0.62996499,1.7877418
0.55680531,-0.40533474,0.6681311,-1.0693067
0.76745611,0.26753457,0.6461515,-0.57079775
0.6352951,0.81457974,0.6448021,-0.80486383
0.65593589,0.32164847,0.64919418,-0.33855285
0.53648531,-0.47452379,0.49941663,-0.72349513
0.6423095,-0.011809744,0.59324624,1.5071671
0.64806204,0.27045334,0.60104,-1.3068487
0.78212259,0.52341874,0.58406366,2.0838755
0.77719558,0.38012561,0.46717046,-1.157836
0.64425695,1.0532466,0.43522998,-0.62969594
0.60389788,1.7391198,0.55730703,1.190783
0.64289639,1.3811265,0.52153267,0.67512035
0.68331165,0.038770134,0.85250106,0.89214129
0.7732259,0.63212067,0.45754951,-0.33129178
0.66077845,-0.077314923,0.50032505,0.5604578
0.75855334,1.0867827,0.48515723,0.59010032
0.65542318,0.048207859,0.57298988,0.93028439
0.71842417,-0.92452357,0.37945654,-1.723851
0.48220989,1.0224769,0.53356454,1.7493362
0.5379536,0.64658101,0.45070635,0.88478564
0.5334603,0.78192768,0.57450182,0.21972309
0.6558597,-0.37388316,0.63134933,0.36521842
0.60961837,-0.44850666,0.6716508,-0.8102968
0.63140927,0.10456662,0.546627,1.8548995
0.67468977,-0.6730423,0.6364693,-0.95183698
0.7467644,1.3237358,0.6861138,-1.2483295
0.81235326,1.3015067,0.6905137,0.72523824
0.81443047,1.2951042,0.65364018,0.48305279
0.67586724,-0.18920838,0.61571194,0.60551992
0.73320727,-0.18019089,0.47384049,-1.8735275
0.68716877,-0.5061165,0.69971703,2.8892848
0.57653503,-0.46205765,0.68452625,2.8772255
0.59689388,-0.35630249,0.61564671,2.0653814
0.52457982,0.31425943,0.57721878,0.56934708
0.53292225,0.85823367,0.53681047,0.2165058
0.6231341,-0.3880866,0.58705916,0.22937451
0.70560345,-1.0837695,0.84218122,0.97150053
0.68925054,-0.2837733,0.67276758,1.3286151
0.68159247,-0.24192156,0.62484462,2.3409641
0.6466986,1.3764487,0.51114287,-1.8584221
0.67460331,1.6794031,0.56174665,-0.19593755
0.45152793,-0.05994693,0.96235948,0.93573893
0.50480655,2.041933,0.86315765,1.242757
0.49749482,1.8499325,0.83749218,1.4638642
0.49172793,1.9676406,0.78136747,0.89484101
0.72308919,1.3496543,0.56709165,-0.58060467
0.6504332,1.0009484,0.60006348,-0.29882205
0.71248862,-0.30210034,0.46197477,0.63421862
0.53589669,-0.89773102,0.55500339,0.50928769
0.58800748,-1.0857231,0.52253738,-0.52919393
0.47789189,-0.6067223,0.58263634,-0.64603339
0.68101173,0.34825922,0.52044126,-0.49669994
0.54954776,0.067670533,0.63049136,-1.2458012
0.72198579,0.34203545,0.47306459,0.96775838
0.56956289,-0.45075188,0.41524017,0.53562828
0.64655173,-0.90560153,0.48968608,-0.46146501
0.58157345,-0.40776555,0.48442446,-0.57122524
0.54176959,-0.20044258,0.53656153,-0.4631868
0.55612912,-0.098668867,0.51490563,0.13143862
0.52019664,-0.20070549,0.49820441,0.1574264
0.56661101,0.61735539,0.65955807,-0.011146494
0.56441813,0.59459763,0.50953921,0.51612976
0.6531978,-0.60928861,0.69421783,1.5662292
0.68036758,1.1910378,0.51142886,-0.23090445
0.6729425,1.6111381,0.46810189,-0.52713749
0.54406052,0.8392024,0.7188256,1.254983
0.53948573,0.99713889,0.72476479,1.130672
0.55901018,0.18144074,0.63985415,0.012904239
0.62725349,-1.0141881,0.76230654,1.2683464
0.73187713,-0.71511863,0.52108887,-0.58901309
0.69921812,0.72323997,0.51141498,0.857119
0.711215,0.17523684,0.55172757,-0.032816928
0.57449589,0.59446419,0.60145306,-0.53063046
0.70372738,0.86351649,0.51274988,-0.24148112
0.63091415,0.09690539,0.66360906,1.8050082
0.61243329,-0.26036264,0.59460039,0.36026932
0.56787248,0.51193092,0.58810113,0.042530271
0.5703077,0.52071376,0.73713472,1.0759894
0.59641868,0.65082757,0.65770648,1.0631203
0.5388806,0.69701331,0.36733601,-0.8252321
0.5287081,0.098930904,0.55287575,1.3235013
0.58141016,-0.33855571,0.49419985,0.23086896
0.64649621,-0.11712718,0.43250441,0.63684442
0.63728066,0.23006175,0.32337165,-0.69198822
0.62386102,0.067487591,0.55908654,1.3284167
0.65430671,-0.32304253,0.58709812,-0.47292411
0.69891049,0.8925546,0.48385656,0.61096526
0.73397457,-0.55705197,0.5198042,-0.11752225
0.64501166,-0.25737458,0.51223825,-0.065892014
0.60396112,-0.031492426,0.5717814,0.25102795
0.61948676,-0.049501605,0.69157907,0.15982747
0.66714519,0.40220539,0.68223118,-0.61376898
0.69542562,0.2441934,0.78378769,-0.72336351
0.56854127,0.34172458,0.73035469,0.84557371
0.65245565,-0.93444324,0.74151325,0.89389001
0.60901218,-0.95532391,0.54941124,1.6004273
0.61340691,0.94188223,0.64108462,2.1960967
0.73125871,1.5290006,0.53564616,-0.59118182
0.62888258,-0.27140425,0.65298426,0.9796709
0.64969308,-1.0074993,0.41991334,-1.0683814
0.56317474,-0.47240333,0.5732251,0.51610257
0.55913235,0.026065031,0.4894912,0.45578008
0.75401181,-0.49492075,0.43015723,0.73306326
0.71838148,1.719119,0.45535534,1.6056799
0.67980189,1.7278712,0.5114015,0.73311848
0.65164778,-1.3473112,0.42948051,-0.24285009
0.61972397,-0.36080906,0.50235812,-0.50027024
0.68527009,0.095996253,0.5277803,-1.4302337
0.61131737,-0.085629803,0.54301597,-1.4131762
0.70515542,-0.61729659,0.58432354,-0.81386096
0.54908869,0.8449744,0.58521131,0.76191975
0.51507382,1.0259259,0.53526056,0.39778938
0.67034119,-0.89989719,0.48313227,0.43969887
0.66909089,-1.2984345,0.57163233,1.0910646
0.73513901,1.0403903,0.52552716,1.697846
0.69449221,-0.45689862,0.60717459,0.35116076
0.6624968,-0.55769124,0.53671176,1.2719011
0.73626728,1.0422362,0.60901976,0.55374507
0.74535637,-1.5963828,0.55251569,0.95487759
0.71979746,-1.6441237,0.36475995,0.20054915
0.73589723,-1.5666357,0.28536578,0.4983743
0.42983374,0.551109,0.43029589,-0.83007186
0.47896153,0.35027164,0.43055867,-0.48750624
0.52357214,-0.76805587,0.39327022,-0.33336546
0.57476047,0.75790181,0.52188413,0.31711618
0.47090167,0.13787405,0.53168339,-0.48070273
0.73487586,-0.09914228,0.52611125,0.22563137
0.72406299,-0.027520758,0.70142229,0.54689922
0.59732717,-0.15036626,0.61257073,-0.29902031
0.71964477,1.6912834,0.41399217,0.30495746
0.68630367,1.9486436,0.58992231,0.10921539
0.68124019,0.51349643,0.55211399,1.3354292
0.58131164,-0.75676567,0.52491088,0.29356517
0.55372027,0.040489134,0.80688915,0.26267986
0.541753,1.0307659,0.50728399,0.90100166
0.7585465,0.13354157,0.65611259,-1.1040461
0.67320549,0.38334199,0.69133505,-1.2185427
0.66200739,0.27308232,0.50607213,1.471703
0.89221503,2.7885764,0.54959752,-0.92618254
0.72645511,-1.6439532,0.51205422,-1.4506939
0.71570012,-1.5993966,0.66691982,0.40139688
0.81546549,0.62676734,0.56214668,0.11934743
0.81896326,0.65624168,0.56533308,0.79828764
0.66045602,-0.12628663,0.6397033,-0.27510896
0.64131097,0.43698864,0.6211519,1.2870846
0.65217383,0.35202653,0.64349506,0.0068146159
0.64122838,-0.2453577,0.5361874,-0.19295716
0.87765603,-0.13019607,0.59303624,-1.7171207
0.85017661,-0.22781375,0.46490564,1.5555281
0.53510361,0.75746221,0.57650289,1.7171499
0.58639199,-0.95946742,0.91817738,-0.59310752
0.73963663,-0.48542987,0.83164625,-0.62595135
0.74400261,-0.30749383,0.73729916,-0.041418115
0.73076193,1.0031017,0.66820549,1.6033554
0.70363528,1.199042,0.56281149,-0.46221183
0.76746751,0.65684667,0.58393548,-0.94854954
0.77664731,0.89574875,0.55294736,-0.16129098
0.74787268,0.077387793,0.50240586,0.19420161
0.73711742,-0.006996192,0.4867722,0.37617902
0.56582556,0.9850589,0.47517278,0.062375085
0.63878227,0.60046095,0.49166964,0.52745174
0.53136679,0.13033858,0.54407319,-0.620561
0.5809766,0.13503132,0.48613519,0.48873118
0.64489397,2.1915744,0.60538094,2.8736643
0.67446438,2.1124268,0.61475462,2.4519023
0.83551701,0.95207594,0.73639654,-0.43802988
0.63040687,-0.40810041,0.77276849,0.13434079
0.5883782,-0.18241037,0.78625761,-0.0085661553
0.61469283,0.10980165,0.62936733,0.24129574
0.59448983,1.0926787,0.68813821,1.071405
0.65236995,-0.57466047,0.59888049,-0.31940051
0.66172659,0.21084904,0.58179327,-0.31754382
0.6131107,-1.5946142,0.83376722,-0.43040679
0.47921245,0.66348748,0.74018064,-1.1133302
0.50203368,-1.723948,0.78516779,-1.3678495
0.56980607,0.86705568,0.80708445,-1.8055668
0.45284602,-1.9326763,0.83242048,-0.55231114
0.51761899,-2.734795,0.49307531,1.7114963
0.39843212,1.5727647,0.38858483,-1.6919909
0.3539707,1.654396,0.72643365,2.2415068
0.72410347,-1.7816903,0.72810742,2.2990326
0.75220919,-1.9021348,0.69036146,2.4701183
0.65839327,0.50280657,0.67889217,-1.3488211
0.65506448,0.59492011,0.5911186,-0.57764468
0.50068201,0.11877433,0.59714852,0.0054544726
0.53710288,-1.1491483,0.66411054,1.7453234
0.78246117,1.2702087,0.57885339,-0.99186009
0.45840209,-0.4839306,0.65310405,-0.68103548
0.43978029,-0.48265034,0.67689617,0.41432072
0.67630346,0.56389659,0.47285714,0.57916538
0.6195159,-0.34918127,0.53982215,-0.42270104
0.64398686,1.1826517,0.47738862,-0.8709022
0.72739925,0.06305131,0.50619204,-2.0823254
0.61373942,0.20982838,0.47543531,-1.9219263
0.59776467,0.19138929,0.57081394,0.053280728
0.59488299,0.72422856,0.60113913,0.26359569
0.5933332,0.41449972,0.65376892,1.6186705
0.6583161,-0.5564125,0.66230751,1.5195159
0.64490179,-0.89614611,0.55978642,1.9868488
0.7078516,1.1704362,0.55876155,1.988649
0.68845498,0.42586927,0.45906164,0.095169972
0.65087443,-0.45794844,0.63009208,2.0065318
0.5400848,0.211695,0.75113099,-1.4092356
0.72766368,0.31986349,0.39766855,-0.70491687
0.71817239,0.32791593,0.48621039,1.0743163
0.74229598,-0.31107286,0.5718533,-0.33885135
0.70095221,0.60003764,0.53000459,0.048228037
0.65701089,0.52857449,0.48928613,-0.056210442
0.6660645,0.73639297,0.57937042,0.47346357
0.64380145,0.40802613,0.58945481,0.0075872698
0.65003159,0.41406976,0.54088884,-0.75364681
0.65216748,0.47609175,0.60597069,-1.4309627
0.69223694,-0.51034194,0.67855455,-0.48735381
0.66828126,2.4473721,0.81404274,1.3621668
0.61531483,2.8777236,0.8965054,1.540587
0.61932103,1.9209343,0.74089197,-0.098200085
0.58828178,-0.76481629,0.41221016,-0.13625638
0.55365478,-1.2252113,0.60548057,0.27168067
0.59379683,0.73379468,0.60930164,1.1311746
0.67349857,0.60169142,0.66831853,0.66986821
0.67173347,0.66912038,0.60069524,-1.1970657
0.72898515,0.75437718,0.42396304,0.6969116
0.60302608,-1.2025245,0.40109603,0.5897536
0.5789465,-0.0058072673,0.47718443,0.53565859
0.70772432,-1.2410947,0.44847215,-1.4886342
0.6062493,0.36025832,0.67331679,2.4897942
0.85430339,0.30668057,0.61149546,0.87819653
0.86258633,0.22995916,0.62229843,0.14247309
0.81292832,0.46156483,0.6678181,0.73162792
0.65261356,-1.0464755,0.57116283,1.6416063
0.65296806,-1.0214933,0.62502021,2.1849048
0.68906782,-1.1068753,0.60891076,1.9256477
0.71295731,-0.30133625,0.54332067,2.0586302
0.68125846,0.86307568,0.51187379,-2.4536491
0.60993522,-0.43156233,0.58561352,-1.5877158
0.56759796,0.14791648,0.5145852,0.069751198
0.8177126,0.77817512,0.44650702,-0.12062709
0.78896334,-0.75779415,0.60743943,0.55212547
0.51627444,0.86942979,0.61782708,0.69126787
0.69833294,0.41690561,0.60965388,0.46396201
0.63864437,-0.12579733,0.71757815,0.82811719
0.58031469,0.12663802,0.50089661,-0.30692587
0.60641443,0.086529916,0.54463783,0.10799043
0.5878879,0.1835237,0.53476134,0.80005088
0.57896263,-1.1814077,0.40632277,0.36923719
0.63731589,0.52873272,0.64053079,1.5578535
0.79445919,1.8345821,0.45770389,0.15112502
0.7849428,0.4392449,0.53728284,-0.0056465383
0.77959122,1.3564739,0.80003642,0.48671499
0.7364929,1.6224823,0.86358118,0.60069939
0.72508456,1.7568017,0.83641278,0.78407391
0.79188833,-0.17115364,0.79274443,0.28567836
0.73892199,0.058816924,0.6626997,0.80020034
0.5946163,0.60245252,0.44556137,0.53028329
0.67765454,1.7317885,0.50439983,-0.88676747
0.66345703,1.7621795,0.69170428,-0.31649095
0.72398063,-0.86548497,0.73493471,-0.33684821
0.7039611,2.1537323,0.75839438,-0.42286027
0.64683724,0.25912373,0.57899623,2.2957985
0.70453044,-0.22038017,0.57740556,-0.32728482
0.75330561,-0.40500868,0.48389804,0.39097282
0.66989855,0.33357741,0.68120758,-1.4463156
0.71914821,0.53508876,0.70175482,-1.9062555
0.72561944,0.46558707,0.53293368,-0.52529215
0.72600115,2.2987261,0.49949866,1.2689419
0.71909443,1.523383,0.64462592,1.0413628
0.72567042,2.0561274,0.53240267,1.023001
0.78521349,-1.1109683,0.57744693,-0.1266613
0.6202796,-1.2624295,0.63876996,-0.22946479
0.74823109,-0.89089429,0.61173803,-0.16599934
0.64252174,-0.49441148,0.65967217,-0.14526258
0.85928083,0.33618754,0.51096564,1.9966591
0.6449122,-0.75826662,0.47989449,-2.4546827
0.69537182,-0.046532708,0.49851122,-1.1973787
0.58877914,-1.0456393,0.418111,1.1900765
0.57398502,-1.9978539,0.41156498,1.746823
0.56575077,-1.6770582,0.52161047,0.55409982
0.60365199,1.2960968,0.40708739,0.058857056
0.59226312,-0.05930748,0.41518807,0.192992
0.6386633,-1.5308467,0.34279971,0.19159033
0.6253727,-0.90619116,0.40767473,-2.143884
0.6509965,1.0417084,0.38392736,-2.1719236
0.72541466,0.30266502,0.4805861,0.37121704
0.58884782,-0.87420026,0.57256473,-0.0018042782
0.54254743,-0.62643291,0.63094689,0.4601748
0.5868975,-0.098115356,0.63415905,0.40636498
0.61346509,-1.4442413,0.53920544,1.3890555
0.49699869,-2.549423,0.55793854,0.75607056
0.51474436,-2.0723029,0.56897851,0.59287851
0.77617016,2.0374411,0.46992017,0.74282158
0.74718158,0.99186127,0.51253005,1.1109545
0.73715643,-0.92398964,0.45483896,-1.3221882
0.63673143,0.33657617,0.55556322,-3.2514806
0.64489729,-1.1669044,0.5414582,-0.50063028
0.63360526,1.2583347,0.54774932,1.174927
0.56669618,-0.23914767,0.35868536,-1.3588868
0.61905717,-0.13296716,0.39047694,1.2006198
0.72991943,-0.066034248,0.41153027,-1.3997442
0.6943839,1.2497079,0.60460635,1.3648657
0.63934375,1.3669402,0.62223261,-0.35858474
0.70898188,1.8078429,0.50369572,-0.61249275
0.68738042,-0.16502422,0.51133573,-0.33696179
0.64916998,-0.23840421,0.56838611,0.40958835
0.5946535,0.73278419,0.56347852,0.087879774
0.54572481,0.16610977,0.74088316,0.45700988
0.44462338,0.092518768,0.79021709,0.54498473
0.48389238,-0.19229121,0.74744015,0.7816157
0.66755455,1.6257504,0.6872676,1.3806901
0.40373269,-1.4605192,0.56152887,-0.45166765
0.47534522,-1.131781,0.64338627,0.67215549
0.3417178,0.85344089,0.69944548,1.1820807
0.41132302,-0.20052286,0.56695883,-1.5607672
0.88585628,0.038595368,0.56549,-0.39902787
0.87557078,-0.021495742,0.57825025,-0.80083661
0.75959541,-0.87433474,0.60352807,-0.65781084
0.55283843,1.0535421,0.45391032,0.062608013
0.55869753,0.99497164,0.57674332,-1.3036088
0.71145679,1.0209342,0.63293635,0.87876398
0.59233283,0.49015342,0.62802392,1.1770422
0.62346924,-0.83925824,0.35711999,-0.70169512
0.60945257,0.83326549,0.38445816,0.0084640901
0.64709212,0.28609691,0.63619875,1.8757829
0.65361668,0.1317526,0.42122222,0.86231473
0.62431814,-0.44765936,0.37175859,1.1341027
0.66429726,-0.44784926,0.45672739,0.82641538
0.67425433,-0.57986628,0.63057328,0.15474675
0.56485191,-0.33797935,0.51065556,0.45234707
0.73599438,0.40477435,0.41214969,0.37186825
0.65193334,0.24620925,0.58616726,-0.640843
0.56521271,-0.96869799,0.61991258,-1.2853541
0.79451766,1.6418398,0.52880531,1.7740682
0.61656311,1.2271536,0.5074039,1.0223214
0.74128288,-0.40742226,0.54417113,0.97878097
0.76178714,-0.95955343,0.53722357,1.2134021
0.67925785,-0.64274256,0.50900604,1.2933701
0.72556486,2.7442117,0.49309311,-1.0181473
0.70501824,1.420005,0.62514474,0.55080982
0.69158848,0.70432106,0.79964618,1.0630177
0.71631264,-0.32944171,0.78252743,0.52318065
0.74011809,0.50926992,0.63558679,0.32585727
0.76263179,0.50936195,0.63948278,-0.30937269
0.68968819,-0.14882496,0.39981034,-0.054819361
0.67054078,0.80917914,0.48987215,0.48010966
0.65861513,1.7347124,0.72413386,1.6010462
0.65012511,-0.091833437,0.71022357,0.61028503
0.64507536,0.019498065,0.54042034,-0.27302944
0.53997806,-0.10212721,0.58104047,1.5800424
0.56714336,-0.13973829,0.47157338,1.5888505
0.70333328,0.4329411,0.67435503,-1.1170178
0.62178887,-0.40241592,0.64863532,1.0040609
0.64300862,0.48992656,0.59986567,-2.4415055
0.67152302,0.53579055,0.60899532,-2.3317808
0.5359144,-0.7662559,0.60829271,-1.9668975
0.54288028,-0.7083447,0.62401986,2.1167333
0.63906049,-0.17538823,0.75719397,-0.3117941
0.58763691,-0.75562935,0.72905312,0.55538408
0.51394147,0.69589858,0.55854281,0.27257533
0.57906853,0.77167994,0.47277012,1.0175261
0.59858811,-0.96961567,0.53422933,-1.0877866
0.60415105,0.12543194,0.5943969,0.87052136
0.69777278,-0.20787615,0.46356392,-0.88328274
0.70968066,-0.81135912,0.42394403,-0.64032941
0.60979845,-0.99331112,0.45107237,-0.32194619
0.60163929,1.3137489,0.82702729,1.0459684
0.76373131,-1.7026689,0.82403538,1.9313916
0.79000056,-2.0459212,0.81773566,1.8492213
0.65657191,1.6521816,0.46483946,-1.2205598
0.71803244,-0.68273211,0.48979939,0.75405383
0.75813996,-1.1064949,0.63455083,-0.67115396
0.66066554,0.21945546,0.70559026,-0.73723542
0.60943527,-0.41430875,0.60790793,0.056877108
0.7831824,0.27540121,0.56157992,0.71420091
0.60619834,0.34190404,0.71807558,-0.50797396
0.62432185,0.38768835,0.60947235,0.073881512
0.59483337,-0.31856562,0.48194799,-0.092883177
0.53154258,0.24792884,0.69130658,1.5615725
0.69690902,-0.012328801,0.70350002,2.0525123
0.66368955,0.49934707,0.73839227,0.68325375
0.68140548,0.66420518,0.40403608,0.46546279
0.65057827,0.76972888,0.34123929,0.28133867
0.67156884,0.2044972,0.52470729,-0.16273698
0.68274297,0.3556663,0.50215363,-0.72668911
0.63893865,0.12463445,0.56597468,0.12762579
0.68937762,0.59205079,0.58788789,-0.38240108
0.66324163,-0.55656566,0.61873514,1.2295344
0.53127375,0.055945791,0.64734364,-0.2855289
0.82605801,0.73746978,0.76697802,0.09600718
0.70359566,0.11150118,0.69625561,0.97760954
0.76942577,-0.3298324,0.43326229,0.033545357
0.78356049,-0.14343956,0.42680064,-1.1553715
0.41890737,-0.98394517,0.38411636,0.7552926
0.79090246,0.9119715,0.50326828,-1.3955758
0.49563842,0.037586588,0.3999186,1.1023425
0.80784313,0.2398688,0.63865824,-0.66416084
0.66423864,-0.63240481,0.55699285,0.33295904
0.75603127,-1.9579333,0.53920898,0.8824931
0.77537109,-1.8989298,0.68829442,-1.2852765
0.79132009,1.7122207,0.81618378,0.18560541
0.67439334,0.86655346,0.55555921,0.3963217
0.67238826,0.79485721,0.54599843,0.50858077
0.66501791,1.0056703,0.58224374,-0.42306743
0.65240036,-0.0281623,0.67269932,1.1718918
0.79599209,0.35801036,0.41007379,1.1656179
0.75674872,0.58929445,0.65477733,-0.1088899
0.66681837,-0.05382523,0.54701915,1.3559488
0.85196777,0.53118918,0.7363295,-0.7299564
0.83396149,0.55588844,0.6948202,0.12815309
0.7551898,0.51717798,0.73008988,-0.05679464
0.60473492,-1.6580524,0.5478037,1.6090526
0.61474057,0.11362593,0.67046215,-0.61175735
0.57018669,0.54162578,0.7764125,1.5622715
0.69235025,-0.061148859,0.77149081,0.83792485
0.71370646,-0.23296027,0.54541627,-0.026024614
0.53243638,-0.82773557,0.63089848,-0.61029513
0.56403345,-0.83779224,0.52186879,-0.24829386
0.6475418,-2.0860326,0.51696445,0.73863297
0.59501019,-1.4026092,0.64337917,-0.053490833
0.61022118,-0.11622438,0.69747314,0.62016432
0.68428266,-0.19827023,0.32196172,-0.34623308
0.66078951,0.036029017,0.38115778,-0.047916167
0.62552824,0.86054986,0.65698312,-0.44781884
0.63908298,-0.31441805,0.70048078,-0.007638324
0.73531398,-0.45146172,0.75989089,-0.15994078
0.63698228,0.99755626,0.49760242,0.58734971
0.72442106,-0.14446837,0.48750796,-1.0418939
0.68403721,-1.4390685,0.52278128,1.4697846
0.54966921,-1.649219,0.57261406,0.51701773
0.54525358,-1.6401211,0.61223127,0.073738653
0.80006259,0.71176988,0.73114456,0.092422212
0.74204868,-0.007067149,0.65287016,-0.90914491
0.78059693,0.48330966,0.52819927,-0.018004654
0.72194417,-1.2738175,0.35733233,-0.83296472
0.74883217,-0.98080064,0.41776052,-0.32118651
0.74744048,-1.2785889,0.56187373,0.97298929
0.63046325,-0.68758764,0.61150053,1.0337973
0.66240047,-0.22485754,0.59948241,0.041186495
0.62169016,-0.2740064,0.54688579,0.30134622
0.68607805,1.2923775,0.47016359,-0.564502
0.79578949,-0.076919904,0.59316726,0.72841474
0.7605804,-0.61286904,0.58708856,0.7060337
0.44371686,-0.41843147,0.62460621,0.78685877
0.53083988,-1.9281482,0.61537448,0.85785358
0.58276724,0.70672588,0.42035851,-0.30009224
0.73988196,0.70490058,0.68478455,0.95088686
0.70445507,-1.0557709,0.52237116,-0.67627375
0.7204425,-1.2034673,0.58018081,0.93199417
0.73180266,1.114765,0.55622153,1.7381422
0.76508971,0.43839285,0.61038398,0.60365087
0.61905525,0.7948666,0.49367972,0.52884989
0.77496671,-0.039295104,0.55234873,1.0973156
0.82012532,0.68828454,0.57594648,1.3120428
0.64586752,-0.65252264,0.50431569,1.2753909
0.69055681,-1.1805938,0.5301081,1.4549663
0.59476206,0.13589431,0.47244555,-0.060645528
0.66921161,-0.60622859,0.61520956,0.23527475
0.77809831,-0.67758905,0.60768853,2.3492828
0.69159846,-1.3851504,0.5917183,1.6299482
0.53645232,-0.06848211,0.58393754,-0.14409241
0.5897509,-0.015538747,0.40643177,0.01805863
0.64236121,0.5995706,0.79050256,1.12822
0.79834684,0.47513537,0.56421136,-0.056284296
0.7626793,0.94891473,0.58953342,0.53008847
0.72737911,0.71031063,0.39080052,0.33878453
0.7182639,-0.77294686,0.46234991,0.25101057
0.78123095,1.7749298,0.53055544,1.7364605
0.729719,1.5693117,0.44232569,1.5617703
0.66356929,1.557289,0.44268039,-1.554023
0.69801282,1.4212034,0.61191063,-0.33351101
0.71564427,0.66309984,0.62230003,0.21008952
0.66061332,0.083398628,0.66454447,0.76200541
0.65074295,0.20514892,0.7624179,1.2493033
0.63338938,-0.29478736,0.59768835,0.6239238
0.66406617,0.51823256,0.67373206,0.20139391
0.71988253,-0.13806304,0.52977945,0.27341794
0.61797726,-0.46437143,0.46861119,0.73629713
0.62948418,-0.45257241,0.44005935,1.1859837
0.77706523,0.35938816,0.5614014,0.71721598
0.67343999,-0.66223793,0.55051935,1.4565338
0.69752223,0.99742684,0.61196578,1.7126967
0.69082766,1.0498217,0.41743899,1.2886469
0.68675276,0.94308468,0.408043,-0.74170955
0.74302196,0.91482268,0.57609461,0.07390758
0.73775821,0.5590663,0.62175828,-0.26832191
0.72899413,0.56660707,0.70260899,-0.62129119
0.74662209,0.50081715,0.670271,-0.85003565
0.7262639,-0.44136416,0.81591597,1.6789706
0.77781556,-0.017190895,0.73077828,-0.76532949
0.73766479,0.46018341,0.65907488,1.5776141
0.60047921,-0.47137675,0.46808768,0.91345573
0.71958239,0.14636713,0.82853528,1.0352712
0.70421623,-0.64586657,0.69620986,1.4925227
0.75427194,0.35166919,0.60088336,-0.17592822
0.80743269,0.64629145,0.66765993,-0.25324104
0.81920465,0.67750788,0.6750408,-0.39400674
0.78890163,0.099926805,0.58349933,0.98175265
0.752306,1.6042668,0.50322479,-1.7565458
0.67730916,0.3889197,0.48959443,-0.87565513
0.64082085,0.52758347,0.54366554,1.092423
0.75305478,0.58893588,0.50978904,-0.58169402
0.58985658,-1.3672388,0.55484257,0.68506592
0.48354118,0.5632968,0.39635629,-0.29058528
0.49986591,0.86251861,0.68095533,1.3851583
0.52632982,0.82324472,0.55249561,0.48700935
0.41369062,-0.069386436,0.52954413,0.61873411
0.9725312,0.40691709,0.56034128,0.083146926
0.69225727,-0.048474368,0.55617116,0.004911177
0.78491287,-0.8104363,0.59811402,-0.51792282
0.79027916,-0.4022718,0.49575148,0.99524488
0.72544595,-1.2601902,0.55369339,-0.89089363
0.80885737,-0.90499097,0.46362335,-2.8969495
0.791621,-1.0023561,0.46923192,-2.6859838
0.79013239,-0.98298207,0.42064892,-1.15827
0.67817624,-0.55449806,0.47773172,-1.3887903
0.73151386,1.708318,0.476231,1.9327795
0.62358017,1.0328442,0.64666672,-0.78249521
0.61474659,0.29336097,0.65540943,1.0499369
0.54764481,1.500197,0.61256952,1.0505408
0.58652764,0.24550943,0.48247119,0.082653161
0.7587735,0.75400899,0.38131199,0.58853324
0.73030716,0.46014439,0.54933445,0.50251716
0.62167149,0.417497,0.56538766,1.7212661
0.72983369,-0.96616924,0.61326857,-1.7204564
0.66931673,1.5360395,0.59012658,-0.78858547
0.65290748,1.1573347,0.59578154,0.2033587
0.58945916,-0.92692044,0.58049094,0.57793198
0.63777454,1.120561,0.51785714,0.59468422
0.58041901,1.7444271,0.60385654,-1.4207677
0.75659502,-1.9105948,0.60755927,-0.70730432
0.74724949,1.3612435,0.59488439,0.015774275
0.73618001,1.1879495,0.52360608,0.069421654
0.6873366,0.62749117,0.55735207,0.1805584
0.61396172,-1.1116891,0.62079292,0.58890855
0.55993833,-0.80645811,0.66187265,0.97716175
0.62051876,0.12565973,0.43849586,0.42634096
0.58894232,-0.82283357,0.67561699,-0.95137685
0.54914266,1.3307348,0.72893552,1.776132
0.72153655,0.29360073,0.74671825,1.8349068
0.69665611,0.96656196,0.5202005,-1.1579031
0.77218607,0.80815346,0.52002595,-0.72730831
0.83443047,1.3350918,0.41553455,-0.11156631
0.87631115,1.3693264,0.40930972,-0.13215565
0.88204857,-0.15654164,0.38832397,-0.35342215
0.83845016,1.0445669,0.38528693,-0.3330935
0.820772,0.88064652,0.47657059,-0.82246913
0.8144353,0.3394341,0.4338306,-0.37207546
0.71928141,1.9899538,0.45018088,-0.35998727
0.63289743,-1.5616433,0.69218339,-1.644056
0.50289535,1.1863183,0.66420266,-1.4419085
0.56619156,1.454671,0.59844352,1.4020446
0.56588005,1.3521225,0.63615601,1.1194707
0.56782741,1.3534006,0.74153748,0.78446223
0.65355807,0.75766996,0.6552472,1.349561
0.74579554,0.078095875,0.71107877,1.520898
0.78792253,-0.68943548,0.65344723,1.4017671
0.74808203,1.180215,0.69374916,1.9605134
0.73057553,1.2492731,0.52167081,2.0438616
0.73546744,1.3388929,0.50100966,1.5423092
0.71317208,2.0114407,0.57308047,0.93109744
0.66314485,1.4561409,0.57073259,0.17440549
0.64656716,0.81247039,0.59250116,-1.1045021
0.72055576,1.1089892,0.49687789,0.86363951
0.68904211,-1.2071748,0.51674213,0.66879462
0.63997328,-2.0770019,0.59699855,-0.75614341
0.64804461,-1.4487092,0.64412296,-0.28688049
0.61232121,0.37864374,0.5390172,-0.84580347
0.66390787,1.1160248,0.49834867,0.02739054
0.64370991,0.13613835,0.52834987,1.472568
0.48545821,-0.35051551,0.66584804,0.22081496
0.4983396,-0.53313511,0.50523647,-0.30454681
0.50718143,-0.95023786,0.63308195,0.64937773
0.79409775,1.5995407,0.50246312,-0.69620011
0.74747905,1.1835156,0.54654229,-0.46528858
0.55272416,-1.4927117,0.72479401,0.98729857
0.62327368,-0.30996841,0.60132522,-0.18630784
0.68912595,0.097064899,0.63078096,-0.29852745
0.55964182,0.02995789,0.63348025,-0.29403118
0.54019443,-0.6533638,0.7221656,0.29925624
0.56878993,-0.73406331,0.71487613,-0.65795586
0.734069,1.6417491,0.68795545,0.52015313
0.74726051,-1.1042596,0.83841929,-0.41325324
0.54790726,1.6517743,0.87752675,0.21742865
0.56863963,0.39638473,0.66743412,0.097594225
0.69484382,-0.24145947,0.52647608,0.54870724
0.75914602,0.64236243,0.53921236,-2.7736888
0.66481075,-0.043369658,0.64757954,3.3475672
0.69797848,-1.0083519,0.42180731,-3.2804058
0.68872588,1.8930969,0.43072238,-2.9793828
0.74777048,0.22610176,0.41376762,-1.456056
0.81554827,1.3559284,0.36551412,0.32199372
0.78782481,0.25439707,0.52614339,0.28938443
0.57196915,-0.10019787,0.57395094,1.066653
0.72937299,0.76658608,0.55511097,-0.94401231
0.54098269,-0.5202401,0.57989227,-1.2047363
0.64777739,0.077000301,0.60935371,0.80310485
0.53952038,-0.78100182,0.66159752,-0.016849303
0.7345473,-0.0040481452,0.65167303,-0.43737617
0.6228495,-1.027479,0.65550229,0.25983719
0.83245323,1.819628,0.39740979,-1.2681326
0.76628222,2.0366767,0.46174622,-0.77201986
0.54159208,-0.14465206,0.45166418,-0.79615965
0.55956725,0.40398575,0.69186177,0.60199029
0.58637119,1.4277142,0.68834944,2.6848139
0.60570346,1.0396715,0.81789684,1.0789465
0.65486084,-0.096187379,0.79311926,0.99865981
0.56988884,0.11405883,0.61069758,0.19602013
0.82797914,0.10807964,0.42128924,0.76121964
0.85897329,0.92135718,0.45659234,1.0672092
0.8343819,0.40562774,0.42096503,1.5330418
0.71007719,0.48822767,0.68146793,0.10402257
0.53966646,0.38442988,0.69267735,1.1161808
0.66230361,-1.0896349,0.62861995,0.97894553
0.68077044,-0.41951944,0.62044502,0.57050733
0.62854703,-0.24177278,0.61273554,0.58077537
0.54643895,1.0373083,0.592517,0.35499021
0.77530384,0.2781867,0.49408447,-2.1905438
0.53335155,-0.8922002,0.4590563,-1.4889515
0.73751538,0.013680823,0.58781721,1.4501644
0.69242089,0.18183883,0.67588591,0.41004486
0.67644176,0.12381983,0.7763031,-0.57299366
0.57230558,-0.92758594,0.600542,0.11143576
0.63660293,0.96997471,0.6298532,-0.36496203
0.6481898,0.56382434,0.63815379,0.01560709
0.60109745,0.76768653,0.67207943,-0.49377462
0.67294819,1.2011198,0.52791951,1.1919639
0.61220205,-1.0467933,0.63962584,-0.73751523
0.64027331,-1.1645537,0.50285476,-0.73100336
0.67270771,-0.96778603,0.48848693,-0.81501526
0.49648912,0.32058373,0.64519182,1.474938
0.560125,1.471862,0.63881953,-0.25544244
0.57665101,-1.1716605,0.67775103,0.54323875
0.57182914,-0.57152446,0.45692017,-0.76289766
0.59326318,0.47121866,0.56367218,0.2528723
0.6734716,-0.44154739,0.64436425,2.1631628
0.59066634,0.21725312,0.50348599,-1.6804567
0.6897971,0.30077971,0.56274737,-0.42296283
0.69810448,0.7856714,0.68124165,0.3525238
0.55982572,-0.87044278,0.69265303,0.70519351
0.64965835,0.90858064,0.51363556,0.93089349
0.62069455,1.0463296,0.56042413,-1.1364395
0.60074509,-0.46846747,0.59886271,-1.0875724
0.59618917,-0.43656972,0.52021456,-0.60702882
0.62550938,1.1607328,0.59649877,0.25853807
0.64574161,1.249428,0.48685988,-0.20094871
0.69684942,-0.67896816,0.5379702,-0.030805209
0.7127588,0.51595871,0.51025173,0.35954347
0.67753436,-0.18232107,0.57280835,-0.10282351
0.64520438,0.13879078,0.62047835,0.91886805
0.67978202,0.38640889,0.53948574,0.11859636
0.62150476,0.64403368,0.37439141,0.7934156
0.7179702,0.95834656,0.49367562,0.98442666
0.64455856,1.2530781,0.70499931,0.49824079
0.6363617,0.18099428,0.63017385,-1.0315829
0.78592732,-0.22138313,0.64768774,1.0578631
0.52305419,1.3047828,0.72215364,0.35776439
0.71147872,0.22149536,0.59738516,0.29158011
0.67852299,-0.57369096,0.62367329,0.0092077725
0.75626835,-0.67642978,0.55114504,-0.53116328
0.85278893,0.52686618,0.6088298,-0.93734472
0.73042413,1.4342814,0.56918387,-1.1855852
0.70955656,1.0159036,0.58452376,-0.84908994
0.72501179,0.68255959,0.52018194,0.85442324
0.75765047,1.6989342,0.59423537,1.0218097
0.7590813,1.52105,0.71506115,-0.27640134
0.6281037,-0.70035712,0.48597305,-0.026947007
0.65114108,-1.5118098,0.49303441,-0.98539657
0.66702104,-0.71393488,0.43138916,1.3040362
0.61807286,-0.75667766,0.37761445,0.8072485
0.62524741,-0.90747059,0.41973708,0.86670383
0.63293881,1.6138075,0.63744827,-0.34749921
0.62802209,-0.81597749,0.60822162,-0.44580952
0.87121054,0.46433863,0.67171853,-0.10380484
0.53091883,0.74920551,0.59432906,1.82285
0.55484576,1.2615799,0.7395712,-1.8714103
0.52648107,-1.2670689,0.76632235,-1.2242948
0.75383802,1.655828,0.55575387,1.4117577
0.57289744,-0.39642323,0.7483261,-0.94912788
0.51611021,-0.058759055,0.41209758,-0.46538782
0.52585859,0.35649511,0.34060729,1.089124
0.63109108,0.059630342,0.67090117,-0.9123913
0.43668449,-0.578287,0.7227824,-0.85667082
0.45653737,-0.057793919,0.55374983,-2.3056261
0.57174388,-0.23555034,0.65868982,-0.64935388
0.58324006,0.67169694,0.67441525,-0.43008033
0.6480416,-1.5856064,0.64197,-0.35458404
0.65316006,-1.0973384,0.63787451,-0.31692057
0.63838299,1.1393415,0.71468357,0.27155573
0.62441348,1.0845644,0.57685243,0.71060681
0.63744355,1.5713498,0.54124933,0.17160477
0.56997703,-1.7445512,0.44630497,0.94843805
0.67226702,-0.45656501,0.39964312,1.3656298
0.7100999,-0.57033126,0.54292922,0.0712264
0.69023838,-0.68069852,0.55337394,0.096435916
0.56822591,0.74084102,0.53063252,0.33093945
0.53882292,1.0100576,0.54675468,0.35375398
0.56216558,1.2010946,0.53839266,0.6300819
0.55179886,1.2693924,0.47587437,-0.34622567
0.6494886,1.3555092,0.68714121,-0.092120592
0.77383202,-0.91369925,0.65227033,0.8106323
0.63371392,-1.0932281,0.42084838,-0.96873075
0.62515755,-0.77996981,0.37458241,-0.13411644
0.64094937,-0.43113896,0.39190282,-0.051627012
0.72060864,-0.54934709,0.33460796,0.53891644
0.67697665,1.6463678,0.27653537,2.0981165
0.68896292,1.0604255,0.53571904,0.86856109
0.56281657,1.1659076,0.53084125,1.1059144
0.54271792,-0.16958583,0.59454011,-0.85076814
0.73189717,0.70143764,0.52943996,-0.46750487
0.63284806,-0.34036145,0.42867807,0.89730046
0.63312131,-0.0087564912,0.37551403,0.29571857
0.61909416,0.23475251,0.7127051,0.75383994
0.64448103,-0.38571149,0.73938057,-0.097996517
0.64077132,-0.22483758,0.60377233,1.263959
0.62225159,-0.61240682,0.66829172,1.0440481
0.70676551,0.84777637,0.64785971,1.6172842
0.61187355,0.0015496308,0.74281893,-0.94025874
0.60912713,-0.22186414,0.66203037,-1.3978054
0.64392098,1.9849177,0.70767087,2.5783419
0.72208789,0.7415845,0.65408332,-1.3167032
0.69640858,-0.81260878,0.79811625,-1.9352288
0.65328472,-0.96463104,0.73008007,-1.9037677
0.73690453,0.54269803,0.5949956,-0.42043658
0.59614569,-0.73204091,0.58511201,-0.27282049
0.76450844,0.53314812,0.60283214,-0.0052449876
0.62857202,0.17657354,0.59402213,-0.89958267
0.41934623,1.229808,0.50370265,0.026210574
0.52933316,-1.318925,0.59047142,-0.14028488
0.48929606,-1.621352,0.59790551,-0.29632676
0.63264532,0.00033685607,0.50108683,0.22804609
0.66544137,0.87705391,0.54319447,-0.69987291
0.61167298,-0.41239997,0.60855435,0.47284525
0.63038277,-1.3404825,0.56869298,0.14445918
0.65961701,-1.2106489,0.64071807,-0.92788505
0.6732596,-1.3270542,0.70090623,0.48970275
0.69502832,-0.61350682,0.66437857,0.44145472
0.77132454,-0.48757969,0.74813756,0.67737794
0.68471512,-0.44026865,0.66272566,-0.00059756431
0.6911722,-0.63305629,0.54425922,-0.80365697
0.73289295,-0.5539784,0.5319426,-1.1414838
0.58351388,0.66582093,0.5228358,-0.81702257
0.70983671,-1.0602873,0.5470486,1.207379
0.75584815,1.8446052,0.47805403,1.5960799
0.69144488,1.7467797,0.47940836,-0.76358436
0.7125693,-2.0272114,0.51114739,0.87332461
0.48881554,0.94466013,0.61566968,1.048043
0.51353605,1.4579181,0.54095001,0.51565934
0.5141951,0.69084106,0.5067604,-0.52220999
0.62744536,1.3033924,0.539585,-0.82953483
0.65332758,1.4349453,0.64500885,-0.48126978
0.59721243,-1.1902072,0.58600633,0.098784299
0.68940508,-0.46115119,0.58858771,0.10502173
0.63926782,0.69431008,0.60819676,0.24714994
0.61693677,0.42541803,0.52881686,0.88849008
0.70848155,-0.071728331,0.60140658,0.2632635
0.54827253,0.18006399,0.67514077,0.22810114
0.57897963,0.082013358,0.5662006,0.30448078
0.84887315,-0.36435761,0.53723822,0.66537041
0.73724512,1.5989787,0.5659557,0.069907549
0.53872378,0.51343519,0.55294434,-0.075041942
0.59676114,0.2983716,0.58240981,-0.40628469
0.69526026,0.098960804,0.50187973,0.13318686
0.63684746,0.69868816,0.60489576,0.86427224
0.62057864,0.87733934,0.55291255,0.5505473
0.61665458,1.5951327,0.60819946,-0.5857167
0.58648295,0.67756479,0.49266259,-0.73684605
0.63141872,-0.96636798,0.59504877,-0.32015144
0.65325137,0.99109695,0.58022461,-0.14701822
0.6440091,-0.54072437,0.60177493,-0.023477288
0.69236323,-0.11585905,0.68732859,1.0448553
0.67538385,-0.14619267,0.52027424,0.63666352
0.63469908,-1.0222145,0.59016212,0.62267261
0.75133862,-0.97916295,0.56625308,0.68464864
0.61113989,0.18783856,0.58840236,0.89092762
0.6299925,1.1010058,0.6046959,0.082714808
0.66307443,-0.28529208,0.5922078,-0.34582953
0.63389477,0.33817241,0.63476939,-0.5952358
0.69632393,-0.21796624,0.61870112,-0.38102301
0.68294868,-0.61002752,0.51865303,-0.57553948
0.59337513,0.47364505,0.6293526,-0.75283419
0.67793447,0.41605257,0.66593706,0.038537866
0.72226742,-0.62182102,0.59312221,0.66912995
0.83427629,-1.6520652,0.54722743,1.4485565
0.84417989,-0.49244205,0.61172322,0.66396483
0.76248635,-0.24937811,0.66544281,0.26468996
0.64356484,0.1706632,0.63739537,0.32776064
0.74284105,-1.9732441,0.70662196,0.64996701
0.73775219,-1.8943852,0.69199784,0.86661072
0.62380811,-0.58597557,0.61031282,0.37063803
0.75143505,0.25661301,0.70018151,-0.59799745
0.75597949,0.081825375,0.68047236,0.027551157
0.69913787,-0.074675747,0.45337219,0.12207148
0.64302981,-0.09341522,0.62446987,-0.30066311
0.59046559,-0.59169691,0.6026945,0.054996156
0.48510275,-0.038721595,0.65836447,-0.61489016
0.44958348,0.39379199,0.66393408,-0.24832727
0.74091899,-0.25078095,0.46881987,-0.09774402
0.55252996,0.28814538,0.46140784,-0.15603913
0.54492458,0.11247998,0.37086179,-1.4005569
0.78047483,0.86784275,0.54350662,0.96096759
0.88529209,0.62458169,0.5689646,-0.27156308
0.73280622,-0.45500044,0.69708661,-0.29748955
0.47068138,0.18854766,0.48170676,-0.1546196
0.70270272,0.20772992,0.52540042,-1.6229144
0.58026299,0.16590731,0.6504455,2.1511885
0.65305078,1.6920082,0.44875513,-2.0900557
0.72942963,0.50768193,0.56045292,0.77878443
0.72747928,0.11536836,0.55924994,2.0159082
0.70698286,-0.61015658,0.52408969,2.395432
0.74163751,-0.99245837,0.59981481,1.7250969
0.69199508,-1.1805049,0.55003195,0.96553871
0.5935783,1.3849308,0.60383779,-0.22529938
0.69353384,0.62441728,0.5389343,0.34724637
0.41367242,-1.2539128,0.59816172,0.33252196
0.76580292,1.0498599,0.60550075,0.41124165
0.71252174,0.82610592,0.47628775,1.5268251
0.63746673,0.54597663,0.81392916,-0.01712907
0.66161561,-0.4338875,0.58613751,-0.13479568
0.62053542,-0.71154972,0.60583395,-0.079115482
0.6315082,0.11272973,0.75081862,0.84205667
0.6504225,-0.079605804,0.69900734,0.67622328
0.73495875,0.67877109,0.79433851,0.87409957
0.70810925,0.70127506,0.60031401,0.35852379
0.6531993,0.71861183,0.55186157,1.5296114
0.59752113,1.3490366,0.53353057,1.5129377
0.62172242,0.84571789,0.59923858,1.7294099
0.59777166,-0.99472264,0.68868538,-1.9803018
0.52840176,0.3739286,0.69776896,-1.734297
0.46438448,-0.35512037,0.71139636,-1.65406
0.52323262,0.72662963,0.36227784,1.8246666
0.52954393,0.91588102,0.32362649,1.3451432
0.55446812,0.69709031,0.44282367,0.62389537
0.7529997,-0.8443464,0.5076628,1.0842283
0.75804858,-0.96637383,0.55787902,0.42832017
0.7105908,-0.18143421,0.53793663,0.87272841
0.6574203,1.0643139,0.63664662,-0.44110697
0.60582326,1.9296864,0.60484862,-0.43692294
0.5850173,2.4581869,0.68574493,-0.21758114
0.7964841,0.17658919,0.66787162,0.50290472
0.73232908,-0.31190816,0.67149881,-0.39203986
0.73467559,-0.51393143,0.61996435,-0.16170217
0.86550228,1.1429246,0.65877598,-0.20367516
0.70482325,-0.46590956,0.58755637,0.4406432
0.65541076,0.16555568,0.6486856,1.6995168
0.74253319,-0.61493563,0.70903362,-0.57688611
0.76317742,0.15473432,0.53838005,-0.017678247
0.68441466,1.0023123,0.68607478,1.2364538
0.63358249,-0.31792447,0.61300138,-0.57990769
0.69220584,-0.11007511,0.39125193,0.02575494
0.6670403,0.82961725,0.30012507,-1.3153301
0.68871131,0.1532415,0.89159783,1.3002779
0.53839524,0.83035802,0.89278265,0.88807184
0.70231261,0.27176215,0.56542559,-0.39665944
0.76452623,-0.85271375,0.44762223,-0.033619695
0.71922877,-0.025624812,0.4634532,-0.46418391
0.79819629,-1.1416676,0.57743401,-0.38180912
0.72150706,0.38276771,0.53679932,-0.07039975
0.60997156,1.2246402,0.6384155,0.67375524
0.77864457,1.3607139,0.69740253,0.58627345
0.69083893,2.2717697,0.43706225,0.75870791
0.79448486,-0.85857136,0.5954548,0.1314787
0.39758146,0.42688308,0.5714535,0.15100297
0.4993931,-0.96056712,0.68369204,0.73305851
0.83974502,-1.3067871,0.69150362,0.51714772
0.7694072,-0.55156288,0.60809404,1.2918262
0.63857616,-1.0875795,0.64387484,1.8979536
0.63246312,-1.22615,0.60947194,-0.84002124
0.63485387,-1.1621666,0.56320587,1.9631473
0.63689539,-0.77437004,0.5608688,-1.4381974
0.74974748,0.095869929,0.58040221,0.48252471
0.51937669,-0.25339335,0.60930276,-0.29651323
0.65232084,0.57850202,0.47851342,0.8363836
0.64058799,0.44421551,0.43803343,-0.13646215
0.71072659,-1.2308445,0.60681007,0.59396568
0.63405896,-0.96119781,0.85377803,0.20236879
0.69431957,-1.69568,0.87763051,0.014997084
0.76007163,-0.92291702,0.46071464,0.86797761
0.78812574,0.21309496,0.61798682,0.8714553
0.75577871,0.20857974,0.6451008,0.21965312
0.78374696,-0.34996222,0.63804571,0.49261351
0.69027428,1.6162713,0.63486435,0.46037299
0.74861762,0.1685002,0.49182998,1.098727
0.78365896,0.095624794,0.50149213,0.01443208
0.71550524,1.2517734,0.49769127,-0.00018012647
0.71258893,0.23371689,0.57268712,-0.63923311
0.76362158,0.65937458,0.48953207,0.57450706
0.74823528,-0.06618497,0.55336421,-0.5936586
0.77447115,-0.21073832,0.66943518,-0.98365645
0.41233212,0.57528074,0.50642765,-0.2194016
0.43693204,0.35777967,0.41065516,-1.1124328
0.52324202,-0.1291655,0.61294907,2.3772221
0.63395315,-0.6309846,0.61486662,0.80772272
0.68268862,0.97979362,0.65868201,-0.40628611
0.67183943,0.23450173,0.60679892,0.64438874
0.57244955,-0.14952017,0.73906338,0.019811397
0.61448784,-0.7392249,0.72660778,-0.20982676
0.72099649,1.283822,0.58493438,0.99098821
0.5914025,-0.82406674,0.58810658,1.7064198
0.52717367,0.67569324,0.56061652,1.5943081
0.51183669,-0.1002541,0.63334939,-0.046675502
0.53724927,-0.068387188,0.56708412,0.71756749
0.6701774,3.220779,0.45650544,1.1188761
0.61559945,1.5036372,0.69061387,1.4853085
0.54168834,-0.80544116,0.60135517,0.26434528
0.53216797,-0.8175183,0.59531826,0.29996523
0.68507987,1.3802027,0.51116248,0.74040585
0.70625299,2.1880297,0.53190572,1.2214109
0.73715424,1.3053016,0.59200718,1.3365767
0.68451438,-0.61061035,0.58297807,1.4427062
0.65451032,-0.71808982,0.56447865,-2.3400669
0.64495141,-0.24589571,0.53100193,-2.2709695
0.69382685,0.79601629,0.54961326,1.6501292
0.55088097,0.59381964,0.55195968,-0.073503291
0.57191991,-0.59103322,0.62508631,-1.5499537
0.57469805,-1.5077142,0.71071605,0.49131721
0.59464406,-0.98414072,0.69582617,0.0096862337
0.70861596,1.5770779,0.58238146,1.5385407
0.65789863,0.16192488,0.4334041,-0.019162414
0.71380761,0.76307575,0.52768911,0.041737376
0.69354236,-0.39189017,0.45063519,0.10907582
0.68210747,-0.40283188,0.48495165,0.31959787
0.62348833,-0.16539325,0.43675303,1.284378
0.81567822,0.93685171,0.47647975,0.31576966
0.66876486,0.0017671858,0.49302807,0.020720611
0.72182188,-0.81539124,0.39361835,0.43491531
0.71330768,-1.3326405,0.54403838,-0.64634263
0.78792901,0.54814723,0.49430204,-1.1031308
0.64400412,-0.30086469,0.53269458,-0.7909049
0.55876039,0.1751364,0.81166974,1.4476443
0.50270562,0.24794643,0.79348467,1.2985169
0.66469634,0.68499457,0.80880002,1.3332667
0.630256,-1.5392843,0.75482076,0.80873328
0.54016496,-1.1575007,0.68354306,0.33394096
0.64139194,-0.30715184,0.45063572,0.62943656
0.63828413,-0.51004374,0.60309711,0.33730368
0.61521619,0.81943454,0.58067811,1.1975997
0.64407714,-0.92143864,0.67246675,-0.8099996
0.66487446,-1.0754678,0.61720657,0.024683057
0.64980648,-1.1751104,0.47270336,-0.48898982
0.72787898,-1.0409336,0.40585081,-0.52599135
0.70031385,-0.86653661,0.69949941,-0.51977728
0.73633125,1.3817269,0.58649817,-0.56709959
0.66905902,1.5697794,0.5221123,0.67742032
0.64226495,1.2255769,0.55361445,-0.91764209
0.62536687,1.0083132,0.61232053,0.85279055
0.63317189,0.81556916,0.40842605,-0.43564263
0.6800329,-0.56935255,0.46100105,-0.36977465
0.74285256,0.7124524,0.53061057,0.15344138
0.72357285,0.69638504,0.48902841,0.89202631
0.82595103,-0.20870585,0.44322217,-0.085520025
0.79260085,1.3567574,0.43904744,0.43355544
0.56985296,-1.074618,0.61463699,1.4425401
0.71162193,-2.1712719,0.65560338,0.078751889
0.87215828,-0.022414622,0.66199298,0.058104794
0.70191573,-0.20366486,0.48637951,-0.40565588
0.83798668,1.4067501,0.69301983,1.3445989
0.81369379,2.7235952,0.61775137,-0.38719493
0.75411323,3.1803793,0.70904261,1.3791827
0.80912844,3.0930498,0.70228912,0.60564448
0.89746978,0.91277569,0.36965771,-0.44681486
0.65166673,-0.46860878,0.35746898,-0.12600453
0.74393444,-0.34521354,0.37148602,-0.02407931
0.6491427,0.086767494,0.36165754,0.0093805895
0.56869987,0.25291893,0.31639995,-0.29703835
0.63643426,-0.23682482,0.61258344,-0.46086526
0.59250641,-0.052830144,0.46715887,0.42882614
0.63118574,-1.113762,0.68973073,1.4925465
0.68457111,1.6067857,0.54543896,1.411479
0.64699656,1.9788592,0.56830974,0.62041776
0.51809514,-0.097681712,0.49485871,0.89159181
0.55703194,-1.4267456,0.75946586,-1.2896935
0.70937167,-1.1384472,0.71354199,-0.91414628
0.80550997,2.5901406,0.66589118,-0.47809657
0.64884194,0.99764771,0.35514203,0.89616407
0.67646288,0.28469379,0.37569979,0.72072179
0.68238304,0.57657762,0.52520434,-0.70367736
0.68269626,0.38820635,0.543649,-0.725311
0.81908848,0.96213385,0.5584162,-1.119039
0.85906911,1.0811685,0.52056736,-0.95065789
0.50825593,-0.41476468,0.5596323,0.015116283
0.48580919,-0.77891105,0.43564409,0.15592085
0.76776492,0.57831352,0.42508537,0.13089428
0.71486624,-0.50603028,0.5527532,-0.54448938
0.73440285,-0.57324474,0.50873224,-0.30192952
0.7598505,1.7281317,0.53926725,0.15891276
0.71671051,1.4535159,0.53756218,0.16325317
0.70775283,0.46731074,0.3439223,1.0347199
0.66946099,-0.82801277,0.3826054,1.3420397
0.58044413,0.64556306,0.32223361,1.1920239
0.44022287,0.048943165,0.30271562,1.6047386
0.60418333,-0.77087341,0.46013152,0.74111535
0.62063282,-0.18282487,0.5656352,1.9673257
0.59790695,0.43858286,0.63138743,-0.87678219
0.66053729,1.5756934,0.46450098,1.8147561
0.67372536,1.5675394,0.3075171,0.26849773
0.65242795,-0.71909568,0.73701117,-1.2089774
0.61512296,-0.44232523,0.62758495,1.0223639
0.64221585,1.0931061,0.52129728,-0.52332706
0.66654373,0.8192369,0.54617986,1.6839207
0.87502727,-0.75323745,0.48543699,-1.3509752
0.59401161,1.9527599,0.68631662,0.31112461
0.60574647,1.8627812,0.62612627,0.8277554
0.71902633,0.47113206,0.77118944,0.9631462
0.67497078,-0.65848499,0.79776584,1.4788989
0.64681387,0.93724945,0.81320737,0.7203521
0.67292129,-0.91366346,0.73126702,1.0833171
0.58482301,-0.96136454,0.68841008,0.65427531
0.68692259,1.4241772,0.64310969,1.4700939
0.68903136,2.5017034,0.86008046,-0.76876272
0.73449552,2.9737252,0.69416283,-0.20322589
0.6862173,2.9639875,0.77965688,0.82292788
0.68760838,0.99032275,0.78501845,1.5736675
0.52393764,-2.3280019,0.52780069,0.36028313
0.47477149,-2.2625785,0.56057085,0.77544552
0.87272146,-0.61597404,0.52933203,1.4552568
0.78196176,0.97857217,0.5228982,-0.22239763
0.78256081,0.60202337,0.67559922,-0.49466496
0.61043953,0.14242842,0.6369536,-1.1789226
0.59739718,0.45472051,0.70233512,1.2206192
0.63366222,0.21349051,0.59870527,0.39562207
0.65960793,0.40561833,0.49717693,-0.18806099
0.59658135,0.22342564,0.6000807,0.85326494
0.91693843,2.0300445,0.56509133,-0.42955629
0.76028069,2.4320477,0.63037264,0.062458893
0.71726629,0.094376327,0.74435933,1.4929883
0.7170763,-0.49151531,0.73103774,0.9142589
0.66966115,-0.29689319,0.50711361,-0.10192568
0.64413394,-0.32321184,0.56555799,-0.35610159
0.6279169,-0.17376362,0.65004702,0.14380014
0.57729923,-0.71002815,0.6109346,0.11880325
0.70233458,0.84440142,0.57280836,-0.32836129
0.65399549,0.87582596,0.67627618,0.57268418
0.68054914,0.44492124,0.63868476,0.57591522
0.71172339,-0.37667122,0.55157154,0.65381211
0.59228227,1.1744277,0.65309225,0.13756409
0.5904094,-1.4039784,0.59531446,-0.34440044
0.61422459,-1.1222849,0.65204817,0.8125654
0.59354228,-1.4289908,0.49362802,1.2427848
0.65058269,0.32825286,0.63869417,-0.00039276893
0.61290004,-0.71731171,0.65355543,1.0197959
0.62607697,-0.46751903,0.47023784,0.30669379
0.54863984,-0.67292822,0.56775638,-0.091401359
0.61852778,2.1376778,0.43447439,1.2788115
0.6646776,-2.2127316,0.777703,-0.63154764
0.57597748,-3.3482818,0.57997561,-0.48570863
0.52760229,-1.4881319,0.53609409,-0.68627706
0.60239516,-1.358076,0.6607597,-0.67431602
0.62435748,-1.1836354,0.71574974,1.3912211
0.74859563,1.3957567,0.75194844,1.2291153
0.75569044,0.98750277,0.49690351,-0.86269417
0.80260544,1.2973771,0.59529241,-0.36140971
0.80218654,1.4451765,0.48404467,0.81315029
0.93312838,1.3356854,0.47431427,-0.080411321
0.83447876,1.4850296,0.48630608,1.0741253
0.73794238,0.86493118,0.57253001,-0.16927095
0.65313648,1.0518293,0.58438003,-0.78339193
0.6625723,-0.29989021,0.5391977,0.54517335
0.64992383,-0.38949746,0.68268162,0.21690954
0.52443017,-0.58085873,0.73149433,-0.042410747
0.68380145,-0.62507483,0.7266351,-0.0036035867
0.86184577,1.2885607,0.72936872,-0.29425346
0.72019211,0.52175126,0.67613369,-0.77972267
0.63971941,1.5565439,0.68137131,0.025094417
0.55520137,-1.0699077,0.42684308,0.024660871
0.57869016,0.8391967,0.4891554,-1.0744518
0.72279576,-1.2210779,0.52586619,-0.0038316537
0.7233725,-0.22843531,0.3939286,-0.016619923
0.7161958,-0.44486262,0.36507441,0.15135848
0.64142642,-1.1028568,0.33593425,1.6205256
0.59434382,-1.804644,0.58095132,-1.4356016
0.54362129,-1.3974824,0.59678775,0.086100392
0.54614337,-0.60116603,0.5383877,0.55526935
0.58277947,-0.67375754,0.59729335,-0.7991964
0.73411182,0.82690781,0.687421,-1.0873867
0.73243425,0.6796949,0.63638675,-0.61840445
0.74513279,0.68937318,0.48079635,-0.22107746
0.75272132,0.76099356,0.50291593,-0.24380954
0.6669456,-1.2107615,0.5705065,0.097520716
0.67660148,-1.3674333,0.57239113,0.218175
0.6555906,1.6413841,0.61125284,-0.76852084
0.59339243,0.19147062,0.45139392,-0.16396036
0.80631317,0.69001944,0.49111134,0.089253462
0.64156716,0.43466418,0.51360822,0.63149358
0.49709598,0.35387248,0.57873793,-0.42870999
0.61693837,-0.93773046,0.65041584,-0.39887485
0.68491336,1.5901435,0.61094596,-0.37428965
0.67914648,-0.87405551,0.59000851,1.1980036
0.69515904,-0.952784,0.54484924,1.3317698
0.68410537,-0.95685108,0.55824642,1.1153477
0.68222581,-0.28090252,0.53490074,-0.12304107
0.70485861,0.8975577,0.56546282,-0.10300913
0.67940256,-0.089188486,0.67001373,-0.8245926
0.68616372,-0.1357903,0.61230136,-0.00041712095
0.67453182,-0.028405128,0.56878811,-0.74053914
0.67063771,0.063217864,0.72406954,0.43140386
0.76612195,1.0631969,0.60503814,0.73364176
0.62056007,-0.40539677,0.49848595,-1.6514206
0.69393122,1.2162007,0.4460205,0.039129549
0.62202732,-0.52469274,0.50235525,-1.5284812
0.74020384,-0.91480582,0.50197976,-2.0580357
0.75695273,-0.73531312,0.4702673,-2.094021
0.83632532,-1.22015,0.5148468,0.020413519
0.80028274,-0.92970459,0.53485765,-0.031017017
0.54469478,1.1121966,0.45737649,0.034633099
0.52540799,0.74383029,0.55876445,-0.38737443
0.6092752,0.51208454,0.54243176,-0.74711753
0.66559546,0.14592687,0.65973548,-1.048067
0.66509637,1.0497987,0.51179845,0.03154516
0.63253782,-0.39845761,0.68944636,0.92416706
0.76838092,0.74601367,0.68712187,0.91248337
0.74459633,0.78526536,0.6269694,0.11341484
0.65984261,0.69381327,0.60064921,-0.106623
0.6840751,0.25972696,0.60595558,-0.66258177
0.6381167,-0.82645869,0.6647458,-0.35406373
0.59942723,-0.56394831,0.67837357,-0.62851111
0.67660777,-0.51099681,0.56356797,1.2545224
0.68850335,0.78092814,0.58815568,-0.45324407
0.77705543,-1.3054693,0.60967125,0.61290315
0.69889296,-1.3963559,0.56382431,0.55006316
0.5434484,-1.1867203,0.67076696,-0.58228191
0.58629877,-1.7441689,0.46583086,0.88947544
0.57103243,-0.14038728,0.42802039,0.9088446
0.67053349,-1.430389,0.45410311,0.8156999
0.71400774,0.81933629,0.65790008,-0.019930815
0.78652008,-0.70562648,0.57951482,0.75297308
0.76794756,-0.13678854,0.62313386,0.50357585
0.73754738,0.35539947,0.5790953,0.91342522
0.74415802,0.65785347,0.53188234,-0.11052771
0.73102358,1.6118076,0.53051052,-0.14315246
0.7390631,1.4119223,0.56693744,-1.045291
0.63745264,-0.50102251,0.6558044,0.63248855
0.58531886,-0.73026518,0.67387596,0.60462917
0.71924099,-0.40359768,0.47902462,-1.0722513
0.77355007,-0.16089209,0.51809106,-0.8250601
0.74997292,-0.25050532,0.45404747,-1.414742
0.68926007,-0.59161878,0.43071632,-1.1269311
0.7293405,1.2276144,0.27394042,0.10735841
0.69559004,0.76320765,0.31924597,-1.3279978
0.73333329,0.11630735,0.3977687,-0.34629583
0.66390686,-0.88327916,0.34619061,1.0439845
0.66839767,1.4496742,0.34670986,0.74576002
0.68321335,-0.52802874,0.42493768,-0.97814845
0.63705408,-1.154074,0.5464919,1.0852847
0.64493489,-1.023666,0.47047526,-0.40427514
0.68641215,1.2079273,0.50523946,0.63149069
0.68039856,1.1829312,0.59315501,0.025262694
0.74341431,0.47642828,0.61255421,-0.1036858
0.59772161,0.3827336,0.74501448,-0.024454358
0.57699044,-0.29883646,0.71061903,0.30371091
0.53549109,0.092557481,0.40859822,-1.0411756
0.62076806,0.72873396,0.43783687,-0.50649393
0.67932161,-1.3822199,0.49378961,0.35778122
0.63112578,-2.0279271,0.49722494,0.37976088
0.67040699,-1.7395277,0.48624914,-0.25651541
0.6556514,-0.57342712,0.51876231,0.060589099
0.71909732,-0.57338966,0.52581502,-0.538021
0.73432271,-0.64977665,0.51519012,-0.25643462
0.69291387,-1.1230496,0.28009469,-0.0071556563
0.76883535,-0.13340346,0.82133718,1.456437
0.6574007,1.440035,0.83213146,1.3045074
0.67085563,1.7485515,0.57169047,1.2356054
0.70447698,1.3223757,0.51125603,-1.0945522
0.62342688,-1.2022905,0.73869214,-1.5554852
0.75892875,-0.47681193,0.44559806,0.94979108
0.68490945,1.0111071,0.50856711,1.620094
0.69309917,0.55310727,0.74585667,-1.2042338
0.5812154,-0.54108452,0.70857198,-1.2046614
0.78337752,1.8767675,0.62596622,0.36546737
0.69410083,1.2998393,0.54951344,-0.12198699
0.72221474,0.92604339,0.32293164,0.50986309
0.64694435,-0.58484223,0.57384203,-0.40816418
0.58837683,-0.13403983,0.57841409,-0.0080906384
0.64152477,0.22006036,0.49879944,-0.37932893
0.74891423,-0.93935844,0.55327293,0.1412632
0.72723138,-1.2232963,0.49395579,1.2897484
0.76163757,0.1151985,0.63698544,0.42222908
0.77150035,1.9055811,0.42241853,0.77855594
0.78263299,1.9084295,0.49238313,0.34731578
0.65691324,1.0200741,0.61061629,-0.22731629
0.71986272,1.4593874,0.59178789,-1.3269902
0.76605351,0.18633842,0.60906525,-1.953952
0.52821551,-0.44222141,0.61950078,-0.67292532
0.57236246,-0.314116,0.53203318,1.1276242
0.59051051,-0.46073751,0.56957619,1.5405602
0.5589907,0.23066471,0.52531348,0.012546245
0.52133988,1.2148171,0.50677501,-0.020468166
0.53013963,1.399866,0.67259557,-0.26629264
0.59300819,1.5470901,0.45750919,0.38833478
0.77094988,0.46815181,0.50563077,1.4689561
0.48931536,3.0950113,0.56828011,-0.16611731
0.50685343,0.81386407,0.66758059,1.2598468
0.50984588,0.57922647,0.55160324,-0.20328684
0.47490789,1.3733764,0.57681084,0.1911141
0.61636194,-0.67086221,0.5852726,0.69509001
0.59007021,0.76278429,0.55481674,-0.0050027521
0.60660356,2.367662,0.65185655,0.23608081
0.56523078,1.0327059,0.66782594,-0.97443249
0.65314238,0.3553705,0.48115535,-0.60748696
0.61737348,0.16716487,0.58112097,-0.18485041
0.54635748,-0.18657851,0.57180612,-1.4018558
0.52950551,-0.57774645,0.56901827,2.2321733
0.66118271,1.5733212,0.64928924,1.3974842
0.65106117,1.6597825,0.61877958,1.3178373
0.63468529,1.8112537,0.54724012,0.5089304
0.78379163,-0.51680624,0.47849319,0.93675061
0.6666994,1.8377265,0.53211143,0.53303607
0.65703493,-0.0018491712,0.67498147,0.26587109
0.6786791,0.54011533,0.63366365,0.31771056
0.6576804,0.060959332,0.62005317,0.72608497
0.59455452,0.75082638,0.52580329,-0.95168593
0.67304883,-0.71650279,0.65270548,-1.3900004
0.71513519,-0.19831469,0.60532251,-0.86949653
0.7046667,0.093894733,0.52929529,0.86764548
0.47165906,-0.83936621,0.51222653,0.59858676
0.70055863,-1.1955846,0.68467223,-0.48759387
0.6136102,-0.52437413,0.67974666,-0.52021446
0.7372136,-0.19970859,0.41301783,0.77776787
0.68157998,0.23784974,0.53107423,-0.74644077
0.69182682,1.3790562,0.46408733,-0.20601241
0.59424747,-2.3547081,0.36959034,0.4254338
0.53851922,-2.6738635,0.42796392,-0.32759071
0.55537649,-2.4423325,0.48138298,-0.66870706
0.58342227,-2.2937913,0.48052657,-0.16551068
0.59919514,-1.1192217,0.49770512,-0.335586
0.52560449,-0.99463423,0.70960562,1.2105393
0.60822099,-0.19873647,0.82818352,1.1870908
0.59213086,0.14522623,0.66163448,-0.11482112
0.66056751,0.37930212,0.53916914,0.83095565
0.53714034,-0.56233432,0.47165982,1.24737
0.5357992,0.31430538,0.53142653,0.30778888
0.59249239,0.087527825,0.59227469,0.27499131
0.61543042,0.0040803361,0.60455533,0.78438765
0.48968143,-0.027292768,0.59811227,0.74234925
0.73580101,2.2577924,0.5329394,0.22124411
0.82436698,0.52027529,0.57882942,1.9333673
0.69818563,1.0782185,0.46945918,-1.7337914
0.66768982,0.05559794,0.4527721,-1.4573323
0.66490721,0.63892436,0.58819416,1.1660204
0.73753344,-1.2065566,0.57919033,1.6521746
0.65482823,-1.1675748,0.57899371,0.4892223
0.58321145,1.219371,0.56779046,1.6896102
0.60191104,0.526284,0.60264478,-1.2296684
0.61367266,1.0487335,0.5831597,-1.1298058
0.62215603,-0.2945064,0.60918352,-1.0223061
0.81101634,0.6684797,0.68168033,-0.91498613
0.81436337,0.70264195,0.37430791,1.1989961
0.80968892,-0.45637598,0.36418724,1.1710908
0.76948049,0.66924912,0.60524546,0.29568103
0.79651702,-0.40750125,0.52182297,0.25260321
0.5706656,0.5616205,0.59641188,0.60817048
0.88823354,0.60936354,0.65400408,-0.32054316
0.91942544,0.5035403,0.66873239,0.33394893
0.84172229,0.37899718,0.76609616,1.1432148
0.90254835,-0.61282467,0.72268621,0.58988511
0.89720495,-0.96942803,0.65787314,0.66869293
0.77210395,-0.64860973,0.50591828,-0.13664709
0.61494147,-0.098451201,0.47370952,0.20378116
0.58433241,0.15863355,0.47293546,1.968152
0.44495503,0.069307233,0.36791573,-0.3875983
0.66173341,-1.2472395,0.45837147,-1.0796763
0.66657519,-1.0664348,0.50773721,0.46069715
0.63806915,-1.7787983,0.56828315,-0.35068122
0.67282778,-0.35590583,0.53531615,0.52148682
0.6887764,0.45825904,0.47544974,0.70004342
0.64988815,1.234995,0.67095102,-0.14548031
0.74649734,-0.41419854,0.66362584,0.16663988
0.64868495,0.8541472,0.53538236,-0.66131933
0.60423397,0.94583543,0.53777131,-0.60711218
0.61322716,0.96820007,0.49257079,-0.71490561
0.7177388,-0.0010588629,0.61654937,2.3605053
0.56132732,1.0384692,0.71925871,-0.44247521
0.59492286,1.1152599,0.51086386,0.06876729
0.65624689,0.81863886,0.70985852,0.29730423
0.60937746,0.76206363,0.51730643,0.32067254
0.70121939,-0.27796667,0.63768095,-0.98711218
0.63951002,1.4870444,0.68798228,1.4011154
0.66030748,-0.80160728,0.71807051,1.078457
0.70117599,1.8891,0.75556871,1.5450294
0.6777914,0.92947713,0.79174517,2.9680922
0.65002211,0.30696662,0.48382108,-0.2777518
0.62807684,0.82431147,0.54178707,0.5962509
0.62880458,0.43944929,0.69820006,0.99482851
0.71231452,0.85507652,0.50901963,0.33809365
0.5948089,0.74406997,0.56135436,-0.86871416
0.58949024,-0.51459025,0.51793972,-0.46369389
0.59085225,-0.27193927,0.50392327,-0.2813338
0.63966935,-0.26079811,0.70878261,-0.4289132
0.62987908,-0.37016166,0.60528616,0.2672947
0.55262099,-0.36356861,0.55848969,0.37474262
0.60648775,0.55156234,0.47299512,-0.34697416
0.50356253,-0.42729899,0.51314694,-0.49401444
0.62965203,-0.859364,0.47048971,2.030948
0.58477004,-1.401985,0.4788817,0.96654622
0.60934862,-1.3590989,0.48124959,0.97159723
0.76825739,1.9425672,0.59905552,-0.82325686
0.59954921,-1.994865,0.50683488,0.039463551
0.71020612,-0.9230757,0.35841634,1.3887006
0.71028035,-0.9238491,0.49368054,0.061394056
0.67974602,-0.97391004,0.51251873,0.2335141
0.72447803,0.31218925,0.48466896,0.50683511
0.78236376,1.733903,0.5574379,0.80123936
0.81019955,-0.97191148,0.52998091,0.75574056
0.68600459,-0.0053337104,0.52349257,0.8993307
0.656722,0.4453199,0.49062681,0.83842135
0.67238073,-0.78057462,0.5826061,0.37097558
0.7009449,0.29429704,0.55097789,-0.41729142
0.71065098,0.46027083,0.5809237,-0.25795438
0.77333832,1.0271384,0.57070954,-0.75880263
0.74395277,0.27553981,0.55672674,0.31271207
0.57953166,-1.2228867,0.55484877,1.109317
0.56754164,-1.4649641,0.5933627,2.0657356
0.59792582,0.61956393,0.57262939,1.6334355
0.77953049,-0.5379395,0.48339921,2.6622427
0.67763039,-0.36688041,0.47890849,2.7780391
0.60290163,-0.56214803,0.58188583,1.1875313
0.76911412,0.90741795,0.69520874,-0.72155909
0.49406986,-0.24071574,0.58209938,-0.042413075
0.45525958,-0.73667157,0.35701408,-1.3826348
0.51464839,-0.86494004,0.34544146,-1.1655701
0.53870315,-0.86632069,0.55837147,-1.4248941
0.54766131,-0.76351007,0.714493,-2.8231242
0.62498649,-0.4598449,0.65487041,-2.6736292
0.56249663,0.60879498,0.64671109,-1.9687397
0.72528345,-0.018730671,0.68699585,-2.3334514
0.71907424,0.32175418,0.66687298,-2.4920024
0.69256983,0.33720745,0.70728165,-1.5152063
0.57798005,-0.86032804,0.76468511,0.31585571
0.67468926,0.77382581,0.45233188,-0.1900403
0.65913183,0.89218565,0.45417017,-0.2698122
0.56265105,-0.76254104,0.47306931,-0.28765937
0.51829705,-0.14388162,0.56965498,0.59898001
0.57048235,-0.13682888,0.59331894,0.59889277
0.54344331,-0.093761909,0.64329686,0.71260479
0.52878654,-0.2114613,0.45226036,0.50108361
0.69485713,-0.95903869,0.59073538,-0.45039392
0.7711314,-0.62895418,0.62836716,-0.08088584
0.56000007,-0.074081523,0.5557763,-1.2069099
0.58925131,0.22085184,0.59772731,1.5824003
0.45077473,0.42351914,0.48890383,0.17832435
0.61067924,-1.4968345,0.51208943,-0.44771719
0.65652928,1.6255119,0.51481978,-1.1960001
0.7412523,0.27415797,0.49632952,-0.26115782
0.72015392,1.110491,0.52525297,0.63914674
0.62668668,-0.004174402,0.74437126,0.90126779
0.71777557,1.3625953,0.8304257,1.0333554
0.73615075,1.197755,0.79986612,0.3672705
0.71423843,-1.8574736,0.73610264,0.16463165
0.7310535,-2.0981706,0.63763298,0.45059966
0.58204384,-0.59571129,0.50003731,0.094258051
0.56283801,-1.2217014,0.55902148,-0.32753254
0.61489862,-1.4049462,0.65497616,0.67170798
0.74179411,0.71064237,0.66071931,0.27580197
0.65713681,-0.62151184,0.49420752,-0.64025926
0.59533587,0.55241896,0.5708348,0.98495393
0.59600505,0.10649638,0.53496266,-0.57902859
0.70314383,-0.28933598,0.29772298,-0.47088819
0.66545665,-0.59331066,0.4643456,-0.087294592
0.76720334,1.7629319,0.56748302,-0.30282484
0.65385198,1.6293277,0.61829652,0.47682346
0.65320793,1.8324499,0.590639,0.5073372
0.72602856,1.2277658,0.64931782,0.28642752
0.73622335,0.99021743,0.62264197,0.23881817
0.71152339,1.0223144,0.50434429,0.71169226
0.81082912,-1.1335109,0.60034162,0.084053892
0.35374598,0.22611748,0.50458374,-0.82831635
0.45561071,-0.930915,0.34242466,0.98650289
0.36161509,-0.017886495,0.61616261,-1.0531548
0.62690722,-0.81808095,0.62557888,0.78184551
0.80770859,1.0814895,0.45130777,0.86187313
0.75197431,-1.3679964,0.59282456,0.49400223
0.80673903,-0.45301187,0.51377281,-1.2686496
0.82238924,0.44417424,0.59000513,-0.93598364
0.80772819,0.23863592,0.66223733,0.42066091
0.79749429,0.21528575,0.61139836,0.16808655
0.71031337,-0.05505017,0.40677734,-1.0945705
0.5511355,0.80981666,0.40450124,-0.53576636
0.56375606,0.7594004,0.54286164,-0.23073714
0.60073145,0.57953148,0.43553238,0.78228955
0.71258735,0.77412129,0.50141222,1.5741551
0.7727606,1.5749567,0.5383277,1.6054384
0.70132849,-0.89634946,0.48391004,0.31121355
0.65909507,0.46185919,0.52176298,0.82463391
0.62314738,0.24896861,0.55142181,-0.56934289
0.64864243,0.66102855,0.61885831,0.17889902
0.55498433,0.87236902,0.66200702,0.94156095
0.59457418,0.85392426,0.71778048,0.8980741
0.75425882,-0.18662747,0.44978519,1.1925836
0.75326657,0.27570147,0.62067836,-0.57461707
0.63220449,1.5500491,0.64407695,-0.44581281
0.77822995,-0.81734279,0.651811,-0.2746879
0.66774014,-1.0419691,0.6127994,-0.6868561
0.58951483,0.73701534,0.4609137,2.3074578
0.82378839,-0.6672741,0.48507391,1.2029699
0.79858785,-0.51459639,0.53732714,1.7513838
0.7804749,-0.19859701,0.56038766,2.1192641
0.64426877,1.7095592,0.40493333,0.52725428
0.65698989,-1.0615793,0.48993067,0.13413307
0.65031187,-0.6254833,0.49073842,-0.03594722
0.7807747,-0.65203057,0.47600213,0.54058849
0.88443981,0.26457397,0.68848569,-0.080216978
0.91734965,0.3653746,0.55320997,2.231948
0.86255453,0.99952495,0.41100557,-0.31524316
0.74664206,0.94818244,0.54379571,-1.0826599
0.8381696,2.6994048,0.5920952,0.53902339
0.71197086,2.2436581,0.65196703,-1.3167371
0.61691846,-0.52229396,0.82630967,-0.46307976
0.70067553,1.8343974,0.87195396,0.30831333
0.70004369,1.0447353,0.80102579,-0.31251423
0.82494844,0.53497128,0.65528598,0.05036294
0.75755926,-0.15394189,0.74163375,1.0487558
0.74895464,-0.21140205,0.62642147,1.4033482
0.76485865,-0.062180884,0.58172429,-0.73325902
0.69298256,0.4441859,0.51305504,-1.5928202
0.7583584,0.68543709,0.42717265,-0.080309714
0.71454761,0.42489347,0.62142697,-0.10213021
0.73186811,0.39337563,0.56746083,-0.28886822
0.5903438,0.63647794,0.62769576,0.4334963
0.69856906,-2.0415878,0.5842724,1.064457
0.74196487,-1.0170761,0.53059899,0.027819368
0.71199743,-1.0540093,0.62131462,0.31051271
0.74760822,-1.0847241,0.6877229,1.5032031
0.74428827,-0.038469697,0.59738374,1.1912104
0.70544448,0.78475706,0.54937543,-1.0445545
0.70812772,0.86397928,0.6137831,0.66591488
0.75063691,1.4330425,0.6090273,1.0467988
0.76949782,0.74502123,0.60736613,0.81199956
0.48079972,0.79400245,0.57648948,-0.66066539
0.5096652,0.51773812,0.58488353,0.19086983
0.94821064,-0.059092192,0.62877612,0.55564732
0.94835372,0.8607417,0.57749676,0.87651999
0.8925002,0.91997014,0.60182268,-1.7566692
0.81266499,0.62236125,0.58850325,-0.83027935
0.55534782,-0.71110449,0.55026555,-0.22018603
0.56851149,0.021774213,0.56025101,-0.046497287
0.6876059,0.47256807,0.57153275,-0.11309558
0.60673803,-0.601483,0.67124212,-0.70769118
0.69925006,-1.4507635,0.56221412,0.082945623
0.65080711,2.2334776,0.68315961,-0.37117923
0.76499174,-1.0864294,0.653566,0.60428345
0.77934333,-0.75886886,0.77840891,0.040572494
0.73702765,-1.2060305,0.54771017,0.3936054
0.57163058,0.11170846,0.526885,-0.043616329
0.59447709,-0.10960103,0.52005156,0.36947343
0.70868928,-0.081652226,0.47897846,0.33374694
0.71239194,0.16241046,0.43885488,1.1116109
0.51859192,-0.73745622,0.49528272,-0.9370821
0.52986589,-0.46849426,0.6570164,-1.1117661
0.56176562,-0.24238836,0.57687534,2.2044193
0.57318255,-0.28474075,0.73996748,-1.0656258
0.67543362,0.96603812,0.60832947,1.4019996
0.63985744,1.9696297,0.79235396,1.293315
0.61922187,1.5947277,0.69941688,-1.6890075
0.61037065,1.5337568,0.64577501,-1.7752009
0.61182795,-0.92199579,0.67536506,-1.8032049
0.65466789,1.5868564,0.65900598,-1.5631394
0.60897783,-0.48187739,0.62456682,1.1454618
0.63580629,1.1294128,0.62373483,1.386153
0.64273096,1.4325267,0.67866875,-0.11594511
0.51694989,-0.93212546,0.64419377,0.56984778
0.56324595,0.53495413,0.62245139,0.82218715
0.62907168,1.122426,0.53460579,-0.0031911434
0.57442201,1.4405691,0.56092641,1.1045192
0.43759327,-0.020792353,0.55898275,-0.71708673
0.72988967,-0.81173405,0.56932654,0.1652178
0.6517234,1.1643394,0.59583409,-0.12020885
0.71429976,0.80166919,0.66724967,0.037842616
0.72977665,-0.32334719,0.61136345,-0.78755722
0.68181497,0.88905245,0.5868253,-0.55238185
0.6696546,-0.43670538,0.64030236,-0.039544868
0.65202213,0.75084056,0.6257742,0.056514235
0.71416665,0.68514965,0.51829823,0.82067694
0.68302751,0.57413188,0.60457836,1.2750054
0.73165925,1.2097686,0.59418999,1.2235901
0.66149446,-0.8438818,0.68566037,-1.0220111
0.7659576,-0.19081963,0.61414075,-1.3504777
0.80761048,0.93233482,0.72855463,-2.461624
0.48552104,0.95937609,0.45034825,2.1195664
0.71325318,-0.11173639,0.41894539,-1.1149964
0.67388277,-0.85262867,0.47053505,-0.77456104
0.62795836,1.3343572,0.43666859,0.86540957
0.58758858,-0.41702322,0.47344247,0.93293876
0.58446111,-0.44193644,0.68266992,1.2920606
0.65929968,0.93311969,0.68294334,1.3476424
0.58094496,1.7929862,0.6370043,0.53935287
0.70566221,-0.79682097,0.55355232,-0.22672599
0.77650046,-0.80185293,0.76439503,-0.63066414
0.62940133,0.61224815,0.56027274,-0.24760451
0.71284535,-0.33319338,0.50058525,1.347916
0.65654845,-0.87967061,0.59280356,0.22674493
0.69464,0.29481683,0.57095906,2.2370507
0.72562534,0.85487534,0.55935365,0.96410084
0.71792739,-0.72743397,0.55683549,1.1170832
0.74424156,1.2265184,0.53014121,0.73658702
0.55193355,1.6994836,0.45766792,1.0280491
0.55058596,0.021741038,0.55010471,-0.14211666
0.64537661,-0.34483228,0.58841042,-0.17356046
0.62865478,-1.036166,0.59520928,0.72952084
0.65089198,0.013871767,0.59767231,0.68688491
0.67346933,-0.43007131,0.57421635,-0.55605478
0.59560895,-0.33385645,0.55818924,0.19388639
0.53672646,-0.49532039,0.57929177,0.98325229
0.57870295,0.12934574,0.64169048,-0.97730976
0.80662846,-1.1061631,0.6715217,-0.115288
0.82792883,-0.46091554,0.69035981,-0.24611216
0.79196187,-0.077148903,0.7451325,-0.36443082
0.77065909,-0.22365107,0.72226738,-0.76302465
0.80822673,-0.5939802,0.72245458,-0.56566405
0.63561094,0.4894812,0.61568225,0.15885877
0.63775177,-0.15034105,0.64257867,0.33919054
0.61758643,0.57347739,0.67158927,0.22419861
0.69871272,-0.21567577,0.72043663,0.92918134
0.79791786,1.3976035,0.4207278,-1.208021
0.78208389,1.0622174,0.45700679,-1.15294
0.69697688,1.6955425,0.82229765,-0.072290872
0.73877905,1.3031076,0.47226973,-0.14689246
0.62459259,0.10742815,0.57775676,0.75452203
0.66588495,-0.54507673,0.56349685,1.8905736
0.71679711,-0.74174854,0.55920061,2.1062972
0.77235319,-0.064401948,0.6137634,3.5490264
0.62913428,-0.47854167,0.60822777,3.133527
0.68876161,0.51600379,0.53462775,-2.0012626
0.55781223,0.96147016,0.70077113,2.0446128
0.66661435,-1.3118969,0.46683341,0.86031872
0.68503214,-1.6782516,0.37921573,0.25123113
0.53800376,1.3937904,0.34076783,0.2638452
0.64204463,0.36191854,0.33554057,0.10338087
0.52458566,-0.089515761,0.48439807,1.4609192
0.74994918,0.48410414,0.47093493,0.99880739
0.68929033,-0.85962193,0.62092076,-0.20626824
0.67013395,-0.68606105,0.73846541,1.3520795
