"beta_overall","beta_novice","beta_inter","beta_expert"
-0.46607669,0.41499689,-1.5629492,-0.64669413
1.121442,-0.26825805,-1.0340803,-0.63502887
-1.3725195,-1.2287215,0.21448743,-0.576607
0.68221541,-0.39067942,-0.79741524,0.10064729
-0.64733341,-0.17251981,-0.97911586,-1.6835691
-0.95963252,-0.059726395,-0.47955066,-0.8779066
-1.0545356,-1.1523451,-0.1973831,0.87789273
0.80758984,0.43456054,-0.17507945,-2.007225
-0.03684099,-0.36753618,-1.7947675,1.5349697
-0.55690334,-0.39212963,-0.4780614,-2.2193981
-1.6885925,-0.68225194,-0.47500088,-0.23148795
-1.607549,1.0975724,1.0077465,0.1808422
-1.0351387,0.75893056,0.80310507,0.83941174
0.47181831,-0.13906085,0.81556095,-1.5247768
-0.80079309,-0.13231514,-0.28926589,0.47722085
0.52891621,-0.64179074,0.26137408,0.65969764
0.5057747,-1.2695384,-1.0824515,-1.1391639
-0.53505477,-1.2680689,-0.96431532,0.13824087
-0.33428367,-0.25789096,0.49778366,-0.61640162
-0.081552283,0.046688747,0.15552218,-0.63504555
-2.0324789,-0.7648051,-0.11268363,-0.12617879
-1.754791,-0.049550707,-0.1992536,-0.82257801
-0.28437829,-1.5600537,0.012325012,0.39979317
-1.3843902,0.71029708,-0.0071419673,0.05023159
-0.19922871,0.65059083,-0.89796802,-0.40005229
-0.54977604,-1.2653708,-0.75100915,-0.035586467
-1.342068,0.03927272,-0.51063021,-0.93932919
-0.23507007,0.54893514,-0.8538998,-0.19948449
0.064331516,-0.41732511,0.62411838,-0.39425625
-1.37461,-1.9695328,-0.47559998,-0.40216902
0.73603209,-1.6257683,1.3629036,-0.16098177
-0.50382905,-0.61556047,-1.8891963,0.87711285
0.11774583,-0.64749215,0.61533322,1.1992988
0.022464837,0.16061208,-0.39624105,-2.0768177
-1.0928934,1.3556271,-0.17060665,-1.6567731
-0.041185218,0.19925007,1.0111323,-1.4483955
-1.1318839,-0.5754125,-0.89204149,1.1920868
-1.6301876,-1.7967018,-0.36152786,-1.7717891
-2.1219898,1.4563258,-0.81765306,-1.735667
-1.003949,-1.6735895,-0.59402957,-2.0862293
0.5752634,-1.7713909,0.9791345,1.7774756
-0.57758789,0.23912303,-0.13061809,0.71287853
-1.0275437,-0.12199286,-0.25322373,-0.94027062
1.0358966,0.60834946,0.96641239,-0.86981616
-0.50587803,-1.0512699,-1.0262478,-0.23252101
-0.71272227,-0.34018983,0.91679474,1.580329
-0.6153373,-0.033271479,-0.88015619,0.65145773
-0.41375414,0.16449886,-0.62660519,-0.58611471
-0.84951639,-0.89322565,-0.48846925,-0.31033988
0.2930556,-1.1489855,-0.085767566,-0.60428749
-1.7520426,0.38807171,-0.083190638,1.4116279
-0.3487876,1.1783367,1.4392071,-0.94820413
-0.32248619,-1.8147042,-1.2627844,-0.61630177
-0.29359315,-0.6156718,0.16253782,-1.6248134
-1.3203436,0.63381308,-0.84868628,1.0721849
-1.4613017,1.1482982,-1.5672137,-1.7449725
-0.68189449,0.26944937,-0.06263982,0.81922545
0.46511789,0.40515439,-0.40263474,-0.94582392
-0.84632038,-0.2404152,-0.39376163,0.69453181
0.34066229,-1.2220701,-2.1164454,-0.29516082
0.27819078,-0.85423678,-1.3442264,1.2535333
0.36248759,0.94478342,0.22666286,-0.68556167
-1.0579305,-1.0484156,0.15139575,-0.1357865
-1.1562561,0.41723914,-0.089283439,-0.92673563
-1.4292637,-1.4407587,0.34745932,0.22177287
-1.1926794,-1.3136751,-0.10903677,-1.1872348
1.0105197,0.79059522,-0.38630982,-1.3052253
1.1723518,-0.87581836,0.90727677,0.96550319
1.6050333,1.3902676,-1.2599509,-0.45456052
-0.064874328,0.15307512,-1.1569402,0.31751345
-0.9381358,0.12268343,0.68686313,0.51249013
-0.83104116,-0.33200134,-1.1832536,0.3967003
-0.10992519,0.19932035,-1.4052931,-0.79740768
-0.14477741,-0.42066327,-1.3393701,0.14744192
-0.4824538,-1.3822631,-0.986956,0.87562424
-1.1563219,1.1052725,1.6424301,-1.5578581
-2.0086721,0.53847549,0.067833048,0.89376777
0.94708336,0.078222699,-0.5433145,-1.1804419
-0.2657406,-0.69522215,-0.15128518,-1.9288633
-0.51700774,-0.66919342,1.8716976,-0.80424837
0.26284276,0.54603749,0.14456289,-0.10129656
-1.8745333,-0.79407142,-0.94948886,0.27566722
1.3178006,-0.94819437,-0.77735175,0.013575298
1.6587617,0.54676513,0.78840842,-0.5856607
-0.98986721,-0.4215542,0.54079013,-0.19500564
-0.56977253,0.38121557,0.95638815,-0.31218971
-0.41248609,0.2624162,0.091956107,0.36924283
-0.39020686,0.09234142,-0.54900842,0.66537152
-0.14898929,0.99994047,-0.70992429,-0.8815258
-0.25774659,-0.97303165,-0.73020137,2.0832727
-1.5494295,-1.7544111,1.1229575,3.2942507
-0.79711317,-0.41563745,1.1980516,-2.6512681
1.65839,0.33667924,-2.3594089,-1.2541105
-1.5624368,0.78504699,-1.7201268,-0.49255923
-1.1671561,0.70316392,0.77653757,1.0669821
-0.60665832,0.69915991,0.14415816,0.067737337
0.092412083,-0.44166741,0.029833451,-0.8882523
-0.66340592,-0.038273414,-0.18661622,-0.38303547
-0.47293673,0.055413414,0.28730879,-0.71260126
0.25374931,-1.1038424,-0.10718847,0.15557834
-0.25011583,-0.098656958,-0.26617596,0.13791494
-0.20195106,-0.13598942,-0.28672537,-0.0093340421
0.74515307,-0.65882131,-1.2323595,-1.3881378
0.89000351,-0.07565176,-0.8946646,1.0348106
-0.24363876,-0.29024784,0.46909894,-1.5357877
0.62317472,-0.069206343,0.21948836,-2.4378076
-1.1030509,-0.66432693,-0.30173854,-0.11770167
-1.4574744,-0.54874094,0.3549772,-0.026783508
-2.0512257,0.14926359,0.30647965,0.56093487
-1.4680773,-0.67606206,0.052280417,0.09097311
1.1016488,0.093921072,-0.26489854,-0.88994812
0.78785255,1.7219539,-0.84895349,-2.7666196
-1.3916314,-0.80403923,1.1620914,0.0060213242
-1.5847997,0.50294755,2.3430953,-0.31742635
-1.4592652,-0.75635043,1.7257179,0.12603662
-0.59245763,0.32635856,1.217656,-0.30136961
-0.13279776,0.16802646,1.9954997,-0.7421423
0.051477195,-0.72973155,2.1539856,0.11505675
-0.67947054,-0.18080025,1.8935819,-0.54320108
0.15705287,0.26572019,1.1374728,0.12460554
-1.2548267,-0.35521234,1.3588611,-0.14408489
-1.8993859,-1.3478607,1.8199016,1.22371
0.46842797,-0.59054273,-0.90411053,-1.6803257
-1.1167356,0.21505391,-0.39777493,-0.98256334
0.58734173,-0.71966183,-0.40201661,-0.91201677
-1.800092,0.95198825,-0.41431221,0.02212768
-1.4898053,0.91288377,-0.6016125,0.52526158
0.66428911,-1.1899806,-1.1269499,-1.4311702
-0.60232439,0.33558392,-0.43077746,0.6191495
-0.31258721,-0.2645384,-0.0479498,-0.38001027
1.1395149,0.033951962,-0.3721368,-1.3186593
-2.1892859,-0.18216455,-0.21969011,0.84456027
-1.4166513,-0.33938129,-1.418338,-1.4256208
-1.7547299,0.023002292,-1.3535194,-0.10493367
1.0945348,-0.71135804,-0.10631319,0.0077610107
0.99139351,-0.67820565,0.62919629,-0.012295937
-0.98320642,-0.81886173,0.11262534,-0.20480118
0.30900885,-0.9704615,-0.65372002,-0.10235583
-0.77443282,0.55776831,-0.61065199,-0.15260987
0.11277162,-0.76354425,-0.58973987,-1.104811
-1.1778459,-0.26944712,-0.45884605,-1.7585319
0.43380877,0.46573685,0.28097512,-1.5836961
-1.455858,-0.1793379,-0.13019439,-0.17974346
-0.79651085,0.17871834,0.57172898,-0.59770011
0.078480506,-0.85117517,-0.11137153,-2.2696239
-0.15522159,-0.084379815,0.16766088,1.2712225
-0.62381306,0.22398321,-0.10613846,0.5339425
-1.1198401,-0.31867662,0.94177949,-0.22214357
0.22734472,-0.74679912,1.4287242,-0.079543603
-0.63076001,0.3853388,-0.48099256,-0.46964029
0.17618267,-0.29088695,0.0079551394,-0.21541999
-0.7965579,-0.23719671,0.52045912,0.36289348
0.21539513,0.048222645,-0.81705131,-1.3635093
-0.69982667,-0.35865294,-0.91405044,-0.51283051
-0.49953841,0.12435495,-0.60855765,-0.62159227
0.15182411,0.07669904,-1.5214264,-0.31313747
-0.7988466,-0.031081921,0.37416849,1.1935635
-0.01298066,-0.60990019,0.36661775,-1.7801224
0.98654009,-0.015286555,0.32160195,1.4202553
-0.86682487,-0.75384549,1.3189358,1.462245
-0.97251774,-0.75840557,-0.19624774,1.6737634
0.36141205,-0.76961171,-0.3045739,0.7173482
-0.95705041,1.0814534,-0.23837598,1.5096644
-0.076745265,-1.410924,-0.017509521,0.55305375
-0.15896866,1.0946181,-0.46516651,-0.88142294
-0.56066211,1.3060102,-0.29727782,0.078649651
-0.57031626,1.1598413,-0.76662837,0.41458579
-0.81004801,0.29258711,-1.0289663,0.31072365
-0.033910183,-2.0312307,-0.92723802,-1.5097272
1.3998512,-1.2013088,-0.10867339,-0.27206498
-0.32250766,0.15230168,-1.0697559,-0.18323886
0.17336795,-1.6891302,-1.42361,-1.0975478
0.71835603,-3.0415875,0.012884858,-0.53199585
0.93117996,-1.1597255,0.2314891,0.78501543
-1.4141726,0.81674529,0.87433246,-0.71971922
0.51289386,-0.26113043,1.4632155,-0.65044988
-1.5960055,-1.006603,-1.6687075,-0.51241151
1.1604093,-1.033705,1.624488,0.1777514
-0.29553575,-1.1215391,-1.9862356,-0.00025210356
0.02815716,1.2261868,1.6087069,-2.2345375
-0.66536717,-0.55389739,1.6039626,1.7203178
0.79569278,-0.50326739,-0.011779813,-2.1000628
-0.96026535,-0.96186304,-0.73977133,2.3372462
-0.010066587,-0.62036205,0.95314714,-2.3754917
-0.56427312,1.2888469,1.0809421,1.5457631
-0.66207894,-0.30573758,-0.09822532,1.6568103
0.2376232,-0.47791915,-0.23675252,1.0913306
-1.0464996,-0.0075879253,-0.019688194,-1.6108696
0.21413024,-0.32952052,-0.019688194,1.0515256
-1.5234071,-0.3661293,-0.6959188,-2.3154722
-0.40301611,-0.17024341,-1.9207324,1.8582458
-1.285201,-0.37097507,-0.46569454,1.1903954
-1.0161185,1.0433484,-0.67006804,0.8651206
0.86088862,0.25255459,0.24093771,-1.5919388
-1.385812,0.43376873,0.13291012,1.1173364
-0.28790143,0.39086034,-0.46199592,-1.6544413
0.30484581,-0.63875354,1.1674277,-0.99234229
-1.1780021,0.46080876,0.33225795,-0.96301047
1.0214954,-0.11226847,0.50569565,-0.028986034
0.20047599,0.28926468,0.44711899,-0.48610653
-1.4590289,-0.43424732,-0.61075776,-0.133177
0.75201109,0.084965005,0.81731261,-0.20311994
-0.31642846,-0.42621505,-1.0185909,-0.061370875
-0.74875481,0.5372337,-0.3753998,0.18057217
-0.32465425,0.21999167,0.0468096,-0.69009993
-1.01289,-1.0445633,-0.88833017,1.6806853
0.027983481,0.42273996,0.085837827,0.61761225
0.064581575,-0.68474019,0.308364,-0.95786493
-1.2773377,-0.36517674,1.3549932,-0.70749694
-0.14669944,1.3321896,1.6955653,0.2355421
-0.90327001,-0.37384927,-0.47010147,-1.4380459
1.165385,-0.55473895,-0.029463823,1.0875366
-0.6436301,-0.77305485,-0.23361656,-1.2149035
0.32053137,0.35092966,-1.1327532,-0.55447723
-0.035396449,-1.5400834,-0.12906137,0.64004477
-0.79281828,-0.099915012,-0.084839926,-0.040969513
1.1071706,-1.1095233,0.4054362,0.010911649
0.97682327,0.36322448,0.042689505,-0.21688754
0.47416074,-1.0666149,-2.5848866,-0.80375321
1.0274306,-0.16764214,-2.8747409,-0.83276173
1.4124304,-1.0015924,0.13383959,-0.0068137526
0.4874131,0.12594403,0.92019308,0.20066653
-1.8656452,0.23778014,-1.1601485,-1.1243261
0.14759385,-0.21460917,-0.063121006,0.51354518
-0.23732522,0.36049571,0.061212709,-0.53526322
-2.8045184,-0.15465545,0.40145737,-0.62841447
0.33768681,0.03850475,0.39352381,0.30720281
-0.48901826,-0.38718148,1.0881625,-1.0111939
-0.70853224,-1.4673396,1.1421013,2.3206513
-0.11129451,-0.3565828,-2.5331285,0.58546467
0.74352384,0.55504911,1.1048505,-0.5299999
-1.4170478,-0.87352834,0.030885348,-0.331695
0.074181205,-1.2294854,-0.5476878,0.21480559
-0.050437911,0.84858115,1.2068918,-0.47374348
-0.5445036,0.16003495,0.65865766,0.62000596
-0.14087267,-1.5475821,-1.1261372,-0.70080474
0.0088951109,-0.67756751,-0.85182969,-1.439352
-1.3162924,0.84233897,-1.279886,0.48546109
0.759027,-0.97239923,0.76066956,-1.2386289
-1.0175531,0.41206181,0.22107544,-1.7517734
0.056957617,0.12986995,-1.4893162,1.7215198
-0.32720172,-0.62429398,-0.59687333,0.13563051
0.05207785,0.43745884,0.79905369,-0.51906629
0.032879313,-1.0982041,0.59621787,-0.63284967
-1.082075,-0.27282671,0.12799393,0.64062441
0.1947706,-0.81134189,-1.5843105,0.64191214
-1.9414994,-0.45784607,-0.11930216,-1.3083833
1.26372,-1.2476709,-1.3313166,0.46111673
-2.013951,-1.3154656,0.070487723,0.60531027
-0.50684313,-2.5358491,-0.61210031,0.57076591
0.29174809,-0.61039511,-0.11551727,-0.11522505
-0.72272178,-1.0170383,-1.0390032,-0.32343063
-0.67975623,-0.13173222,-1.7924416,0.029400365
-0.95623078,-0.47868242,-0.69271486,0.66845736
-0.28005922,-1.2989153,0.1798663,-1.2846703
-0.92344904,0.66180808,0.2353796,0.94315232
-0.23749236,1.0981075,-0.87423748,0.14850742
-0.61022894,1.8308591,-0.81704419,0.13543835
-0.26758465,-2.5485122,0.0089847121,0.73595674
-0.37531957,1.1261638,0.016656029,-0.48444574
-0.33691739,-0.72356432,0.86301756,1.6831708
-0.1247652,-0.8128422,-0.52140912,-0.39860811
0.99362665,-1.2027592,-0.21899655,0.29394094
-0.63933266,0.93869376,0.41570567,-0.55161412
0.99769132,-0.88808857,0.12860515,-0.65433527
1.1788822,-0.76667171,-0.74825902,-0.47886392
0.7231668,-0.46377854,0.66353639,-0.22989014
-1.0076629,-0.91466816,-0.77157624,0.18266094
-0.53165223,-0.95171482,-0.81010667,-1.1176656
-0.16367175,-1.2169462,-1.1953684,-0.040701114
-0.45442313,-0.2899679,1.0281684,-0.3647155
-0.39789681,-1.5899485,-0.85474256,-0.49402793
-0.15067244,-1.6281287,-0.61237839,-0.55041892
-0.049612354,0.73830732,0.45261943,-0.94714103
-0.81105246,-1.3357374,-0.36108761,-0.43420293
0.18759358,0.99249384,-0.041978532,0.26707627
-0.83358974,-0.70550842,-0.79841567,-1.3792572
-1.0009063,-1.3383457,-0.8928221,-1.9380425
-0.92727584,-0.019814557,-0.73762437,1.4772149
0.069243776,-1.2476866,-0.77058985,1.5611988
-0.19166991,-1.2172435,-0.37877848,-0.32064331
-0.99427995,-1.5615035,1.3615468,0.99017019
0.097756985,-1.3842521,-0.91070335,-1.5360623
1.6169979,0.6920735,-1.9315627,-1.4785386
-2.7623374,-1.5557239,-2.3172972,0.92564397
-1.2173871,-1.3729747,0.029110013,0.54069467
1.5420213,-1.4386144,0.54265951,-0.91095768
-1.3135849,0.43146211,-0.79823171,-0.45024779
-1.0618174,-0.63338299,0.22171525,-0.20361407
-1.1843616,-0.070351536,-0.27851035,-0.1984419
-0.83293507,-1.7572141,-0.38195632,-1.6393425
-2.4291466,0.50486355,-0.1772214,-0.49545076
-2.368893,0.51308614,-1.4631623,-0.057532005
-0.76403496,-0.88742708,-0.98268907,-0.30963653
-0.16565918,-0.37911759,-1.6084447,1.0484995
-0.55050664,0.38896841,-0.77557496,1.0769302
-1.9457666,0.38402419,0.76696861,1.4045239
-1.7712619,-0.61849405,-0.66186703,-1.0947632
-1.8068291,-1.4368239,0.41394372,-0.67485802
-1.4815189,1.1743131,2.1669899,0.57143971
-0.042563466,-0.17189205,-0.21377195,-0.59715689
1.2197341,-0.44769636,-0.18419907,-0.60751437
0.95866818,0.46424466,0.46355921,-0.92711505
-1.9692194,-0.003917432,-1.2904685,0.61268072
1.8275266,2.1536502,0.97119918,0.14888788
-2.3701802,2.0807024,0.32236316,-0.51857359
0.24003634,0.45689013,0.95160101,-0.20951095
0.13530112,-1.1319013,-1.189731,0.67853054
-0.41997925,2.1431902,-0.33427226,-1.3652228
-0.17279488,0.030803582,0.37215139,-0.85383252
0.3078427,-0.5602122,0.53078536,0.51873324
-0.22601299,0.98583687,-0.81305177,-0.32062177
-0.26551579,-1.0884659,-0.86486711,-0.087359048
0.69778734,1.0795225,-0.093700988,0.65989522
-1.2253532,-0.019876634,-0.14416339,-2.1013428
-0.20535978,0.040517125,-0.40808524,-1.1540979
0.71135469,0.67735847,-0.086388267,-0.021349168
-1.1853772,-1.3277384,0.8710182,0.065168851
-1.4559818,0.59818459,-0.72937429,0.37526238
0.37118608,-1.9817102,0.27071154,0.20780142
0.018009528,0.71274028,-0.3242332,0.35722974
0.89142667,-0.18500943,-0.38340498,-0.82937537
-1.6340248,0.040071244,0.21907033,-0.25323548
-1.8144084,0.44844104,0.43804554,-0.2515318
0.4451941,0.95656192,-0.50107329,-0.51672018
-0.2925729,0.0028637743,-1.2842574,-1.254813
-0.61050022,-1.0327877,1.9745467,-0.11620059
-1.1885909,-1.3244803,-2.3227292,-1.7414624
0.15271096,1.9751514,-1.7159943,-0.13762432
-0.79490298,0.88513581,1.2217616,0.16147317
-0.8297384,-0.38940447,-0.86468486,0.33899835
-0.040695356,0.081312714,-1.5245743,-0.92302854
-0.70844227,-1.4614683,0.74281919,0.36949847
-0.27337003,0.35951594,-1.0455876,0.68626072
0.1268784,-1.3796591,-0.71700491,-1.2098621
-0.29636382,0.34923265,-0.35721248,-0.56392289
-0.041986711,0.74393753,-0.97597486,-1.0356031
-0.25831221,-0.46558728,0.49371897,-0.25920734
-0.097227385,0.43600792,0.1988139,-1.3464235
-0.5451208,-1.0574748,0.12231159,-0.46383888
0.17612026,-1.662503,-0.37264331,-0.28431938
-0.83728121,-1.2293785,-0.031094746,-0.3869688
-0.5664951,-0.66245542,-0.021405068,-0.030265572
0.14958046,-0.1468895,-0.93677938,2.1597047
-0.58790035,-0.64319996,-0.50726405,1.8728501
0.06452682,-0.38602693,0.40933956,2.391012
0.32559139,0.01146961,-0.90483971,-3.0713976
0.20660597,-0.3484258,-0.3007138,1.5984523
-1.2260333,-0.68465523,-0.98204017,-2.0152169
-0.50005706,-0.021685537,0.67282664,0.14502034
-1.4397385,-1.7473535,-0.4676767,-1.4162891
0.52473471,-1.5414965,-0.028838579,1.1064975
-1.5236351,1.5213172,-0.082096285,0.3386655
0.77055985,-1.8887419,-0.16789341,0.55212312
0.35935761,0.79160563,-0.37349182,-1.1672763
0.23900207,-1.2486411,-0.39484595,1.1896184
-1.8312508,0.8996635,1.328875,-1.1321521
-1.1144725,1.3271302,-0.036714132,-0.2466486
-0.50821213,-0.93260012,0.57862087,-0.31099245
-0.93331307,0.028642548,-0.79368712,0.5488661
0.40493343,0.0034156728,0.56180461,0.12961617
0.084252841,-0.86046233,1.5666284,-0.22939465
0.80668768,0.057973171,1.6885059,-0.072671222
-0.14854087,-0.86968393,-0.41149399,-0.038415464
-0.92688909,1.1200788,-1.1507013,-1.2148727
0.74789982,-1.2380537,-0.95856011,-0.19989676
-0.16882021,-0.10122264,-1.6469454,-0.29226727
1.6290695,0.38817994,1.4245574,-0.86883397
0.11701344,-0.76163791,-0.63623013,0.093631
0.3132836,-0.65601129,-1.3692263,-0.49112847
-0.15855286,0.13113008,0.58542805,-0.98520214
0.37970452,-0.66368653,1.3292892,-1.4616832
-0.78519802,0.69861357,-1.11627,-1.4735799
0.16029514,-0.28515226,0.56416055,-2.3487385
-0.489762,0.31803216,-0.49632639,1.0117611
-1.8014679,-0.48469361,-0.36003265,1.0720466
0.68250255,-0.76962892,-0.42978346,0.67242461
-0.24185537,-1.639188,-0.38462854,-1.6052235
-0.79997985,-0.45341805,-0.69673823,-1.8066501
1.4994617,-0.7372886,-0.53686066,-1.3370401
-0.73465828,-0.13314204,-0.43132471,0.85118728
-1.1081529,0.23690359,-0.59844848,0.22117287
-0.56464327,-0.68658681,0.45955393,-0.73322875
0.49075749,-1.1106068,-0.590517,-1.1557187
0.18701434,-0.20846556,-0.022415337,0.94839258
0.56086971,-0.76137993,0.52941826,0.83225583
-0.15838516,-0.60936058,-0.81469279,-0.95533462
0.14501596,-0.96098844,-0.50682943,-0.51390311
-0.52144986,-1.0362889,0.30508008,0.27212495
-0.70239924,-0.94089541,0.22431788,-1.2008859
-0.73830622,-0.59178605,0.59838715,-0.71078931
-2.4622467,-1.949067,-0.22496164,-0.38807083
1.5247553,0.61016365,0.37666004,-0.61636523
1.5638004,0.084589264,0.65507974,0.37756508
1.5369682,0.48130595,-0.74813534,-0.82043477
1.553807,-0.50562266,-0.18252314,-0.13773507
-0.037682748,0.62180679,-0.0014987261,-0.57782455
-1.816626,-1.5123212,-0.13661957,0.0048543293
-1.1519808,-0.69480168,-0.21705841,0.22109996
0.62014322,-0.92219815,-0.62792829,-0.58155848
-0.53825313,-1.1133913,-0.76645767,0.83756246
0.93989762,-0.3091471,0.45452724,0.54621976
0.94959779,0.29582612,-0.37848642,-0.024549797
-0.72283,-0.85082643,-1.0844899,-0.34417682
-1.8097594,-0.67158943,-0.54855785,0.21563923
-2.6664638,-0.13641217,-1.1182282,0.15840342
1.8576797,-0.14166314,0.6069052,-1.6635458
-2.8050174,-0.30013325,0.7015464,0.48353525
-0.039090951,-0.93210468,0.11370768,-0.86946994
0.43849848,-1.8221456,-0.49541036,-1.0944757
-0.033631231,-0.64885161,-0.7351933,0.28508583
-1.3816599,1.1838892,-0.864805,0.12115438
-0.60056488,-1.1978634,0.12537195,-1.1948162
-1.6923756,-1.1108354,-1.6770559,-0.27455457
1.2591811,-1.1003711,-0.2265921,-0.20352922
1.8662617,-0.84925423,-0.44130165,-0.97892898
-2.8636782,-0.15496356,0.023396231,0.39474347
-2.1008397,0.67065204,-0.45429783,-1.0642578
1.0938116,0.58003594,1.104931,0.17951088
0.62268323,-0.59482354,-1.0705252,-1.4343159
-0.92712748,0.14865903,-1.3036922,0.78868458
-0.96797809,-1.4988775,0.90731507,-0.76527847
0.57819493,0.66374875,0.59173618,-1.1303252
-1.3095791,-1.0482548,1.7153616,-0.10737097
-0.25602978,0.18154196,1.5006844,-0.21830392
-0.32116248,-0.8738504,1.9781287,1.0866196
-0.55728748,-0.63283303,-1.193077,0.14453707
-1.3644208,-0.30000766,-0.73143601,0.21139542
0.50581505,0.32167669,-1.5295032,-2.2870032
-1.3151797,0.74059791,-1.1182756,0.88638866
1.325253,-1.4073911,1.1947388,2.151651
-0.39782742,-2.7574403,0.078496332,1.7134761
-1.6500286,2.2911181,0.19379936,-2.5801364
1.6018138,1.2168179,-0.26355822,1.997922
3.1305159,-0.4799747,-0.50101213,1.1757003
0.74543114,0.15917808,0.27608022,0.9251139
0.073395815,-0.50050541,-1.0201894,-0.32754937
-0.3540532,0.70984726,-0.85124686,0.42200967
-0.58263518,0.58800015,0.19119334,-0.045267184
1.0781906,-1.2561028,0.49518636,1.1857318
1.3425003,0.6873335,0.523301,0.9977807
-0.55920589,-1.2533048,-0.93768675,-1.4062229
-0.79658906,-0.51988423,-1.7933252,-0.13127818
-1.4570543,0.21289035,-2.2262652,-0.34306691
0.51990681,0.52379862,1.16462,-0.49874135
-0.91008353,-2.1309249,1.3212311,0.75870201
-0.63657049,-0.10887919,1.1508839,0.31780052
1.11918,0.84926707,-1.4015734,-0.86617771
0.71898593,2.3945981,0.71748412,-1.309767
-0.46423012,2.2927132,-0.87357879,0.033793764
0.82711169,-2.780232,-0.24911966,-0.15498245
1.3531959,0.71320765,-0.25868304,-0.26065991
0.45646053,-0.96844942,-0.5372195,0.90873826
-1.4025374,-0.47531672,-0.47614515,-1.8011613
0.31456757,0.50001091,0.53906404,-1.1675046
-0.77759301,-0.32205514,0.57382236,1.4408143
0.11127701,-0.30806092,-1.8490265,-0.038294642
0.49228513,-0.90688518,0.6429098,0.20652773
0.18751874,-1.4780271,-1.4572169,0.074822414
-1.215891,1.3020418,1.107795,-1.0243702
0.84822487,-1.6561216,-0.85950467,-0.64804921
-0.0077158312,-0.90169829,-1.6850409,0.15399294
-1.0170783,-1.0795426,-1.7339273,0.33964911
1.000634,-1.0784755,1.1566695,0.5228267
-0.56218223,0.1437908,0.074772607,-1.9014534
-1.8291428,0.74868664,-0.093018679,-1.6700433
1.3081685,0.93975001,-0.22799451,-1.6371001
-1.1961037,-0.33038658,-0.22207792,-1.5483201
0.0080548432,-0.75658432,-0.53124337,-0.56090056
-0.54837373,0.53360744,-1.1766769,-0.23334766
-0.065012101,-1.3891339,0.53257095,0.61443375
1.074815,-1.4069061,-0.18888381,-0.73233054
0.6568832,1.2445946,-1.251246,0.43637578
-1.0001072,-1.5281732,-1.6192192,0.089784319
0.23629794,0.93192058,1.5907398,0.36449036
-1.2467868,-1.5217573,0.70339199,0.2536094
-1.7371122,0.21012143,0.74706823,0.51374909
-0.64446688,-0.81303992,0.19046687,-0.56357368
0.29799694,-0.44285813,0.27128724,0.47261293
-0.80397472,-1.4483189,-0.88670628,-2.6774798
0.43214117,-0.95605861,-1.6631604,-1.4293296
-0.49661323,-1.7230695,1.6970846,-0.0018514078
-1.0457639,-0.97818952,1.8573658,-0.65361213
0.84443199,-0.21230884,1.4006404,-0.082237603
-0.59251351,-1.361407,1.2612021,-0.17209048
-0.06500165,-0.38462379,0.72522957,-0.39426124
-1.1864249,0.64149058,1.6516222,-1.135029
-0.96577875,-0.93231793,-2.0126345,-1.7475745
-1.5184826,-0.6775106,1.6650303,0.27838852
1.5564742,0.087575373,0.737718,0.70726226
1.3536848,-0.25201133,1.1369387,-0.98302095
1.1605333,-0.58544147,0.63411237,-0.65613663
-1.1213397,-0.082042352,-2.3654585,-1.7292594
-0.49614821,-0.61267508,-0.079004119,-2.2944169
-0.51335283,0.033549851,0.47477103,1.5128402
-0.14355142,-0.41278599,-0.63403651,2.0312561
-1.5176623,-0.085849601,-0.24005227,0.3565237
-1.2673044,0.39469123,-1.0190375,-0.82467528
-1.5998034,-0.70270334,-2.2175616,-2.1238426
-1.8141161,-1.4363517,-0.26876506,-0.29994767
-2.1760281,-0.45197947,0.84675755,0.23333888
-1.2692256,-0.12153851,-1.1370683,0.10149551
0.45735969,-0.7388912,1.2649497,-0.72936996
-0.77771275,-1.2331809,-1.2447388,0.10167753
-0.046724897,0.25391304,-0.18317158,-1.7751167
-0.26907202,0.10708513,-0.58698842,-0.43224445
-0.69871448,-0.54627066,-0.015195609,-1.3280074
-0.20162339,-2.0336711,-0.13710851,0.84293325
-0.075791484,-0.073431369,0.29641722,-1.1707224
0.15675198,0.85170569,0.59017631,-0.94009941
-0.26008433,1.8011853,0.4748741,1.7915114
-0.12288603,0.52817345,-0.020765535,0.89128375
0.11689451,-0.94434248,-0.18717451,-0.57031197
-0.32966909,-0.84714787,-0.1785538,0.90172397
0.17089817,-0.80990927,-0.47172652,1.4086166
0.61751104,0.18645623,-1.162723,0.30108285
-0.56139523,0.12074423,-0.42502785,-0.84596838
0.0045940736,0.42792215,0.12427826,0.26639564
-1.7823809,0.89626446,-0.24103035,0.26639564
-0.15316331,-1.3126556,0.44898267,-0.33594527
0.49758874,0.53911374,0.49616675,0.041789695
-0.40577342,1.0605296,-0.30227128,-0.4128461
-1.218703,1.0889312,1.0873044,-0.18754374
-1.201445,1.0128071,-0.86829758,0.39160396
0.19176165,0.79737045,-0.04378233,0.85100522
-0.013404224,0.45424673,0.47706605,-0.48699416
-0.73154366,0.88601165,0.66256676,-0.95306322
-0.04576658,-0.50489202,0.015229362,0.8860427
0.23994447,0.052506874,-0.46263952,-0.52881871
0.72891014,-0.68700645,-0.10255941,0.9901429
0.94373842,-0.33984206,1.5213195,-1.8238204
0.82657322,-1.1481983,-1.5224429,-1.3642829
-0.50197196,0.57934933,-1.6705507,0.80398982
0.10123081,0.9656826,0.96410759,-1.4477472
-0.0052425452,-1.8737309,0.091616069,0.16344308
-0.58889044,-1.247005,-0.069978769,-0.95197462
-0.58491136,0.27279347,-0.40828777,0.67608847
0.38674315,-0.56207938,0.047207093,0.75041899
0.32856325,-0.75863331,-0.0056891734,-0.44287892
-2.402215,0.26474747,-1.2071169,0.036657792
-0.96305112,1.7084941,1.0593396,-1.0581372
0.80632679,0.80223103,-2.9521862,0.3084451
0.57905288,-0.30765874,-1.1990854,0.39575896
0.36300482,0.19786283,0.36371701,0.84734465
-1.8374673,-0.87722823,1.037461,-0.1219063
0.070380735,-0.82511377,0.65908485,-0.50956776
-1.2372998,-0.63305576,-0.32900515,-0.63207831
-0.38961233,-0.10941544,-0.59580966,-0.46525953
-0.26725156,-0.15615308,0.24786893,1.60397
-0.41319517,-0.50392439,0.61135661,-1.4378449
-0.18608189,-0.56774221,-0.79443205,-0.79411555
-0.70888618,-0.30541715,-0.83168051,1.0610912
0.34954627,-1.0229774,0.31470183,0.73955216
0.66071274,0.86964196,0.089333496,-0.95281402
-1.3029037,-1.4708865,-0.068743537,-0.07471946
-1.8043476,0.78665903,-1.0839351,-0.32833451
-2.3104958,0.063044762,-0.34566553,-1.8117685
2.3301771,1.8638187,0.1449267,0.67738044
1.0104218,-0.68258229,0.16154497,0.16168803
-1.7959051,1.1132202,0.18293482,0.80189463
-0.1694635,1.142468,0.076486768,-1.5840161
-0.63650498,-0.66379351,-0.30398367,-0.14836125
0.22131034,1.5639436,0.30732251,-0.28027099
1.0021157,0.9409235,-0.78528895,-0.40412751
-0.36210041,0.12488506,0.43460843,-0.13166701
-0.41889457,-0.60714328,-0.78844734,-1.0340054
0.052929686,0.092986252,-0.86057499,0.21335177
0.89522789,-0.41469626,-0.87613094,0.95138447
0.19677318,1.628398,2.3209539,0.2801739
-0.70167011,-2.4072733,2.0005483,0.054845929
-0.94067116,-1.1696227,-2.5228896,-0.76167618
-1.7357874,0.63918784,-2.1915065,0.19364347
-0.54022586,-1.2855462,1.7083776,-0.82536654
0.098752342,-0.54639693,-1.0854069,0.19124985
-0.28882542,-0.91063949,0.55132087,-1.1520287
-0.18934088,0.16422062,0.14720067,-1.2262922
0.33437647,0.16965724,-2.4178063,0.2785294
-0.57427421,-1.2517558,-0.56998264,0.29667826
-0.29521842,-0.35770151,0.50074428,1.0887288
0.072428542,0.81429057,0.73945926,-0.3216656
0.66430598,0.11952925,1.7520566,-1.0474398
0.37415562,-0.70094184,1.3362106,0.46636645
0.60412398,0.0038132933,1.2462703,0.72735839
-0.75498729,-0.36924536,1.6278175,-1.8699374
0.78555972,0.1627159,0.23414909,1.1057768
-1.1956063,-0.59257027,-0.86795776,-0.82666047
-0.42083924,-0.27129886,-0.67076856,1.5824653
-0.72422185,-0.7674492,-1.0047577,-0.29941545
-1.0854621,0.68505776,0.89244665,-1.6938439
0.1469799,-1.0616791,-1.1047949,-0.72058794
-0.42632537,-1.3375621,2.3993045,0.29488032
-0.014155768,-0.64805026,2.6728337,-0.71621069
0.91984054,-0.75144694,1.5653011,-1.1336816
0.67995172,0.020101691,1.2032198,0.0096524121
-1.0207375,-0.86545943,0.29489452,-1.3131754
0.5733146,0.63132625,0.016615538,-0.19102843
-0.93623629,-0.087712955,-0.24555916,-0.11246688
-0.25148198,-0.1233297,-0.11772622,-0.35072841
-1.2896485,0.31262123,0.22458663,-0.18871449
-1.1398056,0.87958729,0.20746758,1.1985521
-1.38046,0.83481247,0.98249925,0.74889424
0.81605367,-1.4880927,0.74149466,-0.54790195
-0.2291025,0.12181379,0.038701162,-0.30378461
-0.12099401,0.41350735,-0.59126956,0.24177387
-0.28343093,0.27160531,-0.78389105,-0.89865681
-1.9595404,-1.2561942,0.39473706,-1.2515634
1.3645762,-1.3027971,0.68975997,-0.38810645
0.93417779,0.31211127,0.61704626,-0.67957538
1.5257536,-1.508056,-0.98028893,-0.77652761
-0.68304597,-1.2287459,-0.10845526,0.26648206
0.61526546,-0.29465884,-0.44789366,-0.44423495
-0.17607483,0.30519413,-0.062832982,-0.068769712
-0.64278321,-0.20554169,-0.42992106,0.52966371
-1.3380693,0.025613198,-0.27131578,0.013849869
0.50547818,-1.2345449,-0.94020892,-2.0416717
-1.8756695,-0.88703739,1.3651363,-0.60250027
-1.4854271,-0.9785979,1.1618792,-1.9450477
1.2786188,0.90651549,-0.82359477,1.1512135
-1.6319547,-1.3224173,0.74241087,-0.38746697
-1.5511249,-0.36174085,-1.0903606,-2.1115754
0.16801274,-0.26929744,-0.3388828,-0.74615001
-1.0788973,-1.5198074,0.61283084,-0.35456516
-0.28812705,-0.93070288,0.18083931,-1.2852405
-0.88017922,1.1147758,-0.74314956,-1.3620339
-0.01396031,0.98620652,0.56602915,0.086082755
0.40164326,-1.8819552,1.5224529,0.61876184
-0.96635157,1.0790752,-1.8332908,0.10282481
-0.17347013,-1.2400597,0.11813459,1.0020705
-0.77452893,-0.6476449,0.5703767,0.089116815
-0.36949468,-1.3046631,-1.0253691,-0.47907296
-0.025623414,-1.1955339,0.56989131,-0.81230291
0.27123973,1.1181431,-1.4333848,-1.5287174
-0.66588404,-0.61698864,0.19849553,-1.5661663
-1.2219262,0.53758073,1.1283674,-1.0310745
-1.1751328,-0.88000367,0.59211917,0.72321885
-0.377468,-0.92011818,-0.003912414,-0.5840573
-0.36010435,0.50794971,-0.70704656,1.6928705
-1.0155006,0.96740979,0.058400196,0.89863232
-1.8381621,-1.2618293,-0.406256,-0.89643546
-0.32604698,-0.28098798,0.83131223,-0.86220046
-0.29013029,-0.64901328,0.76793501,0.1931097
0.28094772,-1.4746596,-2.5252602,0.43889264
0.79869366,1.1258809,-1.6397051,-0.8448203
-0.66209062,-0.89465262,-1.604833,0.19960259
-1.2872498,-0.48753668,-0.21318928,-0.66393884
0.46548175,-0.71303207,0.068241405,0.6270483
0.3233528,0.0094622271,-0.34828499,-0.43601792
-0.10575531,-0.23658673,-1.3555154,0.29378475
0.73794491,0.89180701,-1.5289999,-1.2940276
-1.4737599,-1.0155357,-0.016215973,1.1773302
0.39926657,-0.25281938,-1.4972074,0.94976939
-1.0834917,-0.038733594,-2.3823638,-1.2236847
-0.45086348,-0.67278619,0.95880709,-0.99103653
0.047770061,0.2888911,0.71280858,-0.95688491
0.70176336,0.55021172,-1.2609521,0.80649895
-0.045981133,0.21935553,0.97853917,-1.3539187
-0.067014664,-1.0186693,0.16401303,-0.90504447
0.56166109,0.65457443,2.1385437,-0.7165657
-0.88459941,-1.1948617,0.68701675,0.19669709
0.89933568,-0.014808616,0.4305584,1.4901149
-1.0050793,-0.88088374,-0.12324305,-0.85787892
-0.78809188,0.22008972,0.10744454,-0.94021901
-0.12671584,0.10614538,0.48817745,0.30222499
0.49973514,-0.21134165,-0.96824608,-0.65045153
-1.3138221,-0.88195648,-0.70992834,0.14104348
-0.011951908,1.1651955,-0.70512974,-0.68189914
0.40825846,0.59752244,-0.16685885,0.1150013
-1.21048,0.85708464,0.45534853,-0.035515893
0.13968128,1.8464084,-0.14775003,-2.041127
-0.091566247,1.5387442,0.10619603,-2.0009959
1.415917,-0.091726846,-0.49911201,-2.7208637
0.70128288,-0.32738273,-1.1455621,-1.9045071
-0.46135006,-0.12940791,-0.68793734,-1.7664275
-0.25627546,-0.058492225,-0.30616609,-0.18535742
0.54526561,-0.4187382,-0.91112266,0.87689703
-0.4807719,-0.37469586,-1.924547,-0.39348355
-0.12048306,-1.0918744,1.3329758,-0.74703134
-0.12938487,-1.6258713,-1.7806237,-1.0774029
-0.10768273,-1.4824411,-1.4942736,0.60579158
-1.0310715,0.70721216,-1.3592839,-1.1479454
0.88555636,-0.18986387,0.025283822,0.4633005
-1.2392582,0.29618009,0.38058474,0.36805102
-0.14388454,-0.66283356,0.61631494,0.54014963
-0.71175176,-0.3030927,-0.65458255,0.69653825
-1.6574576,-1.6222975,-0.29133954,-1.3402526
1.1799495,0.83139031,0.52178583,-0.22871903
-1.7784098,0.98790486,-2.0111896,-0.53566784
0.60695103,2.1993542,1.1095747,1.452348
0.91571466,-0.10788056,1.1094109,-0.44850287
0.73237289,-0.63955604,-0.552171,-0.93546989
1.1265498,-0.78537282,-0.066948274,1.5683609
-1.4275068,0.45009122,1.3750507,-1.4512204
0.92252376,0.61536173,0.90725256,0.38367393
0.071956928,-1.3039353,-0.42738561,-0.20125624
-0.50654387,-0.084557844,-1.7454518,1.3056424
-0.7891164,-0.68136654,-0.62063981,0.19734845
-0.64913107,-1.4358117,0.21152039,0.37343256
-1.6643107,-1.2280833,0.36109041,-1.2059267
0.9496898,0.056355031,0.094952905,0.65820843
-0.42359155,1.3516135,0.62228283,-0.45234566
-0.37121527,1.5593843,-1.2228462,-1.9171107
-0.49897522,-2.072114,0.008726057,-0.56578307
-0.56825466,-1.9331697,-0.57272675,-0.35294538
0.23408579,-2.1812873,-1.3469802,-0.81446324
0.58937399,-2.0625748,-1.13759,0.43241725
1.1371565,0.63397193,0.1419966,-0.57954973
-0.99714899,1.4262365,1.4352134,-0.61776637
-0.28197698,-1.0632022,1.637463,0.17568657
0.23928644,0.34443285,-2.0128031,0.0046080331
0.17910752,0.32785701,-1.8638973,0.93853467
-1.1897843,-0.74006348,-2.1077272,-0.30044773
0.79210187,0.17586892,-1.9802236,0.2945563
-0.58372124,0.47791992,0.78429749,-0.82686679
0.056018807,0.59108677,1.5686925,-0.84147845
0.058719741,-0.82500702,-1.0499161,-0.66773879
0.57785136,-0.75423474,0.44358937,0.4292084
-0.86080455,-0.0072648618,0.42285404,-1.5496556
-0.79181958,1.5098346,-0.32504243,-2.3613015
0.14086435,1.1635691,-1.0318693,-2.1917997
-0.46701881,-0.69218681,-1.2045494,-2.0503022
-1.1486387,-0.033167585,0.68259425,-1.5342782
-2.0076122,-0.39176574,-1.0743218,-0.6248571
0.65053895,-0.42280523,1.035444,-0.17955057
-1.4928273,1.0354716,0.81306278,-0.30304643
-1.2713863,-0.11395163,0.64142995,-0.7289334
2.5046826,-0.35740269,-0.1268113,0.16610021
-3.864842,-2.9892619,-0.15525914,0.83803482
-1.6943266,0.036083369,-0.76896388,0.88834592
-1.4755107,-0.63334111,0.65767017,-0.58505639
0.45310574,-1.3378794,-0.81050324,-1.0587811
-0.70317116,0.80229864,-1.6617971,0.50295487
-1.2354685,-1.3514949,-1.2919305,1.1486659
-0.27092829,0.28087776,0.11403813,0.10130397
-0.13664939,0.36646444,0.66644285,0.037936786
0.70489268,0.207048,2.5891315,-0.42416153
0.38111927,-0.58454294,2.7517296,-0.84625079
-0.016910897,0.55478796,-0.90644038,-0.4974146
-1.7537734,-1.9109314,-0.088138779,-1.191613
-0.53055775,-0.80634043,0.85394433,-0.30793795
-0.24972914,-0.38657485,-0.84908256,-0.38893801
-0.87979278,-0.86693539,-1.6608058,-0.10717485
-0.89383068,-0.66611745,0.86165037,-0.32106803
0.31461453,0.91493106,-0.28720886,-0.59772146
-1.4161372,1.2931875,0.97140615,-0.90094872
0.44764825,1.0154191,-1.5183937,-0.26215863
0.079601386,-1.6726674,0.086322556,0.48329885
-0.69751311,0.35179893,0.1081433,0.059403338
-0.7849775,-0.92304048,-0.15184642,-0.18974497
1.0547599,0.38050651,-1.6652191,-1.0503435
-1.551813,-0.92243721,2.5443734,0.516721
-0.01778879,-0.068801923,1.3439492,-0.73966746
-0.62072677,-0.65996154,1.265851,0.23292474
-0.22829039,-0.55447914,0.3915517,-1.6828916
-0.12792305,-0.60857279,-0.10782269,1.5803304
0.60750795,1.8787847,-0.38562754,-2.0120526
-1.1843457,-0.059394667,-0.43052207,1.0194053
0.53892527,-0.54937318,1.6239363,1.2948128
-1.0023052,-0.32435924,2.0409355,0.84590649
-0.40265334,-0.7579863,0.7440549,1.0352283
0.045226738,-1.7531802,-1.3810963,-1.5168828
-3.3229778,-0.80859844,-0.2401984,1.1630841
-2.5845009,0.44222049,-1.3018001,0.068695816
1.4320548,-0.42497601,-1.374391,-0.11995233
-0.3154575,1.0456822,-1.1438711,0.024887561
-0.50587116,0.71158411,-1.0106105,0.32605075
-0.73245189,-0.13133139,-1.9383972,-0.51373762
0.028038975,-0.90146272,1.7916555,-1.6089749
-0.70611472,-0.54486253,0.21025753,-1.9076296
-0.37979875,-0.78858332,1.846126,1.0587937
-0.31738357,0.083980095,-2.0902976,-1.3947208
0.24420635,-0.39429322,-0.66199425,0.16867717
0.47459898,0.38538309,-1.9603786,0.71933229
-0.47505646,1.7098468,-1.2437845,-1.1008058
0.11884238,0.93049917,-0.10593331,-0.46012229
-0.81842017,0.28341824,-0.088368953,-1.4636539
0.27487707,-0.54861793,0.35187483,-1.2538211
0.68493239,0.87876916,-0.58127369,-1.4285697
-1.7619412,-1.3467,1.1237113,-1.4333669
1.2730375,2.6282293,0.58935593,-1.1259205
-0.01970254,-2.1290657,-1.2574928,-0.099094759
-0.28994785,-2.2685317,-0.79717174,0.54419161
-0.18547206,-1.8901893,-1.1510365,-0.46731944
0.97089913,1.5714235,-0.57661626,0.029738606
-1.0393061,0.19651745,0.7034349,-0.41376688
0.86929229,0.23295205,0.55381909,0.70163306
1.8034254,-0.88744666,1.0502452,-1.5928884
-1.5088932,-0.96343361,0.13276827,-1.3379583
-0.23626538,0.55443735,-0.42821053,0.53482724
1.2603876,1.4203346,0.37608665,0.88623804
-1.569837,-0.79756783,0.13171451,0.062076682
-0.58678673,-0.81429925,0.28141817,-0.66239677
-0.97921919,-0.94948065,-0.37823231,1.3217336
0.67159709,-1.0567931,-1.2101089,-1.4254729
-1.0124404,-0.54801745,-0.50454384,-1.874137
-0.72968256,-0.65918026,-0.16227314,0.7348024
-0.84175834,0.062933478,-0.19202182,-1.8717006
-0.42266405,-0.78166543,-0.17930298,-1.2026294
-0.51097758,-0.23332052,-0.11702029,0.68129716
-0.69292277,-0.027364947,1.059239,0.23492849
0.41493171,0.77411301,-0.48974261,-1.0912973
0.22561325,-0.97205136,-0.53275133,2.0232582
0.25569433,-1.0505753,-0.41387287,-2.1928505
0.067315704,0.13931486,-1.5457603,-0.4185169
-0.565783,0.28707078,0.24208442,0.34400248
-0.20080103,-0.8360735,-0.71687463,-0.41242934
0.1028603,-0.81751532,0.17277593,0.81503324
-1.1579014,-1.4754075,-1.6378364,-0.51421737
-0.30119669,-0.19752014,1.3826462,-0.88978753
-0.50069182,0.44873833,1.1299233,0.83931998
-0.12766568,0.1265573,-1.2270279,-0.46576403
-2.3359208,0.11497413,0.860899,-0.76690729
-0.60886223,-0.34858303,-1.1895742,-0.75763818
-1.1543561,-0.61563101,-0.91135498,0.42020605
-1.5164546,-0.15884049,-1.3195217,0.97035433
-1.2868306,-0.60074331,-1.7289211,-0.31705987
0.71938023,-1.4459516,-1.8425093,-0.24406466
-1.1483614,-1.7264128,1.8353966,-0.482899
-0.56597319,1.2822245,-1.0847203,-0.0074859936
0.92703247,1.0414723,-0.88587592,-2.0311462
-1.8541357,0.74384164,-0.734174,-0.77794867
-1.7114364,0.44773593,-1.1646616,0.20752668
0.23365749,-1.0538199,0.83655833,0.27279708
0.011216506,0.70452321,-1.8291498,-1.5568547
-0.60449769,-0.57102732,1.2521422,0.79832136
-0.50120285,-0.33556104,-1.5527753,-1.0374194
-0.2051648,1.1094116,0.15924995,-1.8121157
-0.63076734,-0.55412557,-0.72759658,1.4405791
-1.7692504,0.40437965,-0.73937792,-0.50340659
0.56746489,1.3331204,-0.80225246,-0.20150473
0.17916312,-0.53615827,-0.44627912,0.085640348
1.1857749,-0.35365388,0.25242637,-0.29162682
0.22757544,-0.1710985,0.67769867,0.55562266
-0.019816441,0.052352257,-0.56661122,-0.1795152
-1.1085377,-2.1350367,-0.59066647,-0.28201697
-0.71860719,0.28575865,-0.28879603,0.16730661
-0.69344764,-0.86688853,-0.55634282,-1.5663983
0.11241865,-0.45171426,-1.1444362,-2.2628627
-0.01202466,-0.21956277,-1.5594059,-2.9219711
-0.90833268,1.4526508,1.1544384,-3.5519363
0.98840651,0.94462913,0.85973773,-0.00091079453
-1.4858831,0.45946847,1.3905756,-0.90356073
0.89718997,0.31618336,0.78821221,-2.4249329
-0.65413345,-0.3829969,-1.3550094,-0.51858669
-0.067553626,0.042604494,0.86126219,-0.18921121
-0.0040170542,-1.1086968,-0.30420534,0.27470411
0.082091651,0.96829682,-0.24059629,-0.81657304
-0.91734584,0.68205309,-0.083228205,0.86111454
-0.68453592,-2.5557905,-0.34489611,-1.316455
-0.028118327,-2.8971214,-1.7319539,-2.0971757
-0.48164046,-2.0935399,0.10948975,-1.5096039
0.48925035,-0.14309173,0.90597507,-1.2377529
-1.0775683,0.063422494,-0.40443275,0.26398472
-0.89979158,0.10811001,-1.3279099,-0.59565131
-2.032404,-0.53139771,0.1760444,-1.1295596
1.662677,-0.25224187,-0.42876909,-0.24795284
-1.6607961,-0.98403515,0.3218565,-0.223729
-1.7261969,-1.507995,-0.58101191,-0.95156275
1.2610898,2.4141303,-1.1537737,-1.0074237
1.4338981,-2.3344896,-0.65276832,0.20120198
-1.2158126,2.1235602,0.52098941,1.2788547
-0.77804082,0.97657173,-0.44452779,-0.80401868
-0.47782862,0.37526905,2.0227501,-0.79998291
0.80857421,-0.43866844,-0.44298873,-0.41509981
-1.6701001,-0.51806705,-0.37757042,-0.87747797
0.32451408,1.1130369,0.75537748,0.66912468
-0.56487175,-0.65064504,1.8135356,-1.3945752
-0.69711059,0.22471686,-0.65360999,0.7705614
-0.59006144,-0.76454089,0.1888433,-1.232329
-0.62434153,0.32444058,-0.45967149,-1.0656787
-0.058556934,-0.49803968,-1.2866542,-0.65673103
-1.3233901,-0.90129679,0.84226934,-0.92462434
0.42626876,-1.2309655,0.30857031,0.17322498
-2.6930033,0.090621389,0.27335492,-0.54066653
-1.0644774,0.092391134,-1.1113841,-0.3277839
0.12077982,0.42347594,-1.0638882,0.24440225
-1.2695123,-0.15524005,0.83267604,0.22768055
-0.96873428,-0.15607127,-0.28687825,-0.91938532
-1.1259312,0.65898024,-0.10247703,-1.1389008
-0.27246299,-0.10506787,-2.4949196,-1.4887214
-0.20709742,-0.93237741,1.8546247,1.6858428
-1.1729993,-0.55640924,1.8369671,-2.2222161
1.400341,-0.50510722,-1.5561924,-1.6358755
0.51076316,-0.15276255,-0.8288096,1.1133275
-1.4504022,1.1851486,0.24996217,-0.65797649
-1.3174755,0.86633769,0.1583394,0.30833785
-1.7668333,-1.569774,-0.96172846,0.21679824
0.33144974,0.94548379,-0.41434773,-0.88800335
0.94372088,-1.4710823,-0.85075957,-0.055066957
0.81612326,-1.9242597,-0.82351726,0.026263833
0.4598745,1.1718487,0.037851806,-1.7923005
-1.0157563,0.1893731,-0.24180334,-2.0539125
0.096793108,0.25306763,-0.35675908,-0.37615769
-0.80105216,0.56521851,0.93228746,0.32526929
-0.24125877,0.42897084,0.90570722,1.1072162
0.026803009,0.044179314,-0.86391714,-0.89853209
-1.1754719,-1.09679,-1.3609772,-0.69766981
-0.33623193,-1.6737438,1.5264369,0.36181284
-0.33566365,-1.0568671,-1.5240285,0.70477001
-0.6910192,0.81590521,1.1651547,-0.74465754
-0.88219876,0.20414704,1.3970808,-0.56856448
-1.3502016,0.54705643,-2.5005155,-0.15650594
-0.8774082,1.2950979,-0.023652154,0.29889222
0.52532439,-1.9957583,0.60113602,-0.20568378
0.85670439,-0.49384532,0.46510107,-0.17641164
-0.22263534,-0.85606407,0.07816016,-1.1698271
-0.35804765,-0.015990436,-1.0386774,-1.1473136
-0.77972116,-0.26466247,-1.6167403,0.052063286
-0.32878228,-0.69695531,-0.97171311,-0.63278528
-0.78781129,1.1351118,0.49866955,-0.68099828
-1.5706397,0.50310901,-1.0279537,0.21414845
0.72647204,1.0779692,0.6476032,0.14797602
-0.0345363,-0.17807619,-1.3380007,-0.66366912
0.087445936,-0.88815719,-1.9099667,-1.2980741
-1.2841803,-1.0324926,0.63865713,0.80233119
0.83756993,-2.2871621,-1.3030718,-1.4490286
0.6507401,-0.17938523,-1.4341757,-1.2027558
-0.31867966,0.21240351,0.55908637,0.68755028
-2.0775136,0.31067933,1.0351315,-1.1537098
0.94364682,1.6699263,0.52559083,-1.1215236
-0.71722889,0.013706658,-0.70899927,1.1468781
0.8534655,-0.12235648,-0.20526279,-0.16451552
-1.316939,0.31074356,-0.042469035,1.4338646
-1.8714362,0.28789904,-0.91049647,-1.0409252
-2.1163236,0.37571917,-1.4067453,0.025330267
1.0871299,0.70719341,0.12804531,-1.324149
-1.2582309,0.3111054,-0.45082697,0.69113879
-1.0941068,-0.79566236,-0.060935753,-2.1048967
-0.91484364,0.97228772,-0.022246513,0.72733224
0.11024669,1.3010727,0.87411459,-0.64364457
-0.49478858,-0.9865972,1.1404698,-0.21312546
0.59754156,-1.1574573,-0.67270909,-0.35742714
0.80329363,1.1394676,-0.44423827,-1.0864197
-1.9035491,-0.15993777,0.10373984,0.35875687
-1.1358571,-0.44991762,0.97373781,-1.1571158
0.95716483,-0.61132912,-1.3872787,-1.2682556
0.51631126,0.96708098,1.1173218,0.73130521
1.349625,0.70561845,-1.3265251,-0.70075408
-0.91409426,0.21912441,-0.27975932,-1.1574378
0.52225792,-0.19452555,-0.38070377,-1.747532
-1.8860247,0.22432596,-0.19378005,1.3367279
-1.6391587,-1.2473065,-0.85928685,-1.660091
0.36499327,0.1767399,-0.0018493034,-0.015462599
-1.2177447,0.051550983,-0.3625401,1.2710542
-1.035256,0.064386989,0.47054054,2.3920022
-1.5305374,-0.15626324,-0.78426146,-2.3950029
-0.14827597,-2.1464121,-0.24782518,-1.6108596
-0.1760792,2.052033,0.61478183,-1.1168194
-0.11052529,-1.8620433,-0.12352192,0.60437259
0.39373584,-1.6328076,0.52959874,-0.0048144733
-0.39253258,0.97283907,0.17659878,-0.54611455
-0.45371009,-0.78610236,0.36641234,0.43985647
0.48705224,-0.40886034,1.2251503,-0.86098207
-0.24016396,1.244152,0.010513869,0.049092497
-0.49559254,-1.6243602,0.18748958,-2.1826007
-0.21598843,-0.71603487,2.0793419,0.76253885
-0.65618729,-1.4480365,1.5299931,-1.1714467
0.55034698,0.38967843,0.25594422,0.24716203
-1.4230284,-0.29237126,0.18760452,-0.71734167
0.12119672,-0.57953994,0.382808,0.81877065
-0.30099827,-0.59699822,-0.20617903,0.70112516
1.0133655,-0.67918517,0.15606801,0.42325323
0.99733476,-1.9534339,1.1999694,-0.40779385
-1.6559691,-1.2784352,1.2922357,0.19797922
1.0097392,-1.4208853,1.2339529,-0.787201
-0.36937156,0.69475375,0.92343107,-0.052887382
-0.31501838,0.32717606,1.654463,0.16595678
-1.8845564,0.23541938,-2.2639359,-0.89596235
-0.035549897,-0.14897882,1.1277536,-0.061747322
-0.96974371,0.45803082,-1.0349349,-0.38982208
0.38954238,-0.85054095,0.051988592,-0.32806036
-1.8972205,0.19213525,-0.50234445,0.15736259
-0.67233415,-0.42915526,0.074600025,0.13269223
-0.5470261,-0.45005725,-0.69747017,-1.4884819
0.45613059,-0.58315176,0.62859801,2.3575228
0.012407304,0.08784696,-1.4119686,-3.5696438
1.2183177,1.3268957,1.5634174,-1.572296
-1.8774631,-1.8425693,0.69865558,-1.2917204
-1.17614,-0.35084235,0.44927565,-1.2104739
-2.0397485,-0.11877577,1.4069927,-1.2433204
-0.48824587,-0.19598344,-1.6072119,0.27783657
-0.62194548,0.39220294,-1.2776451,0.72771053
-0.071216652,1.0912359,-0.76264804,-0.73586627
-0.49358865,1.8843793,0.21780486,0.076933588
-0.17273673,-2.461221,-0.85842427,-0.47344983
-0.54942764,-1.9275151,2.1976684,-0.64942867
0.20491219,-1.0074159,-2.2303511,0.041853067
-1.3181684,0.5831021,1.6396477,1.1117175
-0.048507824,-1.0638345,-1.5247771,0.037775157
-0.46450956,0.80807954,0.7505528,0.88400538
-0.29464496,-0.5742161,-0.96936449,-0.87632642
0.0061345444,-0.28572683,0.72140821,-1.1181955
-1.2211197,-0.2593902,-0.82227772,-1.8987331
-1.8494482,0.1271419,0.8156522,1.6241384
0.48538827,1.1402563,-1.226723,1.4574557
-1.4237394,1.109402,-0.42194828,-0.76135382
0.83430444,0.24163052,-0.054285599,-1.604475
0.15587853,-0.57801329,0.62953104,-1.8769071
-0.2292788,-0.29223967,1.8373291,1.3085371
-0.52141307,-0.36079241,1.1071963,0.23436586
-0.34609198,0.071391718,1.1006274,0.34817993
0.93864571,0.70890349,0.42776821,0.6207627
0.60577948,-1.1706626,-0.84471313,-0.20452519
-1.3170545,-0.74990592,-0.016408592,-0.12433886
0.22817069,0.27231373,-0.99828917,-0.35933405
0.30868816,0.69689162,0.24447214,1.1151051
-0.90607906,-0.41698603,-1.797479,-0.14526352
-0.026503901,-0.26689522,-1.7433893,-1.0786503
-0.32183044,-0.27396166,-1.1550117,0.76927165
-0.096484063,-0.2903811,1.1580941,-0.52376775
0.53402436,-0.15682832,-0.57829614,-0.23165301
1.9424657,-0.26252796,-0.88973884,0.50099055
1.3429894,0.28216394,-0.86030881,2.8887897
-0.96473026,1.2871014,-1.5010011,0.059210696
0.44303033,-1.9174717,-0.72233437,-0.13594354
0.97340615,1.4958439,-1.7293869,-0.033556798
0.87425287,0.87631385,-0.79075494,1.2769027
0.43797383,-0.74581097,-0.00878988,-1.5239208
-0.26628381,1.0458349,-1.6097739,1.0142901
-0.46083261,-1.6442302,-0.67121338,-0.77645421
-0.99508769,1.1385542,-0.14194872,-0.98456182
0.12417002,1.2112393,-1.1696229,0.43664684
-0.64779147,-0.69286371,0.95885056,0.39825693
1.077534,0.21618794,-0.26832724,0.43298961
-1.5363762,-0.14134757,-0.008490777,-0.20570483
0.018885001,0.24784652,0.49616486,-0.11497207
-0.40573535,0.89462613,1.0277169,0.52281827
0.65780383,1.8014113,0.98516169,1.1932443
-0.67655568,-0.78038114,-0.89893983,-1.2931387
-1.5466229,-0.56015967,0.47437509,-1.8034773
-1.2679595,-0.048328176,0.40695016,-0.39308443
0.46273229,-0.45331978,1.373591,-0.17533749
-0.3737221,0.24277688,-0.79483359,-0.26813834
1.4425823,0.5661466,-0.78349477,1.4630755
0.78437679,1.0857483,0.33495273,0.60135156
-0.52624759,1.3609646,-0.12029929,0.29607985
-1.4279516,2.010902,0.57273241,0.32404774
0.81376776,0.73800189,-0.043843643,0.41476784
1.2798121,0.46454246,-0.043843643,0.94978888
-1.6951842,-1.0237512,-0.18506485,1.193942
-0.42159759,-0.91344502,0.97079671,0.65253875
-0.69300458,1.0404564,-0.69551614,-1.1084675
-0.39392407,0.80214642,0.82302437,0.95200311
-0.34693637,0.088677852,1.2171551,-2.0488011
0.74511387,0.36215343,0.88235611,-1.5251643
2.4666693,-0.45181987,0.10313586,0.74837665
1.108074,0.55127614,1.6029912,-1.026128
-1.7539395,-0.78011162,0.28289792,-0.26171861
0.81058367,-0.86356126,0.28289792,0.72787699
-1.3256362,-0.4723613,-0.084356614,-1.0713954
0.50243121,0.0080271348,-0.1808409,0.65568102
-0.40379,-1.9087184,0.34156271,1.2707668
-0.23767519,-0.62257834,1.9888995,-0.70037292
0.97296559,0.16502013,-2.0947579,0.26287233
-1.7689477,-0.86927594,-1.137797,0.55034507
1.0250757,-0.059390637,0.89667722,-1.0949585
0.87153334,-0.46593691,0.39677074,0.68635813
1.1523391,-0.53691627,0.19177729,0.5451089
-1.2376637,-0.48282287,-0.63207004,-1.1303487
-0.54503947,-0.17030438,-0.19972209,-0.9019228
-0.42367186,0.4040757,-0.18617879,0.13429163
0.25658035,-0.1513582,-0.20612011,0.75806751
0.65168196,-1.1465573,-0.70321345,-1.1118495
-1.9425978,-0.1223741,-0.098401567,1.0753698
-0.4356931,0.27743863,-0.23886327,0.43370575
0.44052685,0.25073962,0.24894366,-1.6989726
0.14415298,0.03885554,-0.75908401,1.2763147
-1.368352,1.7144771,0.067783831,-0.57321856
1.4211127,0.98525981,-0.28124489,0.42239983
-1.5464924,0.99691843,0.80102211,0.65712079
-1.3315172,0.41435425,-0.7798551,1.6569968
-1.0220484,-0.94361491,-0.58212627,-1.8553552
1.2912349,0.8297037,-0.86045664,1.7818929
1.4164449,-0.79359926,-0.84638725,-2.1099358
-2.1796392,0.56533574,0.46208203,-0.3338157
-0.72825835,0.020005966,-0.21031653,-0.22490988
0.56821238,-0.030785384,-1.0475346,-0.29297486
-1.1410264,-0.30273166,-1.5304988,-0.28541448
0.4118817,-1.3598757,1.3450401,-0.25630726
0.010198876,1.0345737,-0.7596175,-1.0578115
0.17482052,-1.0078403,0.42234841,0.65572134
-0.63084996,0.72889913,-0.79682028,-1.7611175
-0.91289145,0.15280503,1.2812327,0.17215122
0.21383507,0.18958414,2.3076948,0.38931907
-0.14916758,-0.30733215,1.780845,-0.048765591
-1.0538978,0.37631992,-0.45979386,-0.40203376
0.42749618,-0.16485852,-0.46654641,-0.53301624
-1.8315895,0.40987795,1.0251688,0.71053776
-1.1157135,0.46535142,-0.38166194,-0.027109674
-0.90179333,-0.7878986,-0.15088629,0.026446376
0.23891493,0.23246472,0.98345326,0.57731386
0.49293206,-1.2747108,-0.93752486,-1.8026625
-0.82003099,1.2347114,-2.7502205,-1.7427962
0.11508985,-0.71039464,1.022584,0.070112568
0.74974507,0.66192489,-1.3642258,-0.41563606
-0.91902463,0.65695825,-1.7464694,-0.72056138
-0.73774276,0.40545754,-1.3097305,-0.82779393
-0.8070459,-1.8188525,0.50613,0.49123798
1.4620938,-1.1478468,-1.1629155,-2.3509332
-1.6521492,1.1866888,1.3352611,1.922455
-1.9428829,0.11370983,-1.6496111,1.4957194
-1.2020058,-1.564351,1.4829672,0.75329026
-0.76080701,1.8034084,0.30636926,0.61500079
-0.58009392,0.79335027,0.16012379,-0.84571085
-0.45851138,0.70091051,0.14271723,-0.1115899
-0.55558735,0.63746548,-1.766375,-0.12831661
-1.3835915,0.38564456,-1.8652227,-1.2513908
-0.1754937,1.2803018,1.9482078,0.87696231
0.036325427,0.27651331,0.36766241,-0.60960833
-0.019911057,-1.1185934,0.93566555,-1.1647269
0.020711894,0.66855246,-1.2024942,-1.1329061
0.12269453,-0.071142231,0.71437667,-1.4038802
-0.49530211,-0.24117293,-1.1823685,-0.59875852
-1.072458,-0.052867653,0.34117745,0.99932978
0.27186981,-0.495008,0.39910257,0.5660588
-0.065811869,-0.57980071,-0.30553696,0.6399336
-0.4849837,-0.727315,-0.46132613,-0.62932572
-1.4071795,0.27233756,-0.10062979,-0.48910068
-1.671132,0.18853765,0.32618231,-1.7085627
0.85588619,0.20961618,0.2375287,-0.195821
0.78733036,-0.38996996,0.79705122,-0.36456801
-1.293647,-0.97863348,1.1325823,0.13378358
-0.56853191,0.37636677,0.7855081,0.95165844
-0.98260076,-0.75682281,0.29203885,0.65026849
-0.84044577,-0.38599834,-0.6123563,0.8045274
-0.52768236,-0.092922791,0.31936073,-1.3766209
-0.40434707,2.4052754,-0.25505337,-1.666417
-1.6600523,0.17881262,-0.83203871,1.8262328
-3.0662398,-0.68129295,-2.4953078,1.1087763
-2.2008822,1.4296985,-1.804238,-1.6525188
-1.4889639,-1.1724515,-0.80107055,-0.27312978
1.3410719,0.41580739,-0.47554206,0.23062001
0.82123427,-0.57202866,-0.50114173,0.26955379
0.62634454,0.12800158,0.015418016,-1.0025481
-1.2346227,-0.55840376,-1.2079269,-0.21823424
-0.81377692,-0.97529654,-0.020716303,-1.303303
-2.0974126,-1.3926552,0.094495301,-1.244545
1.3070752,0.97903242,-1.4800971,0.7438097
0.57157458,-1.1890588,0.29905244,0.85057855
-1.3373422,-1.1974125,0.33059778,-0.82063212
0.42795672,-0.27702052,-0.23616935,0.30082373
-0.036862137,-1.9211917,0.21149772,-0.35957934
-0.69880868,0.0084657596,0.51729956,-0.32922796
0.052954499,0.36326475,-0.6941248,-0.70696964
0.026290301,-0.18549062,-0.93015248,0.19914909
-0.31448902,-0.29185756,-1.3571124,-0.5390131
-0.64247712,-0.46666547,1.1720912,0.7836589
1.649245,-0.58838689,-1.3830966,-1.3899933
-0.48007432,-0.29943367,-2.0602885,0.38150057
0.53812832,0.27785638,-2.0673222,-1.0228566
-1.779738,-0.89359034,0.50469488,0.83426533
-2.6684878,-0.29073912,0.14703309,-1.2492535
-2.5286548,-0.68554045,0.98319804,0.87469535
1.8078614,-1.2693889,-1.6971583,-0.71291646
-0.61819332,0.88776246,-1.7046996,-0.45187254
-0.22876891,-0.12113118,0.82263759,-0.1558277
-0.44972443,-0.57142718,-0.76426144,-0.013943761
-0.21630349,-0.64541244,-0.14058746,0.40109254
-0.17905929,-1.2948094,-0.074323519,0.0015020215
0.13368774,0.66723845,0.89869145,0.69512372
1.008595,-0.1486524,1.2007045,-0.35544794
-1.1765253,-1.4684125,0.60842645,-0.12465492
0.097349503,0.024184958,-0.70152642,-0.074519186
0.055184017,-0.14265156,0.61115275,0.84536759
-0.705671,0.18519824,-0.80605448,-1.2245012
-0.60398517,-0.18814417,0.15218479,0.71439809
0.020392226,-0.042604285,-0.19934932,-0.20169181
-0.14684151,-0.40600705,-0.056159541,-0.74387077
-0.58249446,-0.10930823,-0.60945215,0.27574179
-0.48565038,-0.94714176,-0.83525483,-1.3318203
-1.1393657,-0.91117429,-0.39048611,0.35228304
-1.7980127,-1.5547704,-0.16591015,-2.6648869
-1.1634469,1.0284913,-0.28460177,1.7612109
-1.1821258,0.230002,-1.5563246,-0.90378482
-0.66770155,0.48865758,-1.9410501,0.34678
-1.7013785,0.23339551,0.59844176,-0.53183188
-2.0389308,-1.3990914,-0.70671727,0.36551292
-0.98551595,1.7051286,-0.4784334,-0.24599446
0.2211847,-0.56911,-0.864184,-0.73253168
-1.8268082,-0.50337217,0.89503352,-0.22677557
0.016454899,-0.29959645,0.34648631,0.50876255
0.098109549,0.15534351,0.070331139,-0.17099302
-1.8774301,0.72204738,0.22839843,-0.87680745
1.0617831,0.4422384,-0.74896627,0.83566837
-1.8380143,0.34259509,-0.38022104,0.65919218
1.0208749,-0.3133691,-1.9153196,-0.15013705
-1.6258355,0.24230854,-1.0143625,-0.23933687
-0.37510098,0.53834538,0.073663813,-0.6342087
-0.3698776,-1.1751744,-0.42974956,0.37797376
0.098380764,-0.62610687,0.36527679,-0.99849461
-0.069287157,0.069309964,-0.047698801,1.5174297
-0.54504814,0.35947821,-0.099952135,0.82123649
-0.73047997,-0.92910717,-0.40135902,-1.2287756
-0.32826558,-0.88855343,-1.4300045,-0.55071428
0.74272952,-1.4244295,-0.15654923,-0.26802884
0.94993805,0.85050277,-0.02436106,0.53218457
-2.5469528,0.19124936,0.68084363,0.80627478
2.0558405,0.073119092,0.17119097,-1.0034608
1.9988755,0.43576085,-0.4698872,0.87943882
-2.8796463,-0.86059488,-0.024662177,-0.30329733
-2.0426378,-1.3844097,0.14792119,-0.53235836
-1.670555,0.48646633,-0.51377232,-1.3447262
0.76569698,-0.98668579,-0.13308027,-1.4670319
-0.31784637,0.68250619,0.85657287,1.8685794
0.38460806,-1.1611986,-0.81857238,-2.0898436
-1.0528336,0.41312437,-1.1431715,-0.39799916
-0.20445152,0.1916162,-1.0055574,-0.72115899
-0.20445152,0.17506102,0.83441986,-1.0534259
-0.79524507,0.14464755,-0.22112324,1.6146895
-0.14982877,0.01427109,2.0337947,0.17893264
-0.43665883,0.24233782,0.426629,-2.0320484
-0.71726976,-0.60157252,-0.70309607,0.33825409
-1.1135801,0.48870953,0.12647555,0.55248462
-0.15892327,-1.0678851,1.5358771,-0.46515527
-0.45730519,-0.25185611,1.2578745,0.32359697
-0.12271209,-1.4306854,0.44169555,-0.8182687
-0.53809097,1.2342197,0.2869402,0.33053882
-0.17533849,-0.74100793,-1.0840787,0.57003401
0.70082958,-0.36569993,-0.52842407,0.41872599
-0.11139818,-0.3162692,-1.1132438,0.17090934
-2.7965933,-0.57980971,0.35311008,-0.46879989
-3.1127182,-1.0476487,0.10576084,0.55228541
-0.050965707,0.61638915,1.0781125,-0.73541731
0.0062674975,-1.0600227,1.5254366,-0.80184991
-0.1340587,-0.49370533,0.047330307,1.0180936
0.091238599,-0.029409597,-0.79937893,-1.4069875
0.39450706,0.85489117,0.3136669,-1.2564943
-0.077545751,-0.061477535,-0.53993753,0.99191539
0.50447722,-2.7575197,-0.88188298,0.4732546
-0.070416039,-3.108677,-0.96962126,0.94960434
-0.63853748,0.018502912,0.24846954,0.035999131
-1.4172692,0.10134973,-1.4060809,-0.61988662
-0.39243799,-0.040783702,1.3940955,0.15407128
-0.14036425,0.22691123,-1.6457957,-0.39796671
0.89916614,0.46110033,0.70044125,1.0107957
-1.523637,0.013730005,-1.1706756,1.7782172
0.89125409,0.63752045,1.302065,1.4502756
-0.81182506,0.25820764,0.19834255,-1.3516496
-0.50068845,-0.68286416,1.3807429,1.0918805
0.42817045,-0.004081224,0.06329755,0.06908904
-0.91466825,-1.7653773,0.06329755,-0.65725026
-0.64267408,0.62183629,-0.1837722,-0.36674359
0.80655728,0.76338642,-0.72870036,-0.12689945
0.60887828,0.19883147,0.18704323,0.21280438
-1.9149103,0.33411133,0.66353644,-0.79724163
1.3439575,0.087103124,0.74919673,1.0091312
-0.83125844,-0.32552407,0.87676516,0.32361561
-0.041966584,0.0036197516,-1.8343238,-1.0205755
-0.28057278,-0.087806546,0.43014384,0.69803603
-0.61601511,-0.06753046,0.27836724,1.0167535
-1.0857964,-0.18650772,0.05471953,-0.8908257
0.50310712,0.38670892,0.039654934,0.41408062
-1.067722,-0.04672067,-1.2842328,0.25369431
0.41228651,1.2280474,-0.06986175,-0.60380468
-1.1363919,-0.10088684,-0.63639899,0.05131243
-0.25009738,-1.8379035,0.56600342,1.6728346
-1.3916482,-1.4816373,-0.34613294,1.395433
0.73592079,0.96237214,-0.9975337,0.90320344
-1.4428201,-1.3788686,-1.6956135,0.54098997
-2.7278288,-1.5911891,0.89402875,-0.66206021
-0.73807048,1.1979312,0.74043147,-1.0278131
-0.66647817,2.5318297,0.3147349,0.92993713
-0.16386534,-0.75015268,-1.1020148,-0.47368659
0.6948737,0.092256735,-3.2090717,0.65525793
-1.0805793,-1.2465155,1.3041925,0.43797488
-1.0544618,-1.3175469,-0.038352303,0.5530024
-0.037511979,-1.9653975,-0.51282514,-0.60656018
0.49464038,-0.99403751,-0.067804243,-0.10464432
-2.1068786,-1.2141611,-1.2996275,-0.42251437
-1.8705791,1.1916709,-1.6736751,0.32033256
0.44395233,-1.5137508,-0.39176886,-1.0767858
-0.64837732,-1.2338068,2.1718196,-1.0704331
0.11623886,-0.55739322,1.4894681,-1.1293702
0.12237335,-1.2002007,-0.86764847,0.86856191
-0.90304156,0.52380963,-0.52694423,1.4688241
-0.59989365,-0.19617146,1.1048775,-2.3076065
0.018134723,-0.43537973,0.24422616,0.66326825
0.57266406,0.85432846,1.0817113,-1.2400122
0.59267103,-2.1035981,1.2250452,-0.8437018
-0.76248984,-0.053072593,0.25102687,-0.26407255
-0.41180674,-1.0213562,-0.24113259,0.27958455
-1.1739258,-0.51501958,0.75743578,-0.12642351
-0.7644822,0.77979922,-0.86439108,-0.13225907
-0.73018865,-0.3416316,0.81460248,-2.5512377
-0.050144397,-1.5857531,-0.35135677,2.0600405
-1.1354742,0.34251074,0.085329875,1.4924462
-0.88017664,-0.36770217,0.72904752,0.099938931
-0.60972118,-1.3694541,1.0797528,-1.3151431
-0.65664116,0.78376079,1.9481037,-0.45299051
-0.59325607,-1.35159,-0.11810842,0.34772186
0.18732224,0.25996821,-0.54182797,-1.2539265
-0.29265839,0.17660309,-0.70575757,0.25787996
-0.16251696,0.32052901,-0.61237045,-0.50024552
0.38224431,-0.96034864,1.0966659,-0.51270239
-0.09154607,-0.77127983,-1.2881705,-0.45742312
0.078370627,0.14342629,0.78895808,-0.31621735
0.99187757,-0.5386721,-1.2974233,-1.1221346
0.83137857,1.1743556,-2.3633991,0.55798842
0.016177615,1.021307,-2.4401294,-0.5762109
-0.9660143,-0.8275519,-1.6882646,-0.019516096
0.21259566,-0.6742225,-0.81397482,-0.46572334
-0.82324032,-2.8874405,-1.6550716,-0.26073486
0.040187552,1.0595727,1.3371895,-0.46916672
-0.066717699,0.99014166,-0.046091859,1.1662835
-1.9547228,0.94020683,0.29001009,1.2587397
-0.7865925,0.15490678,0.39259696,-0.81945966
0.013742625,-0.8915169,-0.35374908,0.51059035
-0.49566779,-0.13120554,-0.17858983,-1.6703872
-0.633781,-0.27009567,0.578175,-0.45875735
0.3976978,0.29955999,0.51486288,-0.77836272
0.046202468,0.36578793,0.51486288,-0.07681393
-0.55102339,0.82831895,-1.3319151,-0.72484265
0.33680861,-0.26880066,-0.49410544,-0.42543277
-1.7605339,-1.4448195,0.27987052,-0.60201299
-0.86838818,-1.2401952,0.1486297,0.41934346
1.2114663,-0.7780454,-0.4303683,-0.88607819
1.3354674,0.34935271,0.69701035,0.52016818
-0.58576364,-1.3712739,0.05151657,-0.78843342
-0.12498453,1.8043863,-0.33019277,-0.17872196
-0.8607959,-2.1028509,-0.17275401,-1.0553258
0.13872412,0.2488949,-0.17957645,-0.34723908
0.15560438,0.86869468,0.053930989,0.36253248
0.15548145,0.97605113,-0.4551863,-1.3589646
0.86212219,1.3802573,0.34448031,-0.14418699
0.85967416,0.16873771,-0.25041811,-0.33434015
1.0835204,1.4210433,-1.2127154,0.73226648
0.46783391,-1.2556303,0.11730112,0.061418955
0.19405313,0.085709634,0.40903462,0.29057606
-0.11144447,0.94901834,-0.76138032,0.79547735
-0.96221166,-1.3268807,-0.047735029,0.65044799
0.16885758,-0.63882031,-1.3970673,1.2537434
-0.87442848,-1.3340261,1.0285567,1.7732313
1.4397083,-0.41503732,-0.4076739,-1.214725
-1.570964,-2.4439448,-0.081734383,-0.050528938
-1.8385974,0.22720802,0.0090574354,-0.051992686
-2.273913,-0.18301191,-0.43471567,-1.3346388
0.46160902,-0.81893802,-0.15804483,0.34402095
1.013759,0.11545104,-0.071553854,-0.57769555
-1.1851539,0.46962116,-0.69912921,-0.51695788
-0.5200844,0.22843981,0.63374099,-0.097583928
-1.0340186,-0.28658579,-0.77657549,0.65915859
-1.4995405,0.19013855,0.28206007,0.79354321
-1.2957996,-0.28431065,0.45406304,0.81666693
-0.18650593,-0.65325195,-0.11851719,-0.0673995
0.36610212,0.39986815,-2.3442393,0.845884
-1.0082968,-0.43828417,-2.0096474,0.71125295
-1.3331283,-0.36482532,-1.295103,1.1044166
-0.7397495,-0.72568145,0.45695393,0.82792037
-0.31164037,0.75928018,0.5672398,-2.1143019
-1.9284367,-1.0565289,0.88833741,-1.6358716
-2.1937514,1.4826871,1.3802977,-1.5504233
-1.1013913,-0.57422805,-1.1506372,-1.2396729
-1.1230038,0.10637678,0.35805925,0.14995817
-0.30768623,-0.84011862,-0.51614148,-0.68026679
-1.8244567,-0.33162699,-0.73020297,-0.054912203
-0.086016582,-0.9526487,0.46333972,-1.2371692
-0.57198379,0.52179285,-1.0593903,0.66662657
0.90942513,0.73546368,-1.6912378,-2.3042873
-1.562704,-0.16878948,0.034771692,-1.3401804
-0.28177836,-0.26981936,-0.046450856,-0.47610782
-0.42420974,1.5169031,-1.6561977,0.48354215
-0.19212032,1.2305533,-0.74329678,-0.11363904
-2.7125015,-0.5253465,0.024883595,-0.35190654
-2.0944612,0.28699411,0.8093523,-0.31617653
-2.068955,1.2436797,-0.93537435,-0.99293073
0.26239615,1.5496856,-0.43173609,-0.15512923
-0.41942865,0.37302693,0.75099542,0.019771771
-0.53174156,1.1951246,1.1290992,-0.46655833
0.58814682,1.0065744,-1.3511523,0.2972927
-1.1058173,0.44281312,-1.4176342,-0.87962451
-1.9833124,-0.56761903,0.89485739,-0.91308732
-0.32708842,0.033391299,-0.61154709,-1.6722001
0.39328767,-0.53695501,0.27292756,0.10994995
0.60154693,0.079658514,0.64260132,-0.5824746
-1.1298312,-2.5523966,0.24843806,-0.58417223
0.964342,2.2282706,0.67455715,-0.28869845
0.16021704,-0.57372863,0.33898038,0.1527328
0.12022683,1.3127853,-0.3935473,0.038455709
-1.9035298,0.65778,-0.71692556,0.57612932
-1.687764,-1.4339676,-0.35516693,0.55723575
-0.69340752,-1.3858833,0.40386201,-0.13362557
0.37678096,0.071459551,-0.00086359414,-0.39513506
0.29328287,-0.26404843,-0.15258659,-0.5185968
-1.7271002,0.82972803,-0.91159114,-0.49485593
-0.72493648,-1.3269581,-0.52417766,-0.58139945
-0.18298589,-1.1060944,0.66303995,0.18014863
0.39575071,1.6047633,1.1136473,-1.0201159
0.16246564,0.9435764,0.56325708,-1.1156917
0.095211926,-0.71484804,-0.25696348,-0.42925858
-1.133296,0.76043468,0.5509594,0.22781966
-0.68060587,-0.33891709,-1.2648849,-0.42364076
0.57982051,-0.2313365,0.51476076,-0.61086097
2.7262201,-0.2509169,1.2419467,-0.98129849
-1.3219717,0.0047061397,-0.84792484,0.70986542
-0.83216763,-1.6158795,1.8017227,0.24999747
-0.51686575,-2.0279182,1.4565249,-0.83168074
-0.20597497,-1.7906676,-0.10063489,-0.43343648
-0.31092028,-1.0489759,-0.0067356425,0.014498726
-0.063322138,0.91218792,-0.09091204,1.5899292
-0.58269952,0.77015924,0.43765179,1.2272474
-2.3829505,0.86349826,-0.15498409,2.0008589
-1.1833976,-1.3536316,-0.085564484,-1.5772967
0.53706103,-1.173265,-0.38258638,0.66029514
-0.43133481,-1.4982919,0.44673158,1.0993541
-0.049963046,0.49626467,0.19681598,2.5419524
0.27100252,-1.0561968,0.50391885,-0.087758476
1.2077949,0.64887038,-0.39992598,-1.4260631
-2.391891,-1.1493026,-0.58532596,0.44410495
1.668542,0.7674852,0.69990234,0.83559863
-1.6081371,-1.1710086,0.63763616,-0.56738431
0.95513954,-1.0567448,-1.6186031,0.7533856
-1.408147,-0.87113849,1.0081386,-1.37408
0.80954736,-0.11685188,-1.1849714,0.54028811
-2.8660156,0.49968178,1.0079042,0.77164627
2.0125776,1.3860665,-0.98247013,-1.29221
-0.051651835,-2.3269667,0.40772317,1.2796047
-0.31705947,1.780496,0.38012888,1.0118631
-1.6633851,-1.4740874,0.40337769,1.2409687
-0.76346666,1.0331251,-2.5051127,-0.40974401
0.63284096,-1.2648027,-1.9650245,0.51520554
0.72472679,0.8994849,1.3008641,-0.10084941
-0.90437502,-2.8102741,0.23755732,-1.8154204
0.44101043,2.1406134,-1.0993804,-1.5880849
-0.34328052,0.081799827,1.6251156,0.50269265
-0.10512246,-0.22229341,-2.4731154,-0.76768099
-1.7530416,-1.6032556,2.2478685,-0.51438448
-0.80074211,-0.68907011,-2.078514,-0.54033382
-0.67280393,0.75147667,1.7645951,-1.0677169
-1.093666,0.86165061,0.35005652,1.1360249
0.25959341,-0.80539097,0.52104124,0.51314604
-0.9639295,0.56262523,-2.6499751,-0.0012431534
-0.57339235,-0.2548315,2.290111,0.042270996
-0.55340558,0.0082904945,-0.12338041,0.033030009
-0.57902948,0.09017027,0.59408901,0.25797816
1.0452186,-0.19535278,1.3359031,-2.3264589
-0.86755318,-1.0240625,-1.8796812,-2.1421785
-1.9172036,-1.0466239,-1.491977,-0.2287783
0.1342387,0.77388226,-1.1337701,-0.55893969
1.305658,-1.1436672,0.18740498,0.43498389
-1.9095162,0.22326662,0.090056634,-0.97249038
0.91079351,-0.58171003,0.90906278,-0.62180664
-0.58020559,0.050036598,-0.78673622,0.20851454
-0.091625075,-2.6579996,-0.0035717952,0.47934325
-0.96844035,2.1454933,-0.97298969,-1.0302036
-1.0600848,1.072218,0.51914052,0.031203777
0.78120321,0.34201526,2.501264,-0.5165207
0.595146,-1.2847917,-0.95262309,-0.9314105
1.5635626,0.094106166,-0.14517849,-0.89071653
-1.919268,0.086385519,0.97040724,-0.65446467
0.94316916,1.0697363,1.7147614,-1.5112679
1.0526685,-0.27693686,2.1926774,-0.77258587
2.6731353,-0.7269281,-0.86268974,0.3938147
-0.62573874,-1.0913345,-0.55413903,-0.94567975
0.56669269,-0.14403922,0.0017203135,-1.8490757
-1.2505369,1.0067444,-0.2952403,1.8726223
0.57152736,-1.452303,-1.7027083,2.0198355
-0.55837778,-0.30074838,0.51880796,-2.1414738
2.7332234,-0.4000299,0.14422665,1.5097219
1.6031045,0.73933346,-0.040676549,1.5132947
0.34855044,0.52999838,0.36502903,1.3264012
-2.1059604,-1.0869379,-1.2141049,0.46320324
-0.34561036,0.61333506,0.79954813,0.49278856
1.2909484,0.24878933,-0.14179594,-0.065072033
-0.053507336,-0.85550215,0.046237444,-0.70074484
-0.54212703,-1.1544113,-0.15145386,0.01136687
0.4889811,-0.5134163,-0.21311919,-0.14248545
-1.4276607,-1.0266209,0.40165671,0.42397083
-0.09684744,1.1907328,0.23182375,0.77494087
-0.36101172,-1.633325,0.42958399,0.60057552
0.86153842,-0.77421582,-0.69095267,0.24167769
1.0397763,-0.61082658,0.14409807,-1.7109188
1.8879023,0.10314421,1.2107937,1.1902621
-1.1367271,0.00036663714,0.17676709,-1.9944426
0.62448357,-1.0356806,-0.57935838,0.37660855
0.59319111,0.52636777,0.24811391,-0.90364569
1.2479734,-1.4614504,-0.18551839,-0.84261613
0.50333326,-0.59470086,-0.34445425,-1.403241
-0.067138923,1.1482788,0.30486998,1.052687
-0.84711085,-0.58465987,-1.8039823,0.64259544
1.1899796,-0.4574526,-2.7887369,-0.87850906
-0.58486902,-1.5532423,-0.84390055,-0.3841198
-0.38590983,1.1187101,0.5498337,-0.11425118
-0.28971244,0.63245349,0.51763028,-0.65496491
-1.0186965,-0.98854997,-0.67146225,0.51779276
-1.113545,-1.0218786,-0.68369378,0.10947253
-1.97361,1.1440647,-0.10260616,-0.3787268
-1.8239136,-1.0389209,-0.80451988,-0.041817933
0.14772251,0.42030424,-0.74121706,-1.1493355
-0.82588806,-0.61291719,-0.29481482,-0.6095008
-1.9934833,-1.1555086,-1.4232009,0.11083697
-0.60643776,-0.9736183,-0.3042577,0.075908759
-0.47099445,0.3992531,1.2501724,-1.6715045
1.2611743,-0.80258388,-0.23074875,-0.61702377
0.74414653,-0.90667448,-1.3358131,-0.80738145
0.10193864,-0.4774897,1.6487174,-0.70498565
-0.94013631,0.17365973,-0.88992003,0.11173598
-0.22043984,0.30416135,0.22796273,-1.1317232
0.62704587,0.11501342,-0.021305796,0.39493664
0.53973945,-0.36241724,1.5367092,-1.4490222
-0.029338014,-0.35982606,1.2854029,0.16094843
0.20576928,-1.8242062,0.71127503,-0.69713926
0.43617428,-2.056436,1.5175033,0.6529646
-1.0249963,-1.776978,0.17557278,-1.1048843
-0.00823094,-0.83152704,-1.4971919,-0.56227604
-0.06266991,-0.84935037,-1.520708,0.85762664
0.17888057,0.53689231,-0.96671953,-1.2974156
-1.994005,0.01433668,0.56187691,0.26986171
-0.87773391,-0.49547433,-1.4495585,0.59636508
-0.40118518,0.19214004,0.3901871,-0.011804296
0.22527426,-0.65101661,-0.28494768,-0.12084853
0.092780771,-0.46897687,0.080872696,0.47748301
-0.878601,-2.374193,0.09532629,0.65525519
-0.30053913,-1.7157122,0.18724885,-0.94654616
-0.073072362,0.38613284,0.03123344,0.73642108
0.9672823,-0.8365527,-0.43665288,-0.15444747
0.49873123,-0.11150084,0.24681999,-0.092837783
-0.49717383,-0.61682991,-1.7777322,-1.8939479
-0.91588727,-0.056830146,-0.31164935,0.94433448
0.44234083,-0.39792318,0.31092292,0.68317356
-0.85108494,0.51252796,-1.682058,0.93110501
0.2520796,-0.23080357,-0.3071541,-0.45984174
0.41526913,-0.031197011,-0.70188654,-0.24305843
-0.64161173,0.63070044,-1.3006465,-0.015894571
-1.2920463,-0.08321669,0.70530517,0.0091672561
-1.2177556,-1.2982941,1.188496,-1.108124
0.30555129,0.90674925,0.37012034,0.75967322
-0.27885237,-1.49355,0.51232959,-2.8402768
-0.47957411,-1.1990714,0.17930836,1.2294876
-1.5288725,-1.5704667,-1.4481956,-0.60318755
1.4601607,-1.6455986,-0.15564087,-0.20975934
-0.1364923,-1.866914,-0.28831976,-0.17303901
0.12439351,1.4710273,-0.406687,-0.41177802
-1.0125283,-0.034436982,-0.47114847,-0.18327411
-0.97608576,-0.7001901,-0.82061352,0.185657
-0.25804608,-0.27636936,-1.7798994,0.063594055
-1.1129267,-1.3962721,-0.89420717,-0.2724119
0.34602842,0.41614567,0.18007318,-0.69089909
-0.91163763,1.760406,-0.98511708,-0.14460827
0.13562894,-0.33425398,-1.1279752,0.52356581
0.3180406,0.97220801,0.90680391,-1.5731606
-0.49355357,0.50947838,2.0322532,-0.47745417
-0.66796782,0.70314591,0.34435642,-1.5935748
0.30334183,-1.654324,-0.80950956,-2.3960532
-0.68197914,0.9683836,0.085096398,-1.9618708
0.45635021,1.0202287,1.2382207,-1.1051113
-0.78872925,0.70067978,-1.0307639,0.74117519
-1.8170223,1.0157289,-1.0675389,-1.9852087
-1.3648905,0.28023427,-0.53592689,0.29861061
-1.110227,-0.41968519,-0.64588926,0.67616158
-0.46801653,-0.44678749,-0.9734429,-0.35816223
0.018254402,-1.178157,0.65843613,-0.38088875
-0.46638115,-1.8965045,0.3795386,0.014160888
-1.9222846,-1.4779684,-0.017322085,-0.52277462
-0.35689696,-0.41807508,0.47584078,0.70395833
-0.56899191,-0.14891005,-0.53926,0.50541029
-0.95374542,-0.32703758,0.71500163,0.18299939
0.28831091,-0.85004887,-1.143887,0.26165192
0.38819773,-0.39573237,-0.31178416,0.73167086
-0.37298477,-1.9033872,-0.48299435,-0.57157795
-0.77262013,-0.63079079,-0.94928638,0.1913156
-1.0283044,-0.78475278,0.92817992,0.45763769
-1.5451755,0.33991493,-0.62446136,-1.3057994
1.3588935,0.48870472,-0.52596057,-0.61756715
-1.7316784,-0.56709,0.18801759,-0.2774164
-0.34490144,-1.5587318,-0.51253377,-0.25701763
0.10836468,1.3371677,1.4566639,0.75864199
-1.1461108,-1.7278468,-0.85106074,0.43020991
0.47374778,-1.8147545,1.180087,-0.91088575
-0.69835462,0.94757692,1.4815448,-1.3788687
-0.98771356,-1.5102234,-2.042809,-0.64274534
-0.51229845,1.5857208,-0.35347259,0.92480274
0.12992342,-0.39231377,0.27950565,0.089342514
0.36057421,-0.40014013,-0.069540041,-0.49491868
-0.84187867,-0.5105413,-0.25661373,-0.91545274
-0.14681594,0.74166373,-0.046077932,-1.1415305
-0.40732457,-1.7210572,-0.5372737,-1.8894608
-0.71306171,-1.1932376,-1.3977073,-0.17373473
-0.89138015,-0.093632436,-1.9401048,-0.22771525
0.052996984,-0.71494863,-2.995139,-0.63844678
0.27133134,0.17904964,-1.1410148,-1.3940744
0.50170411,-0.092053088,0.52924239,0.9378446
1.7943478,0.83299739,-1.1241441,-0.59377767
-1.9157383,-0.5545669,0.16982355,0.47503234
1.2808112,-0.1013759,1.2167291,-0.93561831
-0.5453377,-0.37928888,1.6737025,-1.9876295
-1.2186252,-0.027427963,-0.31676805,2.1356902
0.65094417,0.46185525,-0.31676805,-1.2157244
0.068646167,0.68536793,0.5813149,-0.907537
0.044904913,2.0013975,0.20144474,-1.1816067
0.044904913,-1.8454772,0.0094111541,-0.61231416
0.07025987,1.3883094,-0.28716571,-1.2587717
0.63186693,-1.4509164,-1.0414914,-0.80471933
0.62692526,1.0070276,-2.0295034,-0.95543043
-2.9272527,-1.2640766,-0.56281665,-0.53983078
1.0340417,0.77683857,-0.38679396,-0.83665996
0.18590106,-1.1852842,-0.10652677,0.085139857
0.29424372,0.57272079,0.51987925,0.49997863
0.1713325,-0.96482495,-0.64199957,0.010015921
-0.21622114,1.0233995,-0.093381288,0.89202066
0.67860361,0.37375904,-1.6170116,-1.3734155
-1.8088168,-0.81325008,0.36932094,0.28174075
-0.86479149,0.34213534,-0.58720548,-0.49329009
-0.28702142,-0.09625558,-0.64216368,-0.84178277
-0.41187767,-0.47208617,-1.1467232,1.1782177
-1.1295027,0.0044883333,-1.1467232,-1.5452544
-1.7856072,-0.91719978,0.65476451,1.533264
-1.4230244,0.083225528,1.069126,0.071394923
0.33388295,-0.54069013,0.85552452,-0.1316043
0.14365382,0.13911946,0.1626484,-1.3730178
0.23453373,0.034911583,0.1626484,-0.63787002
-0.79064628,0.10518824,0.6952308,-0.18061832
-1.8690107,0.30597862,0.31594157,2.5390106
-0.62107067,0.080300934,0.011357696,1.4608604
-0.1482145,0.030639583,-0.58721359,0.28889115
-0.70021828,-0.66465857,0.35530124,-1.0773597
0.84670258,1.7889321,-0.44373242,-1.2512739
0.81892266,1.9028458,-0.8488566,-0.069467438
-0.14114681,-0.77440289,0.48576725,-0.78347629
0.36826877,0.34126789,-0.05849429,1.0003402
-1.0860006,-0.75536768,0.71748724,-0.26982912
-0.28719094,-0.59007016,-0.11385826,0.84190765
0.16161299,-1.0340709,-0.20607805,-1.2278119
0.4100062,0.6190871,0.19450099,0.78470525
-0.64042114,2.2208702,-0.72070836,1.4267805
-1.3638238,1.8190468,-0.5390071,0.74759457
-0.38199098,1.2496001,-0.018954608,-1.2014961
-0.26709596,-0.83844945,0.50505544,-1.5215144
-0.95426259,-0.095274472,0.44750793,-0.20049598
-0.90817328,-0.40377335,0.23249514,-0.0051660649
-0.55593887,-0.95152809,-0.18131459,-0.70420547
-0.98143347,0.55751421,1.0632646,0.59373923
-1.2310271,0.65289601,-1.3155345,0.29103332
-2.2302466,-0.77483364,-0.99744046,-0.46431263
0.23432997,-0.058997597,0.62338969,0.52521968
0.54441775,-0.32061933,-1.4835292,-0.93951076
0.33577754,-0.11802058,-1.6019854,-0.698078
-0.75236465,-0.1121306,-1.3615586,-1.461988
-0.36687273,-0.40587038,0.91650578,0.72270191
0.22957982,-1.0959192,-0.19468356,0.11460924
-1.1303059,0.54639457,-0.27889179,0.67685574
-1.3382456,0.37065105,-1.2345862,-1.1573095
-0.48198499,0.73876909,0.54052772,-0.33315996
0.48466245,-0.84268816,-0.23065743,-0.094102642
-2.2270398,1.5063049,0.13282449,-0.061742316
-0.35784877,0.83226135,-0.17617695,-0.29591033
-0.84161647,0.27126804,-0.25749536,-0.33193382
-0.79373636,1.278863,0.91795764,-0.086451499
-1.0294384,0.52436664,-0.30275941,0.75654378
-0.88358991,-0.19642034,0.12825738,1.9976402
-1.8189377,-0.57427412,0.030483268,-0.50046536
-1.8915198,-0.90919758,-0.26241265,-0.43380619
0.37292848,-3.6337804,0.29772664,-0.4320161
-0.81871395,-0.068848836,-0.50754251,-0.075752131
-0.78701818,-1.6971945,0.34441443,1.4841123
0.15202883,1.3255684,-0.60342969,-1.3700597
-0.98184313,1.6627241,-0.76833805,-1.3178143
0.79558603,2.3354613,0.10704757,0.45837749
0.13139261,-2.8142701,1.9152183,-1.1705006
-2.7106962,0.58130743,-0.4946655,0.30634224
-0.14287856,-0.37442032,-0.45868402,0.17121136
0.56897529,0.0015666549,-0.4639166,-0.48250024
2.0777463,-2.5942409,-1.7298276,0.076632114
1.6754733,-0.090707749,-0.060410629,0.95279097
-1.6326695,-1.1595005,-1.0271378,-1.5674786
-0.45146788,0.85328627,-0.30662975,1.1013462
-1.3221841,-1.3638662,-3.4806034,1.2988402
0.64347832,1.3662457,3.1688732,-0.80151354
0.75304396,-1.267107,1.0027899,0.66483082
0.56180334,-1.1203734,-1.0460454,-0.27923063
0.41627721,0.63257785,0.71948758,-0.94443707
-1.1508424,-0.95214198,-0.80896652,0.70260802
-0.8905033,0.26337038,-0.87138662,1.5563871
-0.28108913,0.34593275,-0.19839107,-0.23150034
2.3751452,-1.7817526,-1.1005215,-0.080156499
2.3318985,-0.87935011,0.9552761,-0.81516788
0.55715051,0.13755846,1.98811,-0.41889008
-1.2000554,0.45122442,0.57278432,0.88997377
1.3187817,-0.69355973,-2.2305227,1.1563117
-2.1974612,-0.96212006,0.66036726,-0.88576943
-2.2279519,-1.0957834,-0.33093712,-0.27062064
0.32021635,-0.29844132,-0.37978828,0.27438156
-0.33544986,-0.15677684,-0.87764646,-1.5043205
0.34870457,-0.91552381,0.010360907,1.0443664
-0.77697523,0.40837933,-1.1229263,-1.5819308
-0.0084513969,-0.58077249,0.40797835,1.011536
0.91384844,-0.40526871,0.075159001,-1.0449444
1.713956,-0.19647831,0.17480201,0.022302744
-1.3657902,-1.2634652,-0.38312546,-0.44869386
-0.99413442,1.1318215,-0.26091562,0.061473552
-0.94340139,0.71853819,-0.10978896,-0.07625721
1.5027325,-0.35875823,-0.42812501,1.3829873
0.44784981,0.51345677,-0.037801723,2.5699484
0.16173152,-1.1090268,0.32260382,2.1100003
-0.76315305,1.3799253,-0.76029778,-2.8277473
1.0802295,3.2502652,0.34399652,1.216402
0.68338021,1.1424058,0.67658768,0.71040195
-0.32864698,-1.0111249,-1.3140663,-1.6980874
0.50222404,0.65696611,1.0506639,-0.77725184
-0.32548013,-1.1698557,-1.4408758,0.1619776
-0.1355016,0.52633502,1.4612461,-0.13883251
-0.68548444,1.1665905,-0.63952432,-0.051949373
-0.37896442,-0.93295521,0.702818,-0.94536332
0.024843033,-0.55191477,1.6901128,-1.0427081
0.50462294,-1.6374748,0.57510299,-0.63402975
0.32960369,-1.3869734,0.33455088,-0.25434321
-0.49508639,0.59255739,0.23106795,-0.18357394
0.017987867,0.40380397,0.92146216,-0.095331799
-0.6796454,-0.73972645,-1.3896119,-0.56130937
-0.14886291,-0.83618921,-1.1327169,-0.017533312
0.84409504,-0.34693329,-0.30929632,-0.084103135
0.46958757,0.0099084246,0.045128581,0.6655432
-0.22013614,0.16925953,-0.37741326,-0.26529775
0.12271183,-1.6066865,-0.26114076,-0.55108879
-0.82714789,-1.500334,-0.44919024,0.03165621
-0.95974095,-0.071030934,-0.37862363,-0.25424897
-0.65679114,-0.40551714,-0.27546064,0.0039300733
-0.55808598,-0.79635723,-0.31584724,-0.87388613
-0.21775298,-0.60127769,-1.7385092,-0.17632235
-0.22546434,-0.44985562,-1.0339117,-0.19588917
-0.41631094,-0.18607469,-0.32302832,0.61634936
-0.45574647,1.1683664,-0.95857567,-1.5447667
0.32921406,-0.87846912,0.22837776,-1.087853
0.24459759,-0.75690315,-0.56102932,-1.1077289
0.30394896,-0.34967423,0.10719909,1.5238602
0.50545324,-1.1834307,-0.65370546,1.414048
-1.7090836,-0.40971169,-1.3114783,0.98089242
0.55561397,-1.635072,-1.1097002,-0.0045942482
-0.31042054,1.1303942,-0.16007979,0.097011266
1.6056594,-0.31808705,-1.6896826,-0.53973224
2.3283162,-0.21264493,1.278058,-1.0347042
1.9393464,1.1583195,0.86630853,-0.28781273
0.016323511,-0.025493064,0.47394401,-0.033219446
-1.5237999,-0.08990199,1.9659449,-0.8906629
0.44806334,0.43694054,-1.3353097,0.43131282
-2.2587657,-0.036037968,-1.0382317,-0.13060529
1.504315,-0.40478571,0.57271987,-0.58982397
-0.053289642,-1.5733847,0.39742445,-1.0720345
-1.6978687,-0.1238976,0.17194457,0.57853756
-1.2686736,-0.10759301,0.29176795,-0.50890533
0.66752553,-0.32456776,-0.46190552,0.074521788
-1.4442434,-0.63989851,-0.60344851,-0.65110245
0.62289965,-0.21888162,0.11630474,0.15219771
0.46308388,-0.72583041,0.66009004,0.41317788
-0.07893539,-0.70529574,-0.86456376,-1.0222179
-0.34775634,0.3566225,0.65093724,0.55799045
-0.14828915,0.62405591,0.042289829,-1.4074626
-0.92428928,1.458296,0.23543015,-0.78569083
-0.2083586,-2.3750451,-0.5772616,0.3073691
-0.45894992,0.016145369,1.8234018,-0.94814314
-0.035148124,-0.30697218,2.4457521,1.1139224
-1.7984192,0.0045327501,1.9959482,-1.3582814
1.1578931,-0.38853867,-0.093517754,0.32073647
-0.60532102,-0.57971056,-0.86785168,-0.80268
1.4180724,0.099366886,-0.71826154,0.89573931
-0.44979872,1.0245832,-1.5095503,-1.2786217
-0.35419995,0.47925404,-0.14696097,-0.31108388
-0.12814655,-0.37817482,0.072353874,-0.49382021
-0.76666079,-0.24206555,0.43922635,-0.1686344
-0.64575187,-0.3759163,0.13106894,0.4283683
-0.23267284,-0.72536124,0.088292368,-0.57578977
-0.5013015,0.046590683,-0.21039008,-0.39632897
-0.66616369,-0.62159454,0.13541979,-0.42796289
0.81547659,-0.27134258,-0.90102418,-1.2435813
0.63912498,0.68184123,0.50892337,-0.8283487
1.1975136,0.022121222,-0.48853976,-0.4543901
-1.3530022,-0.55020429,0.45299902,-0.14648226
0.28787271,1.9104911,0.3271842,-0.30210388
0.44214755,1.7017455,-1.4159679,0.47600368
0.076737674,-1.7648172,-0.92489704,-0.86750721
-0.60486046,1.4477733,-1.7344548,0.26384513
-0.44884964,-1.7889025,-2.2412566,-0.96783389
-0.34629232,-0.57240585,-0.90286432,0.48456615
0.13779528,0.387193,0.26097057,-0.82159112
-0.40699318,-1.7052285,1.1569661,-0.93565711
0.058304148,-0.012147575,-0.026196013,0.3769423
-0.78720063,-1.2227444,0.57007191,1.4315987
-0.31104462,-0.56465886,-1.9863709,0.37477397
-2.1635603,-0.39585848,-0.069151969,2.8503627
-1.4355625,-0.5224145,0.26453153,-0.97514813
-0.66375574,0.790057,-0.24161843,-0.78037396
-1.2483491,-0.81899474,0.030795715,1.2600705
-0.9757868,0.39363893,-0.17421536,-1.9943726
1.6187807,-1.1569864,-0.69114689,0.91106383
1.1943296,-0.26429572,0.97384964,-0.67709307
0.44279708,0.085702066,-1.3051132,0.16978318
-0.19409696,0.57450031,0.48476419,-0.24002635
-0.27231494,-0.48992522,-0.7955032,-0.15553821
-0.54443818,-0.15767276,-0.96784497,-0.21356585
-2.2986001,-0.86698037,-1.4361,-0.090336448
0.91318531,-1.9568426,-1.1826535,-0.82135564
1.2481422,-0.3812497,-1.3137506,-1.0961874
0.85593098,-0.83098426,0.035985648,-1.7337353
-1.2753502,-0.00016110908,-0.24091032,0.80728593
-1.5012401,0.80703247,-0.12338622,0.54506397
0.46528396,0.57844906,-0.18646131,1.0075579
-1.2963138,-1.4625984,0.084570964,-0.26233007
-0.22105811,-0.050376019,0.10497546,-0.62241078
-0.30512863,-0.027372776,-1.290322,-0.40540969
-0.55831129,0.11459611,1.4740664,0.48578531
0.28485074,0.74855807,-0.27749113,0.26303631
-0.95019588,-1.1495529,-0.43593687,-2.0285699
0.33203135,0.72621848,-0.38794039,1.4924325
-1.4710662,1.1858018,0.29126378,-0.41711507
-1.1144244,-0.32174116,0.29649799,-0.45064622
0.43950298,0.9887657,0.56907211,-1.0090386
-0.81017742,-1.4950002,0.321947,0.47340925
0.2223791,-1.0048756,0.73459972,0.12563002
-1.5890418,0.45903941,0.77907819,0.13622373
0.62493071,0.34963469,-1.242385,-0.020461205
-0.06264248,0.0030508637,-0.69123691,0.11023505
-0.53853334,0.20253817,0.27757782,-0.74851705
-0.3328331,-0.61436336,-0.81550116,0.3259178
-0.30878158,0.016190712,-0.84857701,-1.3829624
-0.87636803,-0.59801558,0.36912366,0.29710882
-0.24261864,-0.41452054,0.28944086,0.18119015
0.54308669,-0.0083120916,-0.3315245,-2.4501879
-1.169674,-0.46571166,0.45938441,-2.1464261
-1.0684511,0.79136277,-1.0163486,-3.5846673
-1.7701901,0.055208078,1.4337652,-2.2559228
-0.61376598,-0.710613,-0.074569401,2.1843959
-0.045089429,-0.22504781,0.39996269,-1.4886428
-1.4525875,0.74617802,-0.023968206,-1.8676327
-0.38263253,-0.79589515,1.3159757,-2.2215075
-0.34349936,-2.0840742,-2.2595765,-1.0297386
-0.31204632,1.082534,1.9222152,0.59615984
-0.32225513,0.15557524,1.7099412,-1.4496497
-0.6792981,0.16629599,-0.40797246,-2.3338125
-1.4484171,0.69040664,0.59967879,-0.38277562
-1.0486914,-0.093030748,-0.80208147,0.20364335
0.37834125,0.22946892,1.1242331,-0.1712476
0.090863056,-0.29095282,-1.3493889,0.54690739
0.36150553,-0.67705662,1.1317726,-0.95847327
-1.1836545,-0.32697954,-2.0534132,-0.45055569
0.090675324,-0.17206045,-2.2072721,0.48200064
-0.45071693,-0.34301272,1.7958173,1.3731917
-0.82559505,-1.0741105,-1.4072143,1.8762815
-1.6129959,-0.10575335,1.8955512,2.2207149
0.87917369,-0.32599443,1.744116,0.14810713
-0.607243,-1.09604,1.0349438,-0.035413721
-0.6222257,0.5210427,-1.9391309,-0.69179324
0.35579997,-1.1439687,-0.84276983,0.36136331
-1.0353198,-0.6616487,0.75157391,-0.68187386
-0.015507529,-0.30323029,-0.87901585,0.096352811
-0.62030199,-0.19722387,0.35475136,0.99003837
-0.60882445,-0.7980433,0.31972047,-0.86274937
0.0071621897,1.1033196,-0.54377487,-0.43039908
-0.35444942,1.320765,0.58248043,0.29905808
-0.25741227,1.0050996,0.79889958,-0.7421941
0.27012615,-2.6907905,-0.11213656,0.2843571
1.421397,2.3524431,-0.20981429,0.8800246
0.52199436,2.0399066,0.95292804,0.40920012
0.23193386,2.1952766,1.2169989,1.7622151
-1.0161651,-1.0275934,1.0393598,-2.382003
0.39611141,-1.1283564,-0.45506431,0.033866825
-0.20216397,-0.20877554,0.92306241,-0.59603587
-0.29459755,0.45404927,0.64707873,-0.40061938
0.058602421,-1.6666995,0.153029,0.73407481
-0.12801489,-0.71124053,-0.46789781,0.52762359
-1.6739456,-1.4163448,-1.4755014,0.19092436
0.19672365,-0.50370121,-1.9731914,0.39748073
-0.62750743,0.18326897,0.65653325,-0.75151607
0.34802169,0.51299303,-1.0657756,0.37365127
0.13969197,0.53116411,1.0347921,-1.2033142
-0.62986255,-0.42392647,0.19790616,-0.76038337
0.37659627,-0.06408314,-0.92067515,0.25339268
-0.82577444,-1.2753948,-0.63823295,0.65385475
0.54769547,-1.030398,-0.66712533,1.4027488
1.1879941,-0.33719885,-0.5473075,-2.2155424
-0.015021939,0.4414372,-0.75347991,-2.7298995
-0.60944341,0.11508039,-0.7277552,-2.4260665
0.1921142,0.61915304,-0.020995498,0.64185597
-1.3722589,-0.6141067,-0.12071185,0.17635893
1.7835994,0.15905114,-0.14783791,-0.53085626
2.1342512,0.66046883,-0.236777,-0.38583556
-1.1309531,0.9361091,0.55864229,-1.0236695
-0.96134542,0.33009664,0.64263058,0.019428108
-0.83495927,-0.908198,-0.596858,-1.1097602
0.13659813,-0.79264022,-1.7771871,-1.0084143
-0.23330926,-1.1005088,1.3876932,0.14503208
-0.39436115,-0.24693549,0.012078922,-0.0075475163
0.65014201,0.11829156,-1.0491008,0.055203417
-0.79081465,-0.51175178,-2.4505843,0.019163305
0.044184036,-0.046803745,0.69249042,-0.43183322
0.77198932,-1.0595599,0.72522156,-1.1442097
0.86383413,-0.44481622,0.87001849,-0.27767225
-1.5810415,-1.0636289,-0.72743805,-2.0119368
1.2548758,0.62502181,1.0155673,0.99797064
1.2694749,-0.68898866,0.88095722,0.061760269
0.96909362,-1.0067596,1.4804359,-0.45122235
2.4629573,-0.97233637,-2.0970759,-1.8083594
0.52692734,-0.39349623,1.0184922,0.8081309
-0.73544563,-0.42014417,-0.60714297,-1.1607764
-0.72857928,0.23765707,0.4944974,0.76681767
0.1725715,0.36945996,-0.85348203,0.49740198
0.79591929,-0.58281706,0.35811254,-0.30850097
0.50857302,3.1699364,-0.15326118,-1.679728
0.60608031,0.84572086,-0.90337002,0.54700677
-0.16541383,-0.48135221,0.98291497,-1.0776787
-0.79761765,-0.46531447,0.096408556,0.54748125
0.096190895,0.11581516,-0.33584994,-0.84165617
-1.4238372,0.99753092,-0.38625908,-0.0096976652
0.91071282,0.69467301,-1.2788437,0.03140316
-1.9069018,0.76366936,-0.35499701,0.13011148
0.70344743,-0.11642045,-1.1060278,-0.59281508
0.6723967,-0.7291151,0.73355087,-0.64228668
-1.3028035,0.21138748,-2.0731371,-0.31852605
-1.7753089,-1.343555,-0.0092831588,-0.10200003
-0.19238379,0.06035666,-0.17164655,-0.13305933
-1.6575838,0.94831152,-1.0926601,0.28079145
-0.92400356,1.202857,0.52414354,-0.76764752
-1.0712306,-0.20711749,-1.1013976,-0.5932849
-0.26765854,0.058851753,0.73071111,1.3199536
0.60819353,-0.4780596,2.7535954,-1.7447193
0.054677383,-2.3682461,2.2881093,0.80817395
0.93921265,-0.81064833,-0.28515741,-1.2624108
0.60092686,0.41465493,-0.19025502,0.47128365
0.51056384,-1.7037068,-0.6124756,-0.79570441
-0.58690925,1.0155877,-0.54790346,0.58546621
0.29264289,-0.33246422,0.013920315,-0.4377769
-0.92381421,-0.04354869,-1.8706966,-0.061079194
-0.49352523,-0.019627135,-1.9159329,-0.33618517
0.35977365,-1.0064938,1.4978181,0.26072806
-0.2227814,-1.1189187,-0.59529531,0.22880201
-0.32687621,-0.47847108,-0.76956415,0.11864065
-0.63913366,-1.481498,-0.84907226,0.90549369
0.4041556,0.95549787,0.33271421,0.14360479
1.3392861,-0.11941765,0.67244008,-0.47645996
-2.6292188,-0.36084578,-1.5134903,-1.6021376
-0.49407626,-0.67818595,-1.5676712,0.3673959
-0.084965019,0.42728758,-0.98890392,-0.7556724
-0.59112492,0.60423241,-0.87748316,0.27603263
0.37775733,0.40735469,-1.2482257,-0.80820653
-0.49658807,-2.2629717,-0.19232694,-0.071723933
0.66538476,0.32087025,0.03925584,0.16660613
-1.0851905,-0.91205999,-0.16511051,-0.11655601
-1.2755924,-0.052622443,-0.31551787,-0.92038016
-1.3466751,-0.38144614,-1.7012203,-0.58638014
-1.5267637,1.3568396,-1.4341102,-0.088797657
0.89144969,0.18037211,1.5426836,-0.57000725
1.4407534,-0.58205252,-2.3626518,0.41608928
-0.13379236,-1.1966958,-1.2894178,0.48566723
-1.5504113,-0.31623469,-2.3537116,0.23441283
-0.91154907,0.12997741,0.085822139,0.52996744
0.76851543,-1.3579462,-0.023602666,0.49148044
0.18146369,-1.7963722,-0.34109498,0.4504709
-0.54256888,0.86032204,-0.65795598,0.51790595
-0.54905402,-0.43644046,-1.9707299,0.82164473
0.88258085,-1.5731742,0.22044124,-0.6204968
0.27346889,1.1272116,1.684988,0.17663193
-1.0692049,1.0379443,0.38910558,0.043567094
0.24607482,1.4256081,0.87669049,0.68049344
-1.1759135,-0.51179344,1.5708741,-1.2322098
0.57759014,1.9887102,0.024769917,-1.1727926
-0.52282576,1.1758696,-0.38891483,-1.3565082
-0.28305857,-1.2208448,0.75433029,-0.20820691
-0.47760629,-0.4229233,-1.257128,-0.083050761
-1.130742,0.068273632,-0.54598019,-0.15988449
-0.70352734,0.095633589,-1.5298543,-0.44941199
-0.0033210186,0.79216435,0.8682929,-0.66326924
0.048364703,0.62584529,1.1928134,0.2738277
0.10035337,0.35605598,-1.8012625,-1.4044605
-1.8001447,0.1900837,0.14832809,-0.82266771
-0.72866448,-1.3958549,0.41212209,-0.86102877
-0.57456284,0.34483515,0.97540545,-0.2951965
1.5552901,-0.05947178,-1.2672763,-0.10212959
2.0503993,-0.47331964,0.88070631,-0.36319496
-1.3368556,0.13864859,0.97875726,0.20178665
0.11694512,-0.96537156,1.0183171,0.52643277
0.066240872,-0.90925482,-1.8213691,-1.2335399
-1.0786941,-1.1225738,-1.2244788,-1.1149932
-0.10139352,0.45699339,1.0709072,-1.2571417
-1.3845612,0.65705532,0.45918196,1.3552675
-1.5342389,-1.2673614,0.76515691,0.13902072
0.39720353,0.78992908,-0.033970573,-0.8840614
-0.68924016,-1.1684393,-0.8714954,-2.4049975
-0.44172103,0.42756563,0.048422034,0.32185462
-0.70014669,-0.2547353,0.90216613,-1.3475162
0.57473799,-2.1367914,1.6817478,1.0369144
0.45667418,1.248284,-0.62723619,0.38282484
-0.68808336,-0.91391937,2.4980238,-0.36671666
1.001451,0.52642797,-2.0954116,0.044091043
-1.7214001,-1.0014291,-0.8670989,-0.81549129
-1.6198968,0.20569155,-1.0056032,0.98119168
-0.14580816,-0.58763904,0.72180282,0.65934725
-1.0355249,-0.45629746,0.25591559,-1.236977
-0.39792782,-0.57874094,-0.41944777,0.65696071
0.4616787,-1.6261173,0.076379345,-1.3532887
-1.0867927,-1.3067895,-0.081870456,1.000592
0.95542744,-0.8575285,0.4435997,-1.135167
0.94363994,0.36146857,1.2947587,0.12432151
0.61223723,-0.76032059,0.10072455,-0.15507178
-2.5112186,-0.23319219,-0.48884176,0.11499941
-0.58288778,-0.35501713,0.38249115,-0.52653892
-0.44203549,-1.0067703,-0.43254342,-0.074916538
0.020962059,-0.97572149,0.62458339,0.8111046
-1.2400077,-0.099180517,-0.73343186,-0.46927326
-0.46666504,-1.0397294,0.11560466,-0.8796558
-0.28969815,-0.94154098,-0.59278633,-0.29473137
-0.66078481,-1.61888,-0.22639702,-0.16890621
0.040685798,-0.12890929,-0.12672488,-0.73592074
-0.70240401,-0.6948504,-0.57506157,-0.59777683
-0.27647631,0.02256569,0.82007038,1.0572777
0.95736454,-1.1975518,-0.59210979,-0.10614378
0.53493708,0.046489276,-0.46540338,-0.12027458
-2.2030713,-0.59681543,0.20673442,-0.40026802
-0.98760082,0.46265645,-0.82546071,-0.50686801
0.68536919,-0.26949768,0.12999884,0.4776525
-0.5206044,0.42039248,1.4313286,-0.93800558
-0.031206043,0.021431938,-0.23711637,0.56610053
-0.77831301,-0.33652817,0.017063942,0.85441052
-0.91132584,0.070458625,-0.61024166,-0.11461912
-0.54539863,0.41028985,-0.53462498,0.23138572
-0.7441802,-0.07089256,1.4968418,0.20351017
1.3183079,0.36078135,-2.603461,0.047808859
-2.5791118,-0.87720846,-2.1706897,1.1642423
-2.1422838,-0.60369917,-0.1545194,0.092651459
-0.18735491,1.0117261,0.10516036,-0.8048711
0.00089864483,0.73072736,-0.47006752,-1.7362196
-0.62498076,-1.3327277,-0.60910569,1.8395109
-0.59020258,0.94639077,-0.40364401,-2.3062991
-0.40391856,-1.994544,0.53046799,0.15542986
0.2049762,-1.5653713,-0.18165998,-0.12039112
-0.39930865,0.88799462,-0.17525414,-0.49115409
-0.25717325,-0.009944129,-1.0578073,2.4496302
0.27358467,-0.66872237,-0.94878507,-0.070460093
-1.2688068,-0.74039254,-0.24505846,-0.32752827
1.1619455,0.68224043,-0.029244405,-0.28541652
-0.32129852,1.4868624,0.60532972,-0.01278993
-1.1223716,0.25652516,0.35460511,0.39049342
-1.1477338,0.34236774,-1.0305746,-0.95146894
-1.732792,-0.54880571,-1.0415801,0.53966114
0.58368355,-0.35389341,-0.77153123,-0.98064259
-0.021119917,0.34244061,0.1842389,-1.2051233
-1.5849703,-0.90260521,-0.095121031,-1.490655
-1.4092337,0.35189631,-0.94514503,1.0483511
-0.96664953,0.81582307,-0.81289104,-2.2440482
0.15895592,0.44056245,-0.42406131,-1.1033188
0.12277425,-0.77832511,2.0002161,-0.76254849
0.13611168,-0.48676102,0.45576565,-1.1707095
-1.5361784,-1.0819672,-0.92579926,-0.76986195
-0.95881172,0.99538311,0.74750014,0.021288705
0.6225847,1.5436206,-0.54825882,-0.06169319
0.386995,-0.63701959,-0.20933225,0.20546665
0.86886206,-1.3249862,-0.62637131,-0.3816847
0.16904915,-0.18482419,-1.4918349,-0.081451551
-0.85901532,-0.19759808,0.10016132,-0.43197799
-1.2342239,-0.14870798,-0.47562805,0.34264859
-1.2375027,-0.42240477,-0.39445113,-0.70559016
-1.7678879,-0.17221988,-1.7341721,-0.72204471
1.0252236,-0.31347049,1.1857221,0.65978773
0.88302113,0.049515825,-1.8169464,-0.33281152
-0.56469312,-0.89660202,-0.11049868,-0.12050336
-0.54112626,0.020370759,-0.46803546,-0.065813288
-0.35888287,0.71320693,0.46222482,0.18300005
-0.37769947,-1.1628166,-0.75814284,-1.1151137
0.41204201,0.40712711,-0.3390462,-1.4379308
-1.0508176,-0.35134464,-0.77144624,-1.4641109
-0.52161068,-0.095877482,-0.15518494,-1.2292111
-0.33333606,-0.71029081,-0.11321768,-0.091434075
-0.5120662,0.095737023,-0.75655514,0.53067625
-0.85758959,-0.34920201,-0.99982436,0.28465595
0.22113794,-0.077739233,-0.93673191,-0.92409512
-0.57078299,-0.25672489,-1.0751486,-0.518805
-0.79184844,0.98710125,1.133477,-1.5057659
-0.30791172,-0.58288558,0.32755101,-1.0243603
-0.21896994,0.49591592,-0.47882886,-0.2061778
0.76022447,0.61036323,0.61791374,0.18659271
0.22675262,-1.4578439,-0.10191599,-0.81797804
-0.59751976,-1.3592112,-0.21657546,-0.3020825
-1.2174967,-1.5860296,-0.20325983,0.52774431
-1.0753341,-0.39880866,-2.0136944,-0.46745525
0.45636735,-0.0079303416,1.7734095,0.7359629
-0.84908038,0.029928199,-0.82477708,-0.020078462
0.79083198,-0.19642043,0.47392154,-0.44228743
-0.42183972,-1.1933621,0.093930789,-0.41782811
-0.44953761,-0.77695151,-0.25846307,-0.32265535
0.77883164,0.19466837,-1.2420268,-0.83561601
-0.94412237,-0.25900677,1.43454,-0.32928758
1.2834719,0.65376565,0.62961104,-0.23955999
-1.7021329,0.52758785,0.6517784,0.46368108
2.0630514,0.844157,-0.012065727,-0.90002785
-1.6704129,0.46817858,-0.73547308,-0.83261526
-1.3258419,0.36035019,0.69008009,0.0049145758
0.3202815,-0.12627304,0.34051957,1.34713
-0.88419179,-0.58055673,-1.8814716,0.2824382
-0.24254619,0.37886749,-1.4263098,-1.214323
0.47567542,-0.3870956,-0.14151763,0.71059104
-1.1377664,0.35122808,-0.68563374,-0.012968597
0.322231,1.097518,0.36962065,-1.8272043
0.48005107,-1.7350897,-0.67984316,-0.98747711
0.46232354,0.14096999,-0.37153886,-0.1413005
0.73088058,0.0021123129,0.046268912,-0.2172199
-1.0605611,0.9619824,-0.38127824,0.37606364
-0.51880916,0.19917061,0.18210337,-0.36821306
0.12712532,-1.8887364,-0.16411521,-0.18420156
0.06709512,1.2529864,-0.84885156,-1.3599748
0.63025967,-0.31979972,-0.22002792,1.0624931
0.78944452,0.82207736,-0.20278461,-1.6088352
-1.0343322,-1.3879996,0.93988616,1.1492417
0.636175,0.66939008,-1.1323918,0.76034829
0.07136954,1.4190885,0.7765008,0.77005351
-0.012125964,-1.7707606,-0.80626652,-0.79890014
-0.13912098,0.72363487,-2.0985127,-0.85505819
-0.47356212,-1.0355319,-2.573318,-0.46415954
-0.37382012,0.4174021,0.51247069,-0.28855835
0.85200746,-0.29556944,0.84467076,-1.9674332
-1.5697335,0.10126272,-2.2021449,-1.773142
-2.1342705,-0.15917756,-2.0687996,0.84070488
0.48962724,0.071404714,-2.4046884,0.66828586
0.71524596,-0.29235042,-2.5121015,-0.56954433
-2.3286187,-0.82761096,1.172342,1.2493289
-2.1260808,-0.61946992,-2.0641018,-0.90780818
-2.3715473,1.1314252,1.7163976,-0.45129973
-2.4938949,1.7052761,-0.90039131,-0.085114504
1.1352034,1.9403745,-0.63167802,0.32872386
-2.3347704,2.0852465,0.39809205,-0.78774906
1.4456558,-2.2722794,-0.19393535,0.28324242
-1.1708208,0.95035599,-0.72015766,-1.1393307
-0.71408071,1.9334389,0.40456964,0.57134442
0.2607885,1.120657,-0.55033604,0.253959
-0.50507166,-1.4153636,0.068125735,-1.1952976
-1.0202705,0.88204713,-1.2661714,-0.55345455
0.51187528,-1.5307956,1.3928244,-0.23358695
-1.14449,-1.5695425,1.4695548,0.49896205
0.36619455,-0.22215547,1.5600404,-0.22846212
-0.97632244,-0.091921308,-0.61069614,-0.21287851
-0.67958305,0.29823731,0.67793439,-0.25026918
-1.9027104,-0.89326018,0.65360879,0.08395315
-1.5275967,0.17514067,-0.038199886,0.4652998
-0.77556817,1.9806415,0.20281347,-0.21759776
-0.010002172,-1.1419364,0.0029944839,0.89436602
-1.6504451,1.0857519,-1.1329238,0.67178386
0.37700093,-0.75551889,-1.9233197,-1.0514455
-1.6066968,-1.6701125,-0.42738361,-1.1661546
-0.20096392,-2.8767696,-1.1696864,-0.35867428
0.57033778,-0.84575213,0.76620376,1.4021855
-1.2861341,0.26804452,-0.48753369,-0.35934219
0.24609563,-0.061336781,-1.6050422,-0.91693167
-0.10762962,-1.6332556,1.4196513,0.97681238
-1.0010455,-1.1596933,-1.7725329,-0.71182264
0.4836335,-0.19480474,-0.58653359,-0.97833589
0.68616036,-0.35638894,-0.14540557,-0.78515465
-1.4617162,0.69669057,-0.21646399,-0.38665088
0.22573925,0.72892299,-0.51266352,0.29502194
-1.402629,-1.0817553,0.33760937,0.55487457
0.053787747,1.0336966,-0.61332285,-0.96211725
-0.073654893,-1.3256353,-0.56538746,0.25949296
-0.041332076,1.6691807,0.37241274,-0.67881565
-0.25172023,1.0318526,0.27608731,-0.44599173
-0.525806,-1.5383761,0.2143718,0.31526877
0.17293682,-0.088154735,-0.1343877,1.2968541
0.042719982,-0.72109039,-1.0295381,-0.33548852
-0.5418221,0.1651697,1.2144598,-0.0184474
-0.81800202,0.17449903,-1.2792119,-1.060633
-1.4403537,-0.59439912,0.44361282,-0.53871781
1.0742421,-1.915677,-0.78469268,0.3671953
-1.1738127,-0.47044821,1.3934006,0.79097627
0.62915592,0.1934238,0.45674431,-0.97398614
-0.055458211,0.4167055,-2.2737858,-1.281489
-0.25693478,-0.43019694,0.19971441,-0.40947966
-0.59719242,0.41714071,0.11645438,0.39889391
-1.659175,-2.0342708,0.12999078,-0.74969931
-0.20240105,1.1915426,0.0072861885,-0.90181194
-0.17449672,1.1603551,0.045431553,-1.005031
-0.029493316,-0.058231944,-0.42884319,-0.45523318
-0.15951307,-0.57554461,0.056914729,-0.023669136
-0.014380883,0.096449247,0.10094171,-0.49299678
-0.46219507,-0.5946118,0.23755601,-0.1257841
-1.9265853,-0.53404268,-1.3783792,-1.6826109
-0.3382468,-0.10715773,-0.17068431,0.83166259
-0.12897189,-0.24462489,-0.64146436,-0.54306552
-0.34207883,-0.43436062,-0.31099559,-0.19741701
-1.2822188,-1.3958664,0.28459139,-0.57070625
-0.052498893,0.60927396,-0.3262632,0.05431267
-0.63818696,0.39727044,-0.76975765,-0.27394588
-1.0203724,-0.98888569,-0.31534116,0.036137433
0.27512303,0.6548431,0.2421422,0.099737038
-0.17305243,-1.3132075,0.30386637,0.59974533
-0.75695026,-0.30565848,0.54295491,1.5164565
-0.15920666,0.27356714,-0.6585681,0.96318024
-0.50473128,-1.0487805,-0.40783017,-1.6905198
-0.03819319,-1.5879401,0.0018348994,-0.18504563
-0.18157855,0.9329193,0.38531684,1.3081102
-0.63725103,-0.001462391,-1.0270143,0.36891578
-0.34179388,-0.88543336,0.97270203,-0.68320949
-0.60322364,-0.61849456,1.4261076,-0.75203566
-0.52537302,-1.1254209,1.2185263,0.48457956
-0.1229483,0.26973165,-1.4899436,2.0082852
-0.22297912,0.57031326,0.1620153,1.4562006
-1.2279365,0.61995002,-0.45113241,2.2226099
-0.82576457,-1.3403846,0.17513092,-1.8507655
0.16690599,0.90575048,-0.67575961,-0.86563415
-0.8293534,-0.86834195,-1.3079823,-0.79330083
-1.4258466,0.50848337,-0.14405689,-0.79326083
-1.8492041,0.19835676,-0.48459165,0.37155768
1.9628164,-1.0955033,1.7883687,-1.4475722
2.3412862,-1.4895966,-1.2152507,-1.1077642
-2.8175231,1.7370275,0.63091311,0.73782589
-0.3309871,-2.0327133,-0.67664983,1.1652107
-0.60490327,-0.62623389,-1.6426835,-1.8813989
-0.50882742,1.2169669,0.41389041,-2.1090797
-0.83621388,0.20732416,-0.72061122,-1.9926489
0.9777172,-0.31571774,-0.61360163,1.7993087
-0.26788139,1.0152629,0.48388529,-2.8826746
0.40065011,0.66300467,0.16511737,0.66123873
0.15453474,-0.99641052,-2.0837378,-0.63500557
-0.94323093,-0.91055364,-1.0738406,0.057235332
-0.42661291,0.24086348,-1.1028119,-2.1978412
0.24596239,-0.39542312,-1.5088775,-2.3325662
-1.3756928,0.27865459,-1.6588481,1.8121532
-1.1227072,-0.74607344,-0.09466271,1.6900078
0.4189092,-0.85062094,1.4669116,1.5431488
-1.7647117,-0.62363769,-0.26027354,-0.95155433
0.37294179,-0.41369925,-0.097461961,-0.61829033
-0.60290315,-0.57692558,1.0989642,-0.14077104
-0.9747011,1.342846,-0.41912054,-0.23992385
0.69282308,-0.26051237,0.78673161,0.059293316
-0.27561124,-1.6166616,0.16224342,-0.63435183
-1.0528402,0.48412936,0.049759862,-0.8244967
-0.39943743,0.14779867,-0.52156354,0.71232546
0.92440985,0.008641098,0.40812748,1.5523496
-0.72724547,1.2771435,-0.90149107,0.19143362
-1.0801669,-0.055260909,-0.12969493,-0.82531156
2.1321163,-0.89054266,-0.23699469,-1.0259926
-2.1806184,0.19907697,-0.16627117,0.84239271
1.9630835,-1.6580368,-0.44127243,-0.77679363
-0.42553501,-0.53333116,0.062352212,0.82731112
-0.3652621,-0.58674556,-0.1322254,0.68643871
-0.36003439,-1.9448723,-1.1857624,0.85852863
-0.55315407,1.2121949,-0.8076098,-1.1030717
0.094404163,-0.94897374,-0.061795539,0.35118081
0.78171318,0.28503192,0.35891713,-0.85395607
0.13908878,-0.4589845,-0.84244561,-0.50562563
-1.0693051,-0.35339079,-0.13385353,-0.65735733
-1.4503347,-0.022008159,1.4884193,-1.0334815
-1.2689291,-0.27273359,0.63759592,0.76052875
0.070006292,-0.064068663,0.18598807,-1.1798018
-0.079719442,-0.006645469,-0.44899218,0.60169281
0.88976692,1.2908726,0.8109922,0.51076886
-1.3274525,-0.74818858,-0.9145658,-0.91264546
-0.11370485,0.20418477,-0.67868433,0.3773035
-0.63361725,-0.30113135,-0.83216244,-0.99314168
-0.7884367,-0.18454398,-1.5497461,0.20838246
-1.4383293,-0.11078562,1.0547597,0.21558724
-0.6290295,1.1153321,0.72878578,0.45317394
-1.0113713,-1.3750438,-0.65312661,-0.71945437
0.45681873,-0.28547788,1.2748986,-1.5374052
1.8319294,-0.17157102,0.39824757,-1.8726228
0.43365107,-0.68562152,-1.7600517,-1.1447387
0.27164685,1.566176,-1.6559838,1.0136701
-0.93241933,-2.2313766,-1.794475,0.087113275
-0.78928199,-1.3190732,-2.9354865,-0.50715832
1.2098297,-0.74228307,0.7860501,0.4555846
-1.951003,1.5075761,0.24024801,-1.2827133
0.67350046,-1.4873019,-0.5909371,1.0404097
-1.1780921,-0.66629581,-0.065385357,-1.7963764
-0.17744783,-1.3352924,-0.74641084,-2.8309799
0.39111663,0.17821452,-1.9630883,0.37686086
1.1662595,-0.23428094,0.81689709,-0.9294753
0.26708493,-0.65570631,2.1914478,0.77820465
-0.24881454,0.54623241,-1.4540101,-1.286367
0.5872114,0.40680771,-1.2049854,-0.22929507
-1.1871592,0.19817732,0.77886284,-0.4548215
0.37671735,-1.5227561,-0.24056531,-0.51561025
-1.1032419,-1.4433467,0.95938765,-0.25925969
0.89178443,0.35850283,0.72449591,-0.33585189
0.00098397053,-0.71070726,-1.1502676,0.98663691
-1.1308394,-0.73857232,-0.38402445,1.2774838
-0.4362896,-0.057286858,0.036382581,0.38713717
-2.0280717,-0.096605971,-0.30932463,-0.64370367
-2.2130213,-0.067056063,0.90704473,0.24823818
-2.1950042,0.26871798,-0.8080938,0.87045433
2.3411956,-1.6303136,-0.48953634,1.4147744
2.6160635,0.038270333,-1.1404047,0.49448964
0.48665832,-2.3240442,0.1401106,-0.85870742
-0.83993471,0.46139888,0.61758689,1.059027
0.22800112,-0.52178828,-0.70393047,1.525886
-0.22975452,0.3662063,0.40513918,0.40866003
-0.31888068,0.4592363,-0.094259021,-0.58362229
-0.31264251,0.62489128,-0.75452721,0.23924528
-0.37928545,0.04151439,-0.015548711,-0.35245127
-0.27747527,-1.2250888,-1.854918,-1.2196314
-0.83341105,-2.1200929,-0.17245974,1.1085317
0.251829,0.81005639,0.61817223,-1.4717697
-0.79382523,0.61626454,-1.6782548,-1.208397
-0.71251074,-0.69163174,-0.24123939,-1.3046114
0.043109436,-0.27076606,0.46274739,-0.761801
-0.21212359,-1.3984888,0.35434485,-0.040936904
-0.81987972,1.3594265,0.45150726,-0.25171701
-0.91821161,-0.85454122,-0.7730408,1.0077229
0.17220075,-1.2631532,0.39566634,1.6030872
-0.82267182,-1.8310188,-0.18740088,-0.7647039
0.26571651,0.9699904,0.43172423,-0.17493826
-1.1915817,-1.1866708,1.2820197,-0.2470232
-0.76543176,-1.0435871,-1.5948394,-0.12526111
-1.2840477,-0.51241138,0.26495568,-0.4685091
0.39291923,-0.60549533,-0.1548226,0.23680047
0.44386245,0.1959896,0.15973627,-0.90826077
-0.84270815,-0.6213545,-0.080332041,0.049837575
-0.075407324,0.13627552,0.30161019,0.33947901
-1.0525868,0.63161823,-1.6272644,-0.97471909
1.4761501,0.4465845,-0.9377231,-1.2324086
-0.80643371,-0.66160429,-0.3186502,1.3752197
-1.1824232,0.30772737,1.742397,0.51756837
0.72075744,-0.11750799,0.42578107,0.2264876
-1.811854,-0.055117238,0.051475143,-0.66106571
1.3230347,1.1053708,-1.5372842,0.18420448
-0.69536586,-1.2807078,-1.4781387,-0.30637474
-0.55730328,-0.015933248,0.99057118,-0.2720226
-0.97382461,-0.38192615,-1.6503333,-1.2455031
0.64411922,-0.0030314343,1.3371085,-0.61635934
-0.050704359,-2.7738893,0.92868088,-0.66253836
-1.6983372,0.63235553,1.0773224,-0.41380476
-0.28805274,0.27310864,0.63803878,-1.2011518
0.094818659,-0.24281906,0.49972217,0.02395773
0.73355142,-0.48595998,0.23392572,-0.12191822
-1.48145,1.0974636,0.5839169,-1.0462727
0.53193302,-1.5340903,-0.4031508,0.63847849
-1.2698356,-1.7155676,-0.90466034,0.018992002
-0.78540466,0.28424528,-1.5460735,-2.0765881
-0.82391389,0.13461648,-1.691936,-2.047056
-0.78311703,0.44345251,-0.1426344,1.122655
-0.64504028,-0.15609873,0.4351062,0.7466998
0.2274411,-0.34208103,0.97966744,1.5968261
-0.61510062,-1.0082847,-1.3014655,0.33178255
0.016299605,-0.54754456,-0.2827685,-0.44888037
0.83373499,-0.81627036,0.77248285,-0.41405851
0.94004477,-1.1462182,0.051402293,-0.4211469
0.83172465,-0.3770375,-0.90978569,-0.88614441
-1.7136472,-0.93679295,-0.60284103,-0.4436663
-1.2046522,-0.89621012,-0.27142746,0.62331309
-0.3035607,0.44824531,0.031305439,-1.6832105
1.013412,1.2688273,-0.0099486727,-0.58260901
0.98627773,1.3586727,0.067487408,-1.0425685
2.1114578,-1.8486323,-0.57423375,0.67000689
-1.2154067,-1.0422885,1.3055349,-0.27512593
-0.85755819,0.5394225,1.1880116,-0.11599326
-0.19485326,-0.10039836,1.1226361,-0.10654004
-0.43071678,-1.1818472,0.66597616,-1.6048835
1.6832784,-0.91726663,0.22013356,-0.32998256
0.25118696,-0.11249413,-0.60840678,-0.076342722
-2.0676913,1.1378902,0.15660381,-0.132745
1.4015396,1.1137762,-2.290121,-0.028415637
-1.7077113,2.2710947,1.9101598,-0.2655142
1.4081442,-1.1281799,0.49264534,0.40541348
-2.136003,-0.76306692,0.18897812,-0.36118344
-1.3147638,-0.084868622,-0.43803098,0.77321584
-0.28434842,-0.34934284,-0.46304439,-0.67959659
0.47885749,1.8600346,0.33057592,-1.2665106
-1.452692,2.0238478,-0.2250338,-1.8142123
-1.2581554,0.31180836,0.68930587,0.88136507
-0.88152381,-0.60725736,-1.4450565,-1.2447984
-0.93882924,0.16302212,-1.7951515,0.82471408
-0.59753383,-0.52254164,-1.6818528,-1.0094427
0.26176072,-0.10754756,-1.5944153,1.0198642
1.1413788,1.0375543,-1.7150735,-1.2424515
1.3334399,-0.93747009,0.81803394,-1.2595499
2.0104168,0.42365023,0.31622499,0.13866225
-2.3839867,-0.24190922,-1.832626,-0.37779217
-0.66242223,0.2776432,0.24086477,-0.44521917
-0.63580346,0.74935088,-0.5287191,0.053567104
-0.86652714,0.7876958,0.15476838,-1.1763485
-1.0367478,-0.16091845,-1.4566952,1.3744082
-0.24385045,-0.89522579,0.79937881,-1.0006946
-0.1557168,-0.13262061,0.73182276,-0.53194029
0.042852057,0.28713652,-1.0459005,-0.8599346
-0.62253396,-1.0515923,0.79615021,0.30344418
-0.70107124,-0.15072039,-0.0089710536,0.39086808
0.030673171,-0.58692566,0.069054608,-1.0758406
-0.6372788,-2.4316702,-0.46879371,0.41604592
0.5691897,-1.7201348,-0.54781446,0.56280222
-0.15184739,0.65618711,-1.0795465,-0.063915561
-0.28248968,0.05895803,0.12946818,-0.11740448
-0.52214677,0.80034086,-0.10097893,-0.57421595
0.41229899,-0.99102169,1.3680451,-0.89509902
-1.695458,-0.70823595,-1.5113609,-1.0501509
0.15320523,0.37237244,0.069494117,-1.3922557
-0.24554975,-0.11309735,-0.00035949123,0.91953575
-0.63506188,0.32508262,0.24719707,0.025376916
0.23784785,-1.070378,0.18256673,0.56802864
0.033545302,-0.93752575,0.63931187,-1.5340884
-1.4150074,-0.90401791,-2.7197565,-0.48054895
1.0807907,-0.047027918,2.3132837,-0.41975483
-1.4083162,0.49167233,-0.37701781,0.087225299
0.60695121,-1.0333596,-0.60087495,1.222604
0.65154386,0.63100105,-0.61042286,0.92028964
-1.2016385,-0.84313374,0.65215638,0.63142278
0.73087149,-0.068423596,-0.36878964,-0.49298317
1.5322442,0.1599793,-0.38146755,-0.9119862
0.76446367,0.16823157,0.46938279,1.1539935
-0.35372699,-0.34122133,0.28704163,-0.13716775
-1.9899803,-0.43650545,2.0398857,0.3826614
-1.2089022,0.14561391,-1.1631841,0.44020823
0.52196778,0.27552894,0.35921044,0.11599218
1.5337813,0.03180853,-0.7449654,0.047583091
-1.5064506,0.37933304,-0.76148075,-1.3225321
-1.2446073,-0.33723906,-1.6171871,-1.0721745
-0.51756678,-0.40179199,-1.0722041,0.57505737
-0.25870621,-0.80260108,0.018428432,0.41156093
-0.78120271,-0.74374461,-0.99429843,0.58667226
0.053108033,0.70915094,1.7320401,-0.14651948
-1.2730633,1.7055454,1.8935638,-0.13067449
1.4352077,-1.4580075,1.8794779,-0.22297809
1.1319157,-0.66785381,-2.3118413,-0.25152043
-1.3767799,-0.083489362,-2.4105639,-0.80332569
-0.079731019,-0.81139948,1.126056,-0.77306379
-0.42410762,0.13142642,1.5597903,-0.98174583
-1.5027343,-1.2139803,0.17352889,-1.2134504
0.56847891,1.5946918,-0.38314563,0.032683286
-0.3873568,1.2863349,-0.39906708,0.33138611
-0.041590589,-1.3318678,0.44090374,-0.82986253
-0.8748878,-0.25559283,-0.26792199,0.55405788
-0.86683319,-1.1294612,-0.27564579,0.24039191
-0.063561334,-0.3836588,0.35299504,0.045343706
-0.77037757,0.43599937,-0.9308757,0.095440147
0.19382135,-1.1749765,-1.2788327,2.0478927
-0.94773913,0.29350242,0.85775827,-2.4452262
0.92980209,1.1341765,-1.1011119,-0.36282723
-0.46843284,-0.97840257,-0.29866874,-0.060601718
-0.26673026,-1.054276,-1.2150351,2.2058689
-0.60346829,0.13150094,1.3685712,0.19944982
-1.0598952,0.99995345,-1.2880989,-1.0896675
0.48112295,1.5102598,-1.1876879,-1.5966947
-1.236096,0.58414335,-0.29929588,0.015195349
0.22857165,0.75903224,-1.1187121,-0.24658337
-1.7628789,0.31145248,-0.15487632,-0.20951561
-1.3384653,0.57249759,-0.17698913,-0.5330071
0.77872066,-0.95997106,-0.32537352,-0.5526322
0.55260479,0.69742648,-0.095440731,-0.76967498
-1.0884066,0.32612339,-0.1346622,-0.17944768
1.3120116,0.37853396,-0.38503772,1.6448879
0.62794902,0.94032869,0.67121311,1.4377485
-0.83213471,0.88967342,-0.32462396,-1.0857605
-0.093032138,-0.33801685,-0.58691398,-0.85662891
-0.68511442,-0.97671022,0.55921286,0.44713233
-0.26483781,0.22127681,1.3506141,0.066932208
1.436467,-0.80615424,0.50506802,-1.1293863
2.2496083,-0.17031102,-0.88115745,0.42590808
-2.9370524,-1.174531,-1.6520726,-0.55306442
-1.64089,0.83174537,-0.15387453,-0.61454651
1.5530522,-1.7270112,-0.46672088,-0.56980914
0.036927248,-0.99148599,-1.3622809,0.085320177
-2.3224578,-0.67091073,-0.73396731,-0.8070567
-1.2014746,0.5533552,1.2572488,0.26374453
0.21144232,1.3100294,1.3846177,-0.67903291
-0.86873079,0.33041409,-1.2403906,-0.37484555
1.2769605,-1.058436,-0.43901122,1.0625959
1.4879841,-1.6917712,-0.32505213,0.1108707
1.5250026,-0.12542242,0.039838466,-0.068998387
1.6418542,-0.12542242,0.8531193,-0.015810887
1.015899,0.46140703,-0.78063187,0.34028299
-0.40069084,-1.2080907,-2.8639879,0.1998388
-0.16370068,0.54872794,-1.4913672,-0.057842187
-0.58320427,1.2905157,-3.3492333,-0.12321094
0.26074425,-1.7503663,2.4628006,1.6399977
0.16900149,-0.039932313,2.1033588,-2.6373872
-2.7560407,-2.0214057,0.14659221,1.8033837
0.63846328,-1.1377216,0.66067384,-2.3118779
-1.1715693,-0.48937628,0.71449149,-0.85971407
-2.0275021,-0.0068941,0.52498815,0.75375887
0.68408879,-0.23966177,-0.05634073,-1.0556122
0.34707311,-0.47501475,-0.71880806,-0.14839651
-1.1514247,-0.72191005,0.63851581,-0.1513632
0.32067181,0.15100286,-0.045539447,0.28938314
-1.1049043,-0.61153498,1.154184,0.24450908
0.42503879,-0.18881372,-1.6902145,-0.65194023
-0.16959312,-0.16972533,-1.1315801,0.16796053
-0.66288085,-1.6453298,-0.13560595,-0.94154833
-0.035042878,-0.93447525,-1.5516255,-0.60517053
-0.44425762,0.31162964,1.1217232,-0.67017471
-0.0082894395,-0.60601812,0.71254875,-0.57892507
-0.88270309,-0.72492659,-0.077258475,0.45844413
-0.69822399,-1.795745,0.84982102,-0.84016454
-0.5460944,0.9155758,-1.1978643,-0.82413981
-0.10972827,-0.23497344,-2.1876938,0.00023789869
-1.9555211,-1.1742435,-1.3219675,-0.66139414
1.3160349,-0.42209761,0.10717485,0.27813281
-1.3392542,0.45259897,0.055691335,-0.8025293
-0.054172668,-0.13626084,0.031177484,-1.6355638
-0.82722012,0.91791748,-0.38040978,-0.85026195
0.027341384,1.9328748,-0.165972,-0.79500486
-0.70577066,-0.92678941,1.0149877,0.49417072
-0.69033952,-0.78871192,-1.2237494,0.82128804
0.81586543,0.20076915,-0.27929586,-0.47644964
1.682565,-1.0957584,-1.3642624,-0.49811192
-0.25358864,-1.0211282,1.2329066,-0.23568841
-0.40737468,-0.9080488,0.75233324,-1.0236868
-2.685407,-0.1540866,-0.43868207,-0.6992934
-2.0828309,-0.68426668,-0.60226126,0.46949814
0.78002045,-0.59223515,-0.77467644,-0.84383827
0.51715715,-2.2578932,-1.0354431,-0.11301492
-0.44407024,0.29752808,0.77258865,0.76107814
-2.0445177,-0.83837804,-1.3822146,0.40320428
-2.8717707,-0.39240227,1.126517,-0.81089483
0.11466158,1.187936,-1.6990787,-0.46649387
-0.47076311,-1.6836968,-1.55828,-0.7612176
1.0380095,-0.48419727,1.416613,-0.29925339
-0.34180089,-0.44032614,-1.7589745,-0.5940573
-0.021613471,0.29556136,-1.646463,-0.34898734
-0.1163792,-1.5206778,1.5246144,0.22297124
-0.059701358,-0.039756527,-1.0352831,-0.3025834
0.3127408,-0.81678686,-0.63103527,-1.2008719
-0.7190234,-1.3259242,-0.23038757,0.052663471
0.63970859,-0.89049897,0.12555261,-1.0311496
-0.092309272,-1.1070316,-0.65158602,-1.2291259
-1.4561902,-0.9309746,-0.3245781,-0.78171792
-0.63143656,-0.45018557,0.0075595668,-0.88848313
-0.066308893,0.57786724,-0.050799597,0.39794827
-1.1372976,-0.5377201,-1.8365108,0.44328894
0.26707759,-0.8069398,-0.031858998,-1.1388326
-0.77612198,0.18680896,0.070258491,0.81886151
-1.2804312,0.22307291,-0.089707009,-0.32051253
-0.90694313,0.084874279,0.6302206,-0.2234817
1.1510724,0.43005047,-1.7680744,-0.058659662
-1.5146473,0.004190041,-0.70101077,0.45561181
-1.3814541,-0.027897016,0.40920484,0.30105979
0.57941816,0.02402518,0.79607784,-2.664797
-1.8604029,0.53110684,-0.92521627,2.6213485
-0.74047558,2.192556,1.3603962,-1.9999368
0.38777983,2.3137028,-0.75657429,-1.2218804
0.67367953,0.90298474,-0.41372245,-0.75150608
0.54853835,0.57908514,-0.42611758,0.060330342
-0.89129117,1.1394776,-0.53980122,-1.7768174
0.27650642,-1.2140306,0.066800902,1.010294
0.52151896,2.3129205,-1.0845444,-0.4763204
-1.45244,0.11180724,1.0360258,-0.24581596
1.6317877,-1.6282383,-0.87954607,-0.056457372
-0.65391352,-1.3017263,0.056560317,-0.67178043
-0.65391352,-1.3351163,-0.091533802,-1.3193965
-1.212354,0.27542922,1.5588559,-0.12854673
-1.3484201,-0.40403618,-1.0333352,-0.94855545
-0.33519521,-0.69854173,-0.80649074,-0.58703154
-0.13088977,-0.77457733,0.73256021,1.2291156
-0.23305877,-0.12092314,-0.68193392,2.0347605
-0.18623338,0.47846102,-0.53197393,-0.75335253
1.0991375,-0.085412086,0.12314626,0.29634116
-2.1112919,0.61936585,-0.20919879,-0.72168934
-1.9936424,-0.91002074,0.079644035,-0.46853596
-1.7440053,0.62837376,-0.76528472,-0.71995294
0.96107424,-0.28206597,0.035088449,0.077442289
-0.46710744,1.3674646,-0.82574798,-0.6878373
-0.59692385,0.773762,-0.99679329,-0.61521241
0.071398774,-1.4864659,-0.51852515,-0.53832529
-0.71671551,0.12469093,0.23865963,-2.204171
-0.35192037,-0.10837321,-0.56730561,0.2280318
-0.75112118,0.32887499,-0.12743049,-0.72873702
-0.18215093,-0.087842283,-0.45675558,-0.37227889
-0.67677421,-0.96397354,-0.64901143,1.1243834
-1.5949676,0.34550229,-0.47918567,-1.5789058
-1.4393348,-1.1589946,-1.2675005,-0.48195124
-0.19842616,1.3142268,-0.0090785898,-0.059666409
-1.1461428,0.50933677,-0.65259935,0.51112523
-0.27056413,-0.94226863,-0.96088986,2.2431072
-1.0833203,-1.9953515,0.62050432,-1.9601208
-0.14681742,-1.3861628,0.1058874,0.031747077
-0.72154173,1.5378115,-1.8986945,-1.0505177
-0.37908709,-1.775349,-1.4555503,0.16862895
0.43185281,1.4801254,1.1849222,-0.50100948
0.58913119,-0.76372188,-0.24991231,0.86445484
-0.0066182969,-1.4326829,-2.4502,-0.078522724
-0.69986998,1.3813683,-2.8626857,-0.30310701
1.7733276,-1.3520929,2.1348352,-1.2171778
1.7131809,-0.77670182,0.67123588,-2.3172857
-0.66645261,-2.0182547,-0.92318075,-1.9921363
-0.18027836,-1.3100741,1.059591,0.48813425
-1.0506679,1.4876615,1.3056859,0.85583052
0.78976988,-1.9746483,-1.5897949,1.4883454
-0.58832683,1.4893218,-1.1026786,-1.6370834
-1.5269991,-0.74379453,1.264352,0.72189694
0.38722506,-0.69549341,-0.084804005,-0.71656844
0.87762611,-0.91274345,1.1994152,-0.28354288
0.87562137,0.61183895,0.13311232,-0.11750742
-1.1628173,-1.0311626,-1.4283309,-0.07773839
0.15204846,0.18055733,1.1458749,0.56082522
-1.1193738,-0.35687029,-0.57535935,1.1225398
0.31842135,-0.36124092,0.0011686845,0.10108142
-1.2789595,-0.30954087,-0.74827621,-0.0011332814
0.84368083,2.0296062,-0.58026209,1.039727
0.67527568,-1.4962526,-0.47624272,0.7102123
0.11828647,0.83353208,0.99045406,0.34357631
0.060479742,-1.5259697,-0.2175301,-0.73032148
0.85784793,-1.5614903,0.68588988,1.0741631
-0.61441972,1.0382412,1.2915111,0.75215041
-0.64277158,-0.39843519,0.53879961,-1.147968
-0.57131337,-0.3361838,-0.090925087,1.3393938
-0.33603683,-0.044000054,0.14310696,-1.7390449
-1.3629769,0.088665648,0.74930878,-1.1248667
-0.46536304,-0.29787458,-2.127301,-1.6077683
0.53663548,1.241577,1.8447661,-0.23197987
1.1071868,-1.7311802,-1.9379867,-0.28064915
-2.2375914,0.61915539,-0.72724077,-0.22233601
-0.085637154,-0.55649402,1.8265313,-0.023274377
-0.6181238,-0.029682302,0.19768852,-1.3456882
-1.4449043,-0.40010458,-0.27832682,-1.140878
0.84902475,1.0007123,-0.091357117,-1.45233
0.091431454,1.523881,-1.3497507,0.82495786
0.38474586,-0.078925249,0.97204757,-0.69548903
-1.5609395,-0.56528573,0.052101668,-0.39213526
1.0620176,-0.85723217,-0.60318874,-0.087138423
-0.50617898,-0.94107174,-0.37642792,-0.35987851
-0.053620937,-0.69960486,0.56322572,-0.76654791
-0.68370524,-1.5881391,-0.10242026,-0.63968203
-1.2197584,-1.75919,-0.28950948,0.020713528
0.20246397,0.95313516,0.41362234,-0.16003709
2.4592081,1.8184917,0.35939789,-0.17574811
-2.9472623,-2.4397789,-1.5873773,-0.36369627
-0.17598314,-0.83669186,-1.4455885,0.40029986
-1.5863919,1.1613809,0.9846086,1.3103537
-0.43640272,0.72380069,-1.3503017,0.093618229
-0.24066862,1.7124166,1.0115507,0.036953056
-0.61378875,1.405507,0.18293455,-1.1806734
-0.86392033,1.1885813,1.1492278,-1.1721312
-0.82966234,0.62051547,1.4417249,0.79960898
-0.61989186,-1.4840422,-0.20311675,1.4284443
1.7945789,1.2414088,0.46185723,-1.8837153
0.42412021,-1.6323152,0.051460623,-0.94741327
-1.9948954,0.89975585,-1.0257578,0.22355387
0.13694455,-2.3755893,-0.618575,0.31138948
-0.41217482,-2.1279973,0.94254405,1.027637
-0.55096559,2.8570607,-1.4394445,1.3043562
-0.36235408,-3.0376794,0.56647776,1.191821
-1.2273734,-2.6685667,-0.80543985,-1.7572816
1.2583247,-1.4669587,-0.54199554,1.2406
-0.19119022,-2.7394156,-0.6637187,-1.0847537
-0.54158391,0.90697015,0.70588863,1.2307893
-0.7809795,0.0081511987,-1.7541234,0.62380763
-1.4772875,-0.2694658,-0.31286429,-0.77478115
1.0746621,-0.011031798,-0.42828768,-1.309643
0.68368339,-0.53243993,0.088594231,-1.1042166
0.44092406,0.37733671,-0.51068961,-0.72961951
0.53464572,-0.69540358,1.0574882,-0.38019317
-1.9351968,-0.060230368,1.3710955,-0.78772406
-1.3269301,-0.057097874,-0.50608037,-0.18556141
0.19783383,0.8758052,0.060048818,-1.2795943
-0.80220212,0.5948002,0.75846053,0.86949787
-0.53165525,0.68678099,-1.9581162,-1.5127331
-0.84834309,-1.6200312,-1.7420367,0.94149259
-0.15864086,-1.1514749,-1.5766986,0.80735019
-0.74613892,0.2370855,0.82798068,0.9611934
0.16825276,-0.66653488,-1.2795396,-1.2477358
-1.1271018,-0.44425576,0.053757002,-1.7381744
-1.3280022,-0.76560359,-0.53126495,-1.3935111
1.4455377,-0.022945842,0.73302802,0.80136794
1.2435842,-0.62823347,-1.033602,-0.32501567
-1.4916638,0.51648449,-0.12400684,0.38020109
0.72981278,-1.0401147,0.89132425,-0.50123093
-1.5947622,-1.5249403,1.3139412,1.2127271
0.85271119,-0.70144097,-1.0012227,1.7475453
-2.5549947,-0.66004517,0.93705726,-2.3353762
1.9365636,-1.0832322,1.2932921,-1.8747081
-0.20470502,-0.45409966,1.3953709,-3.2992574
0.93050464,-0.192434,-2.4212985,0.20172158
-0.0017944754,-0.39880964,-1.029727,-0.43309961
-0.33745167,1.2977604,0.77807622,0.37050491
0.091981684,-0.055843495,0.35964521,0.10558532
-0.59954193,-0.56655732,-0.9023393,-0.31183209
-0.36446778,0.064757914,-2.0380685,0.41487226
-0.25645586,-0.67706507,-1.0661629,-0.71726436
-0.46728173,-0.64031373,-1.0996099,-0.8328133
-0.27615405,0.3175707,-1.9909862,-0.75971477
-0.27390584,-0.46808927,-0.35667819,1.0682661
0.04546767,-0.47075306,0.55932166,-0.50369112
-0.47887716,-0.33058892,-0.85359704,-1.3398765
-0.28287377,-0.22353899,-0.13197683,0.82871025
0.86153406,-0.27762298,-0.55588925,-1.1262547
0.90938149,-0.21723401,1.7432276,0.69833449
1.6268685,0.15993215,0.97290514,-0.32513458
-1.5228671,-0.3811671,0.37957566,-0.22956559
0.12666284,0.06569287,0.11502021,-1.2136393
-1.33557,0.0017861872,-1.1081488,0.93956191
0.47041787,-0.14839916,0.27634342,1.7082277
1.0260906,-0.17234308,0.026584821,-0.69822051
-0.014749106,-1.9955484,0.17853259,-0.39173626
-0.39662182,0.8788615,-1.0670505,-0.22830447
0.08278475,-0.97183103,-0.59010442,-0.85671765
0.59171982,0.21103014,-0.82246646,-1.7216101
1.869662,0.24807359,-0.34268097,1.2270907
1.2950187,0.088839017,1.830067,-1.7223848
-0.83886681,0.18639705,1.6246205,0.48679773
-0.66393796,0.11776781,1.4017325,-0.95308903
-0.74497741,-0.62572537,-1.8260325,-0.55244557
-0.079470755,-2.3457118,0.81512324,-0.68243182
-0.33038684,-0.13905621,-0.34491695,0.25898013
0.53930412,0.66496126,-0.14277267,-0.62305752
-0.83014992,-0.68663978,-0.24398237,-0.8070472
-0.38939269,-0.64591586,0.0019149845,-1.5018539
-0.1505703,-0.57456373,-0.37887194,1.6206129
-0.57182581,-1.3417927,0.64090816,-0.55649516
-1.0914686,-0.72946665,0.64623842,-1.5968794
-0.64540402,0.72355676,1.3176901,0.78969744
-0.60256393,0.034830379,-2.6631187,-1.296094
-1.0161225,-0.733153,-0.45506648,-0.55765839
0.037799179,-2.342739,0.12128308,-0.066096543
1.467288,1.5676602,0.059362301,-0.30444353
1.3332667,-0.041884285,0.23876807,-0.49189279
-0.11724472,-0.059473219,-0.59952754,0.055859904
-0.50464535,-0.41511748,-0.1884991,-0.33882702
1.3693583,0.91481854,0.13316607,-1.7538408
-0.62555629,-2.1580806,-0.80560744,1.0952719
-0.68916281,-1.6810027,-0.45727605,0.052214854
0.47387041,-1.1139917,-0.7987286,0.31178495
-1.1399786,-0.6558132,0.3474169,-0.92371209
-0.65996711,-0.29797725,0.33556923,-0.56155673
0.301113,-1.2278117,-1.414004,-0.51777453
-0.63156764,0.57959401,-0.3586183,-0.15254236
-0.21242807,-1.0635778,0.1116017,-0.35139881
-0.90375056,-1.4222064,-0.71743255,0.44100877
0.42235882,-0.92496144,-0.10571982,-0.82220912
-0.79362077,0.82623655,-0.34010909,-1.6168631
-0.20299816,-1.2015816,-0.31400238,-1.3005277
0.24800776,-1.0096482,0.59063089,0.53526822
-0.40015581,-1.1875111,-0.32032896,-1.3205171
-0.74345344,2.0064234,0.052716137,0.9409746
-1.7809328,-1.6253054,-0.07923328,-0.12674386
0.99436392,-1.7556493,1.32118,-0.17698107
-0.36693705,1.1082169,-0.41999063,-0.084690482
-0.66051095,-1.6160523,0.39811935,-0.4908038
0.55525291,1.3544379,0.46502586,-0.070817678
-1.8982303,-1.9413944,-0.36995077,-0.12509945
-0.71362393,1.0674309,0.01735043,0.14323426
-0.9724493,-0.49609282,0.065078866,-0.35537908
0.19149704,-0.3892414,-0.40181266,0.053532241
-0.020240093,-0.50935796,-0.44557892,0.069883705
-0.53481651,0.17608404,-1.8806959,-0.12689483
-1.2830242,-0.41040025,-1.450539,-0.27001414
-1.6527875,1.6514734,1.0778909,1.494283
0.66642684,-1.1425102,-0.48866903,-1.9045637
-1.4698846,-0.9416539,-0.12383489,1.0134077
-0.60731273,0.023338035,0.77431851,-1.3951287
-0.69077751,-0.046365152,-1.4817541,0.29566637
0.40318797,0.058286022,0.46271019,0.14034005
-0.60140583,-0.44814976,0.57470376,0.21345635
0.14311868,0.46724435,0.31641873,0.14446434
-1.6635908,0.42496131,-1.6803253,-0.56558633
1.1552225,1.7411603,-0.78749572,-2.2093581
1.1128998,-1.6018526,0.56596173,0.072091859
-2.1125363,-0.1011617,0.87836975,0.57867377
-0.084145168,-0.76495155,-0.48214609,1.4861819
-0.49972684,-0.44617062,-0.23392817,1.6428546
0.60052823,-0.13382227,-0.80049276,-0.0079155501
0.62559459,-0.0010861122,0.39635624,-0.68392462
0.30633067,-0.94907945,-0.48045201,0.055822266
0.06954894,0.60178601,1.7928532,-0.28829159
-0.21767479,0.88631955,-1.1116613,-0.18438223
-0.042883538,-0.1944307,-0.62887758,0.075548084
-1.4814185,-0.056839659,-0.83189533,-0.19276889
0.47888038,0.034311065,-1.086706,-0.33929398
-1.3971686,0.43827984,-1.5673948,0.94542309
1.1982925,-0.64409399,-1.2965669,0.15399333
-0.83874293,-0.47166966,-1.2379605,-0.5242059
0.47525812,-0.23755624,-1.398701,-0.95815761
0.77094139,-1.1813303,-1.6051157,1.0143446
0.57121831,0.56709398,1.0279435,0.51424452
-1.3353782,-1.2442629,-0.16376557,1.3374661
0.61080369,1.2721187,0.63078346,-1.5990412
-1.4202365,-2.1882857,1.1347673,-0.8014352
0.68471362,-2.3145546,-0.93418282,-2.2166011
-1.2893422,-0.025793343,1.0583115,-0.59086108
-0.75967375,-1.0437094,0.61822289,-0.082124552
0.1069032,0.81397118,0.85826142,-0.10366877
-0.0019296643,-0.17441797,-0.25705601,1.3004962
-1.0228171,1.1871477,-0.052110995,1.0840105
-1.7441472,0.96445261,-1.052942,-1.3233227
1.1359054,-1.4578607,1.3184268,-1.0718629
-1.7739734,0.060430923,1.0175574,0.032732112
-2.4334872,-0.17891493,-2.5883242,-0.12387316
-1.2784636,0.0080093657,2.2717171,0.23207703
-0.9960374,-0.3920028,0.56191204,0.59290162
-0.0090968936,-0.3920028,-1.1127222,-0.4232117
0.13338012,1.9960563,-0.38320758,-0.44316023
-1.5941824,0.08094846,0.12593014,-1.0665975
-0.29204429,-0.15813427,-0.18357799,-0.065529413
-0.15165423,-0.17781758,0.3830899,-0.7625277
-1.5747452,0.46666573,0.40247076,0.13092658
-1.1575957,-0.36384104,0.22394619,-0.51268855
0.4959441,-0.30068176,-0.49391264,-0.34842682
-0.5375836,0.20464791,-0.18821033,-0.6317017
-0.2685354,-1.2315706,0.4835233,-0.099796404
-0.26366647,-1.5067179,0.60877803,1.1243363
-0.44467415,1.0302629,0.60790804,-0.33302561
-0.54307028,0.74407655,0.39451162,-0.20082459
0.7354639,-1.4003469,-1.0507834,-0.08072788
-1.2637997,-0.3945056,0.78329007,0.63381561
0.50677223,-0.31067605,0.93980461,-0.30697118
0.92795732,-1.3912106,-0.33029097,-0.67574298
-0.55449262,0.93136851,0.0045277047,0.2900188
-0.16453029,-1.5138794,-2.1279938,1.1159687
-0.29208403,0.34533291,2.2674691,1.6790534
0.27681801,-1.1053951,-1.6084233,0.13963831
0.76462244,-1.849625,1.8898882,0.4183687
0.59849583,1.5399185,2.3528183,0.51212134
-0.34206051,-2.0694805,2.5958205,-0.1146001
-0.16429885,0.5730052,-0.08106066,0.74154556
-0.18931789,-0.54932884,-0.36272417,-0.065471873
-1.6173315,0.12619342,-0.79218831,-1.2575387
-0.27454448,1.1684655,-0.022239015,-1.4020164
-0.41350437,-1.6258371,0.27567047,0.42664816
-1.9893041,-1.031324,-0.4570744,-0.82502627
-0.62332365,-0.29473066,-1.0849072,-1.4541441
0.095685026,-0.073349971,-0.61325446,0.63671472
-0.82630279,-0.81552563,-0.73747616,-1.4266314
-0.55500668,1.6450753,0.059875853,-0.72957531
-0.84329431,0.16212318,-0.65756587,0.14882308
1.7247011,-0.12411469,0.25631111,0.19315931
-2.092322,1.087251,0.10551858,-1.037564
-1.0480788,-1.7947731,-1.6450111,1.6305037
-1.8245882,-0.74005799,1.2575031,-1.2887503
-1.3858365,0.25906604,1.5142142,1.2224576
-1.7508986,-0.45014186,-1.001688,1.2573937
-0.23489834,-0.86706802,1.3393689,0.97522417
-1.7208764,0.73241194,-1.0430134,0.92540881
-2.0746843,0.65854335,-1.0000461,0.91585216
0.88791929,-0.84179976,0.55359831,-0.040957794
0.92632132,0.75961095,0.34827805,0.024556171
-1.7650678,-0.67935411,0.3464179,0.4944382
-1.217208,1.518814,-1.1830439,0.76304359
0.92187538,1.2531566,0.3209982,-0.16344627
-1.2985016,-0.37861351,-1.0673247,-0.81356771
0.5110113,-1.1173208,0.67510174,0.35441902
-1.5451091,-1.0030178,-0.90430598,0.61008809
0.56244456,-1.1225082,-0.61744515,-0.9789564
-1.4847252,-1.5719038,-0.93375697,0.77353907
-0.80944675,-0.83148055,-0.58927905,-1.9443522
1.1051568,-0.31806699,-0.71370948,-0.36103147
-1.1480122,-0.30916785,0.89194647,2.7347166
-0.46923548,-0.27718216,0.35118899,2.3577176
0.36120073,-0.95674393,-0.92944469,2.361808
-1.428009,-1.8829254,-0.82911906,1.4876766
0.67340487,-0.48500111,0.19807585,1.0880316
-0.31461675,1.1811188,0.27377512,-1.5971116
-0.6582823,-1.4656437,-0.57429216,0.13837298
-0.24954912,-1.8936508,0.17804922,-1.0059147
-1.4622779,-1.9079841,-0.008512137,0.98062563
-1.536029,0.13603372,-0.21542822,-0.27014269
0.40713269,0.28178737,-0.30681565,-0.04033754
0.53916593,0.39619413,0.016142696,-0.54472155
-0.15456753,-1.1355217,-0.3718332,-0.22461142
-0.37354353,-1.0658469,-0.033784729,-0.30461242
-0.37673228,-0.17487255,-0.03287509,-1.4375701
0.21993198,-0.51010831,-0.2363743,-1.8567803
-1.0761173,-0.51010831,-0.11895346,-0.32449653
0.2978019,-0.35557815,-0.2562938,-0.33364214
-2.0695306,-0.32024689,-0.33544748,-1.7600074
-1.787927,-0.38201936,-1.2445824,-0.52178287
1.202754,-0.41210883,-0.63150704,0.23761034
-2.1979928,-0.67840645,0.99124465,0.23720276
-1.2522657,-0.96596351,0.032864987,-0.44483996
-0.88836615,-0.30719719,-0.32615274,-0.30739087
-0.15016303,-0.33434105,0.031668147,0.43431228
-1.6178446,0.024485632,-1.5417109,-1.255802
-1.0574716,0.8223801,-0.96181855,-0.21992438
0.62279014,-1.2575236,-1.2458952,-0.7726781
-1.40027,0.53425871,-1.0846471,0.55897582
0.88816404,0.41837658,-0.72379146,1.3992648
0.069873938,-0.56705794,0.34711245,-0.37911859
-0.61822244,0.15204825,0.33737497,-0.74301536
0.10807298,0.91832491,-0.37929616,-0.79915504
-0.041274306,1.8750158,-0.28651071,-2.1103268
-0.3255607,-2.2385954,0.1353045,-0.62852865
-0.64179962,-1.7163286,-0.56559866,-0.70054858
0.70049905,-1.609659,-0.40620867,-0.56091095
-0.65500346,-1.0319888,-0.36935125,0.64401959
-0.39783507,-0.1196572,-0.29995229,-1.1091268
-0.023654584,-0.18200475,1.9263751,0.2577484
-0.80657875,0.029618192,-2.2329233,0.22366537
-0.57204282,-0.41852381,1.4781717,-0.16140176
1.738752,0.29284885,1.4674713,-1.19633
-2.3171707,1.2711096,-1.6566006,0.31554219
1.4089879,0.75607536,-0.84627872,0.83810477
-2.0466526,0.43200214,0.58214951,1.0479483
0.4151394,-0.65840759,-0.88498962,0.54391294
-0.057296306,1.2651184,0.69927466,1.479212
-0.50542819,-1.7401618,-0.65230742,-1.0895881
-0.95177869,-0.77033875,-1.1436305,-0.939999
-1.1977176,-1.226561,0.85299972,-1.4515616
-0.75243012,-1.5210221,-1.0862351,-1.2459577
0.2121592,-1.121816,0.6457469,0.5810915
-2.2348261,0.47697754,-0.93001814,0.21519539
-1.1635404,1.3730795,-0.70192498,-0.22286441
-0.98863897,-1.6528849,-0.41223544,0.94193078
0.58282034,-0.066814039,0.081362307,-1.5212496
-1.0087335,0.21249952,-0.40406196,-0.81598083
-2.108648,0.96231685,-0.85194867,1.1151909
1.0274222,0.10393652,0.37512965,-1.4681216
-1.5068761,0.36628468,0.24768584,-1.8786947
0.39644492,-0.56073691,-0.32698948,-1.8902655
0.027561591,0.56076031,-0.17465795,0.83811058
-0.24024837,-0.69741921,-0.22186218,1.8474537
-0.33904974,-0.059055327,-1.3357953,-0.27721645
-0.4074179,-0.26098331,1.1353273,-0.18857859
-0.25413458,-0.96056208,-1.492287,-0.85727634
-0.59747828,-0.96829713,-1.5840714,0.41334019
0.4840057,-1.3123138,-0.3881909,0.94820326
-1.1008288,0.44261775,-0.1553109,-1.0614659
-1.7672159,-0.94469706,-0.26303285,-0.20879763
-1.0551934,0.24068557,-0.68112203,-0.89161826
-0.23350349,-1.0286178,0.50247331,0.041157406
-1.1838925,-0.84838945,-0.78801166,-0.43838634
0.56009037,-0.9082794,0.87284603,-0.063386636
-1.1103112,0.19540126,-0.87191185,-0.51616692
-0.2478802,-0.75835784,0.58377208,-1.5278029
-0.42927811,1.065062,-0.84667693,1.3521793
-0.49145314,-1.2305319,-1.4521368,1.6113992
0.95066591,-1.8258402,1.1894369,0.050569959
0.083952379,-1.4125432,0.62940424,-0.48831752
0.31057746,-0.20897032,0.43850017,0.91737696
0.44874654,-0.17769022,-0.52091354,-0.48783455
1.6439649,-0.61035313,0.14213537,-1.0444153
0.81816701,-0.06963847,-1.393936,0.041074948
-1.3471359,-0.20383735,-0.62912158,0.57736306
-0.64213051,0.33922431,-0.1471086,-2.2675577
-1.5664355,0.26572593,-0.062966482,-1.2514116
0.42903958,-1.0264228,0.13740817,-1.3906417
-0.65280409,-1.8881617,0.15087371,0.35238385
-0.10329638,-1.7853895,-0.34597244,-0.28333851
0.95532211,1.2496921,0.55283982,-0.055645974
-0.54940996,0.24624836,-0.48028193,-0.36896672
-0.2435888,-0.62111617,-0.53786437,0.23938588
0.23066974,-0.21563284,-0.43858106,-0.32991681
-0.77531917,0.0024049833,-0.92775424,0.0010334847
-0.15893864,-0.41037471,0.17317541,-0.93049644
-0.68329734,0.24687327,0.23214542,0.46980945
-0.74246512,0.70047879,-0.5773605,0.83758962
0.27281402,0.31088768,-0.50396064,0.55995339
-1.0249093,-0.32513117,-0.27652035,0.46919642
-1.0745951,0.041568931,-0.40618069,-0.6278939
0.4760574,-0.22433374,1.238227,1.2034333
-0.63149856,-1.9389536,0.07860146,1.1243807
-1.147799,0.79852271,-1.0892796,0.74297011
-0.9675929,-1.1686015,1.0546001,-1.1825925
-0.65695243,-0.97701394,-0.21105855,-0.6237577
-1.1961553,-0.30741646,0.74153074,0.30815008
-0.043329122,-0.44474686,0.50298924,-0.12612472
0.94272535,-0.0068565139,-0.13090791,-0.059534016
-0.73487972,-0.50693003,-0.13477865,-1.2376372
-1.7337567,0.90132117,-0.14551404,0.26188543
-1.8266438,0.73518768,-0.036940329,-0.96525585
1.3898088,0.94486196,-0.36951364,1.5307537
1.6586008,-0.42627165,-0.21809962,-1.7599383
-0.2393878,-1.1349335,0.93006688,0.052706912
-1.2697934,-1.9913428,-0.87878729,0.35766369
0.32904715,-2.3680025,0.57023119,0.24155522
-0.96952111,-1.3948397,0.53394867,-0.43203396
0.11816587,1.0806491,0.41704472,-2.0814758
0.067284306,0.71284306,-1.331558,1.0484317
-0.46325819,0.83731535,0.24576673,-0.3682651
-0.68019252,1.6664577,-0.68333063,-1.3021002
0.096912553,-0.78711552,-0.53869196,-1.9326079
0.099170879,0.33193361,1.0813524,-1.0610209
-0.51067125,-1.7021157,-0.039489989,0.91700313
0.0089829862,-0.19192011,-0.31293743,-1.6949736
0.015945071,-2.5016179,0.8044033,1.2652163
0.040075953,0.6354027,-2.0424917,1.1971937
1.2278949,-1.0161339,0.7180486,0.5398297
-2.0476402,0.63598044,-2.1919062,1.8467615
-2.4211547,-1.0564848,1.841578,-2.4762405
1.6875273,0.54199168,0.84974514,1.327231
1.9022699,1.2625354,-1.3156853,-0.19425988
-2.0204029,-0.21033023,-0.70860876,-0.06363781
-0.711696,0.25398176,0.34051572,-0.47653389
-0.04825358,0.59517383,0.72129427,-0.64612742
-0.86704429,-1.257091,-0.78296738,-0.31282981
0.077937716,0.084845493,1.0521032,0.26576517
-0.034209185,-1.0837479,-0.92654574,-1.2372245
-0.99771862,1.293636,0.88765973,-0.52501147
-0.23872093,-1.7746936,-1.1553749,-0.86063406
-0.17683973,-0.029384661,-0.021675996,-0.65088842
0.26233378,-0.10373539,0.60253187,0.33307958
0.23176065,-0.072601727,0.45602837,0.17455587
-1.0251119,0.16510071,0.31831464,-0.17183629
-1.2098781,-0.86705024,-0.65227398,-0.58833811
0.56391349,-1.7262074,-1.4580659,-0.66583815
-1.4844573,0.66192707,1.2038558,0.18197971
0.59521818,-1.2785056,-1.9964972,0.12597116
0.34243613,-0.83025141,1.1569516,-0.39366307
0.33839223,-1.3734928,-1.0121059,-0.21394259
-1.3027642,0.621208,0.66600684,-0.25356648
-0.61193939,-1.4277074,0.28249352,-0.31489412
-0.061549549,-0.8509052,-0.53073588,-0.24633188
-0.94912996,0.24404243,-0.86063274,0.10508925
-0.64771192,0.070723736,-0.17601535,-0.44530575
-0.5885771,2.019179,0.50517722,0.60627765
0.25790146,0.51087342,-1.183981,-1.0814217
-1.085694,-0.23614948,-1.5186581,-0.80091075
-1.4617434,-1.0577977,-1.3490953,0.97125515
-0.18551283,0.573308,1.0517555,-0.53573847
-0.54498459,-0.97683314,-1.442938,-2.1738612
-0.69565438,-2.2088068,0.98604378,1.2230606
-0.45680067,-2.2839736,-0.15348659,-1.7084958
-0.30052837,-0.38308618,-0.91563568,1.9874449
0.46231863,0.68015696,0.97802554,0.27776207
1.495063,0.13384851,-0.39453228,0.34512189
-0.068034403,-0.57837303,2.076009,0.073694778
-0.51247885,-0.34996669,-1.2597295,-0.39798225
-0.47475105,-2.3662843,0.79047769,0.15590994
-0.11908454,-2.3117901,2.9554492,-0.85335079
-0.1953048,2.5639123,2.8362472,0.31258797
0.66188506,-1.2922173,0.56208796,-0.55357705
-1.0319985,-1.4702939,0.30323765,-0.68308924
-0.70636498,-1.8057131,1.5400485,-0.46889358
-0.36144485,-0.70579506,-1.7814189,0.91065386
0.14789488,1.3318394,-1.1752209,-0.32163322
-1.0450014,0.35519422,0.065419249,0.38630797
-0.24403988,-2.525579,0.37655188,-0.92597096
0.10072448,-2.2075819,-0.85875964,0.53997222
-0.49115496,1.4394452,0.50965582,-1.072206
-0.89125533,-0.40936238,0.54966577,-0.91716821
-0.65923841,-0.21455422,1.0301687,0.73951162
0.38606147,0.66748102,1.0375172,0.12744095
-0.65675453,0.33368145,-1.4330391,1.1062163
-0.32009553,0.70608034,1.4690443,-1.2368637
-1.0901021,0.62761894,1.378472,-0.70782439
-0.72116565,1.485608,-1.6981399,-0.71075711
-0.6981725,2.7567216,-0.83484679,0.018594019
-1.9659788,2.6235048,0.74560594,-0.59928055
0.43387493,-3.1063866,0.72896571,0.14326218
-1.0942306,-1.6691233,-0.26748735,0.12433077
0.1383819,1.606633,-0.16689663,-0.62294308
-0.13749892,-1.5658499,-0.26330501,-0.66986088
0.3012193,1.0411096,-0.02333572,-0.20798578
-0.88996041,0.22378015,-0.083389487,-1.3657924
-0.55788502,-0.9691695,-1.0378739,-0.91182823
-0.78453211,-0.2647383,-0.8074125,-1.7633697
0.13064793,2.4876649,-0.76285084,-1.9308919
-0.84499029,1.7906369,-0.505904,-0.47753667
-0.33115506,-0.13541651,0.79243908,0.018543531
-0.73235751,-0.62346214,-1.2308418,-0.11876589
-0.28466573,-0.17498051,-0.21175289,0.15907853
-0.5477451,-0.10511767,0.89593279,-0.89647776
0.13536418,0.20757655,0.45123018,2.1317309
-0.63429928,-0.39068269,1.0402459,0.12883569
-0.92700764,0.07026482,0.98286425,0.45215073
-0.58436972,0.017946716,1.1518642,-0.98587693
-0.14893301,-1.0638962,-0.70838015,-0.21245936
-0.19325504,-0.79701033,1.3323774,0.32177718
-1.7667001,0.20319868,0.84279957,-0.40175756
-1.6152886,0.45924816,0.92451904,-0.1459792
1.8086335,-2.1885518,1.1238666,-1.0727824
1.3458504,0.22773965,-1.4319705,-1.0721588
0.31859908,0.2375829,0.40627364,0.5496723
0.30153241,1.0910121,-0.72617582,-1.005094
-1.7681316,-1.3273983,-0.57691044,-0.16430885
-0.42088345,-0.33093481,-1.1012473,0.91472218
-0.93920243,-1.6663129,-1.5564074,-1.3382542
0.19576418,1.4848334,-2.1988724,-0.93206432
0.95984692,0.83550444,-1.3416328,1.4398396
0.49392537,0.92361468,0.82946124,1.9547459
-0.014298495,-1.480411,-1.1774528,-1.9206933
-0.99313332,-1.460547,1.1416103,0.98313038
-1.114154,-0.20689043,1.4206904,-1.4176842
-1.1253926,-0.68767647,-0.71077752,0.10816944
0.49734337,0.49500725,0.083728986,-0.36009982
0.59836335,1.0454974,0.094785761,-0.28591734
-0.98564724,-1.4053809,-0.7739578,-1.4602047
0.32957603,0.84597888,0.55471573,-0.57504013
-2.0914713,-1.0140981,-0.64294196,0.5583363
-1.4951935,-1.4560294,0.6049158,-1.33753
-1.2905273,1.0908168,-1.4161922,0.31448352
-1.4456083,1.1115112,-0.83111189,0.65935364
1.3009834,-1.7000769,0.141602,-0.27392001
-1.2553741,-1.455234,-0.055004571,0.76618822
-1.386694,0.88698958,0.026029929,0.48810199
0.85084485,-0.2853006,1.930361,-1.2269366
0.0012639377,0.10170376,-1.1925658,-0.72248142
-0.0071549659,-0.42217629,-0.42298878,-0.42109583
-1.3866734,-0.35083025,-0.61623236,0.088673843
-1.016548,-1.2289144,-1.6425553,-0.36075398
-0.99722949,0.33242904,0.83774364,-0.6581961
-0.77612414,-0.56837315,0.10420289,-0.49818512
-0.2080073,-0.19309159,-0.75473444,0.53518229
-0.95510237,0.90666577,-0.42718479,0.49061162
0.076307902,0.26333887,-0.14538538,0.39221695
1.8597729,-0.19619749,-0.17065351,0.33562159
1.2847674,-0.25909242,-0.34930349,-0.52828567
-0.47611738,0.38495891,0.5497044,-0.83420018
-1.4803616,-0.57219302,-0.35501489,-0.17053812
-0.21864757,-0.66991324,-0.42410333,-0.1973215
-1.4538303,-0.70510184,0.077237565,-1.3047329
0.11323812,0.11410695,0.58729347,0.086105024
-0.065471291,0.19806204,-1.1281518,-0.39687014
0.55396252,-0.36987902,0.34671309,-0.3816522
1.5159686,0.96433928,-0.66325882,-0.1052251
-0.76063846,0.01311799,-0.58270403,-0.16877949
-0.2149677,0.42242113,-0.65328098,-0.17540666
-1.1719549,-2.6741542,0.37538471,-0.57426881
0.35442089,0.37636059,-1.7030628,-2.652815
-0.23801971,0.94851856,-0.2921968,-1.4455429
-1.2316995,-0.50839428,-0.47092867,1.2237396
-1.4931039,1.9399762,-0.82723612,-0.92483443
0.30321704,-1.7772603,-0.97891841,0.22689817
-0.20601711,-0.35501713,0.62910592,0.34330254
-2.3762719,-0.10757391,-0.52342777,-0.86973752
-2.6415893,0.013731192,0.94325917,-0.22770155
-1.0179489,0.75003073,0.28014421,-0.74886657
0.037685495,-0.77624155,-0.60689724,-0.43808367
-0.40504573,-0.92845064,1.2037737,0.236839
-0.43406597,-0.98604017,2.2409145,0.64825384
-0.15166218,-1.4344739,0.8476849,-0.65490803
-1.5481978,-0.53762611,0.08557449,-0.29764737
-1.6252175,0.47074359,1.0611256,0.67789503
-0.94247296,0.90238269,-0.66221259,-0.054349347
0.65054855,-0.72230905,-0.096860964,0.59553891
-1.0614811,0.51768581,0.52906924,-1.0860053
0.8882946,1.0210759,-0.0016281595,0.43945128
0.81818619,-1.5095141,-0.50416808,-0.89785495
-1.3991652,1.3744654,-0.2004243,0.075716962
-0.90886924,1.3622164,-1.2374757,0.53970437
-0.15206674,-0.38315383,2.2952428,-1.0960886
0.3318225,-0.99526869,-0.7059578,-0.7881276
-0.48505376,0.84592064,-0.0058540712,-0.64125989
-0.21250512,-0.50167529,-0.96774299,-1.1126719
-0.024129145,-0.063144957,-1.6380763,0.29087741
-0.96781563,0.11323259,0.38232798,0.50557749
0.14236859,0.061219099,1.7465397,-0.48950244
-0.58523517,-1.1251792,1.8292055,0.6915285
-1.3299125,0.79528106,-1.6195866,-1.4470816
-1.7909057,-1.2799057,-0.74623436,1.021268
-1.5450221,-0.35740829,-0.67194396,1.3645762
-2.1649736,-0.072240897,-2.1103449,-0.78338206
-2.5427593,0.1922703,2.1527229,0.42030299
2.0806839,-1.3883323,-0.35110569,-0.72498023
-0.19981594,-0.84708848,0.38647124,-0.38817695
-2.0172997,0.29353616,0.16554659,0.18622104
0.74459539,-0.47505054,-1.6223113,-1.7337513
-1.5529017,-0.75284091,0.70631148,-1.1631721
0.65369691,1.5202793,0.41696488,-0.4919885
-1.0632825,1.0998622,-0.86031084,-0.99814737
-1.5115435,-0.81444458,0.26082793,-0.40489629
1.0344306,0.23847901,0.25293726,-0.11267195
-0.065004223,-0.018580812,0.33155893,0.63561393
0.089366337,0.9281319,-0.67493433,-1.1519704
-1.0090844,0.58102771,-0.71583739,1.0019028
-0.84607619,-0.41242008,1.5524591,-1.3984572
-0.61198679,-0.7385212,0.13207972,-0.61275693
0.7096579,0.29506239,-0.7418487,0.61209873
-1.3515387,-0.71826906,1.1211275,-1.1949176
-0.0026743856,-0.030970796,1.9262143,-0.81234656
-0.69044212,0.32516875,0.39065943,-0.66531991
-0.97491126,-0.018602383,-0.9182156,0.57602262
-0.35730212,-0.2815241,-0.84740443,0.71909654
0.89093088,0.19027991,1.2569318,-0.17269151
-1.0667651,-0.92685337,-0.0082179426,0.68276904
0.65835629,-0.85827544,-0.57742148,-0.94458814
-2.6101015,-1.154533,0.330585,-0.78376049
-1.866072,0.74391799,-0.51251511,-0.41914064
0.35928087,-0.93650625,1.5596349,-0.92022917
0.010421654,0.44952638,1.4089459,0.024673974
-1.9627358,-0.90342236,1.6389178,0.91228945
-0.71402108,-0.19354699,-2.0591782,1.5243905
-1.2319304,-0.41052315,-2.0668543,-0.85459253
0.89561445,-2.3230991,1.1073297,0.67207538
-0.97410991,1.3252627,-1.6053206,-0.082148911
-0.83559133,1.5912441,-0.35166956,-0.58351371
-0.55552241,-0.25246034,-0.59741594,0.17877512
-0.19304168,0.085202457,-0.58807938,-0.85445101
-1.3197701,-0.46621709,-0.14955942,-0.85075995
0.63420266,-0.14640477,0.062712746,0.11778423
-0.19329518,0.99709613,-1.0337451,0.40050672
-0.0032528212,0.04181592,0.88821187,-0.5601359
0.42425102,-1.58501,-0.51244517,-0.94888565
-0.032561256,0.99493448,-1.6866829,0.14479007
-1.3931696,0.7404617,1.0766106,0.25263398
1.055538,-0.012953973,-1.3431064,0.5146787
0.26750715,0.8802188,-0.56342428,-2.0177702
-0.90856176,2.34824,-0.54670178,-0.59628618
0.78793503,2.2128069,0.18395619,0.25377379
-1.0397261,2.156139,-0.56432215,-0.83625293
-1.0794325,-1.6159219,-0.42214227,0.013080107
-0.91635285,-1.4635495,0.12314375,0.86636721
0.58893189,-0.95520829,-0.29039489,0.6476623
-0.6814412,-0.59153107,-0.028769069,-0.17378378
0.08955565,0.35470538,1.1228761,-0.50200675
0.62854175,0.40047894,-1.3619107,-0.57396248
0.052001778,-1.4056471,-0.79150995,-0.0077381236
-0.72235987,-0.064541029,0.44880847,-0.10507496
0.041007055,0.07174228,-1.1780821,-0.46798477
-1.0996632,-1.3203422,0.61484286,0.19286171
-0.41656692,-1.1327834,-1.6073904,-0.3467938
-0.35433052,0.61586003,-2.354341,0.35602613
-0.48324566,0.27581183,-1.9757275,0.21489506
-0.66027688,-0.0038342539,-1.947634,-0.21974462
0.020910115,0.44598493,0.8032982,0.13196627
0.62327813,-1.2881241,-1.0526736,-0.70703915
-1.3560049,0.73034579,-0.16049954,0.22594219
-0.89084992,-1.2548596,-0.50322575,-0.49440496
-0.57387761,-1.3384593,-0.24795196,0.47815564
-0.030508202,-0.92404293,1.5748345,-0.98213462
-1.0942076,0.20118774,1.5992599,0.25594794
-0.92413226,-0.87521529,0.81836927,0.5995305
-0.53624562,-0.92609211,-0.15085774,0.66036337
-0.63997692,-1.385388,0.091626751,-1.1932088
-0.23971904,-1.8588964,0.97757233,0.19875631
-1.493403,1.3936052,-0.31375708,0.14580401
-1.2338802,0.66752468,-1.5460133,0.16937865
-0.96750646,-1.1599181,-0.77267094,-0.66908498
-0.16682378,0.17687976,0.40649468,-0.37706408
-0.3256895,-1.0033768,0.29931006,-1.0211704
-1.1406656,-0.38693785,0.23814328,0.87378097
-2.6875065,-1.203536,-0.093922512,-0.99439522
-1.8010072,-1.6901943,-0.66325217,1.288104
1.7248919,1.4598095,-1.4644366,-1.7202626
-2.359598,-1.2396493,-1.3035312,-2.3292661
0.013649414,1.7174853,0.96924693,-1.9230042
-0.59935085,1.8567596,1.4565502,-1.2586864
-0.046462629,-1.1332839,0.1610699,0.13431375
-0.043786958,-0.14672327,-0.46001173,-1.3253626
0.36122842,-0.65584796,-0.037077897,-0.67501495
-0.53558337,1.9217237,-0.51987905,0.76733249
-0.34299347,-0.53337007,1.4759377,0.63175198
0.84032346,0.18695513,1.3791728,1.5028617
-0.31139061,-0.22559909,-0.61642295,-0.23971473
-1.3586882,-0.080403357,1.7410669,-1.6778367
-1.1415348,0.30861165,0.64910044,-1.6986969
0.82365407,-0.30601433,-1.1191929,0.54222444
0.44474029,0.065341839,1.0143227,-0.91960521
-0.51211985,-0.7601712,1.3524361,-0.26489322
-0.19196422,0.15385319,0.68569575,0.34901309
-0.068163026,0.26032175,-1.2523181,1.2619866
-0.18351876,-0.41996189,0.90068353,-1.0372517
-0.20084747,-1.3599915,-0.15104839,-1.2478642
0.42894561,-0.51483678,-0.17644906,0.1636872
-1.0050422,0.47202704,-0.66838158,0.58771664
-0.62621785,0.044457808,0.46406775,1.2651852
-1.2124996,-0.28912451,0.1092262,-0.74889899
0.52101566,-1.0854324,0.13490427,-0.031339321
-0.7967275,0.24848891,-0.051662215,-0.25829264
-0.96017676,1.9099006,-0.75039731,0.89855753
-0.42450681,0.70623271,-3.8063491,-0.13108326
-0.57865871,-0.22285938,3.5938192,0.19190271
1.2591467,0.0020843595,-1.3079909,0.31604001
-1.0551926,-0.23793277,-0.15223974,-1.2827533
-0.95486169,-1.1391719,0.13608223,0.4272133
-0.55891845,-0.74316602,0.1386725,-1.6732648
0.082949871,-0.14152671,-0.34481869,1.6189337
-0.45080543,-0.64940106,-0.12905074,-1.4392816
-0.17762028,-0.1099695,-0.28463184,1.0750497
-0.092694249,-0.080329963,-0.15871702,-1.5160218
-0.90597083,-0.369591,-0.58998365,-0.40477989
0.75094553,1.3586565,-0.61717363,0.084187881
-1.1793212,1.2392528,-0.1520689,0.40098331
-1.6003597,-0.14830092,-0.18182053,-0.90179887
-1.5287271,-0.3208141,0.46381925,-0.31921485
-1.1606926,-0.12209721,-1.0275751,0.016215449
0.8222528,0.25824132,-2.2301163,-0.68187749
-1.1360874,-0.94051122,0.10712222,-0.95904898
-0.88053717,0.50697345,-1.0384477,0.67654762
-0.50062661,-0.82159568,-0.50103767,-0.46560928
-0.52574458,-0.98946538,0.0093914756,-0.59506351
-1.138911,-0.59656871,0.83215062,-0.33380247
-0.46049351,-1.5539088,0.1976111,0.15567362
-0.25643397,-0.98197922,-1.3635413,1.0834256
0.13125698,-0.12454458,-2.7518461,0.39763801
-0.45873268,-0.79268624,-1.8721573,-0.95888423
-1.469003,0.62683077,-1.6502174,-0.81168582
1.2539104,1.5883785,-1.0239052,-0.26808033
1.4336634,0.8790247,1.1935992,0.5907047
1.2136327,-1.188479,-0.29025478,-0.62524296
0.19981117,-0.54854261,-1.3376532,-0.59706598
-1.2652847,-0.29258604,-1.8301823,-0.44283849
1.3145437,-1.0741789,-1.4745262,-0.53806345
-0.64223013,-1.6932167,1.2036245,0.014323958
-0.24394228,-0.86282133,-1.2419812,-0.12712171
-0.48590098,-0.98718428,0.72035146,0.34637765
0.48193002,-0.63151515,0.20913076,-0.76101884
-1.0993165,-0.7811182,-0.21262913,0.35805542
-0.13858356,0.65639965,-0.38082861,-0.52490375
0.18397416,-1.6657223,-0.0057637338,-0.81851083
-0.97546729,0.83996462,-0.35287022,-1.3651679
-0.46733204,-1.0073652,0.44614976,-0.3009553
-0.18996696,-0.31826674,-1.2938165,0.24416951
1.4068401,-0.80634031,0.98591991,0.40144099
-1.7206275,-1.1265142,0.0069031794,-0.8740129
-0.74886788,1.131721,-1.5167284,-0.26999735
0.29032815,-1.4714757,0.29224152,-0.33242707
-0.7761458,-1.3954862,-0.1007481,-0.11746207
0.096053363,-0.37407989,-0.19437826,-0.30145768
0.90041553,-1.1369977,1.3662148,-0.16351948
0.91139772,-1.3130141,-0.47356549,-0.34143695
-1.6356748,1.0067025,0.52580114,0.96147117
0.24232597,1.1788725,-0.82859256,-0.52404823
1.2409883,-1.4821871,-1.4583797,-1.4891328
0.83089366,0.77223199,1.4926948,-1.1214478
1.2721826,-1.3874976,1.102333,1.014222
-0.7711715,1.1238827,-2.6612191,-0.75517513
-0.82519453,-1.6403508,-2.7348138,-1.3093112
-0.074965118,1.949351,2.2315227,-0.80505625
-0.20010787,1.1422632,1.858998,-0.4121281
-0.37407317,-0.56970363,0.80995355,-0.23087586
-0.37908754,-0.99644644,1.2613244,0.50177446
-0.033859914,0.35587851,1.405909,-0.79897785
-0.36388105,-0.36370277,0.43234824,0.53261282
-0.16232465,0.19676616,-1.2678336,-1.3945086
0.25397652,-0.54270023,-1.0309053,0.31308077
-0.75540785,-0.56034914,-1.0194956,-0.35415488
-1.0761734,0.41116238,-0.4752531,-0.10059627
0.72704385,-0.42521638,1.3321719,0.11776019
-0.40711207,-0.99565894,-0.77195303,0.41012929
0.51571574,1.1414811,-0.20545517,0.26072387
0.41022601,-1.5749664,-0.85497591,-0.13748438
-1.3688975,0.69790724,-1.1069066,-0.20732037
-0.56783992,-0.16032026,-0.69842621,-0.23079949
-0.37262464,-0.55370245,-0.660056,-0.45155134
0.3694531,-0.22434707,-0.34087546,-0.20396714
0.30197448,-0.19633683,-0.2375993,-1.2486123
0.078438699,-0.1137558,-0.41056384,0.78564623
-0.26270508,-0.2867702,0.43741959,0.2873736
-0.45371298,-0.59305317,-0.82500301,1.2526499
-0.38802881,-0.19607716,-0.46628101,-0.1800497
-0.44834038,-0.16753242,0.06696003,-0.48391404
-0.21450119,-0.74039791,-0.37915856,-1.2525288
-0.84746451,0.34113893,-0.78172648,0.89405234
-0.33268239,-0.68701293,0.71217985,-0.87777775
-0.63793166,0.24728436,-1.1892976,1.7436859
-0.41171276,-0.29980987,-0.93286173,-1.2958822
-1.5531094,-0.0057987386,-1.3018612,-1.4072749
-0.25773117,-0.64096259,-1.8384318,1.0855822
-1.0575207,-1.1645787,-1.1959036,-1.3647148
0.83393664,-1.3242522,-0.35459328,0.84192096
-0.73143885,-0.5046347,-0.40350704,0.30129875
0.65959336,-0.13731352,0.22770628,1.5906036
1.5765818,-0.13731352,0.47540555,-0.048116256
-1.2722369,-0.75157359,-1.1767712,0.2644776
-0.034049031,0.41680861,0.83634319,0.45533642
-0.19849912,-0.63634357,0.6040786,0.45964668
0.41379552,0.11266898,-1.6550066,0.082066779
-1.0276535,-0.41026063,-0.15719866,-2.0199737
-0.73531201,-0.26284443,0.4205332,1.1866876
-0.56353888,-0.38201449,-0.73429608,0.075266696
0.010019607,-0.97751819,-0.10327232,-0.64209711
-0.55081859,0.70435665,-1.590807,0.7125469
-0.21426257,-1.1816559,-2.3595367,-2.293744
-0.75726468,-0.13340332,-0.24424154,0.46955763
-0.3097285,0.44950424,-0.35006396,0.61263324
-0.67805601,-0.99276143,-1.7343055,0.68355769
0.90310373,-0.57115647,-0.719396,-1.7820066
0.95574505,-0.073138358,-0.48739934,1.3143676
0.80359722,0.1413567,-0.20353077,-1.2266319
0.17449265,-0.192877,-1.0981314,1.4320376
-0.37727733,-1.9812182,-1.6616796,0.16797177
-0.443853,0.30606283,0.55070892,-0.44467244
0.2681178,-1.8581623,-1.2712305,-0.65154557
0.6736838,-1.5454238,-0.53678291,-0.12655081
-0.449822,0.86580883,-0.59412664,-0.32068968
0.18473941,-1.5043327,-1.725546,-0.84414145
-0.10409059,0.51839654,-2.2526375,0.63768717
-0.39738074,-1.7605677,-1.30515,1.0183483
-0.065183388,-2.183497,0.90578104,-1.2788863
-1.0270636,1.6603935,1.3065781,-0.043670774
-0.28464942,-2.2289009,-0.79011404,0.33462642
-0.23844461,0.88658487,0.17092622,-0.23619944
-0.36997568,-1.2745685,-0.96394314,-0.41886346
-0.33292459,-0.6423937,-0.83756426,0.79405871
0.30414744,0.85097616,0.72717598,1.0700677
0.11894404,0.53894095,-0.28714655,-0.74851626
1.122679,-0.68514097,-1.3042945,-1.0458994
0.8544859,-0.96019838,1.7760706,0.54211075
-0.011540004,0.061725897,-1.4162802,-0.55672866
-0.17995586,0.40402622,-0.9367226,-0.12120089
-1.3078608,-0.3429073,0.70086139,-0.27431582
-1.8455459,-0.17139791,-0.057324068,1.11925
-2.6738315,-1.0000371,0.50777864,-0.12373339
-2.5291836,-1.1629323,-0.22077886,0.17097891
0.39993255,-0.51827204,-1.5301496,-2.6110845
-1.0413268,-0.6947111,0.98614504,2.1037976
-1.6744213,0.87575083,-0.309526,-2.3037273
0.76710203,-1.4494305,-1.6733062,-1.7913227
0.67949692,-1.113921,1.3874473,1.2749927
-1.4030669,0.29555875,0.43539196,1.2155736
0.60996401,-0.50524926,-0.09151792,-1.1575835
0.97282608,-0.79444574,-1.826282,-0.037894626
0.7542075,0.52450386,-2.5675339,-1.597603
-1.0711881,-0.136572,-1.2961375,-1.5434681
-1.2833133,-2.1893258,0.9118414,1.1715404
0.26580265,0.83360104,-0.39864115,-0.0095225832
-0.017658388,-1.6543088,0.67544311,-0.75688818
-1.858646,-0.058486453,0.91925433,-0.48408497
-0.4518147,1.1005685,-0.19012823,0.29092344
-0.19949263,1.9707186,0.21536611,0.11818802
-0.81294472,-0.16793019,-0.34395011,-0.5226187
0.53047315,-0.59224721,-0.44346285,-0.43666383
-1.1386377,-0.66659444,0.036926448,-0.77700176
-1.65745,0.26899837,0.45220115,0.04069293
-0.94577508,-0.68525793,1.1988856,-0.73421522
-1.3963694,0.058762238,0.8832094,0.28708745
-0.42259513,0.65246502,-1.271625,-1.6966022
0.15204721,0.13786212,0.88132605,0.69227135
-0.72148553,-0.021179247,1.4208541,-0.76465103
0.43018038,0.38878575,1.5977664,0.27190965
-0.24141316,-0.71324747,1.3399582,0.3772346
0.36745257,1.0913492,0.26164856,-0.5447964
-1.4718378,-0.10171814,-1.1658928,0.24554356
1.5881969,0.68274105,-1.1304142,-0.9061482
-1.7025439,-0.9067077,0.026413025,0.52240624
-1.8486318,-1.770867,0.89097475,-0.3750046
0.19076889,-1.9444439,2.4549313,-1.0809239
0.94494132,-0.83356284,0.88910386,0.13156651
-2.1699044,-1.102561,-0.99176386,-1.0850604
-1.9890539,-0.46432947,-0.9588835,-0.26129895
-0.99902405,-1.0946565,0.89019447,0.36269218
0.28755255,-0.11885126,-0.23509934,0.28659248
-0.68187087,-0.60846166,-0.68417863,1.5839756
-1.1857775,-1.0560062,-0.62987857,0.018054376
-1.1250921,-0.2064625,-0.10061696,1.6135794
-1.4360479,-1.1363614,0.06384075,-2.0612151
-0.52919607,1.9811611,-0.55846951,-2.2156076
-1.2724569,0.46771237,0.091695648,-1.5993501
0.63054332,-0.80531258,0.46814447,-1.2259184
-0.36206825,0.75515991,0.14023804,-1.0986918
-0.20756106,-1.0698122,0.1736927,-0.99861075
0.33689397,-1.0790098,0.16394418,-1.3415679
0.23815052,-1.1439925,-1.2366433,-1.1348345
-0.91862425,-0.52248573,-1.4671563,-1.2532682
0.34064041,-0.46484333,-1.1431137,-0.80957588
-1.1919931,1.813348,-1.1871032,-0.017264653
1.0143,2.0386286,-1.3829704,-0.37486032
0.32430005,0.81048706,0.6651926,-0.63446967
0.21286602,0.46231505,0.31458132,-1.1516098
-0.70894823,-0.19721786,-1.7872376,-1.281135
-0.73932857,0.21986162,-0.083947255,-1.163015
0.64852488,-0.62794615,0.10064247,1.5512122
-1.5209062,-0.19342073,-0.62669508,-0.95459729
-1.9130167,-2.0858202,0.38281707,-0.49465215
-0.62936971,0.91277773,-1.3732917,-0.51927307
-0.80848437,-0.90091284,-1.7056457,-1.3378083
0.56575469,0.5614863,-0.78211361,-1.1828469
-1.534929,-1.1898408,-1.2767226,1.5099119
0.65234343,1.2052949,-0.16085321,0.7273113
-1.5501664,-1.6035789,-0.14364629,0.76838228
-2.0327593,-0.35240982,-0.082078992,0.53245049
0.12115045,-0.78310094,-0.52006131,0.32724718
-1.0022152,0.66795838,-0.13836171,-0.8832319
-0.28592908,0.42654577,-0.039448479,-1.0970081
0.77844115,-0.75976334,-0.91784601,-0.17579093
-0.68754868,-0.83843116,0.63535711,-0.83736976
-0.56286477,0.36678024,0.13240897,-1.4560709
0.37123313,0.065392099,0.71636972,-0.19598322
-0.19596982,-0.9288131,-0.50762792,-0.40347235
-0.00043281987,2.052565,-1.0220442,0.2672773
-0.27245185,1.200994,-0.67352174,0.58604178
-1.2239881,2.0487338,0.31463124,0.28571337
0.021075865,-2.6602382,-1.46533,-0.19757356
-0.34391637,-1.3313916,0.25354818,0.22294663
-0.38234068,0.18808106,-0.12071848,-0.099218701
-0.70334543,-2.2420872,0.84856153,0.86734055
-0.18361965,0.63430776,-0.63189716,-0.3260373
-0.75151098,0.64777069,0.68739621,-1.5704801
0.039274912,-1.1495129,1.9554481,-1.2997899
0.21418169,-2.3583465,1.2108216,0.39050516
-0.82701099,-0.70149654,1.0778737,3.6000446
-1.9318064,0.066704398,-1.356981,1.9789643
-1.6064836,-2.4002268,-1.3835987,1.7811137
1.9958248,-0.95498036,-0.76857967,0.32204162
1.0464651,0.77720081,-0.95469277,0.7232968
-0.6445293,0.99283695,-0.45348266,-2.3453268
0.11768964,0.41677625,1.5241934,-2.3699293
0.19269705,-0.1392338,-1.4729955,-1.5511139
1.0768681,0.69696141,-0.012791009,0.32786555
-1.4542983,-1.0803725,0.27584783,-0.7958149
1.1922167,0.20535698,-0.74869597,-1.2975151
0.64549093,0.37254218,0.48999588,-0.63805249
-0.25687699,-0.79633836,-2.016634,-1.6681343
-0.28698836,-1.4557924,1.870398,-0.28494306
-0.55735092,-0.01050463,-1.3528723,-1.8321078
1.861126,0.54705115,1.0824585,0.54951149
0.715068,-0.23515305,0.18236145,-0.6080498
-0.28610099,-0.10284906,0.21764529,-0.8827943
-0.98475364,-0.83048547,0.68028859,-0.048244225
0.92478064,-0.90577312,0.24257912,0.30765714
-0.11442317,-1.6313632,0.11162313,-0.71483192
-0.52507436,-0.41543377,0.57833148,0.48857177
-0.32200932,0.75431709,0.64648169,1.1641768
0.79834715,-0.3896696,1.4676657,-2.2591604
0.25999951,-0.23432847,-0.0095525548,-1.9168093
0.70089071,-0.40679488,-0.29045359,-0.74127272
-1.2672746,-0.37529959,0.71516562,0.28727972
-0.052794576,0.47979143,1.2695057,-0.0012155381
-0.6559389,-0.93300126,0.19841251,-0.63242768
0.29521447,-1.3909808,-0.90308347,-0.91593505
-0.60444384,-0.84636468,-0.093236525,-0.44766615
-1.7978182,-0.29305115,-0.17139457,0.73432938
-1.3325501,-0.36054111,-0.23269959,0.78535065
-1.8219879,-0.43801744,-0.71440622,-1.2646004
-2.4418558,-0.16484745,-0.82513891,-0.15925425
-1.6781724,-1.0137457,-0.35041639,0.024342215
-0.14453558,-0.10829687,0.4700649,0.36854821
-0.63230737,-0.54880798,-0.5202689,0.64997472
-1.1128244,-0.22116642,-1.5395062,-0.54727972
0.93600152,-0.84124322,1.5461885,-0.11372375
-0.36191596,0.033689534,0.14182558,-1.0832301
-0.1193047,-1.4219223,-0.45310054,0.24539531
-0.93342338,0.8879845,0.30974515,-0.64994057
-0.47305833,1.2212706,-0.58048834,-0.22900912
0.18181167,0.18645475,-0.10072764,0.9075923
0.21373008,0.38486312,-0.083794208,-0.28481766
-0.1818446,-1.1707807,0.37479891,0.012157165
-0.18805212,-0.81068036,1.576973,-0.22839543
-1.276058,-0.43529904,1.0285166,-0.13938521
-0.18650345,0.95366334,-0.75982272,-1.3834144
-0.058648143,-0.31243744,0.078037769,-1.219265
-0.31418285,-0.58810871,-1.1539877,0.2727243
0.015783402,0.71092296,-2.5436563,-0.21553009
-0.054886212,-1.3000766,2.0959575,0.11335221
0.88470653,-1.5451174,-2.3986117,0.25950325
-0.97896012,-0.16060023,-2.7762703,-0.58782446
-1.2792484,-1.4432158,-0.64147858,-0.12368526
-1.632325,0.16525477,0.65950179,0.67641727
0.73724519,-0.48608741,-1.7038131,-0.92411091
1.1870904,-0.44398402,-1.8806643,-0.24012983
-0.8773303,-1.5328303,-0.66956202,-1.0314129
-0.14263705,1.2944538,-1.5124777,-0.6074442
-0.79011268,-1.2291088,-0.056265071,-0.15487552
-0.65208506,-1.2772036,-0.22682501,-0.22325921
0.20757215,0.35761543,0.51846197,-0.54832271
-0.44791596,-0.64761874,0.079370296,-0.25680206
0.40133142,-0.57801674,-0.15280873,-0.67470708
-0.22310299,0.00074966643,-0.53092724,-0.23361954
0.18911519,0.29665793,2.1236413,-0.45017281
-1.0417529,-0.13693487,-0.22665812,-0.47261727
0.54091557,0.5381298,0.252529,-0.99269747
0.59334158,-0.0033911664,-0.49281332,-0.37289241
-1.4322014,-0.53380639,-0.68038902,0.24500436
-0.25798343,-0.94277258,-0.42591183,-0.27964097
-1.1514037,-0.56380805,0.2225763,0.26386218
1.3714864,2.0776581,0.12436079,0.0439244
-1.2924386,0.5780437,0.055650909,-0.57652996
-0.12491171,-0.44844976,-0.62178008,-0.050405187
-0.59893881,1.4357689,0.21853561,-0.11562517
0.084236531,-0.47568982,0.3780391,-0.39133177
-0.14713041,-0.49065775,0.26255431,-1.1470604
-0.50681785,-0.12753963,-0.15050584,-0.7702324
0.26489375,0.28302986,-0.27509818,-1.7570478
-0.056065731,-0.23052661,0.32805905,1.6856205
-0.53972081,-0.26141102,-1.1563597,0.37291306
0.086101554,0.17575354,0.093538413,0.3227653
0.084120545,-0.32040023,-0.41168485,0.53211184
-0.51774525,1.1661318,-0.80153101,-0.13753563
-0.37346771,1.3549155,-1.3835775,0.56879272
-0.37071027,0.26030349,-0.62905549,-1.1554707
-0.30317143,1.1595772,-1.1620864,-1.0028522
0.31753119,1.8979553,-1.8137505,0.90065655
-1.2107464,-2.0669937,-0.84399592,-0.6779844
0.58129084,-0.2614819,0.46310499,0.22682909
0.0047610141,-0.12822493,0.9437238,-0.48389161
0.25839167,-0.26074966,0.41315901,-0.3932967
-1.2044673,-0.036428884,0.63622466,-1.3708405
-1.8149647,0.8015341,0.62928987,0.73133972
-0.025520369,1.3392606,0.36704903,0.77786529
0.61919324,0.75898084,1.1607709,-0.24885516
-0.92385023,1.5706371,0.80397268,-0.36033157
-0.030880171,-0.7021642,0.82303814,0.33755635
-1.1892513,0.89661331,-0.97994947,0.98561003
-0.98571332,0.77678446,-1.3280864,2.0405396
-1.0266789,0.7454638,0.63965416,-1.9526078
-0.8975272,2.1218424,1.1196183,-0.82027441
-0.84448507,1.3365728,-1.3291771,1.9688198
-1.5520894,-1.1657921,-0.81814817,-2.3521142
-0.86506459,-0.9050098,-0.38282882,1.3336376
-0.69461461,0.36391782,1.6940039,-1.6536081
-0.79028249,0.25177366,-2.0974484,1.6830435
0.68529765,-0.1546433,-1.7434865,0.52245075
-0.4931411,-0.46219327,1.4062366,-0.10613006
-0.13450328,0.19533069,-1.6564702,0.89256211
-0.59485504,-0.4269977,-1.4651642,-0.67669435
-0.70513317,-0.4269977,-1.3107974,-0.00097745788
-0.42030577,1.1951948,-0.076260623,-2.2164533
-0.26568268,-1.4445057,-0.86283435,-2.4657941
0.784493,1.7926697,-0.83212881,-1.8560553
-1.398117,0.97457877,-1.0385849,1.47796
-1.2244154,-1.3005093,1.4298673,0.76429561
0.18147618,1.0200436,0.73893144,0.046990302
-0.55255039,-0.27032999,-0.09978499,-0.22035248
-0.32135271,-0.31070737,-2.3273348,-0.79676212
0.022151717,-0.48661587,-2.3300686,-0.30674878
0.23180384,-1.0567586,-2.3376795,-0.83297828
-0.066035915,0.49951054,0.71217901,1.082142
-1.7453826,-0.089325842,-0.56286066,1.3472382
1.1648353,-0.65528919,0.23089762,-1.2037355
-1.2428,-0.54034483,-0.71268956,-0.013075499
-1.0687235,-0.62417842,0.32994582,1.0740399
0.7053541,-0.0258515,-0.2765575,-1.1944567
-1.3052619,-1.6120722,-0.71390442,-0.50575488
-0.066881554,-0.61728345,-0.43013448,-0.90855467
-0.016745395,-2.0606669,0.069411274,0.42915626
-1.0263164,1.1765073,0.16919336,0.72011533
-0.63990557,0.44021285,0.072859043,0.2131344
-0.12630922,0.6090039,0.075970231,0.34640423
0.53412889,1.2381512,-0.049303641,0.03674346
-0.68813409,1.374106,1.0942617,-0.46004068
-0.56888697,-1.878257,-1.4843401,-1.4749387
-0.29859531,1.2558083,-0.72232491,-0.27440781
-0.099517305,-1.0166679,0.66407076,-0.52876953
-0.048147045,0.48478599,0.72508488,-2.1558882
0.4604441,0.91441077,0.79066382,0.61906124
0.98080969,-1.7059621,-1.1065829,-0.13816413
0.39396991,-0.15415672,-0.62706744,1.0637835
0.41976024,0.2137376,0.33803281,-0.59053781
0.66834414,-1.4809877,-0.71332492,1.220954
-1.0849687,1.3973495,-1.2650303,0.31445117
-0.45927689,1.4145298,-0.66961408,0.62455165
0.12497033,-2.1443598,-1.4192237,-1.4382515
-0.62371967,0.61947156,0.85848935,-0.38180253
0.81193642,0.095036006,0.24288631,0.70255004
0.0582363,0.011435666,-0.32396527,1.1565843
-0.67629243,0.052101651,0.063592637,-0.6913632
-2.0889372,-0.32847815,0.11885108,0.037318881
-1.5386437,0.22493496,0.43975368,-1.7556556
-1.4677756,-0.023570618,-0.21980009,1.2731733
-1.9676494,-1.2232081,-0.3122659,2.6044478
0.35676771,-0.83493509,0.10956219,-2.1227147
0.18351717,0.55207791,-0.48282453,1.6689005
-1.2686099,-0.18856887,-0.60221588,1.5329595
-1.3533923,-0.81522162,0.71774685,0.49627672
0.34882787,-2.0363707,-0.54437724,-0.055484459
-2.5856617,0.78991724,-0.98651651,-0.95896467
2.3911405,-1.2528481,-0.76024776,-0.47837075
-2.5614265,-0.68851864,-1.265523,-0.37245215
-1.703275,-0.52458976,0.12473558,0.1619124
-0.78791632,2.3384009,0.08315423,0.24973177
-1.8385089,-0.36417401,0.041829527,0.003651523
1.0170084,0.087870615,-1.5579725,-0.73443206
0.075128973,0.15229889,0.47413447,-0.35826146
-0.88416951,0.19083133,-0.4171779,0.68496399
0.25973817,-0.22210598,1.1779038,-0.7426336
-0.74436265,-0.19975695,-0.098747499,0.1039919
0.14989925,0.037056892,0.56581286,-0.5092501
0.32017737,-0.80477032,0.15197265,-0.22471153
-1.1717288,-0.42089889,-0.054442602,-0.8334954
0.56487958,0.53958015,-0.90905968,-1.0892715
-0.16520579,-0.08236167,0.65421422,-0.74976439
-0.37590603,-0.87018656,-0.037337751,-1.4694563
-2.0934353,-0.46680779,-0.9399106,0.96080177
0.44487959,0.12601922,-1.4110802,1.193103
0.6427369,-0.4688477,-1.1808521,-0.24117843
0.52842845,0.0059452438,0.77867045,-0.33322606
0.036867929,-0.20229888,0.82040596,0.76368094
0.11315075,0.36070535,-0.61306037,0.17184102
0.7023964,-1.5585919,0.037483829,0.29125567
0.2555199,-1.9217093,0.050979661,0.740723
-1.2299598,-1.7015303,0.43023633,-1.2222769
-0.67856634,-1.5187825,-0.51940415,-0.78819233
-1.2085974,-0.16206257,1.2727657,-0.71168503
-0.74093486,0.80162308,-1.6223013,0.34739848
0.31653156,0.70554578,1.3519506,-1.5647075
-2.1275724,0.027719823,0.2574895,0.6288647
0.61812983,-0.52423917,0.7515321,-0.37971224
-0.90319475,0.14696584,-1.0653419,-0.54176495
0.34329996,-0.75974516,0.22703238,0.43967606
1.7011456,0.86720836,0.62513732,-2.0652052
1.7411125,0.93732449,-0.39803742,0.11081145
-1.2452579,-0.10504777,0.072147959,-1.7690191
0.34647229,0.39740217,-0.66050919,0.44590047
0.11425725,-0.70621598,-1.6111147,-1.0970953
0.084578489,-1.0948317,1.6916391,-0.11175096
0.64558877,-1.5933813,1.4524798,-0.76805255
-1.0038113,0.86984341,0.66958838,2.3754172
1.1703013,-0.41514522,0.0709818,0.79364473
-1.3781564,-0.2067877,-0.4227426,1.0039323
-0.77498319,0.098499419,-0.92647534,1.0647911
-0.25141051,-0.39851195,0.045958149,-0.84001976
0.84026823,-0.16526955,-0.3959295,-0.084233582
0.71634245,-0.93022815,0.65019581,0.18366982
0.11824188,-0.47604548,0.85547757,1.2091913
-0.30438883,-0.78577777,-1.3970941,1.0887822
-0.10462613,-0.57357211,-0.093935984,1.7686998
-0.54565287,-0.46023944,0.021830647,1.5051819
0.46883771,0.5819862,0.11709376,-0.98233385
-0.24407595,-1.326731,1.0376917,-0.79990865
0.097549519,1.2032044,1.7830746,0.014266344
-0.18351646,0.63717122,2.0116914,0.36936838
-0.22305276,-1.745562,-0.022905456,-0.56270306
0.1058756,0.60690621,-1.153956,1.1759832
-0.31192824,0.29450774,1.0468136,0.01554195
-1.7298284,-0.07656414,0.15960926,0.062197113
-1.4157512,-1.9142722,0.024941201,0.85303606
0.63973885,1.3153573,-0.23789137,0.21670367
-0.14150347,2.572319,1.5739491,-1.5556274
-0.1185253,1.1198237,1.0165604,0.8664351
-0.041340821,-2.9285007,0.96970036,0.41981704
-1.120389,-2.9417029,-1.4911517,-0.63496245
-0.72064353,1.390939,-0.42604613,-1.0563558
0.8764462,-1.1714904,-0.40048464,1.3637781
-1.5437941,0.83230751,-0.28344441,1.2883238
0.074608829,-0.83384047,-0.28344441,-1.7289952
-0.12880258,0.75531627,-0.59009951,-0.11914094
-1.6695775,-1.7145779,-0.77232786,0.33613528
0.73129348,0.75260877,0.73786856,-0.52673239
-0.67782489,-0.010549281,1.1185275,-0.76803748
0.47954128,-0.058153744,1.2548146,-1.328244
-0.86091288,-0.70867567,-1.9566087,-1.77941
-0.72086497,-0.60217907,-1.8073081,0.26345888
0.67544071,0.55487349,-1.268435,-0.70421642
-1.2050365,1.4179357,-0.073854267,1.2261576
-1.0692953,-1.9951901,-0.23250124,0.57945981
-0.0048129685,-0.5876839,0.19241032,0.26388073
-1.063688,0.36083897,-1.2394356,0.27933891
-0.75238987,-1.1110765,-0.69967462,0.23923082
0.70314258,0.64598779,-0.54902256,0.56567604
-0.089919424,-1.2713764,0.5360314,-1.7778508
-1.7803725,0.98114597,-0.57872967,-0.53192682
1.3395927,0.25820358,1.911285,0.097733161
-2.0041429,0.89737486,1.936354,1.4822433
-0.83554223,-2.2782618,-1.3937443,-0.27053611
0.43128959,1.1218936,-0.74632599,-0.68943944
-1.4522437,0.60634157,-0.51042954,-0.87919158
1.0131308,0.59808221,-0.25691251,-1.1870515
-0.027518718,-0.13421432,0.054432369,-1.3160887
1.0817564,0.029475388,0.47430194,0.64565807
-1.3748062,0.22487153,0.35654619,0.84195922
-0.49582497,0.18429694,1.2466297,0.1777077
-0.37897432,0.56060892,1.599594,0.3560115
-0.095898607,-1.025799,-0.82038489,-0.36050006
0.46682857,2.7318199,-0.0071258744,0.20310044
-0.17537833,2.4928015,-0.41305172,-1.1957546
-0.0090117014,0.49494699,0.92879976,-0.96266711
-1.2287422,-1.5956971,-0.5759643,0.56050097
1.5927885,1.0159021,0.68813759,-1.0442179
1.281435,-1.361528,1.3288449,-1.0640108
-1.4219022,1.1825953,-1.1921417,-1.292733
0.23125259,-0.87290912,0.69947902,0.36859964
0.52805664,0.59097708,0.079316652,-1.2022608
-1.0782025,-0.47516889,-1.7352113,0.85501132
0.041290548,-1.7083025,0.37925457,-0.93493831
1.0622469,1.255491,1.0129734,-1.0987299
1.0712886,0.11143416,-1.3560057,0.33859844
-1.1085852,0.89362433,0.88325966,0.33784862
-0.31271368,-0.87406317,-0.40851334,-0.0065188562
-0.70072464,-0.63857231,0.11370507,-0.36010132
-1.4903863,0.70368026,-0.52788457,-1.213094
-0.78051075,-0.7607253,1.53606,-0.30865907
-0.71377319,-0.65437206,-2.0517539,-0.38539249
0.27584317,-0.24759423,-2.1901012,-2.0755929
-0.15401784,-0.076701455,-0.076928242,1.4618938
1.3229049,-0.62642601,-1.2316436,0.67906536
-1.5841456,0.14352949,-0.32614759,0.87092932
0.65291416,-0.41074238,0.78841521,-1.3360364
-0.57325815,-0.21827154,-0.23988823,-0.88333904
0.16148344,-0.36802253,0.10316912,0.81140932
-0.94863417,-0.19719519,0.061310749,-1.0651359
-0.72555136,-1.5735613,1.3198363,0.34814741
-0.91435311,-0.61688414,1.3727277,-1.627142
-0.89530649,-1.8297246,0.69088241,1.1865905
-1.4704848,0.49254352,-1.2088501,-0.80651573
-0.4881238,-1.6031538,1.394659,-0.86087605
1.2138777,-0.26654814,0.95460313,0.37161783
0.91316352,-1.7440128,-0.23074668,0.66556684
1.2819058,-0.0413401,0.3272235,0.78128645
-0.97902229,-0.97546065,0.76194776,-0.036562959
-0.16746839,1.106413,1.2425539,-0.31307586
-0.34023475,-0.31769824,-1.0813636,-1.2276652
-0.64667271,-0.068324051,-0.83717064,-1.5113923
-0.4131045,0.29478991,0.3478307,-0.32370609
-0.28655134,0.74166915,-0.24891382,0.71258307
0.043413472,0.77437943,0.36436082,-0.98725465
-0.63349376,-1.4734701,1.0807902,0.64103673
-0.66263177,-1.3455742,-1.6017899,-0.67333943
-0.24445364,-1.9214418,-1.8716971,-0.64889605
-1.0659977,-1.0667477,-2.6630188,-0.41562736
-0.81831471,0.33900913,1.7886501,-0.19405253
-0.063951668,-1.3033772,1.5239064,-0.78250316
0.38890301,0.9345127,1.1249682,0.004242242
1.2475785,-1.678165,-0.26477639,-0.11290736
0.81163975,1.4180757,-1.2226449,-0.75620524
0.30534322,-0.75671913,0.84023052,-0.4324338
1.1079783,-0.4784169,0.40197247,1.1858299
-0.26689625,-0.036685126,0.89629052,-0.059244717
-0.27711296,0.11268472,0.037202896,0.031255079
1.5243306,1.0951546,-0.59211475,0.35851206
-2.1317609,-0.49895098,-1.3663782,-0.88272005
1.4086232,-1.2682829,2.7203604,-0.67387052
-0.62365156,0.34943875,2.6145995,-0.61005548
-0.40793869,0.50155418,-0.15813636,-0.98678662
-0.51847572,-0.30316109,-0.22456418,0.70910564
-0.65030007,-0.097300118,1.1705421,-1.4369909
-0.11954561,0.81441352,1.0897232,-0.19901659
-0.44748411,0.71921267,-0.77435927,0.56398149
0.67764112,-1.0930785,0.33599479,-0.32835948
0.458968,-1.1218836,0.69434613,-0.034335923
-2.5721476,0.82813631,-0.65800718,-0.52385281
-0.4198676,-0.62696898,-0.8495657,0.59855999
-0.44797515,-0.13467216,0.25360426,0.59434302
-0.31944093,-1.4120489,1.9177287,1.0810194
-0.97547877,-0.51860921,0.55631587,-1.6406692
0.75307344,-0.36596248,-0.12410304,-1.0205221
0.86279163,0.49837801,0.78864215,0.51373574
0.14093932,-0.86917535,0.086477846,-1.3503138
-0.87834609,0.51156575,-0.0084643069,-0.8179838
-0.72479865,-1.2407737,-0.28309482,-1.2128298
-0.75449267,0.51239776,-0.35617071,0.091166249
-1.5257872,-0.26011063,-0.85732064,-0.21620782
0.46825223,-1.1803488,-0.076095387,-0.71108488
-0.056811552,-1.4744987,-0.10006071,0.74390575
-0.47341567,1.08268,-0.22558862,-0.056291546
-1.1906413,-1.3707634,-0.60692153,1.121404
-0.3471008,-1.2014576,-0.0066061843,1.1678187
-1.3755382,-0.040082003,0.90460063,0.70749625
0.58670488,-0.21168213,0.5599795,-0.41751498
-2.4110509,0.24439602,0.054878029,0.079712912
-1.3647092,-0.7095089,-0.89766277,0.3015324
0.12579581,0.38191057,-0.55662311,-0.90937165
-1.6509568,-1.0842785,-0.021129878,-1.8927095
1.2008681,0.18337029,-0.34183873,1.9552753
0.29251747,-0.42262269,0.15446446,-2.4063295
-0.66787699,0.4253261,-0.8485511,-2.6402234
-1.572876,-0.82581647,-0.82084997,0.34965588
-0.71988689,-1.1978996,0.09754302,1.1668641
-0.096326985,-1.2762312,-1.0374211,1.0688299
-1.0699723,-1.6865733,0.7338709,-0.0074807429
0.44449557,1.5579753,0.62092245,-0.44251127
-0.58996541,0.19461074,-0.51034963,0.34715304
-0.63979934,-2.1175804,-0.89444369,0.8681998
0.24875961,-0.78565948,-0.84329973,-1.3602558
-0.44819354,0.054114375,0.5680645,-0.93166292
-0.5058264,-0.099013804,0.17127017,-0.51837037
-0.60633786,-1.1358275,-0.31530746,-1.7013349
-0.57020614,-1.5304645,-1.2547906,-1.5141089
-0.76674404,0.31099974,1.2864977,1.1798801
-0.65107543,-0.33105653,-1.3083528,-0.51031871
0.16758953,-0.57146958,-0.84026109,-0.49646319
0.16809444,0.67595289,0.49427578,-0.80820564
-0.78294929,0.31405478,1.5428722,0.82679436
-2.054096,-0.89364551,0.78575627,-0.66159555
1.2646277,-1.0944747,0.075791828,-0.66182062
1.427499,-0.097583976,-0.40101336,-0.64393948
-0.89633674,-0.85068229,1.0409037,0.19987406
-0.073328428,0.17474825,-1.3548997,-0.29636389
-0.19994408,0.27517577,0.72042704,-0.10272561
-0.71003503,1.8174606,0.56717015,-1.0400739
-0.28374353,1.6956194,-0.13665322,-0.62470011
-0.95380587,0.53773995,0.28610579,0.12257861
-1.0084068,-0.24663874,-1.4118725,-0.71262844
-0.53503888,-0.99007721,1.0082679,1.5308378
-0.40661123,-1.54318,-1.5260886,1.2493051
-0.88678891,0.98565651,0.53756938,-2.0744564
0.2512771,-1.4107949,-1.3717271,-1.4317896
-0.67111058,-1.3273507,-1.3717271,0.053523028
-1.1334348,-0.26775785,0.00055035149,0.10852521
-0.7494096,0.07782286,0.60124775,0.38938532
-0.23602011,0.13764952,-0.61820564,-1.2682789
-0.69681528,0.80075467,-0.23354487,-1.2679666
0.74078424,-1.3233416,-1.6668094,-0.60417179
7.7311766e-05,0.12438041,1.6244333,-0.4383382
-0.16783338,-0.038885316,1.5294616,-0.49014258
-1.0065916,-0.44350234,0.85559041,0.072560071
-0.44265986,-0.88617722,0.81064512,-0.54720582
0.34480331,-0.95941574,-0.91691828,-1.6611223
-1.6002985,-2.1923599,-0.018965013,-0.45595214
-1.9433405,1.6962709,-0.47070768,-1.0082836
-2.5359172,-1.9513992,-0.44257299,0.13306932
-1.7181522,1.2936467,-1.5063745,-0.38838861
-0.28257454,-1.98181,-1.4485931,-1.1851474
-0.0061515121,1.5688443,1.1387462,-1.4174997
-0.98681555,2.2986078,-1.441875,1.8732541
-2.6294811,-0.18806773,-0.96124015,0.10628902
-1.4829117,0.18571843,0.19761393,0.083528032
-0.73819528,0.10355494,-1.3880412,-0.23992075
0.86013248,-0.13808208,-1.7934739,-0.29785146
-0.87380647,1.2721446,-1.9584643,-0.15132257
-2.0464066,1.250466,-0.44139553,-0.69118666
-2.6963281,1.0722867,-0.55483668,-0.56479292
-2.6963281,1.421736,-0.56544348,0.18160638
-0.75159136,0.84307035,-0.49161063,-0.76537592
-0.32221189,1.199525,-0.3983296,0.22093312
-1.5212526,-1.0061364,-0.21793268,-0.76387507
-0.17819662,0.17288849,-0.2425626,-0.88392878
-0.49072723,-1.0673421,0.40347811,-1.0490417
1.0224139,-0.28825307,-0.45620383,0.52425801
0.18488621,-0.77846829,-0.50601199,0.63846411
-0.74380834,-0.1456898,0.89887791,-0.70142783
-0.0079054344,0.3643273,0.60725411,0.47447518
-0.49345557,0.23547963,0.057661839,-1.3109213
-0.13848144,0.2768649,-0.10125806,0.80102254
-0.28510342,-0.22003381,0.21179306,-1.9504075
-0.32438234,-0.96343846,-1.3627489,-2.7127427
-1.2185788,-0.84744658,1.0791047,-2.3599759
-1.3584776,0.90934577,0.11159851,1.8417119
1.6881833,0.53606115,0.98046706,1.6687848
1.8595584,-0.64998071,0.5028491,1.340192
-1.4852245,0.26930753,-0.98188283,0.25533693
-1.2002202,0.16225005,-0.29560233,-1.2282593
0.71241534,-0.57351269,-1.2863218,0.71126721
-1.5802441,0.92289449,0.64505782,-1.3643593
1.2659819,0.24953539,-0.42535011,0.54261708
-1.754667,-0.41020079,0.40077962,-0.06885672
-1.5923278,-0.91221172,0.011530878,-1.4946836
-1.8440016,-0.44543437,-0.19449496,1.0082081
1.1606231,-0.5387952,-0.0088906817,2.2958206
0.35718091,-0.37684444,-0.33760938,-0.47701514
0.16528907,-0.51818181,-0.33491707,-1.1336434
-0.60789095,-2.1642003,-0.65887526,-0.77380057
0.56027484,0.57041934,-1.563595,-0.59065953
-0.021647429,0.054148993,-1.9760752,0.48615943
-1.1448617,-0.6376838,-0.93257153,-0.67983557
0.49786419,-0.094897128,0.19594136,-0.62086196
0.97812561,-0.15110232,1.9714242,0.99555678
-0.021680568,-1.2006253,1.9061659,0.81843402
-1.3539069,0.78921615,1.7323106,-0.93453656
1.3084419,-1.4092238,1.013729,-0.078403167
-0.20822442,0.95077747,0.38202253,-0.78727804
-1.1254407,-0.72600255,-0.95914528,-0.083460829
0.78249418,-0.86981805,0.5611228,-0.64484349
-1.1446585,1.9327609,-1.9123712,0.71996991
-0.707498,0.66664769,-0.09160216,0.28834812
0.15880098,0.43113743,-1.2067536,-0.57460092
-0.058035526,-0.59249345,-0.20237035,0.33877143
-1.0111748,-0.92293048,-0.68603664,0.55180882
-0.48817728,0.36737224,-1.1224696,0.72896941
-1.4322256,0.13517614,-0.97987534,0.41913628
-0.99268016,0.17023907,1.336478,-0.14885804
0.35793881,0.49787838,2.1461823,-0.22832332
-1.1174549,-0.22135747,0.50552602,0.026139892
-2.0060153,-0.38604685,-0.44274105,-0.5291696
-0.53953348,-0.14346455,0.95660014,-1.9355012
0.54654656,1.4710203,0.068685436,-0.18160968
-0.75076665,-1.5647842,-0.69656906,-0.35528378
-0.16245495,1.6301531,0.24754901,-0.11210081
0.036177254,0.67755623,0.1393253,0.38548491
0.17358509,-1.2822216,-0.47954422,-0.62273443
-0.12380746,0.72459669,-1.1769249,-0.4963099
0.34861408,0.50793382,-0.098520936,-1.7556442
0.93918039,-0.61593072,1.376476,-1.5769685
-1.3792245,-1.2560174,-1.2080473,0.35453764
0.6388688,-0.28819522,-0.13830465,0.14765005
0.36122295,-0.4397585,-0.49165511,-0.09793609
0.1535338,-0.51336981,0.083998914,-0.24051982
-1.2982956,-2.8981211,-0.61886009,0.42169737
-0.95681208,-2.8296364,-0.56795983,0.037995019
-0.29861498,0.38083614,0.22153387,-0.52217121
-0.66049536,3.4535838,-0.052543699,-1.6703547
-0.99617169,2.8473415,-0.60678903,-1.6160368
0.5647523,-0.26186814,-0.90080226,1.3383176
1.3228939,-0.44215819,-1.1963146,-1.8002484
-2.0510623,-1.0460316,-1.5152876,0.56779731
0.27708316,2.3095087,2.3856094,0.11066714
-0.94233988,-1.0639703,1.2379713,-0.93685385
0.32802561,-0.86903603,1.8540323,0.50734337
1.0865202,0.3878526,0.9798434,0.68919558
1.5602568,0.23824031,0.15901439,-1.1629091
1.4387906,0.25522278,1.4656685,-1.7630152
-0.469261,-0.41218256,-1.256239,1.2981215
0.15855743,-0.77038316,-1.481078,-0.12392979
-1.1826177,-0.64037461,-0.48029275,-0.81306798
0.42775485,-0.12993708,-0.6276505,0.29889142
-1.0986987,-0.35504724,-0.88607708,0.2848251
0.61344704,-0.016611932,0.056700303,0.21572203
-0.35006497,0.15327913,-1.0970309,-1.974445
-0.85768595,-0.18645814,0.80398513,1.6488157
-0.38813853,-0.82107706,0.42618262,0.38445218
0.087372912,0.41629334,0.62050368,0.70303317
-0.24729834,-0.95519056,-0.85929944,-0.62598377
-0.072617725,-0.57334595,1.5353162,-0.84703149
0.30028344,-0.26716618,-0.91417707,0.39358585
-0.91472273,-0.29160447,-0.35705034,-0.28799375
-0.1214131,0.88682898,-0.64666186,-0.43316228
1.5736695,-0.85088667,0.37320416,-0.48010066
-1.2488454,0.64621209,0.48768947,-0.90106261
0.67690083,0.03343578,0.34969899,-1.6590605
0.066221226,0.46721629,-0.69076411,0.33465647
-0.40338139,-1.251949,0.42142351,0.037890148
0.64039151,-0.74940406,-0.81760265,-0.87579349
0.41162485,0.23342321,0.26759881,1.1795077
-1.3698344,0.0070672667,0.66986424,1.828063
-0.90324513,0.33805825,-0.92687222,0.22365802
-0.67414534,0.37598243,-0.5871868,0.89659436
-0.91768025,-0.90771679,0.35586399,-0.99201718
1.4646722,0.49501728,-0.72706681,-2.2341895
-2.1654691,-1.0512115,1.0527869,1.3362928
0.99310418,-0.61460311,-1.4146396,-1.1771743
-1.7946151,0.66408441,-1.0343947,2.0657921
-0.25295753,-1.2498822,0.27379139,1.0906391
-0.61336327,0.42567013,0.42729863,-0.92678955
0.93775959,-0.023123995,-1.1803972,0.8346859
-0.6332628,-0.02798681,-1.1704045,0.67905317
0.4451186,2.3148816,0.87283899,-0.8969146
-1.494659,-0.82269803,1.0878482,0.44421602
-0.47385195,-0.48416563,0.18258565,-0.972963
-1.1532944,-0.47820937,0.78164216,1.399745
-0.056385122,-0.10535318,-0.95037987,1.4570317
0.55609812,-0.8897063,-0.32277342,-0.55856923
-1.3555081,-0.88398483,-0.65878566,-1.0006081
-1.2846752,1.0029003,-2.254081,-1.0981945
0.23167207,0.054227153,1.837024,-1.1450657
0.26118122,-0.37429742,0.82809209,1.0907434
-0.84952789,-0.08577451,-0.49379748,-1.7262984
-1.4395411,0.3863841,-0.23566744,-1.5056954
0.81501538,0.82917762,0.36999171,-0.086693114
-1.0720614,-0.86354251,0.30621943,-0.43672939
0.040331929,-2.0445358,-0.73684854,-0.32980951
-0.84972648,0.051289617,-0.46863033,-0.37971263
0.12916551,-0.45997714,-0.43609228,-0.45530778
0.010502617,-0.14170379,0.74940297,-0.78600164
-1.2619667,2.39482,1.5276114,-0.39042515
1.2616111,1.2078502,1.1488567,-0.72332646
-1.3626295,-1.0285003,0.88316068,-0.74827789
-0.69467698,0.65113386,1.1785395,-1.821927
1.0751805,-1.8902927,0.95832819,-0.52829082
-1.2353649,1.3624179,0.21534746,0.08051512
0.58277831,2.4727335,0.43946395,0.37020829
-1.2998532,2.1970247,0.81801467,-0.68782727
1.2023739,-0.63552191,0.014820694,-0.48406118
-2.1078933,0.86881494,1.1442293,-1.1294672
-1.2740299,0.47298027,0.64181502,-0.59815033
