"beta_overall","beta_novice","beta_inter","beta_expert"
-1.5150099,-1.5250906,0.028916884,0.23067027
-0.88457943,-0.27328788,0.052150616,-0.93656907
0.38982071,-1.2228299,-0.96639545,0.19336683
0.84763156,-0.99399023,0.19317075,0.094814032
-0.76450189,1.1916271,-1.8993017,0.044593356
-0.30953658,1.0609784,-0.81693349,-0.38459554
0.21258109,1.7501209,-0.39132353,-0.78658039
-1.1509706,-1.5049023,0.043406856,0.4318375
-1.2388821,1.5908409,-0.20927153,-0.90684255
0.031484304,-2.2716909,-0.0062273093,0.12869017
-1.2013404,-2.0849268,2.2874596,-0.63225551
-0.13166482,-1.8203007,-1.3672802,0.058545236
-1.5403819,-1.3311789,0.48340392,0.0020422453
-1.0547732,-0.23647869,0.37437669,-0.3993428
-0.27026615,0.91841608,0.83798273,-0.1197088
-0.069561549,-1.9826339,0.91508675,-0.42819885
-1.9032666,1.4730885,1.2102132,0.95310514
1.4425429,1.0047796,-0.82411685,1.5219427
0.26231222,-1.9955562,0.56412461,-0.86956124
0.11772037,-0.19471867,-0.83162724,0.82177926
-1.5679757,-0.37837977,0.37494467,-1.6107857
-0.8100806,-0.57769005,0.92339872,1.0466503
-1.1723277,-1.9157038,0.80341249,-1.7265343
-2.4415057,-2.0850751,0.26128812,0.15739697
-0.78586999,0.38588671,-2.1846563,-0.14974811
0.15286197,-0.29741668,1.203251,1.7655889
-0.3913091,-1.8657956,-0.068732502,1.1526456
-0.019386644,-1.1698877,0.090116757,1.4674627
-0.15373537,0.15197588,-0.94405821,0.058616026
-0.92628467,0.51255935,-1.2039097,-1.5774412
-0.54749003,-1.1735192,0.48478828,-0.010565083
-0.36179804,1.207541,0.33586638,-0.57116219
-0.47290529,0.94267977,0.27925957,0.29336038
1.0130985,0.58289842,0.48874628,-0.51001895
-0.93069573,0.97585046,1.3767891,-0.060898367
-1.094339,0.97585046,0.52710698,0.64781756
-1.8185433,0.078259461,0.33973644,0.64610694
-1.0759286,-0.47891287,-1.0668544,-1.5741933
-1.5382284,-0.32535244,0.63548142,0.12391433
-1.6223997,-0.27243535,-0.54405771,-0.52154917
-1.5085619,1.0029831,0.98105777,-1.6838031
0.029893488,-1.8008424,0.34308877,-1.5578137
-0.66315754,0.87837342,-0.48836948,0.13456779
0.57425185,-1.7138877,-0.82217506,-0.020709076
-0.055365125,-1.8039848,-1.9320723,0.46412662
1.3995141,2.3465896,-1.7753864,-0.0065234888
0.5062784,-3.3244043,-0.29002963,-0.5967347
-0.30779397,-0.4986534,0.022520736,-0.19975989
-0.25875288,-0.3842303,-0.26841493,-1.0258496
-2.5469655,-0.5943273,-0.0041927434,-0.38511685
1.1382688,1.0260001,0.36971145,-0.33534523
-0.82471312,-0.73696108,-0.9329307,-0.035264694
-0.46198742,-2.239021,0.81668756,-0.45873114
-0.79240228,1.0889541,-0.4526705,-0.25609191
-1.50583,-1.5479514,-0.37639555,1.1570165
-1.4615669,-0.7552254,-0.52832201,-1.2739307
-1.7092431,-0.1413694,0.76268155,-0.14243818
-1.7356887,-1.452513,-0.75992552,-0.88170266
-0.51256869,0.15870378,-0.50909356,-0.4174019
0.23671694,-0.049705397,0.63916217,-1.0954731
-0.49233396,0.36280695,0.0078573845,0.39479799
0.4515596,-1.0190187,-1.2837265,-0.39602691
-0.52740139,0.12704461,0.70357688,-2.1746086
0.40637096,-0.16195744,0.15179128,-0.61505769
-0.21337021,-0.28984542,-0.64439217,1.2913744
1.0251757,0.10679075,0.23836191,-1.8494997
0.88045961,-0.62370716,-0.016758517,1.693561
0.037874549,-1.0522035,-1.2869086,-1.8205837
-0.026961113,0.23780688,-0.58178615,1.1672989
-0.18412749,-0.8583389,-0.077316301,-0.30240487
-1.0999715,-1.1337984,-0.52439915,0.59333934
-0.94784666,1.2051801,-0.39776585,-0.78947633
0.36826239,-1.3683212,0.86351302,0.73372355
0.15366719,-0.14054261,-0.051106305,0.80934365
0.71512202,-0.49245286,-0.73995116,0.48582372
0.68099841,-0.78183382,0.21655171,1.0239272
0.21228997,-1.0282747,0.033947721,-1.1474448
-0.81046897,-0.5167391,0.36306809,0.8886553
0.15385889,-0.34010065,-1.4955329,-0.25689744
-1.4431346,0.62976135,-1.0147608,-0.21012355
0.35748237,0.0092075174,-0.15945224,-0.27747299
-0.13030218,-1.3600411,-0.65964605,0.13656565
-0.18714625,0.51891097,0.29987193,-0.60626545
-1.098055,0.15258139,-0.2350935,-0.38122142
-1.0026,-1.0243955,-0.48058101,-0.79901679
-0.059558421,0.46036623,0.76435308,-0.54808073
-0.5114537,-0.83121984,0.32081113,0.38628972
0.41959773,1.3937767,0.16059699,0.55709935
-1.3045321,-1.6407586,-0.83320914,0.13451926
0.42179239,-1.4433263,0.34462295,1.3779793
-0.39531128,-0.076689697,-1.7646303,-1.7782862
0.21267047,-0.30002484,0.95167316,0.084251281
-1.1884988,0.46849251,-1.6920798,0.065199901
-1.8108979,0.19970634,0.80094435,0.030195559
-1.2565595,-0.029450813,-1.575122,0.87832067
0.38158049,-1.109946,-0.54579433,-1.1363612
1.0759921,1.9643357,1.1299593,0.31192982
-1.9318647,-3.0713495,-1.9842424,0.094119581
-0.79679474,-2.0099865,0.48842715,0.39570891
-0.130149,1.2887524,-0.42853859,1.2023542
-0.88128543,0.61151508,0.35298123,-0.95370819
0.59491567,0.78985915,-2.3725679,2.0021893
-0.7072072,-0.73616667,1.0536258,-2.147952
-0.6913824,-0.76102687,0.83289868,-0.19626746
-0.18655606,-0.50154146,0.19169347,-0.54164211
-0.33873658,-0.090401817,-1.0705585,-2.736043
-1.6618145,-0.1259368,0.58908122,-1.533733
1.0745318,-0.22050174,-1.0081458,-1.4866814
-1.5744917,-1.2099873,-0.15140546,-0.41056229
0.33923241,-0.80211026,-0.71898159,-0.5031994
-0.89199321,0.36199749,-0.39955675,0.96334558
-0.14149265,-1.1869012,1.2604413,-0.8014483
0.8131136,0.32369684,-1.5286074,-0.18013219
-1.798038,-0.95478685,0.42142393,-0.18217002
0.68275866,-0.43195695,-0.3806497,0.013917811
-1.0065417,-1.3989484,-0.91205882,-0.29817592
0.015012361,0.50358203,0.68821693,1.173569
0.15892208,0.18905944,-0.97969894,2.3884037
-1.0117773,-0.71496288,-0.69446007,1.4873998
-0.32591205,-0.43380583,-0.17933189,0.91330403
-0.30144633,-0.9705224,0.17460246,1.7660038
0.40705985,-0.1919425,-0.35706367,1.9500704
-0.12385764,0.024461824,-0.58830317,0.73984092
-0.53762169,-2.4836474,-1.1180229,-1.3956609
0.10994152,-0.77443578,-1.8107367,-1.182288
0.85207828,0.25974314,-0.77493977,-1.3144419
-1.1113481,0.92272287,0.37932492,-0.8181661
-0.98722038,-1.5689544,-1.0525502,0.11187638
-1.2300814,-0.93336521,0.72747829,0.066245086
-1.4147932,0.23290059,-0.71765316,-0.2707081
0.56702905,-0.82690635,-0.71234999,-0.79372207
-1.4054866,-0.95988876,-0.75461422,-0.076510051
-1.1390585,-0.95988876,-0.25022866,0.26007475
-0.65210269,-2.1389195,0.43394991,-1.5121461
-0.32938485,-2.0965254,-0.44055945,-0.55202144
-0.35773102,0.51616264,-0.042492915,1.0072462
-0.28134516,-0.45004681,0.093262675,-1.8019266
-1.8813692,-0.70633486,0.15402815,-0.12199287
-1.5851754,0.26623043,0.78352656,0.6337413
1.7699019,-0.9795481,-1.3559502,-1.3930632
0.21899422,-1.2494674,-0.26792343,0.69334127
-0.013338538,0.42908954,-1.2984372,0.59805253
-1.6652913,-0.69099528,0.13178093,0.25946054
0.91909301,1.465735,-0.53916498,-1.1185955
0.6311591,-1.4859038,-0.4812964,-0.09938811
-2.0999627,0.061053149,0.78147813,-0.045379217
-1.1817489,-0.90322554,0.083565697,-0.79364156
1.262138,0.029162994,-0.36368867,-0.36492931
-0.68628134,0.47837393,-0.059799299,1.4555761
-0.042588985,-0.72145918,-1.3966959,-1.5996723
-0.78991155,-0.58154117,-0.33024951,-1.7439658
0.37751492,1.5501738,-0.054867681,0.65127742
1.6330083,0.76545565,-0.91536008,-0.88657425
-1.4270218,0.17100201,-0.983776,-0.38650074
0.63594635,-0.52694458,-1.1539253,0.080903957
0.44776993,-0.50144468,-0.0065679308,-0.16494497
0.20377415,-0.38005967,0.60967221,-0.5274271
0.53456541,-0.98683517,0.60323754,-0.41062177
0.27297564,0.0075295979,-1.5958771,-1.185523
0.86602475,0.8543566,-1.4513224,-0.17915864
1.4561005,-2.3298177,-2.4016955,-0.98289625
-1.5140326,0.98448682,-1.7588096,-0.70598646
-2.7171617,-1.4013139,-1.0410435,-1.2554844
-1.7985747,0.5246342,-0.90019528,0.67442711
0.20263253,-0.40007977,-0.92233669,-1.5216383
-0.46659579,0.58810024,-0.40214503,-0.69896443
0.22424736,-0.51770652,1.2210581,0.2009909
-0.98362223,-2.2152087,-1.4967619,-0.23265348
-1.0620876,-0.12699544,-1.0267789,-0.22378941
-0.85863207,-0.70769744,-0.33824264,-0.49147567
-0.4075539,-2.243724,-1.7358428,-0.40368309
-0.22794005,1.6182687,-1.45612,-0.38339324
0.21425101,1.1728751,-1.5879067,-0.26079771
1.1314688,-0.35799917,0.091585655,-0.58000139
-2.020729,-1.1365474,0.0073291386,-1.636745
-0.75388328,-1.0597158,-0.021460617,-2.1710179
-0.0063043509,-0.51181847,0.23768273,-1.9256844
-0.39851478,-0.9159636,-0.71056854,0.8328733
-1.3114375,-0.71018959,0.10282808,-1.8436801
0.68506382,0.40802624,0.9392294,-2.0733423
-1.0854913,-1.4397486,-1.4285351,1.0926045
-1.1446565,0.11480618,0.11437728,-1.5266799
0.94224767,0.078183195,-0.0052028995,0.94749604
-0.24814972,-0.25143735,-0.22211654,-1.1121987
1.022094,0.58043057,-0.6964834,0.32136019
-0.72552275,-1.2352295,-0.2675391,-0.16954191
-0.37213815,0.80438389,0.087522783,0.030799742
1.3324132,0.6846339,-0.84771078,0.065285896
-2.1221241,-1.015534,-0.51289492,1.1932293
-1.1249622,-0.37990981,-0.52564153,-0.57627474
-0.7296368,-1.7007249,-0.53238535,0.35614238
0.74809441,1.2870527,-0.80603443,-1.4009311
0.86689271,-0.093766243,0.8089735,0.78915512
-0.49693763,-1.0819609,-1.4951355,-1.3508928
-1.3447888,-1.4280285,-0.80580842,0.449541
0.16535973,0.83930275,-0.97906328,0.37396403
0.069354985,-0.43084037,-1.4500282,0.038292215
-0.52710664,-0.75824156,-1.9938218,-0.53969028
-1.3292724,-0.42092148,-0.97115373,-0.21426623
0.33402556,-0.72513145,0.75566372,-0.14314914
-0.56363329,-0.43219917,-1.0158319,1.1640893
-0.074933869,-0.82843659,0.78488944,2.2344584
-0.67098152,-1.5228734,-0.79424195,-1.9126521
-0.90019241,-0.18224826,0.95810814,-0.77770267
-0.66257302,-0.096770955,-1.7558226,-0.043193522
-1.2076727,-0.6478896,0.048297454,-0.1437056
0.49010968,-0.33091529,-0.1138361,-0.26050671
0.00056982751,-2.2265775,-0.73052979,0.64672661
-0.94782292,-2.2225636,0.91729604,-1.5131242
1.5005886,1.4213821,-0.44187423,0.45742093
1.9972652,-2.0715317,0.17644444,-1.49588
0.86635004,-1.1101233,-1.0627367,-0.75040832
1.4831261,0.080911507,0.72260566,0.21401037
0.79375915,-1.2254023,0.76972109,0.20105296
0.99825442,0.57485852,-0.17637108,-0.46990278
1.1146554,-0.79989306,1.1697596,0.26780572
0.7453093,0.92933415,-0.26945282,-0.72661788
0.013986411,0.98864343,0.61359046,-1.2587402
-0.96390271,-1.0938978,-1.1563766,-0.61747896
0.71933448,0.27326156,0.50804856,0.30995165
-1.3130598,-1.0443276,0.82799707,-1.0102776
0.88429865,0.051210952,-0.90814148,1.149763
0.15929323,1.320722,0.32510993,0.027980537
-0.80101513,-1.8538234,-0.17225471,2.1925246
0.0092286134,-0.061181743,-0.092478193,2.0084656
1.0239098,-1.7129113,-0.16855094,0.99084616
-1.7916993,0.028502635,-0.32739532,-0.15021871
-1.4542422,0.53334684,-0.73051866,0.18372258
-1.5574419,-1.3354158,0.34973774,0.35149466
0.57581071,-0.88200616,-0.38599938,0.34866471
1.8741802,0.11420667,-0.67040099,-0.14855161
1.9249256,0.7908897,0.6278135,-0.65231367
0.57743246,-0.9188209,0.68666635,-0.98986905
-1.3840858,1.2257408,-1.1062819,0.82912396
-1.9082789,0.71031736,1.0311409,-0.036980348
0.97853577,0.88289211,-1.2953045,-0.98226906
-1.8484445,0.44190246,-0.30245203,-0.30089656
0.33705887,-1.8411054,-0.15739434,0.60980199
-0.86907343,0.06509406,1.1071958,0.97459228
-0.17656441,-1.0194879,-1.559228,-1.4542986
-0.30682869,-0.17049746,-0.34471454,-1.3012866
0.21798795,-1.900869,-0.45059201,0.0014130927
0.067358312,-1.3140826,-0.34830117,0.32744836
1.0706733,0.65752137,-0.0024786229,-0.96276946
-1.8428826,0.77539368,0.16507048,-0.96276946
-2.5240336,-1.0580148,-0.63253244,-0.72176113
-0.51394239,1.6358864,0.23354,1.3774409
-0.26171985,1.0013,-0.69896415,-1.9440734
0.023398548,-1.082447,-1.7614184,1.5615656
-0.98709452,1.6982025,0.49632653,-0.77562771
-1.3616633,-0.33355401,0.051988312,-0.58134271
-0.76649584,-0.15378052,0.20488337,-1.9855041
-0.318033,-0.33416034,-0.47873282,0.64417423
1.9507479,-0.017691999,-0.30218706,1.4991588
0.45410975,-0.73580796,-0.25074458,1.400574
0.53058075,-1.0038149,-1.157856,-0.91203707
-1.405947,0.11762697,0.56050893,-0.32566164
-1.8752931,-1.3322561,1.4897745,-1.5899371
-0.22014317,-0.55640225,0.45262339,-2.0489448
-0.12554557,-0.19722633,-0.84554575,-2.4628109
-0.22792072,2.1123335,-0.67506761,-0.55853456
0.15476074,0.55771754,0.44497996,-0.55923507
-0.61450396,0.22119405,-0.19440472,0.51267931
0.14194239,-0.80089435,0.41635744,-0.72862238
-1.4356547,0.1980001,-0.89898948,0.44339797
-1.2464618,-0.81639286,-0.14914777,-0.61602319
-1.3570239,0.38494268,-0.14914777,-0.33050005
-0.49425016,-0.57948313,-0.071271209,-0.29496
-0.90271406,0.050086919,-0.072522794,-1.0907204
0.56812054,-0.9405977,-0.27928711,-1.0090955
-0.83421298,0.22788312,-0.30346577,0.208815
-0.41610885,-1.0156964,-0.073972708,-0.46737356
0.78432547,0.39139043,0.56704271,-0.82922295
-2.1274259,-0.20050296,-0.81307917,0.8916242
1.3992898,1.5402077,-0.7568522,0.66222437
1.2126356,1.7959091,-1.1557044,-0.56891745
-1.4058263,0.19101285,0.67472295,-0.65094127
-0.7769616,-1.0010342,0.64894806,0.091767752
1.688531,0.35702334,-0.80371106,-1.4970333
-1.6070476,-2.09185,-0.774042,1.0255406
0.60244434,-0.89870846,0.3962364,1.0311842
-0.15872071,-0.7450447,0.44153679,0.64913995
-1.5445855,0.76135771,-1.4519762,-0.58512944
0.84923856,0.056644166,0.14625483,0.51765321
-0.69930929,0.28823958,-0.33260257,0.24433708
0.47316889,-0.18807659,0.47071863,0.040346665
-0.74771519,0.41475835,-0.27406516,-0.45794216
-1.1825172,-0.21636856,-0.8918818,-0.66928195
-0.67678409,-1.3899689,0.56280534,-0.071931267
-0.277591,0.82642748,-0.36672797,0.26523035
-1.6917207,-3.2382304,0.90954291,-1.76144
-0.55754,0.99213731,0.29211421,-1.7208844
-0.53417082,-1.6909836,-0.35965145,-1.3699588
0.01137432,-1.2138068,1.7223351,-0.058859962
-0.70450704,0.34118746,1.8498306,-0.36612246
-0.84825892,0.33064078,2.0217737,0.86594371
0.20562766,-1.4735463,0.31065595,-0.53493467
-0.32042094,-1.6492415,-0.55742536,0.029865294
0.37892616,1.1381485,0.17222958,1.2903839
-0.5882156,1.6824167,-1.0241585,1.5451859
-0.96633171,-0.16392071,-0.68908335,-0.13034154
-1.157588,-0.890294,0.20956614,-1.355183
0.50845015,0.097385475,-0.3099646,-0.50262798
0.090349703,-1.3102282,0.25348052,0.32544202
-0.47344552,-1.313399,-0.7856176,-0.37323391
-0.002654165,-0.27210994,0.27416337,-2.1247171
1.7263329,-0.26457328,0.41360199,0.40568856
1.8569289,-1.1673543,-0.34091988,1.182517
2.0918095,-1.1516427,2.0571914,0.86524175
0.53872494,0.32590999,0.14925541,0.33752132
-0.76824118,1.2913891,-0.32890147,-1.1006847
0.137494,0.3979129,-0.36531572,-0.75555886
-0.28009937,-0.14709634,-1.8108655,-0.93729534
-0.50352112,0.36563059,-0.18102332,0.048236198
-0.62865685,-0.88197427,-0.82028928,-0.99154412
0.55351957,-1.5567553,0.5523305,0.57369475
-0.2684316,-1.05963,0.44775881,-0.41790479
-0.58149422,-0.1036249,0.054054592,-0.8101707
0.12055306,-1.7266834,-0.14141471,0.54090252
-1.7479767,-1.1990215,0.0070138858,-1.374668
0.40094644,-0.80374712,-1.8148007,-0.70572975
-0.057923892,-0.95297984,-1.5288675,-0.97026073
-1.263457,-0.77215352,1.7888368,-0.14874645
-0.65953616,-0.70918542,1.6021384,-0.20569639
-1.6658568,-0.14485272,-1.9427411,-0.70570481
0.37980835,-0.44781258,0.27899314,-0.75768688
0.49091106,0.061875067,-0.73020665,-0.82950952
-0.13218813,-1.7707083,-0.15006214,0.28588866
-0.94773518,-0.20499038,-0.6455587,-0.32862504
0.34737205,0.6197679,-0.097299684,1.398329
-1.4182774,0.09154543,-0.75815295,-0.6477618
-0.95550712,1.0852091,-1.3713929,-1.0598155
-0.31514433,-0.69023526,-1.40133,1.0694352
0.87724105,-1.101507,-1.4509738,-0.28462411
0.039699647,-0.91074737,-1.2624536,-1.4924269
1.1163736,0.45614493,0.42812453,0.15292674
0.43733338,0.3555085,0.69646744,0.37332578
-0.034525133,-1.2906933,-2.1261772,-0.40846572
0.71716346,1.1355959,1.5012976,-1.4499959
0.65585165,1.1204983,-1.8688153,0.47063543
0.32572787,-0.16817318,0.014517681,-0.1567597
-0.81047572,0.032275224,-0.55328648,1.1062338
-1.5911452,-0.71566363,-0.3640805,-0.91210912
0.49627936,-0.35618655,-0.302939,0.80378493
0.66998351,-0.16838462,-0.89927371,1.5781969
0.94633568,0.17662233,-1.0295389,-1.8057281
-0.12248126,2.2827815,-0.31213373,-0.017535498
0.59860161,1.9586372,0.23216609,-0.40415223
1.9736303,1.9919171,-0.66933858,-0.52535262
-3.14237,-2.9212695,0.32241045,0.75922056
-1.194178,1.7704623,-0.59119934,0.84354509
1.637039,0.40133699,0.15853685,-1.4208218
1.4306989,-1.0235498,-0.40520686,0.59188538
2.1950791,-0.2009809,-0.32833265,-0.83221721
1.1411212,1.4334283,-1.5126945,-0.98028098
-1.5870319,-1.0693254,0.73533781,-1.6837106
-2.3720385,0.36675529,-0.5668799,0.72243734
-2.3436545,-0.93259323,0.18106108,-0.57075313
2.0417192,-0.44190073,0.88442289,-1.0731706
0.71636602,0.25786485,-2.180105,-0.36669121
-0.93963335,-0.1776689,-1.453045,-0.28928947
-1.365096,-0.33549317,-0.39537903,-0.0831478
0.77890348,-0.50894786,0.42667707,-0.54463371
-0.2571645,0.92340192,-0.49706307,0.69522285
-1.3541743,-0.89389851,0.028336843,-0.91630665
-0.54044866,-0.60499844,0.025574324,0.31872368
-0.54044866,1.2512662,0.71282342,-0.76849115
-0.55013135,-2.3084579,-0.52654262,0.20283462
-1.468679,0.0097048971,-0.9814982,-0.94903297
0.25485799,-0.35729697,-1.3149847,0.658576
-0.47162258,-1.4365322,0.67407321,1.6846551
0.13939839,-1.1439058,-0.55044464,-1.9499305
-0.87373713,-1.1508267,-1.3588667,-1.487892
-1.7510789,0.56684991,0.8210862,0.62435627
1.2262603,0.84021097,-0.01551505,-1.5477535
-2.6421152,0.25399086,0.041701857,1.2879397
0.45982242,-0.91393048,-1.5242799,1.4842767
0.15298928,-0.62173301,0.44134856,-0.89787335
-0.63127705,-0.85196908,0.31276155,-1.3526936
1.4867654,-2.0632215,0.080728781,-1.9722154
-2.0210772,1.6678758,-0.0083213557,-2.848119
-1.2186207,0.86252426,-1.4999154,0.56916721
0.8450633,1.0380134,0.97576775,1.7248073
-0.87674644,-0.87735698,1.3720663,-0.61071384
-0.47003767,-1.1001999,0.88938883,1.6259019
0.14497949,-1.3491009,0.68568483,0.70548814
1.0944904,0.048919512,-0.90958777,0.077469141
0.22925939,-0.14872554,1.8098064,0.75228637
-1.8204247,-0.34229712,-1.9868825,-0.037318151
-1.9011798,-0.92161269,2.0376878,0.0094982999
-1.6443441,-0.65865404,1.9905532,0.098280315
1.0110012,-1.0155766,-2.5568498,-2.1069211
-1.5718828,-1.5257762,-0.037155697,-0.61292163
-2.0339209,1.0515692,-0.5426155,-0.60089652
-2.2447654,-1.6709478,0.96776023,-0.46460739
-0.89601368,0.69280705,-1.2817197,0.4986158
0.28670486,0.31983613,-1.9969718,1.4464243
-1.3517095,-1.1370169,1.7604862,1.0793485
-0.51972648,-2.0555032,-0.071349285,0.90067306
-0.55113156,-1.0766862,-0.52861965,-2.0181942
-0.18955007,-0.30499625,0.954926,-2.0505303
-0.55112322,-1.1775712,-1.845537,1.7067845
0.06699911,-0.6842904,-2.4858555,-2.1785188
0.82720076,0.8813777,1.1770483,-1.4654039
0.1321353,-0.67632288,1.3752428,1.0717818
-0.4970659,0.14951771,1.4567209,-0.4851726
0.024811304,-0.78256744,-2.7529104,-0.57845146
-0.15613504,-0.80809194,-0.2481772,0.72865635
-0.42149159,0.300479,-0.16602857,0.045518894
-0.49880352,-0.81389697,0.38711694,-2.3314074
-0.12850189,-0.53318908,-0.78518915,-2.0811105
0.11756154,-0.82187092,0.017800593,1.8480999
-0.78169208,-1.0466021,1.1593661,-2.494212
0.62957465,0.094478666,-1.5411308,-2.0847104
1.5536029,1.8236046,1.1974607,1.0522623
1.4336007,0.46588622,-1.7412325,-1.4144784
2.0720364,0.93907025,0.073532842,-1.6127605
0.49300204,0.0053838004,0.95495966,-0.77471675
-0.29206843,0.53706509,0.23364544,0.18373451
-1.7579477,-0.61382056,-0.47122717,1.3637814
-0.73489338,0.021055774,-3.3321582,0.60652418
0.55988645,-0.96116642,2.089575,-1.0312627
0.124158,1.0493056,0.96974322,0.98924554
-0.79565604,-1.9516109,-1.25992,-1.5139022
0.73289051,-2.5128271,-0.62004264,1.1373314
0.34686587,-1.2188734,-1.6033277,2.6416003
-0.59945526,-1.2005431,-1.0376697,2.4146939
-1.9868635,0.4974366,0.27667994,-2.4940752
-0.86876445,0.62150352,0.37181029,-1.0394502
0.0025744895,-0.0091838037,-0.68500646,-2.5402673
-2.375153,-0.92090389,-0.10920664,0.64357073
-1.2568067,0.47233737,0.28585102,0.77177187
-0.21939896,0.20229376,-0.18734566,0.3042851
-0.39962315,-1.4108863,-0.19414464,-0.41227135
0.619076,-3.7214931,0.39294056,0.10649826
-0.36502481,1.9778732,-1.2280834,-0.051648124
-1.0926421,0.89966202,0.69165528,0.30947336
-1.7051018,-1.1693954,-0.87813908,-0.26542015
-1.6058611,-0.75037761,0.44567532,2.2045742
-0.23295729,-1.666084,0.54690564,-1.8088971
-2.5838931,-1.2313936,-0.98116294,-1.1653775
-1.6478987,0.1133577,-1.2397075,-1.8042215
-1.460977,0.2785218,-2.5134765,-0.89116248
0.41871392,-0.71969981,-1.4362818,1.645821
1.1560733,-0.28533886,-1.8702619,-0.27891993
0.65021042,0.26215013,1.5825862,-0.10280758
-1.1104268,-0.20579347,1.2219247,-1.1241434
-0.54375177,-0.30982163,-1.3827062,-0.92097832
-0.022227441,0.25834856,-0.30422681,-1.8361505
-0.95518075,-1.2468388,0.22643639,-1.9304474
-1.258345,0.54311936,0.087713917,-3.0203287
0.8629602,-0.90820522,-0.66495292,0.024174794
0.73466198,0.33323188,1.1773522,0.41074058
0.37361971,0.43650246,-1.5388801,-0.47353227
0.36080345,-1.0527803,0.3391042,-0.77928774
-1.0190416,-1.3527655,0.46689194,0.41968219
0.091120563,-2.6295713,1.10152,-0.85813043
-0.01396814,-1.6070143,-1.6357282,-0.8165094
0.52066974,-2.0232434,-0.096736633,-0.058412708
-0.48138318,1.3889014,-0.65174313,-0.17709213
0.39574092,1.0942295,0.057118895,1.695276
1.1081867,-1.5268739,-0.37338225,1.5298805
1.1779111,-0.4147307,0.74248919,-1.9507416
-0.2569906,0.026060076,-0.12377239,1.5197382
-1.0183196,-0.1045126,1.0857304,-1.8623991
0.07400128,-0.68193139,0.16799031,0.63716575
-0.30268667,1.0224238,-1.0979248,-0.26238786
-0.34537573,-1.5073754,-0.6411514,-0.027070842
-0.6558134,1.9070507,-2.8283477,-0.23042699
0.21699641,-2.6632303,-1.9524641,0.81646707
-1.0821472,-2.8124364,-0.88239626,-1.3002558
0.88714341,-2.0309826,0.79062496,-0.33296726
0.93329857,-0.58963232,-2.2953823,-0.39010883
0.44285339,-1.7304968,-1.738554,-0.15832078
1.8994232,0.85440917,1.0845883,-0.64605932
0.059024911,-1.5428627,0.49909792,0.19460392
-0.70725482,0.85527648,-0.17561582,0.52227276
-0.57120379,0.28288194,-1.8223327,-0.60440884
-1.0420987,-0.98370833,1.3440543,-0.48759881
1.0150065,0.37403396,-1.1155942,-1.3208294
-1.6686944,0.040730663,-0.55974425,1.1378985
-1.0635491,-0.49702106,0.1671069,0.56838178
0.74427061,2.3246148,-0.34723972,-1.2321769
1.1888216,-0.74439839,-1.333859,1.1381169
0.33744232,0.26404485,0.22121293,0.22029177
-0.81685077,-0.44693188,0.58452953,-0.91327948
0.67336104,0.67823389,0.11964552,0.24792206
-2.1684872,0.67823389,0.51803047,0.4450966
-0.35487501,-1.2687652,-0.41776942,0.61272057
0.093161501,0.11636284,-1.4557916,0.5949692
-0.22764671,0.2046815,1.1877895,-0.79657814
-0.27096219,-0.080024063,-1.8622295,-0.99550117
-1.0030119,-0.96732307,-1.7974683,0.09849883
-0.038696669,-0.75730815,-0.98088327,0.39368975
-0.81079818,-0.2187676,-0.9446201,0.51620215
-0.66850797,1.2494875,-0.10767842,0.97532299
-0.16241106,-1.0600869,-0.21358547,-0.51070748
-0.45750572,-1.0855637,0.19289624,0.40602628
-0.086827147,-0.3334861,-0.28258937,-0.70595368
-0.21776614,-0.75478821,1.0823674,0.12192498
-0.065364337,1.1068632,-0.083443374,-1.6641723
-0.81066538,-2.2638087,-0.4528427,1.1689062
-0.14677995,-1.4060751,-0.43761364,0.89146477
0.20616651,-1.5536443,-0.45080205,0.63762439
0.34942265,-1.699187,1.0659845,-1.2870677
-0.48930261,0.27834175,-0.43442431,1.1626142
-0.93771399,-1.2787455,0.13087716,-0.33392397
-0.63062371,-1.4610571,-0.5935935,-0.41594068
-1.2015631,-0.76816685,-1.0961621,0.12449711
1.1541577,-0.7653284,-0.22955754,-1.121135
0.18110487,0.78718626,0.56949879,0.1688442
0.46153585,0.071692775,0.3675091,0.46345268
0.34114888,0.382979,0.76699503,0.38411282
-0.75234645,-1.9106823,1.5367171,-0.39606784
-0.98051827,0.87896832,-1.8367124,-0.5286791
0.7736476,-1.6789566,-1.102843,-0.11748051
-0.71345564,1.2173645,-0.91415206,-0.72373257
-0.098076963,0.78237321,0.42490691,-0.06962643
-0.043845525,-0.38034826,-0.85073486,-0.23581812
-0.80198111,1.0271105,-0.78898718,-0.36565857
0.23527145,0.13030921,0.43571271,-0.92207634
0.13162569,-0.53789786,-1.495081,-1.0792769
-1.2392085,-0.2337005,-0.028850438,-1.4789324
0.86623623,0.38617656,-0.45719894,0.27184474
0.70387935,-0.74325371,-0.83279975,-0.16801322
0.72213385,-0.50885405,0.49721471,-1.282136
-0.022650967,-0.50755832,-2.3421467,0.60451255
0.28738875,-0.46189521,1.0061352,0.37429453
-0.99969768,-0.44331388,-1.0707788,-0.6818487
-0.26833034,-0.15016868,0.71089265,0.77345489
-1.1096143,-1.0465915,-0.8466011,-1.2397916
0.66740334,-0.77058577,0.22967663,0.49425323
-0.80605207,-0.016822666,0.22937025,0.305276
-0.1997548,0.069378831,-1.4979171,-1.339765
-0.21076503,-0.6201693,1.2775213,-0.62862372
-0.70239716,-0.030996986,-1.2247552,0.32621108
-1.4490392,0.15277583,-2.1297867,-0.64427941
1.4215232,0.065373688,1.5214605,-0.29223694
1.502271,-1.6602632,0.66724429,-1.5455642
1.2233977,-1.9670081,-0.036097198,1.3998283
1.420435,-1.6049991,-0.35391636,0.45311925
-0.050059495,0.1162848,-0.77152863,-1.0026518
-0.7410219,-0.37747841,1.0695839,-0.30968195
-0.0031430018,-0.11008959,0.0054363785,-0.56352481
0.85084818,-0.35085785,-0.4146768,0.092141389
0.94060384,-0.48753835,-0.76317494,-0.76218795
-0.68373021,0.38081908,0.092207034,1.1485523
-0.29631553,0.3552751,-1.2955069,-0.11599131
0.18618057,0.53053437,0.35173782,-0.82564593
1.1425471,1.3098322,0.45293612,0.32073469
1.5994607,-2.29415,-0.68713853,-1.0575735
0.55724138,-2.7119339,0.15408334,-0.21659595
0.19895477,-1.929215,-0.24196641,2.1196998
-1.1220369,-1.4253524,0.058674832,1.6438944
0.98921545,-1.0293922,0.85241317,-1.4432419
0.43425367,0.72997076,-0.16141495,-1.4678451
1.3447473,1.0234924,0.6186324,1.3325884
0.51108051,-1.7388137,-1.0572497,-0.35947996
-0.5823628,0.11525164,0.08814597,0.8445575
-1.1058298,-1.1936902,-0.30518061,-0.67197718
0.1372658,0.63725455,0.26101164,0.11179609
-1.1807132,0.6178096,-0.099158178,-0.56742509
0.17013405,-0.89734176,-0.2290425,-0.36520879
0.84720798,0.010258099,-0.17555443,-0.4149129
0.58476909,-0.69785749,-0.29371274,-0.070481574
-1.8371752,-0.76106113,1.4579675,-0.38001012
-1.9132047,0.27216012,0.4832652,1.0296093
0.36948654,-1.1912166,-0.31610486,0.88489117
-0.3209427,0.86013554,-0.86123171,-0.52506021
-0.092089824,-2.1391852,0.5441911,-0.21372106
0.83153089,1.4020395,-0.25678943,-0.50593828
-0.085439334,-2.5483749,-0.14328565,-2.0716918
0.52666625,0.34548027,0.44126421,0.35418147
-1.4580509,-0.74482642,0.6452705,-0.71972412
-1.5462367,-1.2557942,-0.60915129,0.47418459
0.90631007,-0.15099527,0.14385012,-0.5375504
-0.90154772,1.0809087,0.76827928,-0.53392477
-0.48417874,-0.5428753,-0.2248844,-0.092799876
0.8860691,-0.1570969,-0.37500026,0.22212759
-1.0131515,-0.59517087,-0.07950348,0.06660576
-0.55670077,-0.10570551,-1.7498755,-0.061209346
-0.46895809,0.1818792,1.3398249,1.0359679
0.0015372885,-0.79070639,-0.68712326,-1.1076213
0.78936479,0.73563501,-0.56514724,0.14277153
1.2665156,-1.64994,-1.1896756,-0.28623825
0.4560093,-0.41546288,-0.44410959,-0.60219364
-0.73353285,-0.89800782,0.74384368,-0.92884613
0.079928394,0.49350035,0.54478471,0.41515158
0.10307439,0.63068305,0.016420963,-1.2942773
-0.29488958,0.6588978,0.58341347,2.344278
-0.14114036,-0.96588189,-0.67212759,-1.7082206
-0.69901897,-0.72561459,-1.0964468,-1.5614344
0.073299258,-0.41547108,0.066275134,-0.91879065
-1.0795828,-0.17701189,-1.38002,-2.0114502
-0.37108874,0.48363238,-0.16265079,1.2264083
-0.40638485,-0.099418317,-0.3507267,-1.2983184
-0.10882765,-1.3384563,-1.1580496,-1.7862169
-0.11947983,1.8839467,-1.3565059,2.1606322
1.2835148,-0.38286037,-0.069829216,-0.77686642
-0.029750949,-1.7733238,-0.396706,-1.0671907
0.855505,0.8296511,-0.2112139,0.84248044
-0.95027448,1.602503,-0.34314725,0.92695412
-0.30024285,-0.78574265,-0.24251141,-1.2305921
0.58672632,-0.84523025,-0.1052894,1.4056314
-1.0906022,-0.39864951,0.40651753,0.044351838
1.5158239,0.29763974,-0.37186012,-1.4590647
0.79855561,0.1394404,1.0648874,-0.32930495
-0.4985339,-0.25653609,-0.7780987,0.30027035
-0.024409115,-0.22641113,-0.45431766,0.18471251
0.090967815,1.0325591,-0.083503027,-0.89767058
0.26997954,-2.9006315,0.055236697,0.12368482
0.19290466,3.0087791,0.32945757,-0.10284656
-0.456768,1.712663,0.45390503,-0.067216658
-0.9572465,2.2428714,-0.068973334,-1.315926
-0.4669157,0.75951506,0.039804622,-1.1781797
-0.23905979,-0.61116433,1.5827366,0.4403042
0.7670964,-0.66247569,0.35403302,-0.61854254
0.51459118,-1.3652842,-0.97597188,0.014351856
-0.096320287,0.65437369,-0.60630162,-0.23301415
-0.28040298,0.72221837,-0.91723607,-0.50567566
-1.0490275,-0.020685088,-1.1670668,-0.35268932
-1.2479504,-1.1223739,0.55756639,-1.16313
-1.4167575,-0.40409565,-0.63011369,-0.43854098
-1.0999989,-0.58105849,-1.896187,-1.4464356
0.15401544,0.13489079,-1.4187044,0.98596667
-0.19883541,-0.0089081361,0.25479218,-0.5404842
0.88123604,-0.72894678,-0.2180499,-0.71080382
-0.30896111,-0.77741346,0.22299946,-0.43325385
-0.49981465,-0.88991794,0.027997948,-0.76133189
0.13765839,-0.054704736,-0.018848218,-1.5218783
-0.18434962,1.074061,-0.60879981,0.47308916
-0.055773471,-0.89607486,1.240204,-2.0410171
0.56768102,0.58463971,-2.1091249,-1.30779
0.73632159,0.93397341,1.7517515,1.2298396
-0.3787021,-1.8092839,-0.38008897,0.52574729
0.99523923,-1.630918,-0.10740836,0.26637354
1.5129065,0.58387348,-0.1277242,-0.64691286
0.15082539,-0.72921262,-1.8285132,0.361419
0.64002132,-0.017868845,-1.9341255,1.2267837
-0.15787534,-0.4988058,-0.97904618,0.64087051
-0.50799879,0.96367572,-0.42857216,0.63010048
-0.97780917,-0.39115688,-1.5205235,0.60828845
-0.46948048,-1.3495008,0.94057657,0.33630178
-2.541702,0.40016188,0.52542511,-0.16834434
0.93586213,0.16115967,-0.82718275,-0.016480491
1.2104848,-0.77907719,0.89481413,-0.51618984
-1.320179,-0.30709906,-0.34087898,2.1738738
0.0079011886,-0.86542483,1.2466719,0.13929231
1.2450528,-0.95272017,-0.3497025,0.52481199
-0.56662593,0.21122662,0.62625445,0.61395931
-0.18675765,-1.0166479,-0.93512636,-1.8122817
0.67541392,-2.4164815,-1.1929789,-0.036703401
2.3309244,1.2759606,1.0730155,-1.4606115
2.4826049,0.15806561,0.11495968,-2.0169075
0.91294089,-1.0219756,0.12106703,-1.7780126
2.0847626,1.6372429,0.55020707,-2.1881518
0.047883931,-0.88066555,0.78107684,1.7494851
-0.082240193,0.12084702,-0.10446449,-2.1754187
0.88218197,0.89851633,-1.2743062,-0.34514858
-0.65528209,0.94706854,-1.2285503,-0.049085177
-0.94001461,-1.7564512,-1.3873675,-1.6499695
0.68599496,-1.3089366,-1.2023285,0.2520816
0.78645273,-1.3643808,0.82679285,0.12476389
-0.34802859,0.1076924,0.4485595,-1.3060763
-1.3341516,-1.9489153,-1.0596126,-1.4096545
-0.89491132,0.62278614,-0.88526896,1.4852478
0.18483148,-1.2309476,-0.065965262,0.70858459
0.44707156,1.0123475,-0.17271737,-0.50048771
-0.91779533,-0.012938993,-0.16108074,0.069329965
0.70904604,-0.3855511,1.0830649,-0.64691533
0.98079205,0.056258938,-1.1599568,0.2823593
-0.8532927,-1.0255859,0.78491187,-0.80637388
-0.70102176,0.38767488,-0.79598804,-1.2246245
0.5519172,1.0327123,-0.85857583,-0.21726594
-0.36495411,-1.0260217,0.2857979,0.02270364
-0.74698389,0.2880113,-0.18781186,-0.83227456
0.093310481,1.3324754,0.37983351,-0.25406202
0.012144132,-1.7812517,-0.52404904,-1.1454999
0.5163891,0.16974382,-1.8553408,0.12819811
0.13915753,0.7040669,0.58474235,0.32189105
-1.0629522,1.0935559,-1.2890984,-2.2384032
0.82802277,-1.1710271,0.73750174,-1.1229967
-1.8738066,0.10771691,-0.15444312,0.81058635
1.3254275,0.15776695,-0.10793621,0.98104607
-0.08524519,-0.5213586,1.5837494,0.86962132
-0.7240683,0.018487446,-0.57194331,-1.0766892
-0.97701505,0.94329417,-0.0023564891,0.18736542
-0.33078479,0.13335206,-0.0023564891,-0.829616
-0.2184285,-0.74936837,-1.1736555,-0.25238621
0.13138107,-0.77997121,0.13973491,-0.87837064
-0.3310828,-0.0151982,-0.75997858,0.31413803
0.058459576,-0.25894807,0.26781494,0.55179741
-0.67309678,-0.8710809,-0.72491926,-0.09754698
0.43699582,0.11132642,-0.50279442,0.49539519
1.1165545,-0.39786485,-0.68614428,0.16967862
0.33982061,-0.22649001,-0.26847482,-0.9534484
-1.24594,-0.78317088,2.2599275,0.077637977
-1.770703,-1.6205385,-0.16387545,-0.40406929
1.5254903,0.58017577,-0.22263885,0.65121789
-0.5039899,0.41705695,0.66955737,0.55313954
-0.16369411,-0.62263599,-0.55030713,-0.64150283
-0.63980755,-0.94183331,0.4401286,-1.5756137
-1.3090365,0.242336,-0.47470013,1.1739207
-1.5215231,0.54802143,0.95351263,0.86766023
0.386664,-1.1941375,-0.85860653,-1.1320326
1.4560748,0.81434746,-1.2063289,-0.29282476
0.7341551,0.38371747,0.26700301,-1.0864006
0.65762706,0.59813396,-2.1238318,0.45386638
-1.382013,-0.20590975,-1.4878268,-0.34769522
-0.46732067,-0.67315546,-0.89742369,-1.2498201
-1.2616606,-0.035726971,-2.210528,-1.1314918
-0.69102573,-1.8223134,-0.57014041,0.6010256
0.44102094,0.49421934,-1.5750573,0.21925635
0.44102094,0.26737937,-2.596983,-0.64039808
0.81660319,-1.4612384,-0.98469341,-1.4032228
0.19068816,-1.4378157,0.53586502,0.9070082
-0.38274767,-2.1066939,0.51651491,-0.13149138
-1.3256871,0.91851598,-0.83177145,-0.64121418
0.56718027,0.61008451,-1.3187012,0.44994149
0.24067452,-0.64719861,0.11615293,-0.022871745
-0.2573936,0.66013712,0.9009824,-0.45995385
-0.074827653,0.6871764,0.50736552,-1.0995156
0.23230132,1.525317,-0.85835349,1.3790591
-0.42962042,-0.72331002,-0.21473327,0.095115626
0.59086521,-1.839676,-0.92144334,-0.98244318
0.25037539,-1.5072891,0.10052581,-0.095901078
0.68157991,-0.41820988,-0.18813901,-0.38877668
-0.46652064,-1.3587784,1.1944532,-0.74850957
-0.58291326,-1.8828748,-0.22350364,-0.75293127
0.27705251,0.1411874,0.22841782,2.0714901
-0.54473707,-0.10417755,-0.12678837,3.0936402
-1.7280308,1.0466095,-0.032847873,2.9328066
-0.92392408,-0.53901018,-0.45760426,0.61951965
-0.96744631,-0.088754508,-0.95617268,-1.5054656
-1.1140949,1.2608599,-0.94564357,-0.71370812
-0.038702107,-1.8989566,0.55107398,0.096740992
0.76908511,-0.81896881,0.75554964,1.9535946
-0.35352024,-0.0672397,1.0593866,1.7645786
-0.81750766,-0.76399919,-0.6623924,1.6042653
0.62064022,-0.2084628,0.26506581,-2.1545084
0.24223947,0.2615871,0.17450292,1.1793844
-0.75762327,-1.0572595,-0.057572055,1.0874993
-1.0065173,0.5777756,-0.93987331,0.90106058
-1.0058286,0.0054267646,-0.83316052,-1.3886434
1.333984,0.48612686,0.56367285,1.3702963
-1.9440845,0.25077963,0.30735023,-1.9531022
1.1227324,0.041826275,-0.27657946,1.6847337
-1.8753263,-0.99472531,-0.15614189,-1.6344477
1.2672065,-0.85287656,-1.1900447,-1.6451315
-1.0116679,-0.77596428,0.87314802,0.82585746
0.26143674,-1.3317053,0.99318138,1.4896227
0.75642851,-0.33955367,0.34843685,1.414141
-0.67962532,-0.12542502,0.96038615,-1.4880102
-1.3828604,-0.10836164,-0.020448308,-1.0174191
0.21392584,0.035979093,-0.33791939,0.58389703
0.61350715,-0.29889216,-1.9686474,-0.2311988
0.59632415,-0.24269686,-0.14517807,-0.26784871
0.10192724,-1.7838888,-1.9512767,0.75681608
-0.10359687,1.1871712,0.052391735,1.1239446
-2.7640573,0.19370822,-0.75424405,-1.6374847
-1.7946984,-0.87224693,-0.059948796,0.9022247
-1.8346037,0.36232355,-0.75155245,-0.38772062
0.36615095,-0.65206151,-0.091119578,0.65931426
-0.093773262,0.35396477,-0.9228723,1.4205424
0.49157229,-0.10563608,0.33169582,-1.1058546
0.58094534,0.23841584,1.5393735,-1.3332622
-0.9212676,-0.7309163,-0.73294003,-0.86854358
-0.4163611,-0.53253379,-0.57070652,-1.0743086
0.29918179,0.12924636,0.10919633,1.2168465
-0.22170883,-0.21918509,-1.0048577,1.8058286
0.07220691,-0.81761835,1.2801909,2.1446278
-0.83784884,0.0017595398,-2.0863838,-1.4490617
0.37416032,1.3638517,0.97703436,0.82478893
-0.24898926,-1.4133004,1.2971432,-0.22996955
-0.78684358,-0.28921247,0.39506067,-0.21918787
0.32438871,-0.13816818,-0.23129687,-0.45107883
0.3013256,0.43612698,-1.0445024,-0.48881817
-1.4540331,-0.33559969,-1.5594328,-1.8501286
-1.4540331,-1.8166178,-0.64699568,-1.6271042
-1.0376225,0.7243716,-0.48662148,0.71346039
0.17349577,-0.69111288,-1.6392842,-1.1493222
-0.58335757,0.47469813,-0.068646188,-0.62745115
-0.66251805,-0.93694012,0.49160766,-0.44794082
-0.95119883,-0.47488501,-0.12345977,-1.5634538
-1.1629638,0.050818877,0.24208005,-1.3437954
-0.6954366,-0.56015069,0.16118088,-1.2902187
1.5645446,1.8760951,0.058132673,0.060170148
0.74159512,1.6285956,-1.9209389,1.1616413
-1.7019783,-2.3054882,-1.3402993,1.2618066
-1.3846596,-2.2801823,0.69754392,-1.1239946
-2.3059521,-0.66961483,-0.011481173,0.39484357
-1.9924822,-0.50483374,0.097630115,0.32027772
-1.3994124,-0.14184165,0.37141861,-0.34852229
-1.3699571,-0.5441744,-1.66977,-3.3440601
-0.30198901,0.69628886,-1.4881784,-3.3704533
-0.5777846,-0.2308913,1.0181432,2.2143586
-1.7495606,-0.35861325,-1.2921304,1.6398721
-1.2188185,0.51263499,2.9752878,0.66771862
0.82164219,-0.16670143,-3.8133982,-1.1244357
0.20896031,0.064936721,-1.8791805,0.46428997
1.0645629,-0.69351992,0.24451197,0.40932614
0.42887661,-0.086818411,0.70092656,0.90652348
-0.71699222,-0.53246686,-1.106508,0.26927926
-1.1080103,-1.6063525,-3.210256,-0.047599562
-3.0335396,0.019412666,0.83108568,1.7515837
-1.9306851,0.6177269,-0.54582606,1.5166219
-1.51182,0.35367021,-0.85866302,1.615715
0.78257965,-0.80475164,0.77234256,1.6183654
-0.5811194,-0.068141138,-0.53538504,-1.696456
-1.2231995,-1.0138302,0.10974403,-0.607341
-1.0931398,-3.4782888,-0.63282843,0.13578091
-0.079011829,0.62078784,0.1750569,0.055226813
-0.043833116,-0.71355168,-0.55244599,-0.65451832
0.26693544,-1.0002802,0.94860963,-0.13482054
-0.34442629,-1.6393005,2.3782339,-0.66659805
0.40556294,-0.026090308,-2.1180616,-0.19319978
-0.18597126,-1.0059488,1.4864303,0.50796221
0.20702111,-0.21683355,1.0143257,-1.1647647
-0.43345472,0.29119722,1.3562872,0.19844702
0.27547031,-0.55842106,-1.6832783,0.045379295
0.063549716,-0.913994,1.0655187,0.30918834
0.44320952,-0.78102501,-1.3406922,-1.1791814
1.1930482,0.0018788352,-1.3797296,-1.5065611
-0.85093105,-0.091891038,-1.9251493,-1.5925004
-0.11895405,-0.79885589,-1.4634623,-1.5161272
-0.102373,0.069587435,0.71433358,0.61542305
-0.65541844,-0.94407431,-0.34846605,-0.78901129
0.021773719,0.16193319,-0.32270779,0.40279137
0.20569022,-0.83347998,-0.46234018,-0.32738215
-0.68932588,1.4787391,-0.1413335,0.42910745
0.45543066,0.9462872,1.0014349,-1.3756895
1.2646708,-0.79668066,1.1115424,-0.9228058
1.2602502,-0.59375135,-1.7161908,0.21464859
0.74093213,-0.3243625,0.58045416,0.38301107
-1.2173355,0.19342897,-1.1694633,-0.6248326
-0.20994712,-0.1919836,0.30407132,0.26599484
-0.50365561,-0.82358683,-0.70460286,-0.54560475
-1.7502497,0.43443901,-0.89446235,-1.8506753
0.077966391,1.187076,-0.83922689,-0.43359897
1.7536305,-0.17230543,0.42556964,-0.19868146
-0.05083071,-0.78091238,-1.6145978,-0.70243149
0.41603452,-0.90654849,-2.3055421,-0.31689937
1.12711,0.25717011,-0.77534686,-0.61764163
-1.619741,-1.7784305,0.16655824,-0.43814108
-1.0488262,1.0380501,-0.76116811,-1.4445683
0.50747797,-1.2712915,-0.33420648,0.83317489
-0.66917011,0.5245373,0.0065100083,-0.85010502
-0.45060069,0.61539013,-0.87066941,0.45808311
-0.61522705,-1.7008962,-2.1839796,-1.1608216
0.55366426,-0.33231047,1.3340064,-1.1011178
-0.76320668,0.68215786,-0.73765306,0.22738834
-0.42374432,0.33386676,0.75076375,-0.62365179
-0.42472704,-0.58847932,1.6441332,0.76616587
0.40674026,-0.81737875,2.2883859,-0.62913836
-0.25502196,-0.59588026,1.4736845,0.51848618
0.19008206,0.50949486,-1.8578709,1.3787332
-0.95496591,-0.32746982,-0.34287107,-0.16296399
-1.0486074,-0.096633833,0.1843292,-0.026880958
-0.59628255,0.15600635,0.67428095,0.37906382
0.43054283,-0.98409188,-0.9271414,0.62355641
-0.19535197,1.8933548,0.50001247,0.56235006
-2.2426754,-0.91619059,-0.078947936,-1.6016991
1.8645283,0.17477198,-0.60018685,-1.5241789
-1.3395345,0.28091181,-1.2847609,0.49431407
-1.9298302,-0.2863518,-1.6702886,-0.10049498
-0.059704558,0.31778885,-1.1021589,-0.15249463
1.9843854,-0.43631804,0.26781667,-0.2069035
1.1768104,-0.1395904,-0.69366633,-0.52034489
-2.6829253,-0.3064454,-1.1207294,0.31538323
0.78791704,-0.37558906,0.65238188,-1.3454652
-1.0556613,0.65920989,-1.4423427,-2.6683796
-0.12831913,-2.2506297,-1.4584785,1.9422509
0.019681275,0.38133337,-1.7833403,-2.4691612
-0.93493903,-1.7740527,0.2738871,-1.9487748
1.7508806,-1.5226749,-0.72071775,-1.0104849
0.6901518,0.71267851,0.4058114,-0.9708118
-0.61734655,-0.98407382,-0.67897461,0.052086245
-1.110448,-1.4124506,-0.51214103,0.26975903
0.030701831,0.55890759,-0.88281299,0.73416113
-0.52695899,-0.79282792,0.43531459,-0.57411092
-2.7031811,-0.13768209,-0.39950815,0.48631354
-1.8893261,-0.2178376,0.14200593,-1.3532314
1.1636641,-0.096865366,0.50579914,1.0338865
0.33924621,0.097270117,0.50445694,2.2707756
-0.58490408,-0.95086759,0.65262157,1.383751
-1.1704598,-1.1911468,-1.2811722,1.7527679
-1.1802447,-1.1077799,1.4319373,-1.7051537
-1.1457377,0.013374641,-0.81279381,-2.5356635
-0.32852715,-1.6396372,-3.3035725,-2.3960338
-1.2543933,-1.145855,0.29036656,-0.17880449
-0.98868456,1.0723687,-1.4527641,-0.11458432
0.59921398,0.5664264,1.0984395,-0.43465919
0.28637666,-1.1238389,-1.1499476,-0.55624405
-0.85245509,-0.7933679,0.71913445,-1.4702416
-0.00061276015,-0.21722241,-1.0434346,0.36687328
-1.7284722,0.37666385,0.48836684,-0.66152349
2.4234845,0.31939986,1.253725,-1.2576577
1.5532028,-0.54834713,1.3221971,-0.74891325
0.49173125,-0.6793173,-2.0321929,-0.71103909
-0.89458017,-0.96505001,-1.1996628,-2.0673118
-0.71064709,1.1324328,-2.3130952,-2.0104217
-0.081292999,-0.17182225,1.1105255,-1.8124093
0.24898692,0.77183416,1.1286713,-2.4806076
-0.9535014,-0.45227165,-3.0783769,-0.6505586
-0.79565931,-0.82780121,-2.9651618,-0.049710001
-0.71537865,-0.84174833,-2.3511218,0.90675365
0.25472196,0.53414958,0.82901891,0.72142991
0.40656632,-0.36201232,-1.0589554,-0.18304483
-2.2199323,-0.52748197,-1.7170631,-0.50684728
-2.1181793,-1.778583,-0.29892529,-0.36292996
-1.2473288,0.24148039,0.59803979,-0.69853897
-2.1664709,-0.24913592,-0.10706525,0.70154323
0.76766504,0.41832262,0.19033956,-0.91662263
-2.5855282,0.12337842,-0.074197304,1.9269411
-2.53459,1.1267645,-0.38269692,1.0990911
-2.5322804,1.6739008,-0.16430953,-1.6143987
-1.5236332,-1.6845727,-1.7233498,-1.2865075
-0.19386608,-0.79635553,-0.43369471,1.1485867
-0.3687582,-0.49005911,0.16601614,1.0461105
0.80083511,1.6728447,0.77270222,0.24809492
0.275367,-1.1990144,-0.0017917713,1.2677531
1.4458174,0.59041501,-1.0161134,-1.8767557
0.41342765,-0.022666294,0.7203364,0.2035037
-1.3527986,0.39968464,0.31717174,-0.082118797
-0.72487829,0.1895351,-1.8332042,-0.56838912
-1.1520526,0.18352901,-2.0057397,-1.6874709
0.21246687,0.083694751,-2.8391224,-0.88493521
-0.29783769,-1.5328783,-2.1329059,0.77738647
0.37286653,-0.23403923,2.3060628,1.5879484
0.27575202,-0.50572039,-2.6180822,1.6551731
0.41872671,0.15928738,0.48692918,-2.4298218
0.37265162,-0.20142585,-1.1033406,-0.75731603
-1.7425717,0.46026044,0.040433389,-0.51865105
-1.6446182,-1.0548335,1.1854489,-0.073023811
0.54798774,-0.19903099,-1.3954121,0.71351337
-0.361816,-0.61008028,0.9750356,-0.26375287
-0.40119206,0.28236684,1.2140315,-0.34629507
-0.37408201,-1.2757836,-1.3842474,-0.78332851
0.24091204,-1.0710824,0.22017952,-1.9409757
-0.33957333,-0.98762029,0.36834133,-1.6598806
-0.42507158,-1.2885675,1.0773272,-1.5547046
-1.7925296,-1.3301062,0.044209059,1.5697465
1.4501979,0.34739847,-0.63434862,-1.8693464
-2.5737881,1.7647769,-0.75162564,-1.3130992
2.0078461,1.0829471,1.4223326,-1.3484825
-0.52814368,-1.7017837,0.21854905,-1.3709795
-0.71557856,-1.7994251,0.094584765,-1.154762
-0.19207254,2.0137611,-1.0696095,0.77899583
0.19342081,-0.44816338,-0.37888698,0.51344691
-0.84208913,0.40628002,-1.7115644,1.273227
-0.5743764,-0.88875908,1.4253579,-0.16434233
0.36795604,-1.4633435,1.3328244,0.34915627
-0.21175639,-2.0246787,-1.890947,-1.6018891
-0.87034567,-0.74432203,-0.15913282,1.3789648
0.4496013,0.95959634,0.83589669,-0.84758374
-0.42464317,-0.017647757,0.69000172,-1.8267918
0.15811522,-1.9641412,-1.1122665,-1.4542824
-0.0077512177,-0.62565797,-0.56150289,1.025778
0.13048702,-0.23266556,0.14113111,0.58040917
1.2480415,0.54881998,-0.36189367,-0.8128507
1.0843502,-0.72332511,0.78156571,0.44623793
0.0067605439,0.18840443,0.2974846,-1.0477586
-0.11904204,-0.25732264,-1.1433246,0.48186143
-0.91426036,0.34114498,-0.34005652,0.13444861
0.99793335,0.26298893,1.0972787,-0.42605835
2.2155562,-1.1399956,-2.0866589,-0.16595425
0.00073717447,0.34413078,1.7132473,-0.12495438
-0.083082818,1.4935452,-0.25875904,0.0042547093
-0.078035205,1.2024023,-1.6080249,0.26498937
-0.70891373,-1.9916757,-1.6045378,0.10330911
-0.6273128,1.1362123,-1.8132581,-0.33626403
-0.18700347,-2.7848218,2.421394,0.64640665
-0.059369861,0.10254256,1.05767,0.040905536
-0.26132042,-0.24236376,-0.21210058,-0.47958531
-0.3604381,-0.050807533,-0.28087533,-1.3879834
-1.4244439,-0.041992568,0.17771157,0.91088481
0.2171951,-0.62566534,-1.0029101,-0.066868971
-1.5071312,0.23489911,0.13358121,0.25543922
-1.2266541,-0.28083987,-0.58288587,-0.50880935
-0.96241187,0.98168657,-1.0761881,0.037411321
0.56734436,-0.39870768,0.86328774,-0.007404443
-1.5699329,0.39923385,-1.1454676,-1.4102217
1.1359788,-1.2483641,1.7166648,-2.866245
1.2854881,-0.92958397,1.8986744,1.5936719
1.1847001,-0.94915138,0.41194989,1.970069
-1.8485603,-0.048707443,0.35577668,-1.381839
-2.844994,0.35939116,-1.4543921,-1.3073329
-2.1156932,-0.74862421,1.6177425,-1.4039078
0.057825997,-0.5872345,-2.9020887,-1.1163587
0.59670863,-1.0970094,-1.6974591,1.6831445
-0.93667373,0.64506242,-1.0972977,-2.1297454
0.44352902,-2.2050364,0.99046117,0.69376729
0.18313777,-3.1738884,1.8644868,-1.0882367
-1.2667058,-2.2310105,-2.4397792,0.34262668
-1.6223276,0.66286959,1.7223729,-0.39203616
-1.4244393,-2.3289971,0.72197915,0.19196376
-1.64011,-1.5606745,-2.1003583,0.08411774
0.40291199,1.0481498,-0.24397068,0.48051974
0.22260443,-1.7178528,0.027241164,-1.0618168
-0.64083657,-0.44615126,0.63845054,-1.4943571
-0.38932865,-0.74059124,-0.26093421,0.68426956
-0.61926606,-1.1612437,0.14613992,-0.14567122
0.74824606,0.10218516,0.31105126,-0.27792407
-0.61336782,0.73350653,-0.28531239,-0.078743346
-0.93013492,-0.18041634,0.88135073,-0.39751714
0.2082457,-1.0402427,-0.263387,-0.25849805
-0.3853679,-1.0353024,-1.6782741,0.21824402
0.23368511,-0.15317982,-0.73311926,-0.50333605
0.39978038,0.069561825,-1.2694825,-0.062524837
-0.66267154,2.7105717,-1.2887033,0.54256267
-0.59209907,-1.4264057,-0.014628629,-0.27818404
0.37002476,-0.34876237,0.20119474,0.79016627
-1.0065502,-0.67528825,-0.34206506,-0.98060699
-1.9869448,-0.73036415,0.47226606,-0.87616613
-1.4244296,-0.4842531,0.042234301,0.68477635
-1.1082883,-0.6911414,-1.3676886,-0.87514044
0.26333874,0.19674833,0.77894404,0.24232743
-1.9099405,-1.8838612,1.1769912,-0.66111534
1.1053967,-1.6483818,1.0503364,0.082330811
-0.046987635,0.4285515,0.54930841,-1.9285828
-0.51439729,-0.26296016,0.15642402,-0.41021614
-1.3247254,-0.091037358,-0.66221283,-0.57024567
-1.693194,-1.6397167,-1.014292,0.19396272
1.3015764,0.9760957,0.49831351,-0.8743202
-1.3513961,-1.6119025,-0.57604747,0.98510812
-0.74409629,0.3488536,-1.0910701,-0.75913665
-0.94294584,0.31982411,0.35560347,0.1232122
0.24748845,-1.3623467,0.81786602,0.87563667
-0.79604995,-0.469176,1.2667213,1.6695045
-0.019295071,0.034754565,1.9570166,1.7295483
-0.12675762,-0.2697121,0.54680858,-2.0157044
-0.78400681,-1.4811911,0.42460405,0.18333583
1.7723552,-2.052081,-1.1536341,1.8229386
-1.4915483,-2.3811186,-0.21767089,1.7204858
-0.93787644,-0.34600708,0.87173946,0.71553769
-0.029480836,-1.4636964,0.90893378,-0.84320842
1.4662229,0.5660607,1.4478915,-1.101683
0.085797213,-0.33522868,1.3003805,1.0764278
-1.5015708,-1.2609154,1.6603363,-0.97166467
0.72457481,-1.0054881,-1.5802962,0.797604
-1.029637,0.85155005,-0.32534692,0.19340459
-0.95702117,1.5420738,0.068426515,-0.029924159
0.50115729,-1.6004112,-0.064929778,0.12264313
-0.13954554,-1.860185,-0.15295368,-0.14835571
-0.50555302,1.2193433,-1.4415221,0.89811212
0.073977075,-1.7029404,-0.341811,-0.88568325
0.053780064,0.99378011,-0.60288745,-0.32273446
-0.69610043,1.3215161,0.58376434,0.04447122
-0.28056442,-2.4982931,-0.25671912,-1.0570259
0.89317456,-1.7027569,-0.45694544,0.24999849
-1.2047955,0.081530631,0.97027624,-1.5050502
0.21260296,-1.7606246,0.85654366,-0.044572538
-0.84269171,-0.42269863,0.50465778,-1.7811749
-0.7978457,-0.19647167,-1.3964859,-0.11491191
-0.29860942,-0.47542209,0.82672168,-0.15493652
0.51329542,-0.73243602,-0.54717439,-1.8718156
1.7684451,-0.42900931,0.93059692,1.2990045
-2.383401,-0.7964823,-0.91129708,-0.53124422
-0.87944123,-0.10184904,0.71314916,0.3831478
-0.56664943,-0.28394527,0.44966679,-0.43158702
-0.46049122,-0.28001217,-1.8555708,0.97425644
-1.1972413,-1.078191,-1.6259379,-0.68069213
-1.5144328,0.24545602,2.2193338,0.12178479
-1.1658736,-1.347818,-0.60647617,1.0134503
0.42779636,0.87255239,-0.74087219,-0.41130175
0.60938485,0.67077833,-1.4643661,-0.025957347
-2.013737,-0.63077947,-1.1137853,0.46897568
1.5841903,-0.30505061,-1.7153508,1.0610833
-0.60871943,0.81786252,0.91694917,1.1269786
0.41942623,1.2182661,2.1839386,0.34537593
0.68606092,1.2600172,0.55833724,0.57144933
0.4961024,-0.81521741,0.62928976,0.50484855
-0.36423654,-0.0080733249,-1.082662,-0.54259648
0.49498186,-1.597002,-0.81195756,1.089388
-0.011054606,0.68503412,0.32280537,0.93649532
-3.6844529,-0.9046319,1.0617154,-0.80186849
-1.4026172,-1.199225,-1.4814641,0.74230647
0.2175874,1.0540275,0.32190727,0.73554002
0.82709033,0.37554144,-0.855458,0.031294438
-1.2026762,-1.4498206,0.60688529,-0.51218258
-0.67571097,-1.5175575,-0.95880434,-0.42724534
-1.0659051,0.98803801,0.68848088,0.59426725
0.36053435,-0.42283238,0.74483984,4.0082324
-0.88584276,-0.62576483,-0.34074491,3.3486993
-0.57617075,-0.65758204,0.34087186,2.2666155
-1.361223,0.69525826,-1.2709998,-2.1765878
-0.85029304,0.63156389,-0.93234952,0.64646688
-0.46374453,-0.57023334,-1.4285119,-1.0017483
-1.2277596,-1.786085,-1.2479837,0.087055562
0.9953048,-0.81128707,1.0803837,-0.41196245
0.31269187,-0.072977754,-1.1822422,2.3941538
-1.0566995,0.51536852,-0.037486998,0.1497704
0.82036581,1.0755264,-0.66497787,-0.61297984
0.23698406,-1.8350443,0.62091676,-1.8705296
-0.67690623,-1.4868469,0.67864903,0.18203963
-0.25636187,0.47565481,0.60740831,1.4845655
-1.1531918,0.11724314,1.1111998,0.3464703
0.40332052,-0.86827995,-0.0097453133,-0.2730004
-0.84711592,0.23698959,-0.54749901,0.20459529
-1.320697,-0.065086311,0.32408779,-0.068183163
0.021451812,-0.26956317,0.93631386,-0.47135339
-0.80370321,-0.60524836,-1.4723719,0.089682846
-1.8746197,-0.11655347,-0.58650353,1.0182564
0.027789261,-0.74754989,0.83467167,0.60400457
0.54057943,-1.0806943,0.38626425,-1.8022479
1.6263904,0.98011049,-0.02844994,1.2525381
0.20920697,-1.8805367,-0.84717237,-1.6165832
0.25610139,-1.2047447,-0.32026222,1.5570409
0.53039981,-0.29846792,-0.19243552,0.37109642
0.16985521,-0.62687717,-0.24255888,1.8962676
1.0866938,-1.0086312,-1.3775864,-0.3808453
0.074031647,0.14282673,-0.3054834,-0.19806713
-0.29982478,-0.43838407,1.0375522,-0.042013068
-0.12171691,-1.4569981,0.74146225,1.142389
-1.1974215,0.18502688,1.0990396,-1.5820685
1.429769,-1.0081345,-3.1756043,1.2512744
-0.16218219,1.2686252,0.70560336,-0.70353685
-0.43105582,1.3943388,0.090468994,-0.87284402
0.021877766,-1.8046706,-0.044228914,-1.0554873
-0.5701278,1.0006355,-0.75263127,0.51309914
0.62315823,-1.9219475,-1.0490775,1.6992629
-0.40798189,-2.326648,0.21760293,-1.032776
1.02288,-2.2317259,-0.70691096,-0.24029658
-2.209991,1.926366,0.54501652,-0.51795267
2.0233947,1.1618848,-1.153449,0.036189711
-0.29746178,-1.7850632,-1.0915901,-0.16349998
0.41200657,-0.37109262,0.32838683,0.32386994
-1.7513876,-0.78985001,-0.0073656162,0.48984221
1.5273106,-0.11400592,-1.3937384,-0.83160182
-2.1942744,-0.53231917,1.2262691,-0.17271411
0.91353654,-0.13335292,-0.33752788,-0.35488115
-0.83276998,0.45849067,-0.60840849,-0.080073565
-0.33652374,-1.0128927,-0.066357364,0.11779911
0.87131765,-0.8863356,-1.6476534,-0.68904512
-0.12943153,0.75928051,-0.88273954,0.35586192
0.24912956,-0.84956277,0.1986248,-0.89096518
-0.72268992,-1.0481003,-0.4717239,-0.90989839
-1.0062928,-0.32162151,0.10391202,0.31359808
0.58625349,-0.45459851,-1.3733292,-0.59642685
0.97738684,-0.70284177,-1.591469,-0.061016074
-0.67490649,-0.23726101,-0.62108772,0.5206753
-1.0125464,0.09128295,-0.47131255,-0.82258805
1.4227882,-0.81847461,-0.85342806,0.35823816
1.2805648,-1.906487,-1.1645497,-0.50142023
-0.25302924,-0.17611934,-0.37433899,-0.13756296
-0.077073195,0.64671228,-1.3479828,0.71038874
-0.14744886,-1.4905854,-0.38941203,-0.12485969
-0.3517683,0.88163842,0.86433569,0.19419134
-0.20064408,-1.4720659,-0.55366436,-0.48185995
-0.84505093,0.44237796,0.29070262,-0.49521738
-0.8463711,-0.66212831,-0.82301498,0.20027627
-0.98843769,0.032305506,0.26314451,-0.12133957
-0.49664287,-0.20238744,-0.60098286,0.75106468
0.61806865,-0.15471967,-1.115068,-0.60511092
-0.29645215,0.65691469,-1.1372239,0.71384069
-0.19928329,-1.3388278,0.068303476,-1.2772094
-0.52032214,-2.1308921,0.40935878,-0.78051248
-0.33072494,0.72854301,-0.65641903,1.1735334
-1.2440997,-1.8933142,-0.33622141,-0.08894948
-0.57878468,-2.0484514,-1.3101067,-2.1372382
-0.43368853,-2.0463446,0.13541346,1.1930313
-1.0046667,0.29373108,-0.89557228,0.90824085
-0.61756139,-0.8432535,0.87088997,0.32467813
-1.2321502,1.1096159,-0.12493869,-0.78827429
0.077519304,1.0091099,-0.9356115,-0.71491257
0.50626295,-2.1140694,0.58743182,-0.10117152
0.12488795,-0.66550446,0.23463467,-0.27357937
0.5878256,0.044045472,0.80969877,-0.40667175
1.2463979,-0.037900712,0.93022867,-0.088532716
-1.2521528,-0.17767742,-1.4673606,0.076288711
-0.68725825,-1.4222536,0.82916406,-0.078919909
-0.7979752,0.57670998,1.8007128,-0.1496876
0.56741232,-0.74697031,1.5230913,-0.34501415
-1.38569,-2.6742361,-0.62164807,-0.17338659
-1.7830837,-0.88940767,0.079104046,-0.83652996
-1.6532965,0.4300825,-0.36154642,-0.45378899
0.036533487,-0.54168811,-0.030010927,0.62436029
-0.018970375,-0.10986504,-0.6655821,-0.93650088
-0.91557805,-0.24738214,-0.04999854,0.58715546
0.41356321,-0.29290452,0.0093686116,1.2226351
-1.6155869,0.18432824,-0.16554997,-0.87363816
-0.26657929,-0.014982291,-1.3335481,0.41688326
-0.65734589,-1.5322166,1.2261937,-0.65354261
0.094463981,-1.635225,1.1618123,-0.86671725
0.10887365,-1.5241236,0.85214175,-0.74101587
-0.41273777,-1.2023973,-0.54711353,-1.0436715
-0.13203223,0.56346086,-0.57225357,-2.0178774
0.47986528,-0.54354214,-1.9993042,-0.88032082
-0.93291559,-0.33052958,1.3399622,0.33948044
-0.89752938,-0.45357642,0.64952066,-0.57814624
-0.69376881,0.61541943,-1.0745902,0.76624509
0.02972973,-0.33995032,0.3315616,-1.2700066
0.82310816,-1.4175678,1.7979707,0.64322639
-1.3778822,-0.25302155,-1.5241802,0.58382439
-0.2712926,-0.42778815,1.2573181,0.58382439
0.7427984,-1.1032117,-1.891966,0.054513092
-0.28426833,-0.95881359,1.8035294,0.40236291
-0.2159791,-1.38622,0.25727946,-0.35377866
-0.2159791,2.6789814,-0.30320404,-0.41851125
-0.50285077,-0.98277907,-0.092982806,-0.06093549
-1.120326,-0.097325227,-0.93475468,-0.45237245
-0.82719585,-0.0088522258,0.096214606,-0.024507435
-0.92035872,-1.3273912,-0.99664855,-1.2056932
0.28413142,0.97887999,-1.7173092,-1.2079361
0.89222471,-0.81809995,0.11397742,-0.76811291
1.1521216,0.057617601,-1.2995826,-0.51859487
-0.84227698,-0.72129514,0.041125891,-0.46958365
0.385469,-0.13957629,-0.58197496,0.4251943
2.274187,1.0421692,-0.59365754,-0.76012118
0.49164227,-1.3307292,-0.058275279,-0.87750719
-0.0094557262,-1.1106799,-0.13642976,-0.41357876
-1.793144,0.32483339,-0.42450876,0.61679603
-1.4699896,-0.20791735,-0.25798622,-0.84698974
-0.88952427,-0.48913059,-0.12951458,0.57738725
0.19910214,1.0360781,-0.82944396,-1.2710406
0.96882709,-1.2272273,-0.30338147,0.94724407
0.13876624,-0.78718455,-1.1341777,1.6567834
0.0142536,-0.6032791,-0.72589272,2.2068844
-0.94017073,-0.0774167,-0.34516145,2.2314384
-2.7522513,-0.97752389,-1.0889137,0.34845849
2.4203941,-0.65627052,-1.0212586,1.3169953
0.78863294,-2.3382894,-0.64391874,0.13543073
-1.9415677,1.5568556,0.17812996,-1.3642691
-1.0425895,-1.8571915,1.2138871,-1.4530584
-0.037651361,-0.51448514,0.20678025,-1.3369423
0.29886636,0.44536355,1.1357385,1.5411528
0.59481802,-0.99618504,0.16575291,-1.9093869
-1.4040489,0.14325755,0.16575291,-0.73378051
0.73093721,-1.5382311,-0.77533303,0.33364867
-0.82337734,-1.4928791,-0.85268688,1.3476632
-0.48094142,0.28716728,0.062921893,-1.4056637
-1.4820228,0.99566412,-0.45285326,-1.15805
-1.4814265,-0.72024816,-0.97167894,0.69098771
1.6990556,-0.61638024,-1.9571631,0.10864343
-2.0253032,-1.1634971,-1.0914511,0.16176734
1.2747594,0.70348753,0.015443992,0.22009373
0.21233825,0.65628591,0.45803296,-0.47460299
-0.57915479,-0.031342319,-0.80569013,-1.5909762
0.099763574,-1.064104,0.86605731,1.1559825
-0.010322667,0.5687254,0.51371504,-1.9989283
-1.2076008,0.40063209,0.55548298,-0.3517588
-0.81871742,-0.49507742,0.25059841,-2.0728957
0.57861797,-0.4585325,2.1465655,-1.764914
-0.20893747,1.0990097,1.5657297,-0.49185417
-1.9013202,-1.1085337,1.1257625,-0.8538411
0.30316525,-1.86139,1.5468754,-0.74390227
-1.198589,-1.7344462,0.97422782,1.1847213
-0.0095246752,1.0054679,1.7937884,0.059434246
-0.66901067,-1.887583,0.055126001,-1.8219076
-0.37546734,-1.7021981,-2.251654,-1.1879975
0.56936933,0.68646535,-0.89785425,-0.32789062
0.46093468,-1.3215977,0.29394779,-1.0274167
-0.84191741,-1.4948651,-0.60485422,0.49460383
-2.770977,1.1294558,-0.025161698,-1.1020954
2.528987,0.76089287,0.057493525,0.22585211
0.59470241,-0.46953834,0.18525323,0.21146925
0.46097132,0.47035779,0.40299789,-1.7405984
-0.98945701,-0.015895448,0.67512879,0.50946275
-0.40217359,-0.29027137,0.42758967,1.5342019
-2.1922619,0.57615122,0.031519022,1.407877
-2.2691111,-1.0844459,-0.79247206,-1.6396561
1.9547271,-1.4372106,0.4010508,1.0250342
2.3934161,-1.3064989,1.5100272,0.30119818
0.72341793,-1.9182341,0.097619929,0.39371077
0.58712288,-1.009903,-0.094082581,0.086901256
0.10475731,1.1821428,-0.55877018,-0.15608848
-1.5433027,0.12545225,-0.82105103,0.40053361
-0.3480724,-0.79091858,0.31585252,1.0549518
-0.96369186,-2.1284669,0.28726249,0.28100181
-0.54532474,-1.9973022,0.17920394,-1.0787588
0.74597569,-1.8410196,0.17492668,-0.40417004
-1.4620243,0.4183551,-0.07476969,-0.96487272
1.0497512,-0.86044753,-1.6938793,1.5962966
1.1307194,0.27382081,1.5307785,-1.2918911
-1.5854825,-0.89967818,0.046801982,-0.71615758
1.238979,-0.66152573,0.85124168,-0.80622006
0.3345432,-1.3436078,-0.41601817,-1.8767201
-0.9816814,0.50710764,-0.0300458,-1.3835747
0.42280887,0.20930542,-0.54335116,-1.2880905
-0.35423176,-1.2013569,0.10090969,0.98456125
1.3299143,1.65538,0.95083176,1.3012951
0.40140572,1.13417,-1.9788927,2.2790703
-0.97622541,-0.52874587,-0.12012981,0.72533901
-0.24783711,-0.27662264,-0.13044863,-0.41054588
0.039324629,1.0322891,-0.78856381,0.84220793
-0.29782453,1.530957,1.0054134,-1.3429667
-1.4595567,-0.41056753,0.13861937,-1.3222048
1.3848684,-0.38823832,-0.32898599,-1.9251501
-2.1404471,0.62878184,-0.16180806,1.4352691
-1.7817184,-0.64000323,-0.50357867,1.2500283
-1.9648463,1.9278995,-0.56244559,-0.51308689
-0.89907028,-2.4484947,0.86068222,-0.4853859
-1.0334353,1.0978846,0.97512433,0.16488775
0.46173035,-1.8281821,0.059699881,-0.54285587
0.47756562,-1.6341607,-0.31616568,1.5493505
-0.38989923,0.88853243,-0.16366342,-1.1105279
1.3430919,-0.29170043,-0.69902228,-0.14312635
0.94402973,0.08185149,-0.20509086,-0.15641556
0.70499152,-0.014857344,-0.028448386,-0.74439047
0.68992312,0.60814943,-0.36514018,-2.176801
-0.09726762,-0.63605248,-0.2883627,-0.46464262
-1.0320443,-0.86863695,0.049240533,-2.0632371
-1.143887,-1.3001977,-0.32853222,2.0605667
0.66202744,0.24407724,0.70435471,1.2686367
0.24590467,0.80136612,-0.31487,-1.7990967
1.1833424,0.3519786,-0.05029488,1.3938537
-0.16461759,0.66694555,-0.17624089,-0.16089877
-0.3879914,1.1483563,-1.2777983,-0.17271247
0.41952873,-0.20486303,-1.1431071,0.19212077
-3.5711618,-1.3641366,0.03989474,-1.3340764
-2.2192504,0.22952927,-0.49120542,0.80789546
-0.87713993,0.6149847,-0.10225876,-1.399167
0.65308447,-1.7752305,-1.4060802,1.3558487
0.1441953,-1.3600866,-1.2129169,-1.6542673
-1.5132349,-0.72703671,-1.4097014,-0.9235884
-1.3408716,-1.0307068,-0.17825595,0.63480447
-1.4756111,0.15177316,0.1097433,-0.21451508
-1.1068224,-0.66122242,-1.3530857,-0.72424086
-0.42418797,0.27545055,-0.35536868,-0.83453923
-0.12836629,-0.27387761,-0.90876325,0.46149216
-1.5986908,-0.91518948,-1.2694145,-0.37858258
-0.014930015,-0.31637957,-1.1094671,-0.44556028
0.045943745,-0.69692276,-0.48868204,0.77583012
-0.49202447,-1.782634,-1.3433367,1.5046989
-0.48832273,1.0257793,-1.2629887,-1.9347466
0.10566103,0.88933075,-1.1973884,1.5556613
1.1911854,-2.3928759,0.86350999,0.25964282
2.0019569,2.0809918,0.48025477,0.19076634
1.5392439,-0.67018276,0.93757494,0.3470816
-1.918202,-0.92707803,-0.53537398,0.87033248
-0.45482705,0.099881965,-0.82311719,-1.1395848
-0.82747022,0.58262153,1.1714931,0.6013774
-0.71354789,-1.1265684,0.31009275,0.6013774
-0.20685554,-1.1133127,-0.45184569,-0.59610824
-0.046389755,-0.56117911,0.075806438,-0.89334925
-0.62329236,0.044311784,-0.20912421,-0.25168366
-0.12060333,-0.87825825,1.5529321,-0.23241307
0.26834754,-1.2517046,0.28761794,-1.8101821
-0.79882417,-0.31408188,-1.1961445,0.36416023
-0.89963832,-2.4139108,0.41420759,-0.31545252
-0.56966144,1.6437425,0.83918174,0.87173855
-0.22322237,-1.4826157,0.79669025,-1.292113
-0.25855658,-0.94527999,-2.1082825,-1.1406778
0.37076549,-1.2534012,1.2661309,1.8029393
-0.80311185,-1.3247165,-0.33475101,1.0124531
0.3978336,0.4924259,-0.22735603,-0.7502854
0.73596944,-0.46034735,0.17465926,-0.96829096
-0.40997171,1.1615131,-1.5414273,0.74374903
0.42751658,-0.98804542,1.0076766,-0.44273045
-1.2387298,-0.96437191,-1.4966999,-0.16553382
-0.41222808,-1.2591089,1.5193699,-0.6501
-0.48909278,0.35555689,-1.8653404,-0.32290079
0.13488877,-0.95406495,-0.13754192,-0.095673833
-0.58981513,-2.654916,0.46584444,-1.7469356
-1.9371668,2.1101624,-0.80608966,-0.038183511
-1.0811436,-0.70993876,-1.8506338,0.22138266
-1.2547601,-1.3178891,-0.85262714,-1.4887223
0.66189179,-1.654113,-0.95292227,0.56338884
-0.18562106,0.64408867,-1.7075655,-0.64512952
-0.1487996,-1.1430913,-0.025387539,-2.3044088
-0.78317523,-1.1992486,-0.8569605,-1.9292339
0.53927769,-0.17951313,-0.014203152,0.14431533
-1.2943718,0.39443834,-0.050645852,-0.9950517
-1.6231782,-1.1480951,-0.59218815,-0.80444776
-1.0870046,-1.8730038,-0.10423528,-0.35012113
0.44217788,0.46309301,-0.44256819,0.53865137
-0.27572937,0.014755546,-0.56778508,0.31148448
0.93768697,0.14504743,-0.83744996,-1.6179978
0.28744124,-0.37891757,0.25004582,-0.62616705
0.39497763,-0.5785333,1.3456545,-0.68996811
0.067996073,-1.8015225,0.60958871,-0.2691173
-1.7273575,-1.8211498,-0.1680671,-0.79005311
-1.5214959,-2.2055327,0.50187455,-0.61595215
-0.65602047,0.12048321,-1.5935399,-0.76692528
0.55276429,-0.89089799,-0.76628175,0.48501619
-1.4200974,-0.89806947,0.49090002,0.38891058
0.5766276,-0.33732625,0.68573151,-0.82326265
-0.39396719,0.26251493,-0.23133707,-0.13608636
-0.44647043,-1.7468448,1.8154671,-0.37328196
0.48582221,-1.3595998,-1.0546158,-0.87796708
-2.1943764,-0.93779076,0.73693511,0.20151234
-2.2208141,0.34204869,-2.4433828,0.38960074
2.1334164,0.64413194,0.53920048,-0.98199914
0.45051288,0.35716617,-0.77344081,0.53475025
-0.77457732,-0.045357775,-0.90440559,-0.14018246
-0.41325924,-0.20280857,-0.92525034,-0.34026364
-0.25162124,0.3392251,-0.7600378,-0.91414514
-0.55189367,0.68048349,0.49523503,0.3262679
-2.6345482,-1.6128737,0.51724699,-0.79049999
-1.0023536,-0.90979056,-0.55212368,0.29748078
0.99047169,-0.2027821,-0.4343218,-2.7232201
-1.5395838,-0.36313549,-0.19391657,-2.4287402
-0.47928738,-0.47620317,-2.2305929,-0.56200309
-0.33004929,0.91726064,0.27586236,-0.6106839
0.38032513,1.398886,-0.21748037,0.80384876
2.3805917,0.2687512,-1.0977134,-0.65286611
1.5445231,-1.0519517,-0.96671151,-0.84609498
-2.1245622,-1.7625917,0.051755329,-0.072148259
0.89288125,-0.77390156,-0.83865229,-1.2125547
0.16796777,-0.87401591,0.55774023,1.2384722
-0.80162665,0.3538234,-1.0568547,-1.4195607
0.61717532,-1.0269586,0.66967436,-1.057014
-0.89058897,0.41203959,-1.099704,-0.86113322
-0.0056100734,-1.0051672,1.337286,-0.56564346
-0.17622189,0.36593048,-1.0230867,-0.46707102
-0.62942491,-1.2464689,0.17585012,-0.69634561
-1.2013392,-1.4959432,-0.26321411,0.24907398
0.12329163,-1.5369656,-0.29774947,0.29021665
0.12147116,0.73581099,-0.11150208,-0.80447911
-0.53187145,-1.3399844,0.39838897,-0.26584773
0.26331848,-0.11384203,-0.65183305,0.29769963
-0.58638748,-0.80816215,-0.69868079,-1.7331131
0.061316733,-0.65235916,-1.9728698,-0.48727186
-0.30322098,0.43652052,-1.7268586,0.69367454
-1.7721783,0.28870685,-0.19737345,0.88478691
-1.7475425,0.17878102,-0.065540557,0.96735907
-1.9981665,0.37430046,-1.5316173,-1.4875438
-1.2509481,0.22738471,-0.37632396,1.0987135
0.50181344,-0.48488897,0.11617293,-0.52612849
0.71250812,1.0110414,1.4305076,0.17205022
-0.95901801,0.34085569,0.96255521,-0.61441521
-1.1897901,0.65291418,-0.59010725,0.19049125
-0.37427016,-1.3349311,-0.15514076,1.3305893
1.3087819,-0.82197652,-1.6280273,0.94664869
-1.795387,-0.50183158,0.59085225,0.69254186
1.0961135,-0.011275346,0.71486914,-1.4969234
0.59992001,-0.91590625,0.21960366,1.1522549
-1.1386314,-0.86482404,-0.68482033,0.69308918
-1.4418007,-0.16585613,0.36020457,-1.1468368
-0.57116518,-0.82284631,-3.2279227,-0.28103304
0.060651714,-0.35186041,-2.6934509,-0.15730662
-0.42425358,-0.57197796,-0.0049245027,-0.047251913
1.1335668,-1.109226,-0.72220411,0.28128086
-2.1744218,0.69657703,-0.3151024,-1.2334997
1.9857216,0.47903573,0.30647679,-1.1200117
-1.9207312,0.97943965,-0.31771425,-0.9228576
-1.3010928,0.96380421,-0.40409311,0.46707986
0.46815696,-0.17636452,-1.0036662,0.14284065
-0.6834604,1.3141423,-1.4283309,0.38850282
-0.10951707,0.28788433,0.9766911,0.46111164
-1.8506994,0.87545976,0.13276682,-1.9484688
-0.54070839,0.87060644,-0.21930509,0.63004062
-1.3993222,-0.22865303,-0.44923581,-1.7872714
0.72181403,0.0083931384,-0.32914416,1.3402303
-1.3777148,-0.11239682,-0.021956755,0.72842969
-2.4849629,-1.0037052,0.082553152,-1.0641931
-0.71576805,-0.79859478,-0.55040581,-1.0554853
-2.1627968,0.41841813,-0.47089959,1.2161973
1.1364628,0.58489178,0.1559555,0.10860045
-1.7682491,0.15868915,-0.72316517,0.084773114
1.0488461,-0.18861511,1.8272377,1.5613898
0.55197987,0.82717462,-1.1266371,0.061231145
-1.3894226,-0.076987952,-0.58791625,-2.198905
0.56765777,-0.80798393,0.2383285,-0.58111448
1.0556484,-0.5891696,-0.20389156,0.16191837
0.7506008,-1.9134135,-0.27570535,-0.69551134
-1.0319714,1.6710378,0.36318463,-0.71605494
0.73054791,0.59114998,0.20534767,-1.2922645
0.47517712,-0.56143132,0.36459923,-0.15348402
-0.12502318,-0.69114815,-0.80821818,-0.30616828
0.31685402,0.51728497,0.80876726,-0.32523161
-0.3129052,1.3232927,0.29205657,0.33076559
-1.5165168,-0.31041977,-0.63859803,-1.5133916
-1.5590454,0.5812824,0.71058179,-2.083
-2.2325111,-0.10155028,-0.854888,0.85779749
-0.88434774,-0.87162356,-0.74162017,1.2587603
1.029877,-0.96264507,-1.1796593,0.6959874
-2.4011606,0.39030602,-0.082720072,-1.0936065
2.3046348,-1.7293972,0.42180119,-1.5496258
-1.6037841,2.2933377,-1.2637899,-1.4688119
1.3020381,2.079705,-2.836466,1.0934307
-2.1671301,1.760496,-2.6922295,1.577538
-1.8850304,-2.2071994,-1.1147225,1.9931321
0.46214292,0.27425251,-1.0492637,-2.1152595
0.78424002,1.3214533,0.46142868,0.90001697
-0.76811113,-1.3257066,0.50634866,-1.6530458
-0.16130475,0.59467669,-0.1245023,-1.7323312
-0.42525495,-0.96774601,0.30009895,-0.75667054
-1.1165092,-2.8897199,0.39136763,0.19229895
0.66309274,2.2421153,-0.039388734,-0.26979509
-1.2255173,0.65946081,-0.084789009,-0.050067765
-0.56473434,0.19116303,-0.028008115,0.086695737
-0.795721,-0.27058444,-0.60941101,-0.69088245
-2.073053,-0.48334867,-0.068646541,0.08981396
1.339577,-0.477475,-0.53191353,-0.40559766
1.0717028,0.084623421,-1.583117,0.036079503
1.1936783,-0.12040951,-1.1584391,1.1686512
-1.1882609,-0.10024585,-1.113994,-1.0494249
-1.0849032,-0.98038317,0.072436787,0.58369883
0.31564099,-1.3358216,0.45466021,0.62378088
-0.6247201,0.72789969,-1.0449253,-0.79484554
-0.78137146,0.52591605,0.76342154,1.0087294
-1.2410359,-0.0013861671,1.1006245,0.15940928
-0.41869416,-0.95235682,-1.2979839,-0.43915637
0.031445715,-1.7789794,0.25156592,0.26703898
0.091558173,1.1285422,-1.4005759,1.3120947
-0.78639273,1.7884556,0.86347986,0.64882972
-1.1562318,0.23664358,0.1383852,0.21939293
0.49367945,-0.20436384,0.50911562,-0.19559819
1.4912102,-0.29978364,-2.4275643,-0.25806783
0.55400079,-0.036639372,-0.29335399,0.72174286
-1.0182036,-1.0410589,0.028193988,0.57216538
0.64236112,0.59960398,-0.81882142,1.7530803
-0.36579852,-1.8597158,0.84815267,0.29433809
1.0420549,-1.096108,-0.22047825,0.8884596
-0.61438608,-0.041913806,-1.1916036,-0.40333054
-0.56165185,-0.58531265,-0.60550421,-0.21172076
-0.56641003,-1.0479142,0.67802116,-1.1837168
0.16966394,-0.18477866,-0.63498682,-0.80713942
-1.1956776,-1.5437144,0.055981009,-0.35303704
-0.52483756,-0.89267502,0.3963677,-0.63542298
-0.46706173,0.51551771,-1.769799,-0.76711913
1.3337196,0.72243976,-2.2087295,-0.45894276
-0.70362419,-1.6700052,-0.032684409,-0.58547677
0.48885246,-1.4263063,0.32658533,-1.7611044
0.96144428,-0.16252272,0.87698376,-1.3572082
-1.7063719,0.0065257934,-2.371997,-0.085854706
-1.6808464,-0.24939191,-1.1978458,-0.10951738
-1.5277896,-0.83671404,-0.75829055,-0.075385847
-0.77532938,0.087084225,-1.0373116,-0.34196358
0.1587536,0.9248749,0.82084732,-0.024850939
1.4818523,0.1090678,0.36543636,-0.094740125
0.32286285,-0.57832809,-0.83256897,-1.1612622
-0.32927802,-0.50803658,1.1070687,-1.5391617
-0.74333561,0.55465113,0.19507173,0.92312583
0.65711095,-1.5362699,-0.6701242,0.69863038
0.19617092,-0.66579847,-0.26026861,0.0018421524
-0.78407186,-0.38105301,-0.1308943,-0.39438547
0.25656932,0.65731164,0.0030578722,0.93216945
-0.34141709,0.41962348,-0.6307862,0.9707977
-0.96009275,-2.0181168,0.21754106,1.1564063
-0.69533329,-0.70203508,-0.96049059,0.19106693
0.2386675,-1.0041685,-0.64000247,-0.63778352
0.11161804,0.194909,-0.11159717,0.061236426
-0.84173695,0.15519777,-0.46056329,-0.46470261
-0.58174412,0.18272025,0.02878337,0.41985143
-0.76368643,-1.6271638,-3.4672076,-0.73009618
-0.87527482,0.7254095,-0.015137454,-0.82327654
-0.57925914,-1.2120044,-0.89207957,-0.64054419
0.5582846,-1.3553885,1.1225976,0.22064802
-0.27117331,-0.13464101,-1.0394579,-0.7684958
-1.2658222,-0.76544379,-0.11894094,0.29481357
-0.00019733571,-1.4288677,-0.063000305,-0.56995463
-0.36259813,0.47747938,-0.46689675,0.64594676
-0.91202319,0.064649648,-1.7792013,0.6329059
-0.47677989,-1.366064,1.4433714,0.59262557
-2.0822331,-0.83637683,0.59555435,-0.92382605
-0.77505158,-0.056752717,1.1254184,-1.7417721
-0.85855538,-0.45210327,0.60425233,-0.7905745
0.34928278,1.1552888,0.9875291,-0.35792023
0.32880005,-1.5608319,0.59598784,-0.57181839
-0.60015052,-1.9585082,-1.7288581,-0.48237775
-1.6314031,0.460378,-1.4140197,1.3586653
1.4206058,-2.4089216,-0.69383912,-1.824672
-1.8870911,-1.3510619,1.2605587,0.76012021
1.2969349,0.69754181,-1.0874675,0.46446694
-0.88609059,-0.8229334,0.45298559,-0.55656688
0.86900222,-1.1590659,-0.79272125,-0.46995925
0.35727122,-0.75920771,0.10223706,0.61771842
-1.0054933,0.11711267,1.0860526,-1.2237213
-0.46018409,-1.4902997,-1.1626668,-0.78174666
0.36346999,-1.2661267,-2.2822739,-0.74714387
-0.97480674,-0.89238706,1.5517039,-0.77671744
-0.29095736,-1.1392758,1.9023524,-0.22729287
0.24121761,-0.78344538,-2.3584251,1.541679
-0.75576219,0.48466034,-0.47991318,-0.27939834
-0.55749907,-0.39629473,0.28635262,-0.52238587
-2.2054864,-1.6993816,-0.071596602,0.10331702
0.77639211,0.22791746,-0.34765484,-0.50004211
-1.0935408,-0.97621112,-0.47898435,0.081725756
-1.6521244,0.1961941,-0.80238849,1.2028765
-0.43121877,-1.1351189,0.4865616,-0.64505084
0.43281085,-0.75495979,-0.91429212,-1.0727877
0.67563127,0.70430306,-0.87585455,-0.2179528
-0.097028104,-2.1812785,-1.4273245,0.19922294
-0.23753275,0.15921143,-0.38008011,-0.86868126
-1.4345353,-0.19663623,0.40915678,-0.65704942
0.22593617,0.055471265,0.50549578,-0.1414635
-0.81011212,-1.7133772,-0.7446478,-0.35707751
-0.85764521,-0.96362958,0.47475425,-0.61424181
-0.53509966,-0.31250914,-0.67651419,-1.2606598
-0.6288501,-0.61274842,-0.14448421,0.30885159
-1.0025222,-0.73237917,0.54966318,0.31536935
-0.54393261,0.14191692,0.82752767,0.027367466
-1.1343083,-0.4554483,0.38623219,-0.52900424
-1.0920967,-0.64615437,0.14698773,0.17665742
1.4888111,0.68793321,1.2694073,0.76024185
-1.3866713,-1.7152059,-1.0811936,-1.2728624
0.85110025,1.3806929,0.38118063,-0.23051102
0.44050875,0.80153289,-0.92692263,-1.3929132
-1.2390294,-0.58610995,0.110944,-1.6602627
0.80088689,-0.41231827,-0.24767642,-3.1771542
-0.70418693,-1.1375936,0.15729113,-1.9932921
0.74439814,-1.4135291,0.089629495,-2.7249588
-1.8856792,-0.90940774,0.56030459,0.047687462
-1.0624623,0.23586487,-1.0543116,-0.43813976
-2.4143006,-0.17649177,-1.2238101,-0.35812166
0.51563707,-0.24078304,-1.3942575,-0.092140449
-1.0882953,-0.34786294,-1.3942575,-1.399159
-1.0121213,-0.21959837,0.54315912,0.97535751
-1.6562723,-0.91736484,0.9094356,-0.71859942
-1.4898684,-1.269418,0.81920605,-0.23501017
0.84606934,-0.52350083,0.94108745,-0.62462112
-1.3773381,-0.64776032,-1.0195321,-1.1438034
-0.7457824,-0.57762217,-1.1506003,-0.58430975
1.1819361,-1.6458718,-2.4926919,-0.93068849
-1.6315415,0.72535963,-2.2988898,1.370694
-1.2621923,0.27981369,0.92295738,-0.56766024
0.47299079,-1.2087197,-1.5153883,-1.043504
-1.5914118,-0.37127356,0.93911024,0.49442235
-0.18138847,-1.6465995,-1.2032284,-0.74248656
-0.53045154,0.60703249,-0.22923531,-1.8241062
0.79379985,-0.76218861,-0.25046396,1.2730267
-0.72152744,1.1776241,-1.8950961,-1.323911
0.086285132,-1.8250619,0.22366925,-1.4859846
-1.7647712,-1.9450874,-0.96387279,1.2126057
-0.38262282,1.2977039,-1.4597796,1.0331984
-0.90604168,-2.003487,1.5917859,-0.95294071
-1.0411654,-2.4630448,1.4202,-0.49996543
0.60014072,1.6704257,-0.35843623,0.73260945
-1.0329101,-2.4931173,0.31633335,0.55975031
-0.49867625,-2.2430736,0.78972088,-0.40852919
-1.0026143,-1.0034304,-1.2402155,-2.3189561
-0.82609072,0.36749819,-1.0519087,-1.3259094
-0.089000242,-0.83696143,0.4964655,0.82739211
-0.54610826,-2.3115114,-1.8687565,-0.76558997
-1.111896,1.3644774,1.16493,-1.1042414
0.22867637,1.8360764,-1.4589941,-0.26396607
-0.4733992,-1.9751051,0.31445935,-1.1760384
-0.020736844,0.55443642,-0.29881309,-1.1278154
-1.1272728,-0.40078355,2.4613584,-0.43711728
-1.5041127,-0.90403719,1.9656336,0.1373417
-1.3891326,-0.6890042,0.98230695,1.3332001
1.5284194,-0.141513,-0.11852869,-1.4813306
1.4603219,-0.53058889,0.13030885,-1.2928149
1.748642,-0.75704661,-0.014041795,0.088862894
-0.24158214,-0.48935056,-0.80737243,-0.44446405
-0.49740539,-1.2116843,0.50650831,-0.051384349
0.73593041,-1.1669252,0.59358958,-0.20797573
-0.021743949,1.2307407,-0.51830165,-0.15104163
-1.0791341,-0.51840894,-0.21576181,-1.4302945
-0.32981858,-0.92231514,-0.66703446,-0.67077304
2.0686297,-1.4756507,-1.1921786,-0.24428796
-3.1206351,1.2281898,0.19412768,-0.91253914
-1.6873143,-1.222916,0.48079492,-1.0220227
-1.3248909,0.2560921,-0.35378143,-0.08609042
0.80577689,-1.0694638,-0.62291891,2.6138082
-1.6448241,-0.64284932,-0.2793287,2.5723369
-0.49802023,-1.4479446,0.35054127,0.72787162
0.0036179012,-2.3408965,1.0926073,-1.141445
1.0522428,0.12008659,1.4309753,-2.3123188
-0.97930231,0.49000106,-0.47351437,-0.081332046
-0.97930231,0.59608465,0.24664139,-1.7086765
-0.33300248,1.2288957,-0.67118553,1.4611441
-0.04577647,0.82808882,-0.18493583,-2.5831245
-0.70198612,-0.40294786,-0.094277435,1.2481319
1.9058478,-0.45900363,0.75125514,-1.3403625
1.5413644,-0.48331272,-2.4931174,0.81347836
-1.4613213,-1.1378068,-1.4294519,-0.22823346
0.18213521,0.84167472,1.6316338,-0.38929451
1.7359926,0.56098239,-0.19320847,-0.72874449
0.6048083,-0.36027438,0.72192692,-1.1130313
-0.40086122,0.17386766,0.27411302,-0.50288778
-0.45118692,1.3243908,0.364848,-2.8312258
-0.48103437,-0.84205573,-1.13682,-0.84368937
-0.35894318,-1.2280941,-0.47569776,1.1355944
-0.20990267,-1.1347289,-0.53362242,0.49797073
0.24845404,0.39795654,-0.15584718,0.62449564
-0.91474309,-2.7525039,-0.34180191,-0.29234626
0.35931446,2.3418882,1.47532,-0.010278875
-0.19391195,1.4998259,1.0649745,-1.34003
0.74122863,-2.334788,-0.64371908,-0.26905451
1.4758709,-1.7891984,0.058384035,-0.064502471
-2.0176245,-0.85975579,1.0502897,0.17873107
-0.98716878,0.33114342,0.97299675,-0.45500503
0.43166082,-0.72524424,-1.6168212,-0.10257879
-1.0377031,0.13293295,-1.9514282,0.77667108
-0.38677052,0.6822833,-1.3420357,-1.2104352
-0.22754357,-1.5813283,-1.6896716,-0.66504737
-0.48804065,1.400756,-0.39168444,0.12359534
-1.5211721,-1.3520468,1.0895952,0.25263669
1.1230249,-1.1744764,0.22846569,-0.85338046
-1.507273,-1.9318733,-0.92208751,-1.4541795
-1.5072044,-2.0265546,-0.49853452,-1.5416681
-1.3662817,-0.50372605,0.90734126,0.57863565
-0.18812493,-0.43746475,0.90734126,0.76916306
-1.7958627,-0.81098972,0.19270854,-1.0952439
-1.3536453,-0.070378483,-0.84557245,-0.11504414
-2.0245549,-0.60276962,0.2042161,-0.65216584
-1.1382888,-1.6724681,1.5224366,-0.85322356
-0.31299769,-1.2347027,1.6168017,-0.53564412
1.8345991,0.44292089,1.8211745,-0.43686706
-0.37406756,0.44164207,-1.3864421,-0.16331993
-0.60063613,-1.1973111,0.72139356,0.029734083
-0.95489017,-0.56382582,0.46089566,-0.22604925
0.050505588,-0.60667351,-0.60247965,-0.070519048
-0.5798039,0.088271851,-0.35592887,-0.24669748
0.62335249,0.059035163,-0.16812073,-0.0010773805
1.3397049,-0.33371698,0.33999317,-0.38804041
-2.0171499,-1.7198535,-0.81356754,1.1844844
-2.6937657,-1.036668,0.45505573,-1.8063116
-2.4616313,0.71454124,0.43283462,1.5552572
0.2125118,0.87895088,1.4351939,1.8520831
-1.642168,-0.46594942,2.1966345,1.6377291
-1.659304,0.08388967,4.0361367,-1.0856894
-0.82058958,0.067926642,0.93736456,-1.2020441
-1.0694991,-2.4074292,-1.2798115,-0.31650159
-0.20549862,0.28289565,0.9623074,-1.040104
0.023490233,1.1433957,-0.9560237,-1.5570544
-0.71108879,0.98361436,0.46650317,1.2904332
-0.16835878,-0.92810697,-0.097499703,0.79303766
-0.013767433,0.39748877,-0.59760046,-1.3119595
-0.076113375,0.28512093,-0.44859438,-0.75857918
-0.44793664,-1.0408747,0.46129114,-2.2359626
-0.830458,-0.15747168,0.9458762,-1.5650254
-0.62058156,-0.27898046,0.49497433,0.79536665
0.061902256,-0.6619409,1.6557416,-0.34377509
-0.83591408,-2.5515296,0.6529123,-1.3620835
-0.58768342,-2.3403936,-1.346093,-1.9880824
-0.74990352,-2.2516825,0.6769886,-0.72720586
-0.66805529,-1.3010965,1.1457296,-1.231106
2.1092881,-1.9601625,-0.96926236,-0.14798463
-2.0675211,-3.1901247,0.25449623,-0.26440178
0.49838175,-3.7663297,0.064424517,-0.075593942
1.8008302,-1.5686322,-0.4932028,0.098205728
0.44756633,1.0811174,-0.012134099,0.34755029
-0.057313295,-0.09101548,0.083896907,-1.8149614
-1.2490966,-0.62597773,-0.57723681,0.7846171
0.36105267,-1.0089954,0.53054246,-1.23981
-2.3613727,1.2025527,-0.31690908,1.1079726
1.3489434,1.4402783,1.4567416,1.3226435
0.45661707,0.59942972,-1.1535678,-1.3717403
0.15941457,-0.35021177,-0.7767793,-1.262032
-0.52048347,0.050656693,-0.49924251,0.57846441
-0.30937844,-0.43771044,-0.04371398,0.75613727
1.1746818,-0.7383389,-0.77306387,-0.030716596
1.0347994,-1.7677342,-0.5836552,-0.30441442
2.2589102,-1.313007,0.56178836,-0.053861773
-1.3814688,0.25513775,-1.3134897,-1.0974106
-3.0107363,-1.1251796,0.19343057,-2.4213926
-1.022953,-0.99678623,0.14675881,-3.2543933
0.5998562,-0.55672839,-0.5148371,1.2938479
0.083750297,-0.29958984,-0.054059901,-0.76415427
-1.1648202,-0.32599444,-0.77493178,-0.52233005
-0.32371291,-0.30542028,-1.3791969,0.052560017
-0.61525512,-0.86643969,0.91928415,-1.1083202
0.94359565,-0.4758266,-1.1100807,1.1754663
1.3037233,-0.29406072,-0.94080834,0.63116694
-1.7691485,0.33092889,-0.75591768,0.045566888
-0.35588376,0.30151622,-0.080508371,-0.6749606
0.56517904,0.47243329,1.4568817,0.68954661
-1.3012082,-2.3702617,1.6458249,-0.16501393
-0.39412966,-0.95813345,-1.2586623,-0.32918294
0.66969316,1.6659377,0.69091294,-0.17798616
0.76949101,-0.42338537,-0.57365516,0.28992197
-1.0251436,0.94688901,0.46107581,0.37282867
-0.2185632,0.47035429,2.0228938,-0.075983759
-0.20187238,0.057494097,-0.41572547,-0.23098801
0.051908549,-0.037385762,-0.052752744,0.25142482
-0.5882878,-0.58232868,-0.42385949,0.26647195
-0.5882878,-1.2515344,1.2236105,-0.68521063
-0.66083457,-0.31244882,-0.040481484,-0.80926674
-0.26124518,-0.12162478,-0.69183611,-0.6280183
0.86086866,-1.0874967,-1.3629463,1.1494631
-0.85571747,-1.5928774,-1.2942799,0.40490317
0.44614599,-1.6345461,-1.6398129,-0.91380277
-0.51959525,0.93775793,0.025509949,-1.3901347
1.4587689,-0.41623729,-0.16257234,0.92765604
0.36387959,-0.082095591,0.65820449,1.529603
-2.6350916,0.35411699,0.17687605,1.7934721
0.97092587,0.47400732,-0.81966956,-0.56529577
1.8348831,-0.30771545,-0.072112536,0.21944617
-0.35933897,-1.1616766,-0.90999931,0.05273795
-1.4474666,0.33163603,0.62107253,0.27249345
-0.64117689,-0.18699818,1.0216396,0.35648839
0.62412265,-1.0540695,-1.6516431,0.77394555
-1.9442667,0.62416729,0.76727124,1.0089141
0.70122668,-0.068165458,1.0443343,0.019272668
0.32544749,-0.63913878,-0.061899867,-0.094279245
-1.2551,-1.3010559,-0.66549069,-0.36438345
0.24692704,-1.1691048,0.49245486,0.29721898
-2.0012263,-1.0771621,0.19517993,0.072338062
-1.7513834,0.18203849,-0.016875676,0.81099821
0.47941728,-0.73652281,-2.7858478,0.34880439
-0.080706003,-0.12157722,-2.482397,-0.86674274
-0.41399501,-0.61586349,-2.2616685,-0.038592105
-0.44340495,-0.33353452,-0.29631556,-0.79952581
-1.0458615,-0.62201392,0.39401118,-1.8506073
-1.1928353,-0.025985415,-0.2661254,2.044719
-1.071092,0.41878662,-0.18763338,1.7819204
-1.6541439,-0.99720134,-1.1314251,0.42669926
-1.3936207,-0.89103148,1.0918301,1.2326647
-0.92176203,0.52960952,0.63900494,-1.3504762
0.28827851,-0.11188811,0.60700248,0.80937682
-1.9021633,-0.26079215,-0.56457719,-0.91312678
1.2957873,0.34726372,1.7152266,-1.0490844
-1.1319236,0.82954933,-0.10816741,1.5522704
0.92826579,0.8480261,-1.7957466,-0.23443122
-1.4388228,-1.8014968,-1.9087155,-0.1394049
1.1161338,0.041490667,1.7476999,-0.039427366
-2.0622331,-0.76999969,-1.4610011,0.015816662
-1.0392662,-0.078974737,0.7478763,0.33231736
0.3802971,0.07663762,-2.1554443,0.64622081
0.77988668,-0.070088807,1.0715782,0.94727
0.26721416,0.56763284,-0.61846203,0.29221221
-0.79883818,0.10836397,-0.44768805,-0.76832764
-0.77397208,0.37244295,0.27725609,0.88738972
-0.39790979,-1.1771758,0.70844781,-0.6163474
-0.13636718,0.17174943,0.10084998,0.55031517
-0.062971117,0.055087124,-0.18005733,-0.054245728
0.42296963,0.31206884,0.6086435,0.42533486
-0.027674462,-0.62428785,-0.60735487,-0.74747676
-0.80229254,1.1726609,-1.7177429,-0.45918308
0.026897977,-1.4719143,1.1641333,0.75154327
0.035747225,-0.67967732,1.1613253,0.34340586
-0.35560831,-0.36842584,-0.59520655,1.6434298
-0.15727544,0.50310426,0.45586076,0.021123544
-0.5906758,-1.7261867,0.010522163,0.39570384
-0.31616348,-3.0487926,-0.10514516,0.67163176
-1.6356766,-2.4114696,-1.3711194,-0.55768806
-0.51132693,-3.2212656,-1.2226098,-0.54545668
-0.74895294,0.71266841,-1.3624825,0.74273183
-0.095184111,0.53786055,-0.056388059,-0.76698086
0.21118839,0.53337464,0.15143372,0.21062473
0.74939879,0.16886029,0.70846058,-1.2203472
0.14994145,-0.0056620196,-0.8052062,-1.2075049
-0.77963335,-0.89380439,-1.0990587,-1.0574547
0.7165085,-1.6996965,-0.050432063,-0.60352896
-0.78118608,-1.8988365,-0.65783655,0.15570843
0.53959605,-1.3927463,0.19865865,0.27305446
1.2645359,-0.21492276,0.21405333,-1.4259363
-1.7713095,-0.044137033,-0.019952358,1.0665156
-0.68263879,0.037355923,1.1547802,0.22237862
0.3347677,-0.47176215,-0.4528746,0.23911932
-0.54362651,0.25478664,0.66728711,-0.82304348
-0.74796794,-1.2028823,0.22792072,0.37474648
0.95576733,-0.83309356,0.058178448,-0.52548552
1.0060311,-0.079248217,-0.70303378,-1.4586836
-1.6299873,-0.25759091,0.3445609,0.23418716
0.79777711,-1.802697,-0.73195584,0.095464152
-1.3282984,0.9459029,-1.5277311,-0.18833611
1.192152,-1.7738456,-2.6238214,-1.1136178
0.86429688,0.78660714,0.75085391,0.86030751
-1.0537134,0.30624623,-0.35272223,-0.95284306
0.23799923,1.3252354,-0.33568156,-0.88364325
-0.50371463,1.8544146,-1.4750992,-1.6808937
-1.064359,2.2202096,0.29805589,-0.40393841
-0.50349692,0.065068413,0.37726296,-0.23009783
-0.38306073,-0.13009715,-0.16487836,-1.1664747
-1.2555798,0.066129284,-0.27259768,-1.3723457
-1.8722642,-0.56809917,-1.6449795,0.2836934
0.92576731,-0.028681061,-1.3714475,-1.049666
0.079488633,-1.1166982,0.91457914,-1.4366505
-0.95938242,1.9668784,1.318792,-0.067022113
-0.67850317,-1.3034937,-0.023864488,-0.10937631
0.094783534,1.0009143,-0.37651651,-1.3206731
0.17092852,0.30350496,-0.086455777,0.9610166
-0.085506384,-0.75421762,-0.38942893,-0.35017535
0.42633932,-0.24300444,0.60893841,-0.34843406
-1.7470464,-0.24300444,-1.310456,-1.6264092
1.086288,-0.35862077,-0.082117201,0.42009409
0.99329914,-0.86593935,-1.1639579,-0.69403075
-2.278774,-1.061056,-0.10595062,1.1726172
1.0317918,-1.7296349,-0.60983174,1.4950117
0.20402705,1.0894771,0.28971624,0.8716363
-1.8813563,-1.7843668,-0.41154015,-0.34626265
1.2708625,1.2679386,-0.70257176,1.7427306
-1.8133413,0.7666452,-1.0726576,-1.5701873
0.29872939,1.3843366,0.090613047,1.2367431
0.79526071,-1.5786069,-2.2784367,1.6636328
-1.5680922,1.0137435,0.80759099,-1.9172002
-1.8693092,0.78527358,0.067506171,-0.89214687
-0.2328488,-0.91762204,-1.1161323,0.25024713
-0.26249214,-0.011030501,0.085899054,-0.44963099
-1.3981182,-0.16214553,0.1840697,-0.16117593
0.68469219,-0.60350858,-0.4876955,0.2161584
-0.87652336,-1.4942237,-0.15539416,0.29902483
-0.50029921,-1.1745481,-0.41393365,-1.3265099
-0.20964413,-2.332849,-1.3573143,-1.6681104
-0.96208588,-1.7792331,0.93011567,1.0930743
0.61795839,-1.5000409,-1.1055643,0.65370007
0.10958654,-0.63938716,-0.88277872,-0.57841373
-0.86134228,-0.46031789,-1.7284903,-0.75088436
1.0350134,0.47991142,-0.30473854,-0.36424145
1.174883,-1.4936345,-0.1978582,-0.051944079
-0.66502519,1.2592182,-1.1457163,0.28372622
0.67845602,-2.0224956,-1.3655718,0.11090715
-1.400302,-0.77745147,0.3684828,0.19942002
-0.86874436,0.72314982,-1.0495614,-0.43422944
-0.34607198,-0.89549095,0.52929777,-2.4532668
-0.099958467,-0.78650557,0.58336644,-0.7993043
-0.0047930656,-0.77517242,-0.20477098,0.42725543
0.59754474,-0.86089536,-0.13101344,-1.6696642
-1.5579588,-0.10722634,1.1423622,0.99924784
-0.89732025,-1.9460856,1.2297998,-0.32743743
0.61099599,-1.0540422,-0.17285681,-0.042598856
0.7079047,0.56697381,-0.094513483,-1.9372262
-0.58574044,-0.74319649,0.34736435,-2.6077702
0.067799635,0.091143731,0.29197474,-2.9763765
-1.3853482,-0.71970613,0.46948557,-0.79512453
0.8758874,-0.66544304,-1.2700085,0.76082552
-1.4665599,-0.75116961,-2.4261837,-0.42932647
-0.48879952,-0.3360762,1.8321722,-0.43650719
-1.0560585,-1.2170752,0.057870638,-0.37350334
-0.58222907,-1.4063612,-1.4108495,-0.51822481
0.016131277,0.15701199,-1.0767316,-2.3192683
-1.2880949,-0.073285965,0.11360005,1.1393621
-0.46690892,-0.56472396,-0.13633322,0.074306195
-0.14908352,-0.75867186,0.15717274,-0.46751284
0.27844368,-0.97821021,-0.65119836,0.08967392
2.1836657,-0.81578711,-1.2197308,-0.87803176
2.4561305,-0.081269267,-0.56189668,-1.486506
0.67918107,-0.070866954,-0.32709155,-0.41122958
-1.0604531,0.13177221,-0.31072767,-0.0053511185
-2.0018629,-0.60715978,-0.48014851,0.91104156
1.4374872,1.5826743,-2.0989198,-1.3932983
-2.1011555,1.0612275,-0.32176178,0.97064314
1.380836,-0.4438276,-0.82715045,1.0850063
0.73312587,0.40155925,-1.4599599,1.1212013
0.3593708,-1.8002651,0.90735388,-1.9578538
-0.87488698,-1.0631881,0.40893104,0.71648161
-1.5949066,-1.0061207,0.28894368,0.16184416
-1.4003987,0.62647724,-1.5050048,0.23940187
-2.0179575,-0.34898452,1.0556081,-0.093696462
1.4068398,-0.099827155,0.54022933,-0.29024884
-2.2419747,0.17414056,0.66820573,-0.63028901
-0.91831849,-0.59710971,-1.1000817,-0.32945196
-1.4857106,-0.62724988,0.72138874,-0.10237602
-1.491074,-0.31130096,1.3213553,0.12007712
0.31973693,0.9759514,0.06220198,0.13994219
-0.23453372,-2.007828,0.13517884,-0.37497539
-0.62913651,-1.4196347,0.75149424,-0.28153584
0.090683503,-2.1122362,1.1551688,-0.078011542
-1.0825583,0.19143335,1.7605979,0.29894068
-0.061387764,-0.015501728,1.5251926,-1.0204196
-0.13620814,0.80199985,0.74586807,-0.67789735
1.1480608,0.15700199,0.33696227,-0.84293439
-1.6573426,-1.0452419,-0.57574831,-0.080028307
-0.42046359,0.92006743,-1.6752891,-0.21814295
-0.23205255,-0.53441968,-1.7779781,0.10687709
-0.31183349,-1.163347,1.3106106,0.37301028
-0.38631935,0.062306748,-1.7872638,1.7137658
0.075986781,0.76198524,0.6321314,2.8257885
-0.58838579,-0.35315921,-0.85730618,-3.6232988
-0.38441433,-0.50183554,0.62964,0.50819932
-1.463995,3.2556034,-1.0825443,0.67175376
1.3627317,-3.1244157,0.53739554,-0.82596232
-1.754368,0.61372669,0.45812922,-1.1011944
-0.50836716,0.76302201,-1.2609395,0.69037312
-0.019718784,-0.72480553,-0.077081326,-1.2104114
-0.38293799,-0.96064422,-0.79046726,-1.1414216
-2.0692502,-0.5891095,-0.59346472,0.49380557
1.0624088,-0.0076043188,-0.59167354,-1.0161777
-2.5542675,-1.0194994,-1.0196614,0.54844739
1.8239616,-1.0663483,-1.2045682,0.24373521
-1.8757413,-1.7520375,-1.5584275,-0.27512155
-0.66877115,-0.1361769,0.86399161,-2.1224712
-0.073709979,-0.35425965,-1.0818374,-0.99146129
0.069343834,-0.81261791,0.67351749,0.32142419
0.79270693,-0.089714101,0.26983061,-1.4220972
0.614005,-0.46394525,1.2125247,0.28043505
0.3128078,-1.535466,-0.74614712,0.30095948
0.11064285,1.2279167,-0.26733007,-0.89140426
-2.6929729,-1.9591175,-0.20142794,0.46248834
-2.6523457,0.7315433,-0.067372272,0.02820289
1.6502768,-0.92773708,-1.5698024,0.25980518
-1.733078,-0.18451398,-1.2744965,0.057202974
-0.87973182,-0.018232024,0.10659791,0.37051564
-0.3499429,-0.70124462,-0.92997297,-0.95369199
0.059042434,1.1829496,-0.28860401,-0.88538005
0.55499959,-1.0454541,-0.53135776,0.55375686
-0.91818652,0.51132649,0.58806738,0.60984624
-2.1723435,-0.54625819,-1.141453,-0.65463714
0.05755528,-1.3258274,0.68245784,0.42089484
-0.089616895,-1.4853455,-1.4684784,-0.21913044
-1.0025925,0.84741636,0.26882482,-0.77376842
-0.72846463,0.45950882,-1.0165701,-0.40748397
-0.064272475,0.37261046,-0.27965348,-0.087577658
-0.82234535,0.21022595,0.91132477,-0.30700287
0.0030271365,-0.12078555,0.29175394,-2.2803134
-0.0072903329,-1.3323162,0.16613182,-0.40355997
0.11603022,-0.78777592,-0.52943547,-0.61844651
-0.74903385,-1.2559418,-0.92856338,0.3221953
-0.52644017,-1.1727321,-1.2941779,-0.70194678
-0.35809289,0.95794683,-1.3615387,0.30460447
0.17274012,-0.66722778,-1.1866886,0.94516102
1.2640505,0.15229918,0.58878425,0.80641406
1.1243579,0.92714604,-1.0654209,-1.2191237
-0.53892262,-0.075296029,-0.64564882,-0.18536627
-1.9044175,-0.9364126,-1.7939106,0.58418468
-1.6209174,-1.7173888,-1.0634986,0.63031899
0.63704872,0.36893221,-0.084615828,0.41201281
-1.0279234,0.40231791,-1.1989867,-0.95718568
-0.089603454,-0.16687273,1.5712,0.71151813
-1.511759,-0.43994554,0.41484022,-0.68235098
0.15314376,-0.77407209,-0.063655384,0.31987671
-0.55171201,0.024348905,0.50468982,0.95062704
-0.67468984,-0.58274812,-0.3505836,-0.99520914
-0.2044098,0.35528278,0.095225646,0.75709726
0.23812232,-0.45387943,0.94339671,0.029686652
1.2472174,0.049678533,-0.76703619,1.4374209
0.47398623,0.71475087,-0.12486636,1.2722221
-0.74553423,-1.2349084,-0.87043518,-0.72174177
0.27923559,-1.7065222,-0.5451516,-0.61176182
-0.18588538,-0.78852496,0.12411038,0.99142566
-0.33696733,0.17902434,0.87629793,0.61725456
-0.83545981,-0.065422647,-2.5442034,-1.0425462
0.37275697,0.98857134,1.9233779,0.098925355
-2.2266648,0.28207709,-1.6105875,0.52603547
1.292267,0.58569258,1.1721574,-0.85023822
0.47930353,0.038868581,0.78592643,0.99395224
-0.88114445,-0.52348482,-1.0297367,0.72461101
-0.83205232,-0.3531109,-0.083703968,1.6082495
1.1478232,-0.051882052,-0.18009515,0.63037079
-1.7082856,-0.13083289,-1.6822665,-0.28377192
-1.3185048,-0.12225372,1.7512352,-0.69999609
-1.9122251,-2.3139381,-2.2855797,1.0170788
-2.5125594,1.5973594,2.2437781,-1.2949061
1.056937,2.1331352,1.2020644,0.76305909
-0.1368843,1.7619075,0.083456402,-0.70318183
0.77900481,2.1454773,-0.026003994,1.7021133
-0.76415619,0.12795367,-0.87992478,-2.512184
-0.53811417,-0.69323627,-1.7848947,1.5543843
0.17363567,0.42078826,-0.58542049,-3.0543716
0.023711437,0.55054472,-0.37480132,-2.7561798
-0.24886759,0.43152524,-0.46984302,1.6686476
0.021918404,0.30244298,0.12801071,0.40584546
-0.72856374,-1.6492356,0.27665938,-0.1235157
0.94680862,-0.99827167,-1.0526649,1.7348088
0.92282407,0.52403201,0.70405755,-2.0088708
-1.2694554,-0.84045969,-0.86567723,-2.5595911
0.45717501,-0.50306794,-0.45155119,0.88541207
-1.1914224,0.58367784,0.42878699,-0.012968669
-0.86793404,-0.58108258,1.4611073,-1.0252456
-0.14584815,-0.57649822,-0.0046855201,-0.44308732
-1.2051288,-0.80428772,-0.5924799,-0.276493
-1.0326147,-0.007222778,0.3517568,0.10029268
-1.5330245,0.84127858,1.3190027,1.2112914
-1.8421942,0.33477224,-0.75633126,1.2046593
1.1847717,0.5068425,-1.252501,-2.0076148
-0.72664851,-0.042721491,0.19306734,-1.9049516
0.2769433,2.5229746,-0.088135081,-1.6828479
-0.51220735,0.4539499,-0.70514579,-1.1525491
-0.21228122,0.13354555,-0.78746919,0.63217405
0.41830861,-0.13928571,-0.3377502,-0.96851523
0.53541817,-1.8529224,-1.1821222,-0.24298738
-2.4014307,-0.98306297,0.64542756,-0.25266562
1.558207,0.20450467,0.28180384,0.22509284
-1.1057408,-1.4926435,-0.59807867,0.80706312
-0.33605584,-1.3131097,-0.74009408,-1.0030352
-1.8535502,-1.0576401,-0.65301048,0.36721323
1.2239863,-1.9974653,0.0099730308,-1.1458531
-1.0189449,-2.3799244,0.068477445,-2.2139987
-0.33754921,1.6249447,0.40424576,-1.3630792
-0.41946047,-1.746525,-0.19870781,-3.2575643
-0.80475461,0.45183644,0.9691194,-3.3954592
0.55216999,-0.45158784,0.56271985,-0.71786352
0.35751676,0.92194377,1.2361651,-0.20168584
-1.0813833,0.20817264,0.046747707,0.73053275
0.00047092879,-0.34360401,-0.61934437,-1.191198
-0.23127957,-1.2299732,0.13707784,0.51091213
-1.6844019,0.5572667,0.31593858,2.2841609
0.7324431,-2.2252515,0.26678825,-2.3874129
0.22878988,1.6081665,0.054234032,1.7047759
-0.50246319,-2.5908524,-0.65761317,0.91797083
-1.1959532,-0.76932551,0.75665737,0.15279095
-0.88370154,-0.64737148,0.44251245,-0.81650384
0.19086427,-0.38922175,0.7962165,-1.6188079
0.21480237,-0.85000967,0.25915264,-0.074289413
-0.9383266,-1.7804449,-0.056776516,-0.9397813
0.93994524,0.81594359,-1.6245958,0.56596149
-2.4817118,-1.8152736,-0.54812018,0.014172881
2.093158,-1.1179021,0.73396018,-0.390264
-2.3583608,-0.74554889,0.68622847,-0.99185302
-0.487387,-0.18329501,-0.023376349,0.942449
0.059427469,0.07542052,-0.77595516,0.41083259
0.14566275,-1.6494635,0.74707514,-0.74220821
1.8695163,-1.1627476,0.3644977,-0.58500495
-1.420176,-1.4633745,-0.1691979,-0.70718863
-0.051986955,0.75771501,-1.3426449,-0.06372946
-0.48189227,-0.63745623,0.0039720914,-0.095498303
-0.23136414,-1.8662645,0.46557458,0.04161188
-0.24571485,1.2442195,-0.67197749,-1.9693977
-0.77167097,0.36975021,0.34520261,-1.4481856
-0.80707028,-1.0766723,-1.0958535,-0.91133639
-0.68928819,0.22837105,-0.0021671072,0.55993199
-0.40088859,0.50439656,-0.48960705,0.24631298
-0.39429084,1.9519034,-0.55639337,-0.30948716
-0.30509521,-2.2523131,1.7629774,-1.4160775
-0.18565313,-0.92335126,-1.2214779,0.64191092
-0.029275358,1.0453773,0.27529854,-0.26511747
-0.88835257,-1.2767416,-0.27425278,-0.53485577
-0.43182152,0.56283227,0.89984663,0.042675858
-2.1770019,0.66096764,-0.28806053,1.1406261
-0.45089025,-1.1978197,-1.4602558,-2.0552391
0.95223837,-1.4757515,0.018081766,-1.8613129
-2.0223974,2.1545381,-1.3368767,2.2343757
0.55827909,-2.4418801,0.44888736,-2.142403
0.45938824,-1.1516892,-1.4100718,-1.8730207
0.76882702,1.1576496,-0.060844584,0.68211306
1.4993434,-1.6589089,-1.7823355,0.84685335
-0.21966414,-0.45811622,-1.8506333,-1.4863565
-0.60533874,0.096810328,-2.3682821,-1.6585472
-1.9103755,-0.49243118,-2.5031995,-2.0180098
-1.4851708,-0.13658384,1.2856999,0.034750423
1.2107092,-0.61045781,-2.2232977,-0.86503234
0.22760168,-1.4860442,2.0582107,0.63877604
-1.861757,-1.4474167,1.0980876,-2.2011593
-1.8588878,-0.17958823,-0.95954074,1.8311449
1.4316558,-1.6425379,-0.9805033,-0.436224
-0.10344381,0.48508508,-0.0067849127,-0.1075243
-0.5912672,0.58332516,-1.7978312,0.67872499
-0.43788191,-0.9495608,1.3650084,0.60294431
-0.041286935,-2.217426,-1.5289166,0.37248543
-0.11405898,-2.3486624,1.1221638,-0.56656898
-0.40873159,-2.5236028,1.0703241,-0.58773264
-0.7876072,-2.2181637,-0.10534595,-0.0026369065
0.57744345,-0.71275955,0.22380812,-0.42192711
0.096705212,0.64622216,0.64554732,-0.86324963
0.92624557,0.054506237,-2.0728507,0.78919815
-1.4975533,-0.076667327,1.0251663,-0.52947071
-1.3184816,0.24139148,-1.9125322,-1.2617779
-1.3658941,-1.1304797,-0.54839781,0.09174128
-1.1404482,-0.32672558,-0.21305936,-0.11689793
-1.9044349,0.015901574,0.2027487,-0.16874308
-1.9675378,0.78486097,1.0080084,0.45860538
-1.3187504,-1.4247372,-1.1750718,0.55700181
-0.26737217,0.91012648,0.59019227,0.75438992
-0.19935052,-1.0494989,0.38102521,0.7498963
-0.60725655,-0.038516106,0.41379792,-0.96041942
0.71315259,0.79901824,-0.14068272,0.43085405
-1.4408751,-1.2418318,0.17500814,0.35903586
1.0841587,0.09391597,0.55143827,-1.1133942
-1.7507903,1.4212231,-0.33061787,-0.34420907
-0.69868888,1.2441452,-1.6630907,-0.014073528
-0.31681331,0.48649478,0.684329,-1.2767408
-0.82470187,-1.4845456,1.8410313,0.59528197
-2.3037973,-0.49167498,-0.72012874,-0.15450379
-2.921682,0.30819387,-0.012200254,-0.56245266
2.4385381,-1.1356872,0.083876349,0.11499773
0.55839066,0.10005994,-0.64259021,-0.68282506
-2.4648155,-0.040856313,-0.30934056,-1.2336644
2.7706748,-0.84185117,0.24748854,-0.034111098
2.798607,0.69715655,-0.87810237,-0.57150898
-3.2199401,-0.7298513,-1.705378,0.30763627
-2.6556019,0.0066088688,-0.48109649,0.33645426
-2.8862076,0.93656238,-0.4410337,-0.20132402
1.1728065,-2.1947975,0.3370733,-0.96703446
0.48879846,0.48890401,-0.83426673,-0.98834499
0.5172403,0.27340278,-0.37637295,-0.50061006
-0.96688677,-0.11869595,-0.28125818,0.2846258
-1.1961621,-0.44986534,-0.0084605296,0.58957688
-1.5707275,0.13075412,-0.23491301,0.27131418
-1.3682868,-0.12803855,-0.69449015,0.11018798
-1.5596669,0.16133427,-0.61578228,-0.96005463
0.088384724,0.0080638149,-0.34838356,0.91802693
-1.0126953,-0.59323943,-0.050314187,1.0728648
0.67009594,-1.2375955,-0.2397405,1.4682847
-0.27049717,0.039477485,-0.465382,1.2768209
0.31650362,1.0371193,-1.1478455,-0.056831579
-1.155526,-1.7369811,-0.43558687,0.74823585
0.5347508,-0.63667411,0.54555662,-1.053514
-0.7191693,0.8836219,-0.15754263,-1.0909557
0.92932227,-0.89387493,-0.2974901,-1.4328172
-1.8190302,-1.9057218,-0.012521533,-1.2541703
-2.2776,1.4994305,-1.090482,-0.04025855
-0.51510131,-2.2457011,-1.0659994,-0.80836125
-0.19955651,-1.5878521,-1.2602788,-0.55051719
-0.11385066,-1.6774648,1.0060732,0.79922562
-0.62574376,-0.60361334,1.0011237,-0.67304655
0.33348727,-1.1210806,-0.44386078,0.65850185
-1.3276066,-0.16060837,-0.12420763,-1.2423349
-0.40818378,1.8949612,-0.057309072,-0.90980117
-0.38658293,1.5845634,-0.77211755,-0.2381124
-0.07929275,0.01210333,0.30249334,-0.048391325
-0.717432,0.019948556,0.22094029,-1.1847934
-1.7211101,-0.45813626,-0.58550509,1.3158179
0.22535417,-0.77268726,0.58092182,1.029319
-1.134855,-1.5082546,-1.7649413,0.03603344
1.4191596,-1.9836418,2.272881,-1.5354798
2.0296649,-1.4374665,2.0136685,0.83220359
-1.4779033,0.13635187,1.7744657,-0.96582067
-0.27953442,-0.73167086,-1.3150902,0.49206778
-0.24162681,1.166748,1.00716,-1.1415349
-0.60665597,-0.25379016,-0.48915252,0.3020641
-1.1606855,0.064077314,-0.75897444,1.5587348
0.76488826,0.45687313,-0.84823716,0.94581277
0.76488826,0.81240583,-0.98264723,-1.677284
-1.0919297,-0.57209607,0.70634605,-0.050741069
0.3371971,-1.0843416,-1.3348661,1.4827243
-1.2283225,-0.76375985,-0.61687342,0.11516973
0.54576607,-1.7061437,0.22280752,-0.40025363
-0.64222322,0.38492163,-0.93437003,-0.64734783
1.0897494,1.2697572,-0.093709176,0.46466085
-0.35152954,-1.4586763,-1.381068,1.2916527
-0.64299835,1.0467609,-1.0987753,2.0702089
0.033195251,-1.7266458,-1.8011331,-1.853432
-0.13812277,-0.28557786,-2.3771315,-0.099576068
-0.23975512,-0.70726506,-1.7446965,-0.7079411
-0.26921462,-0.3206439,-1.0971029,0.25434408
-0.51186561,-0.69956068,0.92210233,-1.6376978
1.0467498,-0.95517861,-0.82173621,0.40515794
1.2636781,-1.3860749,-0.70522198,-0.48393692
0.49358851,-2.0377124,1.1775186,0.40255403
0.89512664,-1.0177948,-1.1486299,-0.79434701
-0.58950342,0.78442657,0.4415315,1.7077917
0.049791618,-0.083552427,-0.44040424,-1.1583672
-1.1371075,-0.1532668,-0.22193257,0.6257893
-1.0510968,0.42366272,-0.30218318,0.40535469
-0.54632296,-0.64746587,-0.61136879,-0.46806709
0.14036375,0.40141984,-0.54225458,-1.6949811
0.83082189,0.12692958,-0.10939441,1.5290473
-1.0329468,-2.1493613,-0.18249394,1.0995334
-1.714085,0.50931886,0.21507022,-1.9027963
1.3342055,0.61149041,0.20329108,-2.0326649
0.18600436,0.62850289,-1.9115901,-0.60434551
-0.59219509,-2.2083577,-1.5388358,-0.59765497
-0.12147731,0.86199946,0.54670264,0.096305205
0.12770666,-0.80116709,0.16572932,-0.15450857
-0.32097109,0.012730299,-0.80886379,0.17241273
-0.22254626,-0.5834397,0.076701031,-0.29082139
-1.941254,1.5583364,-2.3276597,0.085902534
-1.7404261,-1.2981066,-1.3126675,-0.6148458
-0.96812863,-0.362805,0.060350308,-0.5039905
0.11341106,1.7597822,0.076734441,1.0639438
-0.35589414,0.39774911,-0.33479613,0.8872951
0.85895158,-1.0810331,0.56317094,-0.1305447
-1.3522392,-1.2024038,0.87622937,0.11217999
0.85591053,-0.88823411,1.4018924,-0.63332076
0.12562822,-1.0756163,-1.5775937,-0.60777128
1.114424,0.72256196,0.34794686,-0.071847516
-1.3921295,1.2968726,0.078457797,0.85461725
1.0709026,0.26529026,0.61385058,2.2924484
-1.6298866,0.97980685,0.16296875,2.0720131
0.9394682,0.87539725,-0.33214483,-2.3924523
1.3985924,0.47774897,-0.83233423,-2.8098122
2.0215425,-2.0765625,1.261965,0.81295443
1.9058518,1.5938952,-1.168637,0.23323353
-1.4052956,0.4960441,0.90216133,-0.29713607
-0.82379985,-0.67184394,0.74674161,-1.2097112
-0.94676139,-0.59226862,-1.2973588,0.98427177
-0.34620674,-1.7917658,-1.5499468,-1.1070122
-0.63448975,-2.7796627,0.70408695,0.96451009
-0.25163418,-2.6692628,0.061777913,0.89480543
-0.9455353,-1.2204415,0.4046577,-1.2397597
-0.33577992,-1.0256862,-0.43275473,-1.1134872
-0.61922138,0.1300356,0.36007264,1.0084898
-1.3599179,-0.57541321,0.23095322,0.8449584
0.40889419,-0.76829422,0.071867749,-0.46367123
-0.24776664,-0.79123562,0.71426825,-0.74999852
0.98776304,-0.8976395,-2.1824069,1.1933567
0.88937167,0.11516655,1.6874353,1.1413869
-1.6772946,0.4689964,-0.22061068,-1.1360618
0.87316599,-0.41207341,-0.55451988,0.56332359
0.30040579,0.93768313,-0.77776731,-1.4091027
0.29892987,-1.3604155,-0.10448799,0.61173433
-0.76158503,0.51416698,-0.50502274,-1.3814726
0.36915772,0.28741016,-1.7224643,1.3310154
-0.67272247,-0.6423519,0.071326311,0.16410472
0.67929956,-0.10543225,-0.088051456,-0.53897837
-1.4994984,-1.9238731,-0.93186527,0.40972607
1.0118704,-0.11691271,0.90111796,-1.1872008
-1.5209171,-1.3255387,-1.1302425,0.9703786
-0.76775089,-0.25839554,0.39615375,-1.935304
-0.60285772,-0.35856923,1.1146405,-2.9627102
-0.51757334,-0.25314661,0.5967724,0.58138442
-0.65600984,-0.087803416,-1.2664992,-0.9464447
-0.52748996,-1.5236884,0.94205908,0.84809697
-0.22483485,-1.9730371,-1.3511073,-1.3772589
0.96627187,-0.24337789,-1.0043053,-0.57359115
-2.3724204,-0.80591602,0.47537311,-0.61826604
1.1284242,-0.3049339,1.1612522,0.52276144
1.2944511,-0.5397404,-0.22874802,-1.4870285
-2.0662508,-1.7710197,-0.93997348,-0.55703302
-0.021512581,-3.8747264,0.17822572,0.84222859
-1.075308,1.6008393,-0.99833748,-0.062439289
-1.8196935,0.98394723,0.57525916,-0.12906232
0.75188114,-0.9851303,-0.77236776,0.94800282
0.43905373,-0.47842571,1.4889406,-0.48644099
-1.2393017,0.14976201,-1.9559517,1.0255433
0.80076421,-0.55092957,-0.17951684,-1.7280164
-2.1795228,-0.25556839,-0.28249722,1.0835089
-2.4382289,0.89206775,-0.96870694,-0.87700087
-2.0976191,-0.013669927,-0.23208047,0.24470784
0.47351403,0.37358384,-0.54824083,0.24470784
0.076310223,-0.69910789,0.12595664,0.10280238
-0.93501546,-0.50900981,-0.53207794,-0.74459535
-0.11186936,0.46046632,0.23401093,-0.14913341
0.076881098,-0.079758387,-0.28103284,-0.25556547
-0.081346517,-1.2634933,0.10136867,-0.39051051
-0.11772375,-1.185843,-1.8919222,-1.6554264
-0.68603297,-0.16555847,1.3599648,1.0454451
0.20089963,-0.26653795,-2.3646864,0.60954438
-0.083112633,-1.1050271,-2.8506386,-0.90827597
0.059555832,0.23692432,1.8411088,0.052840052
0.30505562,-1.285228,-3.1423631,-0.70108695
-0.91710505,-0.45519906,-1.0837883,-2.0531047
-0.086084481,-1.0741178,-0.50457949,1.7292954
1.0790951,0.57339515,0.79789548,0.6959418
0.07048895,-0.44449492,-1.7485325,-1.4352987
-1.6865492,-0.19688524,1.4978676,1.0444256
0.58517875,-1.299854,0.1026885,-0.60454539
0.065004369,0.84283607,-0.96342012,-0.66680159
0.56934052,0.52616824,0.96557523,-0.86879121
0.15959724,-0.85456317,-1.5120827,0.091347657
0.19636594,1.001936,1.0654425,0.33581466
0.06018698,-1.6298387,-2.0597319,-0.61358887
-0.92946731,0.0983473,0.73934935,-0.55255384
0.72741389,0.6754232,-1.7190219,-0.11343934
-1.5507844,-1.2941773,1.1695571,-0.14098649
-0.56647008,-1.120552,0.83148043,-0.91295175
-0.85837663,0.2527237,-1.2013993,0.49098401
-0.74101892,-0.53574607,-1.5877218,-0.19248942
0.17750869,0.24595236,1.0803099,-0.81435786
-0.049995957,0.21236882,-0.9210151,1.2414409
-0.39852969,-0.10673239,-1.2934643,-0.25573052
-0.22482908,1.3066344,-0.68729975,-0.23779358
0.25869593,0.82865796,0.12970619,-0.51652753
-2.0444539,-2.6119261,1.6556291,0.30946811
0.97363591,0.87272609,0.22835661,0.12281012
0.40969575,1.0140326,0.83511872,-0.33493008
-1.0141087,1.4340002,0.47037379,0.25724733
-0.38795252,0.79057666,-0.065456016,1.1146697
-0.53248453,0.4507417,0.68831149,-1.0112671
-0.28210573,-1.5831438,-0.76496576,-1.2120043
-0.3657499,0.84025245,1.144878,-1.2179821
-0.56247781,1.099652,0.88603375,-1.3263362
-1.5187897,0.012388057,0.78632482,0.11421623
0.26866674,-0.19182046,-0.51522524,-0.42524096
-2.5054424,-0.82820907,-2.999543,-0.025668767
0.8858619,-0.76030502,3.2199698,-0.26248292
-1.3851865,-0.19915584,0.1402199,-0.12761315
0.95156313,0.2010432,-0.25057443,-1.5121797
-1.0334454,-0.6612647,-0.62300804,-1.8728961
-2.0137733,-3.1792182,2.3429844,1.0445409
1.7940801,0.86412592,0.52699063,-1.1782762
-0.18869233,0.32344222,1.5010088,-1.2128149
-0.52596968,-0.30836259,1.7066983,0.11423705
-0.10242379,-0.56970217,0.96664482,-0.05724499
1.2689671,1.1299539,-0.70525007,-0.93125325
-1.164982,-1.7487031,0.46241946,0.86105585
-0.30002161,-1.9562372,0.28540237,-0.90463713
-0.22985815,0.30774967,-0.29545609,0.5452588
-0.37215974,-0.13337258,-0.1972296,1.062263
-0.92563493,0.34563287,-1.1374178,0.52425675
-0.56587378,-1.3204223,0.6997253,-1.1759588
0.74329186,-1.0630575,0.67017351,1.0151827
-1.8785051,-1.2486688,1.2224002,-1.3900795
1.1326847,-1.9363631,1.5770059,-0.8300933
-1.8095804,-1.5662305,-1.9979139,0.36300438
-0.15115549,-0.80567151,0.81937783,1.0813578
-0.43954796,0.67647013,-0.73780233,-0.30373233
-0.48540993,0.66882448,-0.70845358,-0.98423199
-0.62364986,0.47372348,-0.57028633,0.32035942
-0.46546821,-0.78156257,0.7912907,-1.0910967
0.049445083,-1.8303111,0.52160164,-1.1192736
-1.0590395,-1.1857925,-1.3545557,0.99067615
-1.1774429,1.3079116,-0.19654697,-2.2196092
0.47971867,0.2179936,-0.15425891,0.76895594
-0.49336794,0.2947769,-0.39217994,0.026435623
-0.066364089,0.35555145,0.21832417,-1.3251276
-0.69616326,-0.83579188,-0.051743729,-0.69781109
0.38837802,0.57700077,-1.2215608,0.15493356
0.71202469,-2.2400867,0.16217897,-0.39615788
-1.8455144,1.0858876,-0.93409192,-0.18124095
-0.83212362,-1.0280104,-0.92835719,-1.2627251
1.5401958,-1.4882128,0.23876638,1.1526252
0.27851438,-0.52839336,-0.49303186,-1.5371296
1.4311356,-0.068676447,0.16115288,-1.5153769
0.19604911,-1.107331,-1.1470652,1.7848725
-1.8036699,0.32673302,0.387311,1.787675
-1.5375768,-0.72873374,-0.22893197,0.38658569
0.88282453,-3.0141689,-1.5223429,-1.1324295
0.41649455,2.7266936,0.70804056,-1.1779361
0.44439292,-0.34178795,-0.50969499,-0.9314653
-1.4961599,-0.31240794,0.94829508,-1.0364119
-0.06902745,-0.73150732,-0.87561722,3.0184803
0.62399141,-0.061492158,0.56808871,-0.7073502
-0.41992123,-0.46416368,-0.94993041,-0.84126841
-0.41542457,-1.1380198,1.3159191,-1.313731
0.69592462,-0.65920056,-1.5121201,0.59407027
1.2621186,-0.78082285,0.26575554,-0.90914373
0.95743853,-0.1182534,-0.92724113,0.942502
-1.9666904,-0.40872368,1.038019,-0.74332994
-2.2046356,0.52215551,0.38858648,-1.0163303
-1.861226,-1.7509658,0.35599517,0.65538965
0.11144763,1.803961,-0.55204293,-1.2391767
-0.82022469,2.7399552,-0.51635697,0.58692231
-0.83393392,-2.9999095,0.7753862,1.2775036
0.22505823,-2.814962,-1.349622,1.1666211
-1.090617,-0.061506367,-0.076839552,-0.65167198
0.69285702,-0.87227512,-0.25251306,0.62375586
-0.94036558,-0.90383983,-0.46066821,-1.7756994
0.31781055,0.42523053,-0.336133,-1.9170252
1.0099321,0.52259401,-0.88127889,0.38120518
1.1452637,-1.2690024,-1.3499232,-1.2645524
-0.97259977,0.50382476,0.80118824,0.5014479
-0.60169617,0.12927601,-0.59677662,-0.83109406
-0.061446589,-0.97484696,-1.041597,-0.013484451
1.4343343,0.51656161,-0.16676513,-0.026762178
-0.95594066,-0.90137642,0.54659937,-1.4287946
0.77971361,-0.37643329,0.35377565,-1.0992095
-0.29367822,0.25242223,-0.62151777,0.48230532
-1.4183943,-0.77342232,0.55314469,0.35844619
1.0099686,0.074117309,-0.81845287,-0.45005171
0.39646997,-0.45586235,0.23535008,0.17566837
-1.1226046,-0.51756171,-1.0438583,-0.61596566
1.8499649,-1.3069927,0.97616661,-0.086509856
0.9894391,-0.71035339,0.0060770877,-0.39301436
0.052901923,0.27919033,-0.38714304,0.046038182
-1.0810865,-1.1854719,-1.0228909,-0.79909009
-0.43137929,-0.14198666,0.62120421,-1.0008444
-0.62674721,-0.29065105,-1.1498984,-0.62344468
-0.68149632,-0.75977223,0.34713571,0.67652204
0.44218696,-0.063940011,-1.7929433,0.23041681
0.031492741,-0.053251401,-1.3618886,0.24628706
-0.73754144,-0.54628857,0.96564557,-0.0089040652
-0.013990746,-0.54372725,0.82330993,-0.2588004
0.45008701,0.10545768,-1.04812,-0.15938354
-0.18139832,0.01814246,1.5932857,0.20448347
-2.0418667,0.0031040307,0.87133804,2.2522408
-0.43965195,-1.6778579,-0.7148383,-2.6273135
-0.21762904,-1.4051702,-0.0341348,-0.23340222
0.46782073,-3.0716161,-0.5537024,0.022129556
-1.3429239,-0.9362802,-0.16634578,2.4090553
1.1392141,-0.97148617,1.6286517,1.5324354
-2.4101059,-0.25324497,2.5240155,-0.95159571
-2.0753467,0.74848388,-2.9475043,-1.1735172
-1.1811937,0.79220549,-1.6094436,-0.87097942
0.55482918,0.66522521,1.801019,0.39005836
-0.68570887,-1.4763502,0.2291579,-0.64316169
0.1412656,-0.39367754,-2.386649,0.35423077
-0.50753644,0.40579863,-1.2233253,0.02121928
-0.15346703,-1.1006871,0.29693414,-0.14094727
0.57563564,-1.8055096,-0.14075136,-0.59543338
-1.0896158,-1.464544,-1.3855171,-0.46785402
-0.88252355,-0.073308431,-1.1200329,0.46962973
-0.24564307,-0.31363795,-0.89305845,0.38976994
-1.1741918,-0.53753566,0.73744531,-0.80471523
2.844551,-0.40818987,-0.56208535,-0.35513055
0.40016938,-0.93548141,-0.32186271,-0.69419242
-0.20340769,-1.4193526,-0.30455644,-0.45356759
0.98966501,0.51616137,0.57099025,-0.36993681
-1.7432136,-0.77334852,0.26235728,-0.35442775
-0.41224041,-1.0104,-2.6899353,1.7045741
-0.5384689,-0.30603924,-0.83534476,-2.056513
0.032892432,0.44600943,1.1150609,1.11827
0.2148531,0.20996008,-0.75097816,0.91502429
0.22143976,-0.73241271,0.16729896,-1.300733
-0.68667904,0.5588692,-1.8673812,0.9963212
-0.42085088,-0.68597365,1.2490453,-1.4953289
0.61543336,0.10307459,-1.8751505,-0.62260243
-0.29344616,0.59081396,-1.4295157,-0.7912625
-1.2892673,-0.25643229,-0.72559672,-0.85251426
-1.1695876,-0.17846574,-0.16359781,-0.15009326
0.53517377,-0.27967077,-0.59489597,0.15178377
0.33290303,-0.67499361,0.25025937,1.2029653
-0.22601949,0.15159713,-0.23981089,-0.94494337
-1.7883738,-1.5710172,-1.0338695,0.4410772
-2.3761073,-1.6517211,-0.79631346,1.2787013
-0.41485292,0.23724603,0.48562399,-1.4243092
-0.57750156,0.33053585,-0.38531599,0.089967099
0.024234219,-1.554369,-0.12450297,-0.94060748
-0.11378839,1.7900309,0.28961161,-0.46018014
-1.3761709,2.2880736,-0.77022462,-2.0625576
0.50723377,-2.8606763,-0.90804973,-1.6188186
0.52261703,1.7288729,-0.63821782,0.023259799
-0.42977838,0.66884249,-0.28836344,0.61880026
-0.51181498,-1.4748004,0.61055942,0.90342798
-2.1161182,-1.4532036,-0.77565741,0.96911851
-0.19774271,-0.64244745,-0.50486643,-0.61213824
-0.68777865,0.079658694,-0.67262336,-0.058221312
0.046147794,1.6176127,0.46574108,1.3608059
-0.40899804,-2.0387165,-0.52605043,-2.0220907
-0.91771191,0.038588714,0.044271023,0.25607805
0.33841428,0.6556639,0.569508,-0.82757638
0.1696752,-2.5584059,-1.6525947,-1.3233693
-0.73790625,0.17544867,-1.2036105,0.86698333
0.60065502,-0.14139916,0.39344558,-1.6125494
-0.77545515,-1.5595027,-0.34072947,0.30017177
0.25003812,0.65243302,-0.3298561,1.1275132
0.86189584,-1.7872118,-0.092004325,-0.063825208
-0.61151348,-0.98925804,-0.3696448,-0.65604822
-0.2785227,-1.2280402,-0.28475385,0.01030953
-0.20708043,-0.27243485,-0.24418625,-0.80918103
-0.64433631,-0.22104133,0.12779158,-1.132658
0.19972443,-1.7695068,-0.30251305,-1.4146153
-1.4854285,-0.35973318,-0.07607547,0.55326589
-1.5410379,-0.73903698,0.51106253,-0.8713388
-0.1277968,-0.0094977712,-0.86000033,-1.398507
0.10893429,-0.033791023,-0.79919588,-1.1277824
0.28366135,-2.7972308,1.3191103,-0.43692274
-1.1626458,-2.3824322,0.31486883,0.44901122
0.064124807,0.80994696,0.13479057,0.17442883
-0.1540734,-1.3822644,-0.38485757,0.91853685
-0.4001883,0.14342349,-0.26043718,1.5725732
0.29635109,-1.8990445,-0.096756186,0.70707366
-1.4631499,-0.94859851,0.37168545,-0.86772758
1.1710786,-0.043245626,-1.0893236,-0.73298336
-0.61611969,-0.512137,-1.0304927,0.84230044
-0.81237028,0.38085729,-1.5637277,2.9282525
0.53256871,-0.49160661,-0.85645641,0.56081334
0.014286507,-0.23356375,0.31421646,-0.76879895
-0.46405831,-0.6185183,-0.73918406,-0.5885802
-0.36527253,-0.93587674,1.1427285,0.26834687
-1.1857001,-1.9720703,0.93989401,0.42320024
-0.94018022,0.54150263,-0.96149874,-1.472454
0.064048597,-1.3533809,0.97938435,0.61115925
0.57770602,0.74345987,-0.98620886,0.2555913
-1.1673485,0.6997767,1.580398,0.034758869
0.70959109,-0.070303461,-1.0744846,-0.94779653
-1.3318194,-0.7680499,-0.51789648,-1.0220701
-1.0591735,0.47308517,-0.51764081,-0.59710146
0.41756849,-1.2869911,-1.110786,1.2974861
-0.03052816,-0.35047198,-0.50475128,-1.7537411
-0.15156397,-0.70708996,1.7483999,1.756398
0.34016191,0.74520935,-0.49527671,-1.3413389
-0.055547536,0.52422646,-1.0766712,1.3958395
-1.8835905,-1.8181506,0.011173921,1.0374225
-0.88010574,0.9202728,-1.4035792,-1.7567734
0.95105771,-0.93371695,-1.1341224,0.47089858
1.5933505,-0.87322939,-0.041702128,0.017943986
-2.3641242,0.82449021,0.10168514,-0.10791052
1.9859378,0.43349285,-1.6190492,-0.20561552
-1.660893,1.0380357,0.38486552,-0.51357686
0.85349788,1.1709829,-0.25581683,1.8754207
-1.4042144,-1.2711259,-0.88826705,1.0265028
-1.3920457,-0.25611761,-0.29655495,0.1690127
-0.43004766,0.037114505,-0.89774696,-0.20982991
-0.47468976,-0.54375271,0.57323396,-1.7056933
-0.56257899,0.047328719,-0.92316298,-0.8913841
-0.20046242,0.55006268,-0.5191067,0.2703518
-0.64085219,-2.171351,0.27302699,-0.43274161
-0.057780899,-3.2495293,1.3063646,0.020794822
1.1358235,-1.3253765,1.2816298,-0.91686708
-0.1335148,0.71497277,-0.17911367,-0.9553679
-0.61371265,1.0828409,-0.23705718,0.31391409
-1.4141674,0.072347706,0.1671431,-0.28693103
-1.3770124,-1.3440979,-0.078702813,0.12706926
-1.485829,0.72840406,-0.62954651,0.47856536
0.7786824,0.43689327,-0.75769157,1.3766581
-1.1191039,-2.1889635,-0.95097016,0.61039048
-0.36370173,-0.12239367,-1.0606809,0.27796283
-0.38264815,1.2202611,-0.25562448,0.53289901
0.98159948,-1.8703667,-1.6405826,0.27426973
1.9625062,-1.8857124,0.73679995,-0.80739762
0.87767569,-0.53652032,0.12645762,-0.91743191
-0.31959222,0.95935606,1.4424935,-0.60017002
-0.0077230932,1.0730017,-1.791334,-0.27324827
0.29338858,-1.4680066,-1.3432664,0.63712496
0.12754911,0.0063442505,-0.93571384,-0.84882871
-0.85274615,0.20109953,-0.42376889,-0.75815798
0.62509046,1.205876,-0.73443648,0.32787214
-1.7055733,0.53694406,0.13924286,-0.53322571
0.75289842,-0.94046482,0.75392553,-0.63517213
-1.1160397,-1.3484004,-0.46599466,0.049653374
-1.5468137,-0.87921881,0.52174408,0.20704454
0.93013965,0.23802407,-0.16472113,-0.52135138
-1.0729474,-1.3362952,-0.011918159,0.56666468
0.35947241,-1.1372835,0.11380951,-1.6254536
0.34616164,-1.254311,-0.41174229,-1.4251883
-0.84332885,-1.5431833,-0.12277019,-1.9283036
0.17848414,0.62907436,-0.021739442,0.77380399
-0.092742466,-0.12635616,-0.41770893,-0.99069979
-0.18967502,-0.58732919,0.42983697,-1.2434826
0.49597176,1.3440504,-1.0580986,1.3560398
-1.8794327,0.67014423,-0.14816498,0.52703548
-1.1195752,-1.3991495,-0.35071522,-0.27292623
0.34292099,0.042024769,-0.7033006,-0.13747036
-1.2013085,-0.26517454,0.47469712,-0.14552929
-1.6459098,-0.31521312,-0.1129794,-0.22529153
1.4113313,-0.3376537,-0.78088344,-0.59954936
-2.4152045,-0.64253067,-1.0154654,-1.2935251
-2.9070943,0.10364576,1.0836217,0.15911358
-2.0399303,-0.2434331,-1.6381465,0.525094
-2.4688114,-0.7963416,1.1664916,-0.4976418
-1.5062794,0.022773752,0.83426636,0.72218739
0.71012699,-0.60908539,0.30373615,-1.2639935
-0.40279406,-0.94348485,1.7712821,0.78504717
1.2775681,-1.5678274,-4.0189223,-1.3064802
1.3362217,-0.19690273,-2.7966363,0.52408604
-1.6987343,-0.83356934,-1.1570685,-0.16622584
0.050905991,-0.56007361,0.24938429,-1.6921126
0.48645854,-0.40113458,-0.31072803,-0.34750044
-1.2815504,-0.60297552,-1.1070688,-0.22529504
0.50034877,-0.077102746,1.0287408,-0.1969803
-1.4115957,-0.4000797,2.3781657,-0.093935719
1.1503527,0.9390942,-3.0693511,-0.89351148
-1.7102258,-0.47383729,-3.3783772,-0.98627023
-1.1856197,-0.17859493,3.7499464,-0.25646559
1.777661,-0.50394227,-0.29371933,-0.31116591
-0.69744457,0.96055903,-0.5887099,-1.4784709
0.41007846,-0.072331797,2.3347687,-0.80641627
0.04833278,0.22654355,0.55656142,0.37772271
0.23168149,-0.72953498,0.54344059,0.79204792
-0.70618061,-0.12751419,-0.038396943,-0.81397246
-0.8036938,-1.1743653,0.34299243,0.028342272
-0.12428386,0.90131278,-0.066354053,0.21444601
0.38396002,-0.62076495,-0.13759629,-0.17154265
-1.7124744,-1.5978489,-0.19839182,-0.11542348
-1.7097652,1.1095577,1.7704924,-1.9073096
0.84573046,-1.6092538,-0.78049174,0.99846678
0.60006534,-0.13398677,0.042095934,0.14428374
-2.8791137,0.97978774,0.33623205,0.066026915
-0.97528592,0.080716252,0.10520564,0.082286572
-0.98353821,-0.13618004,-2.8230449,-0.4458348
0.34477983,-1.7391578,0.88503218,-0.26997836
0.92366142,0.98737606,-1.3514953,-0.20714392
-0.31791199,-0.20748502,1.2320461,-0.36152588
-1.6380877,0.74777747,1.3035409,-1.0491309
-0.68584884,-0.33290882,-1.5274557,1.2445982
-0.59241227,-0.92476938,0.91949607,0.46309549
-0.3771339,-0.81432397,-1.4289009,-1.2017568
-1.4994155,0.73250435,1.7123515,0.11548983
-1.1455832,0.12256524,1.0886443,-0.31263535
1.0565169,-0.3472983,0.18972492,-0.4360099
-0.21415348,-0.32750956,0.045114777,0.34041396
-0.079664234,-0.76896141,-0.090547755,0.17300228
-0.61219515,-0.089286744,0.1210708,0.21080823
-1.3975029,-0.35616288,-1.5988249,-3.2998581
-0.7897762,-1.1556172,-1.1541632,-3.2130564
0.43271755,0.29332837,0.21790683,-2.9041037
-0.34402999,-2.0456211,-0.70447925,-0.55779191
-0.099360764,-2.2976172,-0.42648917,1.110505
-1.0145375,1.6899319,-0.75124043,-0.39213097
-0.24216778,-1.7363561,-0.027211653,-0.12893845
-0.8993857,-1.5372746,-0.63371943,-0.68150168
-0.95296746,-0.26520106,0.36964016,0.021061907
-0.024722592,-1.2754318,-0.20514049,0.0096124894
-0.21651825,0.58505036,-1.4061579,-0.78299729
-0.17175414,-0.49573544,-0.67357013,2.0669191
-0.30222384,-1.0342576,-0.09957933,-2.3210674
-0.33384566,-0.4350592,-1.0763112,-1.5232347
-0.18652016,1.8721311,1.6133589,-0.74166887
-0.016509856,-3.1736536,0.22560722,0.44410191
-0.16532082,-1.4383668,0.051718284,-0.40964525
-1.2499678,-0.49371881,-0.75402613,-1.4028286
1.1688809,-0.029242584,0.91937041,0.60784349
1.4523404,-0.83675383,-1.0294834,-0.8392388
1.3969509,0.37313022,-0.62015847,-0.25035214
0.46634076,-0.96784273,0.53049279,-0.55182463
-0.73880752,-1.7709068,0.1422227,-0.052117154
0.26810344,0.89865081,1.3446442,-1.6652659
-0.12159419,-2.5221658,0.93455293,1.1950783
0.92580171,-2.1164658,-0.19705409,0.97812057
0.65182502,0.9716242,-0.21178871,-0.58926685
0.77527002,-2.059555,-0.061047827,-0.91455722
-0.37180859,-0.039114824,-0.52045435,0.020130753
-0.33791811,1.0661421,-0.30882133,-0.60311627
0.91132723,-0.67850785,0.13764209,-2.4404951
1.081503,0.016224843,-0.24021192,-1.1117747
0.62163538,0.12627359,0.14656791,0.24621273
0.053122935,-0.049740876,-0.10799286,0.2325384
-0.061807163,-1.0492935,0.60548895,-0.835711
-0.60936857,-0.82745042,-0.17617661,-0.1388443
-0.28804648,0.44497786,-0.35003745,-1.2609957
-0.77326269,0.16156394,-1.4050069,1.297171
1.9249267,-0.82020174,-0.31066807,-2.1431734
-4.044967,0.18249876,0.35403699,0.10791072
-1.9627238,-1.1319098,0.69959556,1.5726744
1.0650683,0.54840149,0.27687526,-0.41457475
-0.10602305,-0.33597907,-0.99659111,-1.0311603
-0.5594564,0.65643426,0.89517496,0.79163999
0.48199765,-0.71816485,1.1626953,-0.72886776
0.57145591,-0.5943504,0.20798914,0.063484947
-0.59772931,-1.4616454,-0.43473049,-0.04092798
0.67151788,-0.7065725,-0.41117822,0.67025371
-1.3423195,-0.54101674,0.06294778,0.91887735
-0.42210623,-0.78843017,0.61721926,-2.2493752
-1.037239,-0.06625576,2.628089,-2.2146534
-0.048390759,-0.218331,0.42613843,-0.041241344
1.7084753,-0.78579559,1.903289,-0.79974193
1.3331296,0.79034694,1.210879,-1.0784204
1.0272744,-1.3948064,0.76954218,-0.65902083
0.34433877,-0.060800141,-1.2750286,-1.8796195
-1.194267,-0.47878224,0.16116208,-0.99294822
-0.77431924,-0.32256783,0.63649964,0.80313437
0.47222101,-0.38442718,0.72261681,0.92201014
-0.75370314,0.38529928,0.62941628,-1.7075638
-0.79848439,-0.21120346,-0.16809864,-0.80180062
-0.48364814,-0.20874953,-0.88962732,0.28075165
-0.44480394,-0.28091542,-0.64017306,0.33615583
1.5814094,0.61266863,-1.311087,0.092026018
0.1815748,-1.3918261,-1.6367405,1.3873904
-2.226521,0.50111024,-1.5426247,-1.6199236
1.3094221,0.55690121,0.38172178,-1.8466749
0.93671142,-1.0499534,-0.32255641,1.5195306
-1.6791664,0.046827882,0.4297526,-1.6069759
-1.3461647,-0.10642432,0.32206379,-1.4904299
-0.6245135,0.18943974,-2.2640234,-0.91423582
-0.868973,0.072281954,-2.5227413,0.62564893
-1.0523584,0.12946433,-2.0267145,-1.1952309
0.59819084,-0.046828998,0.67690051,-1.1944086
-0.98963184,-1.1994738,-1.3313092,0.21724023
-0.17150135,-0.15663195,1.1517066,-0.23859717
-0.6884679,-1.0699469,1.4958084,-1.6257218
0.8159977,0.068971293,-1.8791766,-1.9879391
0.76266028,0.43655511,-0.45689345,-1.483169
-1.4205914,0.44510168,-0.075732465,-0.21749005
0.45028076,-0.97539181,-1.1255774,0.25649692
-0.42470921,-1.4923563,-1.1885991,-0.6124215
-0.31134861,-1.0659903,-1.3459665,-1.2194637
0.76226298,0.67086719,-0.23958522,-1.0922767
-1.1239476,-1.757051,-0.47908945,0.62557449
-0.58121401,-0.025809521,-0.84591717,1.7913133
-0.93339523,-0.32036218,0.023261472,2.4367004
0.57421296,0.77278038,-0.21669767,-0.82011628
0.80545263,-0.88717796,-0.5085514,-0.84091535
-0.038293084,-0.19882108,0.2658701,-0.65202118
1.0571117,-1.2212373,-1.4511127,-0.24331171
-1.6270863,0.3490637,-0.36001409,-0.3371872
-1.2338946,-0.46924258,-0.0032276689,-0.039607016
-1.2673386,-1.0814347,-0.76645644,-0.14216965
-0.14158422,-0.726566,0.72927296,-1.2449328
-0.14957421,-0.20241337,-1.0859265,-0.66765884
-0.42745294,-0.80770434,0.66071874,-1.0770189
-0.72825506,0.63048805,-1.3154831,-0.54185872
0.38412701,-0.96325969,0.87753458,0.20581354
-0.77511904,-0.94628774,0.4808719,-0.5720858
-1.4979295,-0.28916556,0.39804895,-0.543469
-1.2259383,-1.3431478,-0.79773567,-1.5853186
-0.48438098,1.3244643,0.25328316,-1.2695575
-0.16189236,0.71311869,0.25328316,0.62634707
-0.4979329,-2.4166884,0.83088668,-1.3487481
-0.24077406,-1.8533911,0.73194481,1.0133349
-1.0882092,-1.4668375,-0.75195075,-0.18561473
0.67515729,1.6072925,-0.23465323,-0.20146364
0.58713227,1.386337,-0.25221585,1.1883175
-1.3768017,1.2452726,-0.8394734,0.50574243
-0.06035298,-2.020286,0.59791828,0.62616785
-1.5725564,-1.4217987,0.028349777,-0.67273204
0.10717164,-1.180155,0.042325218,-1.150896
0.064910416,-0.18620604,-1.7056765,1.1484703
-0.99168273,1.0733186,-0.74784186,2.1527223
-1.8490769,-0.13832157,0.45047617,1.8475654
0.088104074,-0.33869392,-0.087417663,3.2170565
-0.28875498,-1.1437911,0.80508152,-2.2684192
1.0227155,-2.0768639,-0.8176855,-0.0014323714
-1.0401589,0.32531677,0.21556073,-0.72231318
-0.56201997,0.31220434,0.16677897,0.13367836
-0.77162621,-0.38398714,-1.1704436,-0.58223278
-0.4562498,-0.58119422,-0.17521256,-1.0985819
0.82795235,0.36449805,-0.32064721,-1.7434878
-0.74644169,-0.96740736,-1.4935258,-0.39178376
-0.9989825,0.022799473,1.3885714,-0.16944454
1.1452424,-0.55777846,0.87835094,-1.0679976
-1.9125234,-0.12328149,0.69717688,0.27355558
-1.1096266,0.81020658,-1.223527,-1.2629096
-0.031571889,1.0112225,-0.60173082,0.89142441
-0.29263349,-0.055500254,-0.11520328,0.90194088
-0.13924419,-0.43662954,0.49673996,-0.74823967
0.23618028,-0.29243014,-0.15192171,0.16377651
0.36510334,1.1071035,-0.16950091,-0.076860327
-1.6931677,-1.5802901,-0.70452255,-1.4685466
0.3725888,1.6031519,0.15214135,-0.68569266
-1.6447735,-2.3903689,0.050910068,-0.62964546
0.6500277,-0.2562791,-0.35139648,0.14370305
-0.6168597,-0.098912512,0.32321545,-1.3315521
1.0219062,-0.4747941,-0.46908168,0.52470109
0.33795932,-1.0700512,-1.0225554,-0.40768287
0.66672152,-0.89834478,1.027782,-0.19358491
-0.56463045,1.2985475,-2.2204987,1.2437061
-0.1336522,-1.592306,0.78891457,-1.9366201
-0.59481775,-0.17468963,-0.93194152,1.4248821
-1.2232449,-0.88988808,0.12963725,-0.19635858
-1.9672732,-0.54101086,-0.12485652,-0.8964565
-1.7765249,-0.27919088,0.83709482,1.5160632
0.97313154,-0.79097377,0.83123003,-1.2623239
1.1242694,-0.29042364,0.42362912,-0.76818308
0.25795445,0.93653458,-0.72874006,-0.69608421
-0.45303638,-1.5436504,0.95135342,-0.80688739
-0.20986031,0.40910322,-1.5640047,-0.23310595
-0.47476872,0.48787766,-1.3402527,0.58006047
-0.58151795,0.63620839,0.64877047,0.52062203
0.045632245,-0.080076201,-0.56011533,-0.55194581
1.2140745,0.47405414,0.019195214,-0.39817715
1.5467385,-1.3469462,-0.62656282,0.088877641
0.1919086,0.66875662,0.27189406,-0.45072184
-0.68872366,-0.52395778,-0.41979849,1.6137031
-0.55339271,-0.38441275,-0.42316816,-1.700544
-0.12104298,-0.46109205,-1.3209741,0.79193559
-0.49076837,-0.19972397,-1.0655811,1.9987445
-0.053962078,-0.16652138,0.43100371,-2.7762819
-0.85034655,-1.1405204,1.1660275,-0.72063892
-0.27576175,-0.43267535,1.3488497,-1.3277112
0.11009838,-1.3877922,-2.2448884,-1.4547771
-0.12683403,-1.3603623,1.7020686,0.17191034
-0.16817579,-1.3040704,-1.554155,0.8629423
0.42939586,-1.4627245,-2.2599258,-1.281851
-0.6544096,-1.6823257,0.43078984,1.5082891
-0.37855509,0.76790052,-0.88120572,-0.52722034
0.43232398,-0.56966621,0.99023689,0.7987884
0.24253985,0.36149793,-1.2683931,-2.2273612
-1.0259686,0.57374368,-0.65191253,-0.60139161
-0.19984435,-0.93869522,-0.51564705,-1.6561631
-0.87644921,-1.8455659,0.62129832,-0.2818701
-0.957088,-0.049636409,-1.1927031,-0.3744497
-0.57043662,-0.13634955,-0.68358013,-0.20079776
-0.93579709,-0.72520834,-0.147393,-0.78048695
-0.51684504,-0.49805076,0.90480229,-0.28246202
-0.19341903,-0.42903749,1.4541227,0.96643444
0.32113576,-1.1811294,-0.91607477,0.4376967
1.0564247,0.10519259,-0.55280725,-0.8138193
-0.28057324,0.38377575,-0.75949726,-0.85167766
-0.21967231,-0.95930366,-1.1993627,0.56903263
-1.4987619,1.0303882,0.8033868,-0.65329575
0.72415507,0.25648219,-1.713871,1.8290252
-0.72859266,-0.55825901,-1.1283465,0.24257385
0.32566673,-1.1525226,-1.0405086,-0.45330011
-0.80713932,-0.1699093,-1.2444103,-1.373196
0.40605752,0.33201127,-1.0185646,0.75083224
-1.409545,-1.2704265,0.56441406,-0.75574796
-0.1287267,-2.1203344,-1.3101405,-0.72415838
-0.26094726,-0.88744468,0.83984739,-0.74591399
-0.42600196,-1.4019573,-0.46489853,-0.50530237
-0.46732117,-0.39768877,0.52808617,1.0124686
0.47664699,-0.78925611,1.382114,0.31289524
-0.10786373,0.16776579,-1.2291286,0.67696965
-1.2976296,-1.3929518,-0.47729203,-1.2438841
0.2611323,-0.46660391,-1.1882361,1.1482081
0.82306808,0.039121,0.55153236,-0.60354707
0.82432781,0.059260298,-0.098981973,-0.10692396
-1.1848571,-0.87490394,-0.42368092,0.6882297
0.18868578,-0.33919283,0.43284347,0.88456558
-1.3581293,-0.30817558,0.18639992,0.41175668
-0.2405607,-0.07546317,-0.72659129,-0.90513613
-1.9546698,-0.39502389,0.48652226,0.1934258
-1.0307958,-0.57083865,-1.7449094,0.16683302
0.64778062,-0.70148555,1.1203539,-0.72029426
-1.0667538,-1.4897643,-0.30414865,0.78103049
0.74588767,-0.68029727,-0.64505009,0.56125352
-0.34748831,0.32345516,-0.88350206,-1.8077831
1.0536597,-1.4080579,-0.38053379,-0.89207917
0.42480227,0.36753318,-0.37138409,0.38206214
-0.5045776,-0.91743883,-0.65963925,0.50484839
-1.6795848,-1.052396,-0.64919215,-0.59425105
0.21399839,-1.3466236,-1.1589457,-0.13903472
-0.49181411,0.78856722,-0.4731263,0.13073765
0.9676639,-1.169381,0.7903167,-1.3512642
-0.79686082,-1.065843,-0.12307977,-0.33805833
-1.1784099,-3.2973343,-0.54296025,-1.1045656
0.23471291,-1.1082416,-0.77073603,-1.5763942
-1.380649,-2.0617597,-0.0067709779,-0.26622288
-0.19272162,-1.6930298,-1.5314536,0.24269327
-1.4968985,-0.8091779,-1.0809491,0.21522712
0.5352213,-0.71234753,0.90397481,0.14091555
0.31810012,-0.10056393,-1.5065125,0.44922425
-1.025896,-0.86866659,0.20306455,1.0070227
-1.2756931,-0.22837382,0.074471704,1.2080584
-0.31931009,0.120734,-0.88633924,-1.6390512
1.3997587,0.11707916,0.79200805,-1.2799958
0.19983033,-1.0391167,-0.27720098,0.52310345
-0.66183776,-1.4406857,-1.2012909,0.22518364
0.55430014,-0.77364308,0.85720397,-0.94562704
-0.61305924,-0.17719693,0.85469159,1.4002367
-2.1875956,1.0824115,-0.18447018,-1.3577133
-0.1142401,-1.2306416,1.2162691,-0.36561816
-1.6958493,-0.61979487,-1.4272201,0.40364089
-0.0033813887,0.46929505,-0.001423205,-0.5108141
-0.22221379,-0.34318905,-0.82108392,-0.51793391
-1.2933468,-0.71185873,0.45494833,0.31028964
0.24973522,-0.18165356,0.47045474,-0.44939148
0.60788354,-0.71758075,-0.92395424,0.31977634
-1.4746913,0.75482786,0.30451531,0.85961561
0.65274885,2.0755719,-2.107571,-1.2700196
0.63670076,0.29125265,1.1956122,0.70269299
-0.0046959852,0.2076997,2.5920704,1.0193357
-0.63999281,-0.70752019,2.33069,1.4953243
-1.042639,-1.0093888,-2.8264133,-2.2651319
0.47758648,-0.11307847,-0.26704472,1.8342728
0.19055219,-0.78778808,0.67792469,-2.3081933
1.314507,0.49045696,-1.5495,-2.2315454
-0.24416449,1.6445347,-1.7445733,2.2109122
-2.1554136,-0.92832029,-2.2882638,1.9960768
0.43606842,1.2591168,0.083957771,0.59665032
0.68381546,-0.46693541,-0.30491652,-1.0085863
0.85589772,1.0418053,-1.1709577,-1.0459388
-1.168348,1.0769626,-1.1304696,0.37986225
1.9272241,-1.6695911,-1.6275009,0.41750228
-1.442274,-1.8868413,0.55674432,-1.2895196
0.78585856,1.6357524,0.36998199,1.101757
0.84862949,-1.6749949,-1.048225,-0.92131435
0.28965837,1.0407558,0.094738654,-0.32920229
0.89831627,-0.69873306,-0.77728222,0.04786197
0.55165751,-0.34012561,-0.81626728,0.66171065
-1.7458104,-0.39167911,-0.83476967,0.24810989
0.051283517,0.19171363,0.57370842,-2.2030248
-0.71647364,1.0945819,2.2357012,1.4757222
0.32180423,-0.48487175,-2.573266,0.24567665
0.18480125,-0.54038928,-0.69151574,-0.91965802
0.56340573,0.20148875,-1.595029,-0.26561907
-1.0722097,-0.42459057,1.1596277,-0.96451908
0.74049009,-0.094838453,-1.2764582,0.16755084
-1.7913408,-0.31309199,1.3783373,0.70608169
0.16419033,-0.42689154,0.97602166,0.84468301
-0.48042505,-0.030675187,-1.3459605,-0.70337473
0.15682363,0.2326199,0.25168101,1.2331312
-0.12464238,0.0047709125,0.50683337,-2.1929646
-0.97925181,-0.47450207,-0.36070819,0.40084701
0.41378306,-0.35555141,-1.4873975,0.90225658
-1.1161202,-0.33868838,1.28614,0.38853148
-1.6699601,-0.73337859,-1.912115,-0.75086589
-2.5931773,0.31875109,-2.1555237,-1.0125611
1.2755096,1.3952718,1.2195551,1.0189546
0.084733743,0.58593196,-1.387315,0.28320068
-0.63418013,0.33160387,-1.0338856,0.31638984
-0.96805249,-0.42195355,-1.1965462,0.05758444
-0.28739506,-0.84280818,-0.75826036,-1.575287
-0.23284988,-0.26364699,0.8218323,0.54932817
0.1686093,-0.16720265,-0.74220293,0.68625791
1.1290595,0.95391635,1.2356513,-0.05027949
-1.9694441,0.24198475,-0.59284974,-0.28039762
0.19216202,0.18897839,-0.019053561,-0.27803733
0.31096894,0.81355534,-0.67420846,0.32216771
-1.1877678,0.29783818,-0.81769087,-0.93160584
0.061400507,-1.1178253,0.68074193,0.33828113
-0.69557015,0.43054417,-1.2243266,-2.0141438
-0.14937867,0.22555001,0.4951615,-1.7043313
0.31322108,-0.1872488,-0.60917077,1.3350148
-0.62006802,-0.73611882,-0.95324708,-2.208724
-0.61616667,-1.0711041,-0.20150288,-1.1870476
1.5252242,-0.92603916,0.087379374,-0.77046606
-0.43726994,-0.14230028,0.50893028,1.4351406
0.067568874,-0.32022903,0.44859171,-1.288213
-0.086044236,-0.81393599,0.94457536,-0.43574725
0.3431623,-0.39249888,0.28260384,0.30109698
-1.5195915,0.19177212,1.9416514,-1.6480009
0.61748452,-0.51193273,-1.1353692,1.0356076
-0.5601251,-0.96305648,-0.10725677,0.11975217
-0.65649522,-2.3555303,-0.19151521,-0.56143475
0.5783619,0.56566649,-0.1694557,-0.13497822
0.76660159,-0.73667506,-0.25175177,-0.24524072
0.88693507,-0.14267118,-0.35186092,-0.053503583
0.95218762,-2.5024151,0.24734358,0.32321312
0.18443996,2.4655665,0.30884433,1.3475876
-0.60522628,-2.4230911,-0.62530193,0.15322998
-0.986358,1.3086312,0.45298329,0.1761133
-1.2672031,1.1132652,-0.84826035,0.27879286
-1.041175,1.2263936,0.43112204,0.85373774
-1.1623995,0.73910172,1.3638685,-0.67737555
-1.9347856,1.0752955,0.41818587,0.54628121
2.2475462,-2.3943266,-1.0711278,1.3242111
0.26024218,-1.7121151,-0.72908702,1.6852413
-0.13203038,-0.58178704,-0.64357572,-2.0200947
-0.2123374,0.053045569,0.26441096,-2.703321
-1.2963558,-0.0065337744,-0.12632172,1.6133291
-0.98874551,-0.22488287,0.7907905,1.2562108
-2.5744914,-1.1314519,0.72733903,0.57770623
1.1418956,-0.42388677,-0.90481269,1.2285276
0.94807561,2.0238624,1.2355261,-0.5144225
1.3772484,-1.35799,-0.95514651,-1.2242399
1.3414802,-2.8193757,0.50990631,-1.2604822
-1.3887422,-2.1595064,-1.1953089,-0.41543559
-2.7748198,1.410908,0.090232091,0.6726791
2.2253435,-1.5798966,-0.86776089,-1.3070841
-2.6215347,-0.71908354,-0.065418215,-1.0976345
-0.09132698,-1.3244695,-0.0097426523,0.8253839
-2.1800767,0.94097364,0.40967569,0.26525622
-0.40311173,0.9314922,0.39909113,-0.81398089
-1.5092438,-0.094401558,-0.90588492,0.85839703
-1.4173396,-0.12830294,-1.2298944,0.97887122
0.56707103,0.0030832199,0.57281054,-1.5556264
-0.18587567,-1.5315594,-1.0739803,-1.8458036
-0.40495972,1.3951476,-0.14632241,1.690219
1.1172757,-1.0421056,0.67066658,0.18287288
1.429342,-1.2338335,0.31028967,0.27281192
-0.95734172,-0.7625937,-1.2830904,-0.10184996
0.31379636,0.58023469,0.77649047,0.82846913
-0.51912271,-1.4288282,-0.88646659,-1.6093444
-0.19709741,1.5816304,0.94337364,0.39179244
-0.30460875,0.056141618,-1.5692915,-0.57968061
-0.80382213,0.16251793,1.5079231,-0.90486667
-1.0846275,-0.92933178,-1.6007013,-0.74166601
-1.6886059,-0.64745131,0.49792943,0.51999836
-1.478497,-1.7646729,-0.67098977,-0.43005224
-0.066723036,-1.8703088,0.18735097,-1.017062
-0.059315625,-1.7123824,-0.7185906,-0.82253385
-0.56440532,-1.5681216,-0.70787758,0.0085564262
-1.0250662,-1.4835648,-1.1184148,0.35085508
-0.052974928,-2.245756,0.95650757,0.51072837
-1.0202401,0.40807228,-0.87275845,1.8434895
-0.011813293,-0.50109497,-0.88489362,0.97873647
-0.77220317,1.1944129,-0.57401032,-1.5071063
-0.67643784,0.034031099,0.25362643,-0.34943958
0.20021448,0.15970331,-1.3599645,-0.43969295
-0.057484432,-1.4659225,-0.87533618,-0.41326482
-0.52709912,-1.841686,1.0511952,-1.7659675
0.18283132,-1.1548032,-0.99480165,1.4002917
-1.7034079,-0.99538858,-0.2497585,-0.67479278
-1.9287906,-0.51340469,-1.0342761,-0.33170325
-1.7545687,0.2928974,0.1495825,-0.31722968
-0.19876818,0.42931991,-0.20981124,-0.37701726
-0.86989765,-0.44840337,-0.6378486,-1.3958675
0.54660901,-0.47357466,2.6424035,-2.315932
1.2667303,-0.34707329,0.96887935,-1.6182541
-1.0691779,0.42948244,-1.2162527,-2.1603312
-1.5070091,-0.77917769,-0.38932426,2.020442
-1.1434266,-0.75562023,3.0632118,0.69567188
1.7808461,-0.98715977,-0.10088602,-1.2200432
-1.1806415,-0.8544047,0.57990813,0.22921546
-0.95755079,-0.36113228,-0.60105036,-0.24170119
0.76716655,-1.8880735,-0.02571085,-0.050089454
-1.5111589,0.23172119,-0.032712868,-0.32233437
0.35038678,-1.1212346,-0.032712868,-0.32780865
-0.057434723,-0.76498727,-0.27147137,0.024674387
-1.5916601,-0.13675693,-1.0156174,0.39349195
1.0786463,0.48365993,-0.30480297,-0.92982179
-1.6113314,-1.1657282,-0.0043460984,0.14905126
-2.3506443,-0.041290369,-1.524057,-0.91927064
1.0051715,-1.221228,1.0139474,0.80644608
-1.3331519,0.89462844,-2.3254348,0.20046719
0.80841451,-1.6033712,-1.069331,0.67511408
0.014781952,1.251542,1.0750802,-0.6341855
-1.3263145,-1.3131095,-1.4731345,-0.18677826
-0.42854409,-1.2903495,-1.2838143,-0.99735823
-2.1094847,0.26975454,-1.0770894,0.61684461
-1.6087442,-0.55089032,0.41306592,1.4735819
0.13627442,-0.4615352,-0.64099426,-0.0089912911
0.6802564,-0.61790158,-0.73158874,-0.26775669
0.68718516,-0.30720987,0.48357523,-1.1402204
-0.88371529,-0.87937094,-0.047858543,-1.6025287
0.27638881,0.083764687,-0.28843455,-1.1438065
0.48967063,-0.67678041,0.036121274,-3.0259734
-1.0455025,0.10737512,-1.0263063,1.7993435
0.69444425,0.23259997,0.56596303,-1.2511251
1.2937104,0.13480993,-1.3535574,-1.3124634
-1.1050754,-1.2786796,0.077765819,1.2628725
-0.039955068,-1.7668678,-0.47428758,1.2027339
0.0024324541,0.033142922,-0.63026283,1.7022819
0.081500518,-0.63175573,0.71343158,-2.2132833
-0.36622126,-1.3725548,-1.346177,-1.1626092
-0.14853796,-1.1827779,-0.64023675,0.7703284
0.44449174,-1.52545,-0.66715134,-0.75744911
-0.91153691,0.50041033,-0.084609095,-0.89522783
-1.1916311,0.51663987,-0.40256741,-0.54491377
-0.4938307,0.20907598,-0.88546649,0.48876096
-0.13257488,-0.77530497,-0.62806602,-0.99121621
1.0704609,0.14642718,-1.0715255,1.0016591
1.5145109,0.73481849,0.90091561,-0.74671171
1.1443275,0.38850459,1.2298795,-2.425399
0.50687176,0.071620623,1.4141054,-2.1176409
-1.0395123,-0.15982585,1.1021358,-3.5291859
-0.88353178,-0.16722545,-1.7612617,3.1331178
0.58574351,0.049581672,-1.5010433,1.0538874
-0.26154721,-1.3331362,0.62875381,0.90637598
0.059790363,-0.8949528,0.47944346,-0.051812694
-0.86057911,-1.5834766,-0.031383917,0.55145994
0.47737724,1.0689632,-0.75987895,1.0032385
0.49747366,0.046513752,-0.98306915,1.7162889
1.9196527,-1.3638663,1.1042642,1.1946714
0.79025673,0.35268316,-0.053084485,-1.8889287
-0.96966398,-0.65278921,-0.69748645,-0.6722126
0.31184069,-0.13266588,-0.45672566,0.092049528
-0.31943751,1.4832293,-0.22906575,-0.44964211
-0.33862966,0.7608335,1.1865579,-1.807267
-0.041618155,2.012351,0.92581973,1.9986653
1.2344243,-2.4001999,-1.4364454,-2.5439078
1.7756836,-1.4738248,-0.39583647,-0.60813424
-2.2436331,-0.53501904,0.95019187,-0.084729101
-1.5435174,-1.4596884,-1.4304536,-1.0066562
-0.46362359,-1.3045927,-0.68583149,-1.2656852
-0.26142168,1.0643867,-0.073931942,-0.13423544
0.18433161,-0.038768667,1.0961456,-0.40494804
-1.1573024,-1.4089047,-1.3880319,-0.4683298
0.19852102,0.26862955,-0.52205235,-0.038260743
0.016673631,-1.5104216,-0.055739424,-0.20630119
1.3269209,1.0449882,-0.34416556,0.056753036
1.9567347,-1.1296757,1.4029528,-1.9134718
-2.845176,-1.3620336,-1.2698555,-1.3650376
-1.6268372,0.7732615,0.37761174,0.69659524
-1.5524973,-0.15481729,-0.30612214,-1.0928285
0.90310019,-0.15788612,-0.41801339,-0.13899664
0.44335542,-0.48704544,-0.32225188,-1.2121125
-0.93063502,-0.28675057,0.71946405,1.0321046
0.44491841,-0.70210996,0.84740152,-0.91781656
-1.4751716,-1.738306,-0.90964202,1.8771785
-0.062046822,-0.43691801,0.19595869,-2.3665509
0.40243597,-0.47040393,-0.62607607,2.6054956
-0.27086941,0.52860915,0.74872101,-0.63832924
0.25909254,-1.3704633,0.64962682,0.30293762
0.12501674,0.63414397,2.1446839,-0.15611622
-0.88476104,0.34569221,-2.1816388,0.11106833
-0.62042959,0.2286522,-0.28490469,-0.41247682
0.01193763,0.38186416,-0.077349389,-0.28156989
-1.0807948,-1.0343431,0.041905551,-0.065953827
-0.0060472013,-0.014145907,0.58721473,-1.3925549
0.36069229,-2.2934731,0.88422307,-1.191537
0.43047656,-1.6543638,-0.0091222359,-1.3876891
-1.2721726,-1.5609328,-1.0243353,0.95458065
-0.19798735,-1.1342987,-1.3879585,-1.3295353
-1.9454549,-0.088951087,-0.23224536,0.99679606
1.2276791,-1.3434786,0.68624917,-0.65307417
-1.7017434,1.1300853,0.62623096,0.14311515
0.10770166,-0.90565491,-0.8838015,0.6229307
-0.7615955,-0.54452441,0.64271912,-0.79829525
-0.79685929,0.92229342,0.84712828,-0.68742023
-2.1128754,-1.4694613,-1.2015082,0.10888604
1.0203086,0.014292207,-0.18149092,0.46379692
1.5338432,-0.34918821,-0.86470753,-1.4448754
1.1723802,-0.38392237,0.51287374,-1.5513274
-0.94122542,0.19189764,-1.0037272,1.2074086
0.067296294,-0.47707579,-0.5103016,-0.14148678
-0.51787987,-0.58122678,-0.012269394,0.42778115
0.27912734,-1.2050119,-0.33353149,0.92326913
0.31979771,-1.3919543,-0.074890053,-1.0840335
-2.2009155,-0.31533395,-0.10183504,0.67981296
0.75737302,0.19887765,-1.7628745,-0.96927448
0.98977068,-0.39984529,1.9026406,0.76908024
-0.19049313,0.28197435,0.66390644,1.4682591
-0.75503375,-1.4355046,0.521382,0.71030223
0.6584974,-0.028483662,1.2481853,0.073800757
0.26833418,-0.2858867,0.76887344,0.30540105
0.32696377,1.1780278,-0.67751479,-1.1851266
0.63342803,-0.9097092,-0.38340532,-0.35922381
0.054620938,0.20100239,0.19681964,0.52437055
-2.621682,-0.55387933,-0.25175041,0.37679597
2.2588071,-2.7543119,-0.086156093,-1.4070119
-2.2123479,-2.6567202,-0.79675255,-0.86973752
1.5731544,-1.02474,0.53184745,-1.8704907
-2.0952072,-0.89863647,0.32998902,-0.65748906
-3.0979524,1.0868488,0.27650184,0.039451347
-1.1169962,1.2391932,-0.98912786,-0.55343163
-1.0498325,-1.6214419,1.160947,-1.1353325
0.52326963,-1.0665016,-1.7193573,0.9394972
-0.15268227,-0.9185715,-1.2371487,2.1718965
0.21260798,-0.9135063,0.28432611,-1.8336528
-0.96795552,-0.44718058,1.7724072,-1.5228462
-0.1301153,0.19749824,1.028762,0.41532182
0.48346433,-0.42869219,-0.74219092,-1.3708656
-1.2832398,-0.64735018,0.41460998,0.1302639
0.62390842,-0.53308991,0.090693333,-0.68520032
0.30243389,-1.0263519,0.53670401,0.80346753
-1.0425136,0.65097798,0.36899008,-1.4394898
-0.1487261,-0.10786057,0.27299556,-1.2433655
0.21926952,-1.515254,0.09577065,-0.2314918
0.14250083,-0.47580766,-0.21797915,-1.0929337
-0.53745536,-0.051639387,0.35250055,0.94617186
-1.0074297,-1.2032457,-0.80163713,-1.6058889
-0.32664475,0.23910401,1.0577596,-1.0348077
-0.055227822,-0.16762842,0.98878767,-1.0348077
-1.775971,0.037257202,-2.0301565,-1.9455857
-1.1079694,-0.29327436,-0.72529607,0.13253339
-0.23832544,-1.8915531,-1.8110609,-0.51943871
-0.23372115,0.019709756,1.1033695,-0.09633934
-0.77987678,-0.44269617,0.79857861,-0.3837149
1.2180768,-0.41093561,-0.97273125,-1.0530807
-1.0119459,-2.1191862,-1.1127883,-2.0699977
-1.7229395,0.87382614,-1.5065568,0.94026141
-1.5165007,-0.90265883,-2.1216955,0.25834523
0.059600372,-0.52686134,1.452141,0.011430983
-0.55967095,-0.67030006,-1.1203091,-0.39147917
-1.067606,-0.25273832,-0.77364986,-0.13920664
0.11937546,0.089139835,-0.82571672,-0.66052194
-0.41739529,0.67210322,1.2917176,0.57662339
-0.74847162,-0.88940324,-1.857213,-1.1471487
0.41213351,0.48939409,-0.73296393,-0.35996687
-1.4862946,0.84057295,-0.47400867,-0.23869492
-0.15305557,1.1412147,-2.1592932,-1.7118503
0.69805264,1.2804547,1.8996889,-1.8381847
-0.11462329,-1.4445025,-1.956108,1.2398146
-1.5609057,-2.0157376,1.26558,-0.14977628
-1.2444378,1.6898359,-1.3185396,-0.20597413
1.3242626,1.1203538,0.73617956,-0.089730907
-0.97614563,0.63355346,-1.6386602,-0.38345627
-0.48429118,-0.10866211,-0.094865969,-0.38609798
0.29351381,-0.03247165,-2.0523746,0.26474694
-0.57997816,0.64747913,-1.821636,-0.073158175
-0.10780175,-1.378652,-0.048284202,-0.38151629
-0.23209617,0.55608217,-0.18294823,-0.97696989
-0.89354561,-0.28860527,1.036473,-0.9594027
-1.7957962,0.22925795,-0.36945655,0.54068324
-0.59576952,0.46833633,-0.38869478,0.37773097
0.18100699,-0.78873316,-1.6157915,-0.34919256
-0.15678695,-0.7990101,-0.9346967,0.56903989
-0.58773764,0.52006757,0.42365107,1.710247
-1.58879,1.4191801,-1.5681729,0.091708684
-1.3937222,1.5415438,-3.2504214,1.1587264
0.35950242,-2.501938,0.21406816,-0.63699955
-0.92727215,-0.15326217,-0.6911509,-1.2014783
-1.1037509,0.0361932,-2.2494203,-0.18840658
-0.20061079,-0.55685463,-2.0554982,0.033350054
0.089102106,0.69442127,-0.81565094,-0.28276542
-1.8252784,-0.96931195,-0.78958332,0.17907024
-0.60631275,-1.0714035,0.38699835,-1.1949039
-0.064171812,-0.86205147,0.96306182,0.94568622
0.058501748,-1.0053584,-0.68422456,1.0457335
0.70776732,-0.7064459,0.47371021,-2.530598
-1.5125985,0.26045952,-0.98923086,-2.9006301
-0.74210818,2.1063378,1.1709236,0.15786981
0.48269129,1.5592914,-0.80872356,-0.96235325
-0.75287765,-1.0034147,-0.5054617,-0.16079338
-1.0817852,-0.69156217,-0.75168697,0.26247119
-1.6086295,-0.95569419,-0.67708518,-0.95938993
0.49502031,-0.38741219,-1.3504345,-0.406494
-0.77779461,-0.96909167,0.43508312,0.33792215
-0.6020066,-0.47797133,-0.72682015,-1.5044755
1.4961613,-0.082581084,2.2603435,1.0855887
-1.5307468,-1.0579544,0.023714906,0.32235846
-1.9156128,-0.63809445,1.7199443,-0.88867452
-0.39984612,-1.5489518,0.7237385,-0.8063191
0.76738754,-0.60459458,1.0235323,-0.090193745
-1.5156701,0.68936869,-0.44121957,-1.2478372
1.7447395,1.3684586,-0.8742374,-1.776462
-1.4606136,-1.7512739,-0.66018466,1.6226266
-0.79391052,0.93447424,-0.42526786,0.70770106
-0.051830643,-1.5323454,-0.123271,1.2242301
0.42336225,0.00072019456,-0.339413,-1.286095
-0.24958255,-1.568296,0.059155673,-0.12008373
0.78589453,-1.3385137,-0.87367774,0.22742544
-1.6872047,0.64293207,0.19022525,-1.0241822
0.79152653,-0.63066432,0.26461072,0.38756009
0.83304533,-0.065003243,-0.52772501,0.37095231
-1.2417466,1.3748561,-1.3813383,-1.406195
-0.79767659,1.3164585,-0.76451091,0.28527789
-0.7724159,0.48081715,0.4712588,-1.2506017
1.2760614,0.97328824,-0.24863953,-1.054513
0.52400879,-1.317401,0.23711685,1.0156208
0.44610055,-0.23081808,-0.5367252,-1.0514259
0.089140072,0.10515808,-0.70608069,1.5953717
1.1958075,-1.1874758,0.67466482,1.894311
2.2469599,-0.26357932,-1.0026513,-0.63947825
-2.4156885,-1.0482873,0.30139454,0.72831476
0.28562865,-0.72849798,0.21214858,0.3928073
-1.0290916,-1.1413427,-0.65320244,-0.40828407
0.23246636,1.0521949,-1.025078,-0.93863641
-0.073174781,1.0631466,-0.56976937,-2.4176509
-0.016509907,-2.0425429,0.0838049,-2.1226828
-0.64395413,1.2125709,0.2959244,1.861444
0.072714384,0.055113555,1.5757833,-2.0651347
0.085896966,-1.7213181,-0.081130174,-2.4248974
1.1550079,1.0626731,-0.92499418,-2.4797132
-1.3690857,0.67203704,0.54348475,-1.6128995
-0.29725016,-1.925948,1.1134626,-1.4703101
-0.71317596,-0.46861145,-0.23504175,1.2812106
-0.79776217,-0.21304765,0.28450418,-1.5306292
-0.42321515,0.22283295,2.251727,1.0066746
0.41570956,-1.121736,0.89273817,0.61857559
1.1263313,-0.43483296,0.52467588,-0.71342792
-0.76832493,-0.27987512,-1.3270879,-0.82093898
0.91876543,-1.3158244,-0.73322605,-0.017805327
0.14329377,-0.26383153,-2.3597474,-0.97721006
-0.93376074,-0.79402577,0.36372307,1.4200322
-0.89952335,0.3463273,-0.040766698,-0.5453368
2.3788553,-0.44429925,-0.84236019,-0.68470112
1.1298404,-0.39016327,0.35821826,-0.55333312
-1.479463,0.16545948,0.48005636,-0.63670392
1.1067378,-1.2159738,0.85430269,1.729249
-1.8547405,0.067427332,0.82284013,-0.78492428
-1.2599735,-0.43165394,-0.49669606,0.43979968
-2.0763572,-0.1619858,-0.24360317,-0.58708296
-0.73645601,0.26349266,-0.39004816,-0.60614835
-0.47241085,1.6256877,0.58299296,0.27156693
-0.31007582,0.58764862,-1.2975718,-0.71946094
-1.2686426,0.49842949,-1.7432375,-0.82820146
-1.8196458,0.15957133,1.6090276,-2.1204147
1.0282051,-0.16757409,-1.1332166,1.5277247
-1.3602299,0.42351436,0.57377929,1.6617311
1.825425,1.0689652,-0.46390836,1.1724059
1.8938536,-0.4799825,-1.1672642,0.73856818
-1.8269048,0.016319505,1.619434,-1.4526496
0.12513139,-0.42180015,-0.64771861,-0.00061280786
0.29621777,-0.36009932,-2.0309586,0.021300315
-1.167764,-0.70702271,-0.2353461,0.050678053
0.63486968,-2.0970155,0.20195302,-0.16055794
-0.12524029,-0.05435166,-0.7625528,-0.15314957
-0.37206901,0.29367662,0.24719283,0.13891721
-0.059383785,-1.1077612,0.66949358,0.20820199
-0.59059522,-1.0961651,0.51099361,-0.8136924
-0.24886458,0.18413196,-0.4599284,-1.0014435
-0.20683777,-0.39588551,-0.96621158,-1.021391
-1.408978,-0.22262146,-0.38131675,0.55763232
0.77111244,-0.67743647,0.68714376,-0.76309587
-0.058914693,-0.40738546,-0.37705247,0.41227708
-1.2732308,-0.18201673,0.11562077,-0.13686366
0.65913806,-0.76717315,0.30691547,-0.44362554
-1.8690651,-1.9642169,1.8146594,0.16558815
-2.7999756,1.5417492,1.1886452,0.3569873
-0.60494041,0.11603538,0.84475922,-0.51084969
-0.36256145,-0.22755569,-1.7093478,-1.0827252
-0.72628248,0.50153073,-1.0697256,-0.33234611
-0.63760766,0.23418196,-2.6437349,0.67077128
-0.71488636,-0.92016124,-0.31042277,-0.85896497
-1.1044894,-0.55019384,0.13232349,0.44415917
0.61438533,0.085113505,0.25650518,-1.3164019
-0.52731585,-0.49368108,1.5567759,-2.2473284
-0.38196409,-0.61210602,-2.2618583,-1.9407904
-1.1881224,0.41198657,-0.5569842,1.7028963
-1.0434418,-1.1981108,1.0815079,0.49883236
0.49087942,0.588637,-1.3034926,-3.4899392
0.70756643,-2.4592393,-0.40010533,-1.2188107
0.31628689,1.7712755,1.0316025,-0.6194881
-0.33356336,0.8607006,0.35528688,-0.32888433
0.45106557,1.525855,-0.9055984,0.5654656
-0.97520479,1.4330332,1.2506667,-0.85826305
0.31049081,-2.5111265,0.62919326,-0.28196553
0.2693818,-1.6009817,0.50521871,-0.64989518
-0.31846514,-0.74526141,0.064201956,-0.77371737
-0.49194575,0.61537604,0.40452522,-0.13693258
0.30293789,-0.83941586,-0.92524465,-1.7344588
3.3098346,0.13237118,1.8370342,-0.80537261
1.8453494,-0.80554952,0.71947622,-0.61619578
-0.035304302,-0.26820974,0.079765282,-0.60124081
-0.13542208,0.53041512,0.92928437,0.42305104
-0.36134887,-2.3892607,-0.55916891,0.29816889
-1.2184332,-0.021250264,-0.18125556,0.22749111
-0.40962046,-0.71012681,-0.27204616,-0.82610096
-0.24712472,-0.10966923,-1.3030234,-1.5457688
0.18607049,0.71561871,-0.54125389,0.29009412
-0.76992172,-0.7283044,-0.69743631,-1.5511298
0.075324101,-1.6593908,0.20496314,-0.86496631
-1.9018135,1.502424,-0.70432073,-0.86806398
-1.6363717,0.95065323,0.13294468,0.68164876
-1.1006242,-2.9431828,-0.51704046,1.0138465
0.050218178,-3.0007898,-0.32434738,-1.6070154
-1.042716,1.6018368,0.93762673,-1.4840888
0.29670318,-0.88716589,-1.1154489,-0.51908554
1.448756,0.20180421,-1.2185065,-2.3152097
0.22365737,0.95442501,-1.1758523,0.17266671
-1.8526976,1.9678011,1.3433173,-0.82535225
-1.5069627,-0.063582324,-2.2154762,-1.4470143
0.094972031,-0.21852978,-1.2953891,-0.053725007
-0.27148035,-0.022928566,-2.0644757,-0.73678412
-0.25307474,0.40126071,-0.90860226,0.27244617
1.8265838,0.0047563699,0.72760196,-0.42275571
-0.015989471,-0.12499135,0.42405453,-0.7466302
-1.7012548,-1.155995,-0.36379209,-0.23041781
-1.1862697,0.37763654,-1.0083569,-1.1010164
-0.51426106,-1.4428116,-0.27124608,-0.19404769
0.97068504,-1.7655681,1.3982657,-0.79447308
-1.2412366,-1.4619414,1.0982214,-0.3938713
-0.69541642,-0.32328373,-0.11513696,-0.32392035
-0.36839579,0.087243048,-0.60044148,-0.85523986
-0.15993379,2.2452895,-1.5389896,-0.66809623
-1.8811449,1.0347716,-0.072796134,-1.1890772
-2.8595213,-1.5300681,-1.2325896,-0.29448878
-1.3835595,-1.1134087,-0.57458277,-0.21619595
0.16827904,-0.75501609,0.82531357,-0.30803363
-0.37057392,-0.66634093,-0.62994116,0.030845458
-0.33554466,-0.33799918,0.19062773,0.34550444
-1.5479851,-0.30300852,0.58110979,-1.1352738
0.40159334,-0.63401182,-0.30184539,0.021905329
-0.97505096,-0.31757586,-0.97169612,-0.74568647
0.62446517,-0.29982608,-0.44510265,0.46407668
0.066255885,-0.16108161,-0.2714114,0.0074282759
-0.99184271,-0.4316921,0.034954194,-0.42271696
-0.36470849,-2.3492744,-0.62998317,1.0953486
-1.0554755,0.79422514,1.0441072,-0.70175371
-0.97552774,-0.28240444,-1.1626325,-0.60705599
-0.99753889,-0.3584834,0.25602135,0.078879617
0.42414489,-0.35867134,0.18176564,-2.1134218
-2.7297291,-0.74081099,-1.2023166,-0.39283031
-1.5949088,0.55140174,-1.162946,-1.5079181
-0.088552222,0.60611604,-0.42903231,0.39865496
0.91081167,-0.50158115,-0.46980682,0.10434021
-1.6386177,-0.92774604,-0.99926193,-0.69129486
-0.30686011,1.2856041,1.8467006,-0.50049437
-0.077806381,0.38430776,1.2256942,-1.2038426
-0.57635672,0.24843489,-1.4271425,0.18298374
-2.1799538,-0.69147494,0.37576458,0.040745733
1.285457,-1.4090334,-0.76654705,-0.9851183
1.292812,1.0545557,1.1454372,-0.4230904
0.65725361,0.58779273,-0.88800992,-1.0332137
-1.126549,-1.1992118,0.36403305,0.6114301
-0.8972605,0.23734914,-0.83423638,0.58973343
-0.60708454,0.30546945,-1.0406331,1.5032974
0.13801043,-0.032592463,-1.46258,0.77940966
0.44148174,-0.6071074,-2.4098411,-0.91545037
0.40697825,-0.66717753,-0.20897629,-0.084186036
-0.9498457,0.46046469,1.6700242,-0.30780619
0.32804455,-0.21656213,-2.1409455,-1.3435044
-0.59637979,-0.36526359,-0.55465152,-1.3682247
0.056499532,0.22308225,-0.03916613,-2.1890284
0.33636099,0.024232695,-0.61686165,-0.49144085
-1.336274,-0.39185761,-0.85289477,-0.34555788
-0.69059879,0.5298563,0.38593636,0.25672362
-0.078124001,0.73353184,-1.1365926,0.081397615
-1.3098363,-1.7785158,-1.067719,-0.78147171
-0.64797054,1.7354372,0.41238858,0.56244929
0.34858451,0.006119248,-0.72791018,-0.50554753
-2.7087906,-0.71903664,0.42043416,0.25255926
3.0739881,1.0615017,-0.50918389,-0.9346826
-0.93713847,-0.37147453,-1.0552178,0.66950406
-0.85653422,-2.5262557,0.23698729,-0.68627537
0.47334015,-0.87044391,-0.63314434,-0.30640806
-0.79763044,-0.7800337,0.040519064,0.495686
0.10023786,-0.022020804,-0.085909073,-0.51996802
-1.3207925,0.27917095,-0.37743408,0.28713332
0.44055252,0.96103855,0.2762361,-0.22945456
0.038972282,-0.54566938,-1.0713869,-0.43916423
0.71944531,-0.83514373,-0.28989808,-1.0361854
-0.31305044,0.21394852,-1.1506758,0.27204857
-0.3214969,-2.0134168,-1.4157641,-0.74166792
0.80401661,1.1982741,-1.9793497,-0.88344748
-0.71513814,1.0823394,-1.8657804,0.31240394
0.46935498,-1.2816077,-0.27599254,1.2999214
-1.5680036,0.79927059,-1.3305731,0.11748169
-1.0376176,0.78868573,0.083438037,0.46952708
0.32436381,0.72012315,-1.4493855,-0.84870459
0.38799268,-0.75201301,-0.71727474,0.58984356
0.23349671,-0.5136598,-0.29738524,-1.2030346
-0.76351997,-0.27510965,-0.57378656,0.87759833
-0.30755312,-0.3643541,-0.0016373347,0.30911168
-0.77511903,-0.25489148,-0.33510858,-1.6307187
-1.0335177,1.3952022,0.803933,0.31151384
-1.038942,1.3449203,-1.3339462,-0.47649808
-0.73248291,-1.8556155,0.53624546,0.15077161
-1.1123057,-1.3855591,-0.98086639,1.7862146
0.59212915,0.8793767,-1.0750777,0.83915497
-0.31558858,1.2317941,-2.4529632,-0.49169446
-0.73225477,-0.5044661,-2.8690113,0.0011712727
-1.7697547,-2.3451377,1.7138681,0.3067562
-1.7141526,-1.1859904,0.86824891,0.07586108
-2.2970093,0.6077971,-0.45407041,0.37433273
-0.35932925,-1.0354378,-0.7724938,0.30640147
0.19202431,-0.61019612,-0.11529699,-0.73615318
-0.097307238,-0.75929441,1.8019201,0.50427167
0.21054381,-1.4854005,-2.3706066,-1.9567291
-0.61530919,-0.37025478,-0.83979045,-1.8126656
-0.34804491,0.41611964,1.7763774,-1.2966172
-0.37132681,0.37393257,1.0623646,-0.69254089
-0.8930785,-0.66323642,-1.9259936,-1.1095168
0.43907303,-1.1513694,0.24461307,-1.7972851
-1.3929967,-1.9015731,-1.2698459,-2.0930591
-2.3226206,-2.0403427,0.0070299267,-2.2492485
-3.0866685,-0.49189607,-0.98527462,0.76882996
-2.6859984,-0.32131687,0.036233811,-0.5677813
-0.4227128,-2.1049502,0.094325124,-0.39038442
-1.0615957,-0.47365345,0.71234397,0.86305685
0.63233362,-0.69296531,-1.3912204,-0.29945705
-0.75867893,-0.74467285,0.51851553,0.26342333
0.27885159,-1.0664879,-1.1427741,-0.99394255
-0.41056543,-2.6933292,-1.3242688,0.14988256
-0.41056543,-0.36570339,2.1163944,1.2504303
-0.17222487,-0.97190112,2.4609803,0.28749061
-3.2065771,0.66483451,1.4731265,0.30647541
-1.2723373,-1.1823744,-1.9195423,-0.2428669
0.86056336,-1.6232412,-1.9815957,0.21435202
-0.22869189,-0.23584424,-0.82418729,-0.85776861
1.1370546,-0.077237269,0.10724999,0.54470152
-1.0777835,-0.7951788,-0.010649814,-1.0956948
-2.4328489,0.18459383,-1.2574677,0.38125792
1.7009677,-0.20323464,1.3076983,-0.98276374
2.1348464,1.1450401,-1.7674566,-1.5251715
1.7568762,1.9759731,1.4280445,-0.50858133
1.7949042,-1.5780024,1.9301351,-1.3285426
1.4600558,-1.9697084,1.2450124,-0.91901011
-2.0244243,0.37549261,0.44227107,-1.8904915
1.2414735,-0.82399009,0.57181046,0.062161983
-0.22119598,-0.64719394,-0.41796999,1.6717389
-0.11567354,0.69813087,1.5517369,1.452745
0.19073586,-0.22562247,-1.5972933,0.20730674
-0.75639119,-0.28423676,-0.82706043,0.21063545
-0.75404126,-0.62414139,-0.34485255,-0.53685635
0.62493098,0.75005933,-1.0434561,-0.14573314
-0.82029073,-1.7511907,0.044300086,-0.030267432
-1.0220707,0.71675434,-0.55231019,-0.22173315
-1.1834924,-0.68362766,-1.337066,1.584159
-1.4979567,-0.76232597,0.23477197,-0.37380821
0.43740989,-0.45085794,0.64597867,0.51895272
-1.1439941,0.52712333,-0.38406056,-0.38881919
-1.2186043,0.67329561,-0.25503885,0.87360296
-1.1789197,-0.8018675,-0.86869301,0.87360296
1.2110808,1.2400563,0.61611276,0.92668813
-1.1636072,-1.2172143,0.78628318,0.040375529
-0.63962454,-0.52009961,-3.5643029,-0.85784466
-1.2742678,0.70054975,-2.2439085,0.30504299
-1.968959,-0.60750574,-2.5543787,1.8845009
-1.8881209,-0.37240375,-0.520316,0.92888825
-2.1916551,-1.0679374,-2.048476,0.85578741
1.5842417,-1.097668,0.38683848,-0.37507439
1.4071043,-0.25874818,-0.78073307,-1.0445296
-1.7765641,-0.15177046,-0.52464184,0.32759448
-2.2498976,-0.33094194,-0.27430299,-0.84390601
1.3911442,-1.3049589,-0.7476269,-1.2621447
0.43234322,-1.0003989,-0.66311826,-0.44055082
0.67496432,0.071574508,0.31890677,-0.088404184
-1.142562,-0.96595201,-0.62549383,-0.54527439
-1.2889636,0.88440667,-0.54063246,-0.09453737
-1.1086247,-1.4826816,-1.3325735,-1.1362232
-0.72128531,-0.61281803,-0.60812203,-0.86165455
-1.0355109,-1.0383619,-0.42377538,0.35434308
0.59206231,0.5574559,0.044641655,0.52233337
0.10801004,-0.60472063,-0.028956381,-1.5900141
-2.1003675,0.23353234,-1.7430929,0.87078781
1.197796,-0.30906058,0.23703896,-1.2441194
-1.8476944,-0.024735137,1.0774858,-0.96903192
-0.16923763,2.1470744,-2.0222618,0.61635373
-0.60680418,-2.3726701,-0.44999674,-0.035769481
-0.045021918,-2.9608542,-0.068001822,-0.1304832
0.56742014,-1.6290631,-0.084180469,0.61201276
-1.0611342,-0.81634832,1.3523255,0.4768851
0.089200529,-1.0874809,-0.32125691,-0.37356859
1.3436582,-1.7413865,-0.31030767,-0.70022213
-1.3602503,-0.094156218,0.095414785,0.018612595
0.73054018,-0.01438176,-0.012812441,-0.55870751
-1.4428087,-0.23820108,-0.45911467,-0.55866435
0.8002758,-0.32340205,-1.9278528,0.0540345
-1.2845601,-0.046148987,-1.2284879,-0.32097904
0.76649687,0.5737665,-1.9213724,-0.33778571
1.3898833,-2.0798191,-2.0615659,0.79692266
-0.73287319,1.4024405,-1.0659398,-1.7141922
2.8408127,0.73916257,-1.1597123,-0.71529794
-0.26738243,-1.5638468,-1.8271298,0.023233211
0.87886192,-0.23491664,-1.7603051,-0.70873815
0.84935001,-0.56875492,-0.12134832,0.010711067
-1.3776811,-0.034488619,-0.7330653,-0.96181354
1.1097238,-0.7612221,0.28953368,1.3634795
-1.7881419,-1.8536795,-0.29815793,-1.4585617
-1.3947248,-0.63036722,-1.5264462,0.44091757
-2.9413699,-0.15252915,-0.069880198,0.025893029
-0.49839469,-0.20215517,0.37589039,-0.37004365
-0.97640749,0.34717972,2.6461006,-0.36897863
-1.4535905,-1.2273851,0.51045636,-1.3907001
-1.0174229,-1.7630551,-0.31603456,0.020719308
0.58692524,-2.2634104,-0.31603456,-0.28217447
-1.4316758,-1.7011455,0.46727539,1.0142229
-2.0572363,-1.8720412,-0.23240302,-1.6254428
-1.8506897,0.79652809,1.5394103,0.95993489
-0.95528029,-1.7000617,-0.29231233,1.6953124
-0.085253448,-1.148422,0.6713273,-1.9164817
-0.86348775,-1.7561997,-0.28037929,1.2548428
-0.52839323,-0.16389377,-0.72104254,0.73323619
-0.46768189,-0.13529715,-0.085639558,0.54845668
-0.44264519,0.18785513,-0.64538377,-0.94550099
-2.8664906,-0.79654682,1.1678128,-0.4101965
1.4486731,-1.2388827,-1.0233459,-0.12018806
1.3860321,-0.60097825,0.24673819,0.49979555
-1.7656245,-0.52207448,-1.9220818,0.47681866
-0.37076042,-1.6626878,1.6782153,-1.1516607
-0.26671766,-1.2267394,-1.321995,-0.13016422
0.40215013,1.2817064,-1.263574,-0.050095042
-0.14995909,-2.2146175,-1.3417011,-1.0912689
-1.1351216,-2.6388189,-0.58683193,0.310738
-0.60505684,-0.98804,-0.41585004,-0.74958665
-0.43137066,-0.93903527,0.001194722,-1.7604485
0.09028814,-0.060282177,-1.6432983,-1.4725585
0.52961424,0.83274351,-1.763582,-0.14695758
1.3836431,0.80378493,-0.87087895,-0.28028323
-1.0207918,-2.1697408,0.17950701,-0.40684656
-0.99425152,-0.23551563,-0.68178675,-0.38621836
-1.3757194,-0.33253635,-0.98170834,0.10526786
-1.1706737,0.59836693,0.79400875,-1.3621414
0.28344556,0.15805675,-0.479816,0.0016291432
-0.80957226,0.15805675,-0.36739193,-0.62646568
0.30480109,-0.49788122,0.61337148,-0.79738246
0.22527229,-0.28250133,0.57402139,-0.81908215
-0.29838889,-0.67484043,-0.12450494,-0.77244563
1.9657719,-0.44120557,1.0752484,-2.1114462
0.1026564,0.65224948,0.56367545,1.5954528
0.025569342,-0.85309427,0.00059172474,0.13320068
-0.80962551,-3.0721593,0.19881031,0.045657511
-0.037091248,-0.58499584,0.75522349,0.38527773
-0.69522836,0.45438235,-0.43233338,-0.5771946
0.91217521,-0.27436003,0.057322138,0.35782407
0.79161109,-0.67748328,1.9675409,0.75960413
-0.45037878,-0.47945588,2.2744499,-0.71503318
-0.35147494,-0.68759748,-2.045214,1.2420825
-0.32851818,-0.90261129,-0.47762337,-1.9355316
-0.35323368,-0.69153923,-0.75813416,-2.2422944
-1.5128281,0.69031132,0.34197225,0.92185157
0.067059705,-0.75722784,-0.82006137,0.53150347
-0.34908737,0.48381422,-0.12806214,0.77882288
0.39864775,-0.61347486,0.17917343,0.27749042
-0.71900904,-0.27179323,-1.1561605,-0.32777358
0.15488415,-0.98647119,0.0747219,-0.3007347
-0.85845381,0.14943593,-0.96773403,0.074739439
-0.56431541,1.0686636,-0.077637526,-1.19899
0.19380414,-0.31040102,0.6650782,-0.15721909
-0.40589039,-1.4839768,0.098880763,-2.6265887
1.0119841,0.74934712,0.087323934,1.0031661
-1.6550157,-1.6001715,-0.95471852,1.3858639
1.1894478,-1.7604511,0.4585643,-0.80293841
-0.30946132,0.95666354,1.3411857,0.45262259
-1.040217,-1.2318039,0.53209203,2.0687857
-0.65547937,0.51923586,0.61098206,2.3866831
-0.50771476,-1.077513,-0.83440565,-1.9284694
-0.20175713,0.11049606,0.67328572,1.2994438
-0.4358005,0.50749532,-1.0263976,-0.14859295
-0.48663781,-1.3188382,-1.1135129,2.5306478
-0.19222852,-1.8217289,0.67468451,-1.410391
-0.45552896,0.22564291,-1.4049197,-1.5794477
-0.510394,-0.95932736,1.9267966,0.75944819
0.40053858,-1.5942426,0.38124029,-0.76043597
0.026237524,-1.9371806,0.2270457,0.20076716
-1.953099,1.2981473,-0.67779443,-1.3555822
0.041854102,-0.24100787,0.34365325,-0.40527528
-1.1614383,-0.38509575,-0.61534621,-0.010614354
-1.2053781,0.83946258,0.19168665,-0.4981305
0.69779722,-1.3199964,-0.72695104,1.5692952
0.32059157,-1.8252202,-0.40852759,-0.012111339
0.22155547,-1.2342681,-0.17903476,0.78441602
-0.91451289,-0.53678579,-0.21738808,-2.3018286
-0.89321522,-0.76265887,-0.40315251,-2.7542699
-0.96622985,0.30891259,-0.65004405,1.3404014
-0.38976832,-0.82915347,-0.64208123,-0.80375845
0.10240743,0.65082012,-0.15779836,-2.0258561
-2.1733313,-0.49999457,-1.2872872,-0.57535611
-0.63079933,1.5658415,1.4435686,-0.3752308
-0.84535935,-0.84114256,0.89187517,-0.68447258
-0.58064214,-0.72297999,0.51454553,-0.76872886
0.72575945,0.12085976,-0.42215655,0.18063758
-1.3448329,-0.010592892,0.28998073,-0.35192868
-1.4051311,-0.90186599,-0.74628805,-0.48214472
-0.3979401,-0.11597136,-0.055990528,0.72556149
0.43316346,-0.5491016,-0.94523124,-1.3569824
0.0031472657,-0.53048301,0.29331078,0.74696364
-0.77540735,0.32519556,0.74630925,0.88802413
0.20530549,-0.83437453,-1.2982513,-1.0840055
-1.8587151,1.1513078,0.045463165,0.23335323
-1.53552,-2.2559843,-1.8539765,-1.0920576
-1.0009045,-1.1964102,1.6012559,-0.33316303
-2.2659376,-1.8006836,1.5427659,-0.49060795
0.83942861,0.38921401,0.28122114,-0.34147053
0.67944734,-0.08079822,-1.4463294,0.18712645
-0.36690782,-0.31615671,-1.6956393,1.2441259
0.21001622,-0.95592624,-1.1546502,1.1577638
-1.1765982,0.32676293,-1.1520199,1.0382683
-0.8716607,0.75953161,0.72782827,-0.15408677
-0.94343545,-1.906064,-1.7082066,0.057719457
-0.5571768,-0.11904189,0.25981495,-0.38538393
-0.43882113,0.17779753,-0.67408803,-0.76666816
1.2856974,0.061610399,-0.30987738,1.1487313
2.4015601,-0.009449625,-0.86969131,-1.3883516
-1.9583922,0.40504742,1.211564,-0.0052676981
0.79340372,1.5020424,-1.5281354,0.063063797
-1.6028316,0.55896,-1.0166353,0.81941989
-1.586684,1.1239812,-0.4967287,1.2613338
-1.0545057,-1.6356783,-0.96069559,-1.3975781
-1.2540322,-1.6356141,-1.2927959,1.6882019
0.50470025,1.616729,1.024999,1.621962
0.70081914,-0.10787928,1.1509234,0.4524296
-1.0662967,-0.5789008,-1.4630887,-1.4458247
-1.2589006,-1.4591878,1.2416911,0.24472042
1.2171271,-0.35371116,-1.6032308,-0.64464899
0.11924793,-0.57731266,-1.2556457,0.93499998
-1.8406132,-0.67126495,0.028789743,0.59367384
-1.250504,0.15889315,0.43560766,-0.86824986
-0.41432857,-0.33543517,0.88711752,-0.30498381
-0.13868418,0.89777337,-0.37424956,-0.59176147
-0.53190825,-1.074932,0.14011697,-0.74880307
-1.5485376,-1.0520149,-0.029294663,-0.15278387
-0.10875691,0.42620832,0.46266287,-0.11937847
-0.92300757,0.48449685,0.39737814,-0.15968323
-1.2893181,0.32336761,-1.3771728,3.1039075
-0.13770832,-1.3152328,1.2713434,0.16244034
-0.013430582,0.33999922,0.50380789,-0.074001803
-0.86136736,-0.8650565,0.014147872,-2.2069232
-0.76392957,0.17794738,-0.85084989,1.8477392
0.46102156,-0.77467772,-0.70780388,1.5216466
-0.87207868,-0.29757655,-1.1936077,0.64982566
1.0806685,-0.40687444,-1.1455853,-1.0472695
-2.4758913,-0.61236479,-1.8996349,0.86819173
-0.94498457,-0.91989039,-1.65622,0.30390365
-1.5767901,-0.72021115,-1.6746634,0.64337456
0.77706742,-1.7553081,-1.5941248,1.5223218
-0.32102256,-2.5080412,-0.1176449,0.81978802
-0.41118908,-0.48915088,-0.80586671,0.82287925
-0.87356229,-0.46248769,-0.23739138,-1.1098875
-1.0632962,-2.0076684,-0.80345416,-0.036510927
0.065332335,1.81342,0.30417177,0.46257916
-0.20064998,-0.50445997,-2.2494789,0.40531532
-0.35736215,-0.61054286,0.60516568,-1.2597082
-0.16422851,-0.27444131,-0.034321695,-1.6152124
-0.46657049,-0.19131839,-1.5568334,-0.77023954
-1.7193114,0.55723194,1.5668317,1.4483898
-0.31973269,0.45893246,-1.1502667,-0.55368902
-0.3534957,0.41483244,-0.91341129,-0.86796061
0.47391078,-0.65476163,-0.69548095,-0.4591104
-1.1697724,-0.83652922,0.21942887,0.99213653
0.34196032,-0.382464,-0.027138895,0.41040948
1.4119605,-1.6424941,1.2937875,0.13559809
1.4193675,0.86671961,-2.2720108,-1.0785577
-0.61961057,-1.6601252,-2.1990114,0.55777541
-0.15272196,0.84399634,-1.6492343,-0.32406824
0.72895356,-0.4315169,-2.1758194,-0.30316207
1.109329,-0.64822421,-0.84884077,-0.47067563
-1.0752703,-0.72458654,0.42774289,0.13032842
1.1800385,-1.3526047,-0.13699231,-0.74438171
1.1491204,-0.88697803,0.63357299,-1.2560846
0.19343975,-1.6807341,-0.9491768,-0.76287963
0.95324376,-0.19246014,2.179871,-0.16728903
0.86037554,-0.20182528,-2.4147758,0.63390449
-0.1948479,-0.54050615,1.8124386,-1.1537728
-1.21074,-0.76709855,-0.85072607,-2.5438748
0.76704831,-0.34189227,-0.20924372,1.9320534
0.74072535,-1.0083358,-0.45667684,0.31194519
-1.7172112,-0.084133993,-0.44240612,0.30602931
0.2301759,-0.80594575,-2.2432455,-0.31279777
-0.82081678,0.53064313,1.1909744,0.029159708
-0.43790903,-1.1617523,0.30906363,-0.69360701
1.3074132,-1.347628,0.47882268,-0.14148694
0.85710822,0.78127098,-0.2484785,-0.75031458
0.089991424,-2.4556054,-0.039077739,0.068438575
-1.4533454,0.28887249,0.54633715,-0.74376641
0.32898789,-1.3977983,-0.24862706,-0.40635058
0.32898789,0.66819974,-1.3592191,-0.086239762
0.32712225,-0.25250768,-1.0593422,-0.88764116
1.0051869,-1.4042178,0.18217719,-1.2219488
-1.9366666,0.48443698,0.61392815,0.58184686
1.5633438,2.3507575,0.92440488,-0.26040639
-1.4675053,-3.58675,0.27619112,-0.64891921
-0.11044653,1.7395515,-0.76146725,-0.08572867
0.025315409,-3.4904656,1.3262276,-0.14535626
-0.24431798,-0.61377409,-0.7267451,1.6770851
0.31906359,-0.7189507,-0.85818374,-2.0525522
-0.92335932,0.12800935,0.27499452,1.8858648
-0.53179713,0.10278586,0.46178678,-1.8383341
0.12337289,0.44034062,-0.9624845,0.76165008
0.59387155,-1.6262326,-1.2088668,-1.1775576
-0.22053637,-1.3230492,1.2531839,-0.74948064
-0.28321099,0.29239177,0.9442523,-0.73326213
0.34445842,-0.0076274012,-1.1687019,-0.81448793
-1.7585664,-0.38208506,3.1283553,-1.7831081
-0.51013974,0.28112909,1.1689379,1.2812263
-0.82888706,0.68884092,-0.81864155,0.89229965
-1.0444177,1.1137438,0.39272777,0.29159172
0.6641188,0.53560094,-0.025718632,-0.54650177
0.084083585,-1.3471168,-0.36402625,-0.23585108
-0.96766419,-0.48841598,-0.31180837,-0.29550099
-1.408371,-1.1755566,-0.3698789,-0.68965141
0.14690501,-0.71418139,0.15494367,0.35968072
0.77139998,-0.1301328,-0.41719781,1.5643857
-1.149599,-0.86660598,-1.691729,0.3560433
0.69603872,-0.43375084,1.5986691,-0.61761857
-1.7137179,-0.75389546,-0.27377473,-0.084118009
-0.88841448,-0.45130167,0.69000586,-0.27138764
-0.31638756,0.34153071,-1.1310808,-0.77625967
0.28161356,2.0263869,-0.13073334,0.43775131
-0.60735775,-1.8750398,0.60842574,-0.14562032
-0.35060124,-0.01949236,0.75268739,-0.42530407
-0.17616074,0.27994564,-1.1256501,-0.33750277
1.3694606,1.3703176,-1.5158106,-0.73162244
-2.1071845,-2.0997334,-0.9574972,0.52911029
0.94834614,2.358396,-0.24995686,-1.0993818
-0.68480986,2.4055057,-0.98355658,0.48146612
0.19567073,0.48747984,0.10274,0.54372236
-1.3772467,1.0539597,0.034645441,-0.61504296
0.86343505,-2.4034568,0.46821808,-0.31270018
-1.5963275,-1.257818,0.17519119,0.080099838
-1.315708,0.082095835,-0.67716455,0.62942579
0.39513189,0.40734704,-1.6904399,-1.7393266
-0.58279934,-0.551797,-1.7935624,-1.917249
0.31370418,1.0253114,-1.7991009,1.3977862
0.76331977,1.0451325,0.097260411,0.43685837
0.97662381,-0.85119644,1.1768004,0.53389659
-1.6427275,0.79675222,-1.4595061,-0.057924581
-0.86767185,1.2570259,1.5176849,-0.32075377
-1.7406765,1.1112775,-1.1012439,-1.7790688
1.4569395,0.088168116,0.73187885,-2.086035
-2.5495038,-0.120775,0.74749157,1.5160048
-1.3602681,-0.74586875,-0.1452209,-1.822073
0.99185256,-0.12784813,-0.64243014,0.95054399
1.2141529,-0.21969217,1.1051917,0.23956486
1.18647,0.62258768,-1.5761158,-0.80879505
-0.12050761,0.45620704,-1.2369164,-1.541076
-2.1142993,-0.972027,1.0652941,1.07333
-2.3964436,-0.70497721,-0.93113328,-0.074862975
-1.3077502,-0.89422168,-1.5610354,-0.48904639
0.15351977,-1.2745033,-1.2084093,-0.42623024
0.12903931,1.5562508,-0.16432462,-2.5482326
-0.72522794,-1.3838208,-1.0225891,1.4183664
-0.49081242,0.20615624,-0.46895965,-1.7130284
0.34227535,-0.17678933,-0.030062964,-2.5275277
0.16095124,-0.22528797,-2.2090983,0.0074220226
-0.50254549,-0.94869659,-0.70769267,-2.5445924
0.69805752,0.08695109,-1.0860776,2.0930675
-1.0893645,-0.22861721,-2.1523582,-1.8439256
0.65988882,-0.060934628,-1.4552779,-3.1619529
-0.84853958,0.56734531,0.29195548,-1.5221277
1.4256454,-0.66244263,0.26328352,1.0190831
-0.83422361,0.13362039,-0.15188095,-0.14200987
-1.1425111,-0.33270355,0.2155822,-0.058076953
0.47692733,-0.35126289,-1.3002215,0.39517135
-1.3337657,-0.34304133,-0.013982514,-0.64177574
0.21724271,0.49282453,-0.5669619,-1.7416039
-0.31166371,-0.79010012,0.37919366,-0.51263015
0.031930109,-1.4401741,-0.39905092,0.7158831
-0.93931264,1.135795,-1.1402258,0.74847135
-0.51515091,-0.77203088,0.68455365,0.38294386
-0.080624164,-0.64494597,-1.1597263,-1.7432096
-1.4958671,0.095869111,0.66801251,0.7435634
-0.97202564,-1.2418383,-0.37466175,-1.0850192
0.24285142,-1.328099,-0.44952583,0.5151775
-1.4861272,-1.6786549,-0.70160076,0.049270184
-1.0867297,-2.5953188,-0.29731917,-0.7082392
0.28985497,1.5296189,0.62784161,0.12392554
-0.86579875,1.6068244,1.9109521,-0.041346031
-0.53281008,-0.54737534,1.1193125,0.097413216
0.52585848,-0.90724323,0.48966107,-0.68875745
-0.31011516,0.092685851,-0.83478455,-1.8610119
0.0041233317,-0.021780594,-1.1901481,1.6418277
1.0088394,1.6308509,-0.73479817,2.4762939
-1.133274,0.78317623,1.1657645,2.4762939
-0.1419379,-1.9133633,0.7629363,-0.11502213
0.38512686,0.60998537,-0.70022383,0.92933237
-0.069071582,0.20842382,0.45418743,-1.1115887
-0.79464849,-0.50470059,-0.88185272,-1.4247631
-0.36461609,-1.1170422,0.077629974,-0.4636664
-0.57016507,0.096544118,-0.71702175,0.36371654
0.16245184,-0.64735449,1.4209115,-0.61948611
-0.73417909,-0.46611506,0.53032202,1.0833054
0.18624059,0.6815055,-0.82450969,1.3947499
-0.10851002,-1.5759812,-0.51037421,-0.2042288
0.3876275,1.2927116,-0.050390901,-0.5844312
-0.1313653,0.16189089,-2.3309135,0.14575153
0.45415761,-1.2435346,-0.45106637,-1.2031729
0.24660868,-1.5881098,-0.65013372,1.0134999
0.29752801,-1.2669952,-0.63771447,-0.073292345
-0.35386947,-0.40680586,-0.83190446,-0.14396592
-0.76182016,-0.35550073,-0.899695,0.30091583
0.08685101,-1.3991109,-0.84277469,-0.54178554
-2.1455735,-1.8895922,1.3035396,-0.82661551
0.60417534,-1.0323781,-0.14741587,-0.83919559
0.33509995,-0.86102909,-1.0283682,-0.082265929
-0.21614668,-0.64072147,0.081164029,0.78776779
-0.47098062,-1.5444662,-0.75320271,0.64304314
-0.86544529,1.3673826,-1.1762222,-0.75870305
0.15882784,-1.8756316,-1.258503,0.80237899
-1.2756794,0.53268552,0.50054302,-0.17592718
-0.27391695,-0.12478805,-0.4867991,-0.40735586
-1.6504851,-0.64324454,-1.4297628,0.85617745
0.5832922,0.63232601,-1.1092334,0.64252994
-1.7775355,0.13537329,1.6850212,-1.3774767
-0.57274096,0.21873646,0.53311824,-0.7383545
0.61333988,0.70714457,0.35825703,-1.015811
0.88188184,1.32222,-0.011571511,-0.9046043
-1.3855045,-1.7389968,-0.011571511,-0.14086019
-1.3995737,-0.50077052,-0.32594083,-0.11431455
-0.58416798,-1.7815605,0.028750097,0.84087763
-0.23924333,-1.216489,-0.94734753,-0.55746926
-0.36553858,1.9936466,-0.53431554,-0.97013832
-0.46023273,0.039178606,0.42525506,-0.72574536
-0.4114875,-0.81026112,-0.44723963,0.74485478
0.49122926,0.10002299,-0.30563613,0.23159134
1.1147945,-0.58083373,-0.85230447,-0.21641007
-1.4677539,-0.14519189,-1.2186896,-0.38522497
-1.7663306,-1.2837807,0.078299588,-0.71904013
1.0410742,-0.59460642,1.1510601,0.089870944
-0.47659883,0.8724023,-1.7149766,0.61591538
1.2938371,-0.76075005,0.86591728,-1.3457488
-0.8580616,-1.106636,-1.3370602,0.96623487
-0.38397605,-1.8017193,0.87367606,-1.8762704
-1.2783589,-0.77287403,-1.5996005,-0.96735215
-3.0131321,0.60491832,0.29291889,-0.8794126
-2.610992,-1.404643,-0.055431316,0.39368384
-1.9505509,-0.83273817,-0.68818319,0.23381853
-1.269904,-1.3115605,-1.4591768,0.30795312
0.72858065,-1.4324279,-2.1632136,-0.37407192
0.30739378,-1.5046043,-0.85388961,-0.71321663
-0.93554877,1.2854256,0.45254879,-0.37447363
0.33599705,2.3184785,1.3022869,-0.62414491
0.51360011,0.68093735,0.47924503,-0.71915277
1.9384894,-0.85064619,-0.54215024,-0.41840515
2.2624067,-0.37449685,0.29493355,0.64875287
-1.3510024,-0.43188006,-0.91437643,2.1713979
-1.1615077,-0.87521988,0.4293465,-0.56607666
0.24272768,-0.22643038,0.84173662,-0.80706717
-0.46482689,-0.89104238,1.5068486,-0.44473714
-2.8434074,-0.092218782,-0.058981798,0.11432111
-0.98478336,-0.74494074,0.75941335,-0.78260327
-1.4286365,-0.97331104,-0.12711669,-0.31615573
-0.72995971,-0.70034102,-0.93275912,-0.63035303
-0.44459356,-0.57861279,1.4338603,-0.94853246
0.24654802,1.173328,-1.869937,0.96814951
-0.40731761,-2.4699874,1.3298299,1.6679421
-0.42226355,-1.7249078,1.3768638,-0.22930566
0.61496012,-1.6014269,-0.5587007,0.5261248
-0.74320472,-1.6014269,0.13866978,-0.43665209
0.22052636,-0.8335191,-0.32574693,-0.18009162
0.65631141,0.080927873,0.47667978,0.51783869
0.23789213,0.26288793,-0.20632795,-1.3456373
-0.93988636,0.17771105,1.948149,0.86011701
0.120741,-0.5226362,0.92392835,-0.8332917
-0.48925382,-0.21056006,-0.67306184,0.55319069
-0.59312435,-2.0117302,0.94612399,-0.19247871
1.2527998,-2.4222255,1.9761213,-0.86903845
1.4918198,1.5553978,-0.6965876,0.70056379
-1.4318022,0.028043435,0.12731889,-1.1918576
-1.021025,-1.2308829,0.2266073,1.2852217
0.85118625,0.4075807,0.50006679,-0.89010803
1.5358714,1.2748171,-1.0771082,-0.22936134
-2.0503456,0.20140266,-0.18519311,-0.94642518
-0.87649432,-1.4948083,1.156718,-0.25393309
-0.092632865,-1.2262604,-0.22064516,0.067715417
-0.34211916,-1.1055657,0.64132712,-0.0028491567
-0.21656839,-1.4299223,-1.3201602,0.063363179
-0.28716436,-1.374798,-0.50390828,-0.45428181
1.4791538,-2.051952,-0.41506304,-1.1068589
-2.4449651,-1.1674928,-0.44978533,0.69869467
-2.4449651,-0.1258117,-1.2441377,0.047342043
-2.3951622,-0.14821672,0.43834904,-1.4073286
-1.3240367,0.72546761,0.48819073,-0.63833866
1.0681872,0.082904073,-0.73471388,-0.37395766
-1.7576981,0.93772765,0.031954527,1.0455093
-0.58287695,0.15613923,1.8024705,-1.2297988
0.58860604,1.4840447,-0.28821318,-1.2971355
-0.92057231,0.35286099,-0.08783347,-0.75483068
-1.0986142,-0.12147075,-1.4202575,-0.43717752
-0.28662391,-1.6164452,2.1066542,1.0194081
0.33656769,1.1698696,-2.4485992,-1.666855
-0.15174297,-0.48973732,0.33126302,-1.3124678
-0.58810042,-0.39111257,-1.3810565,-0.68218576
0.71751532,1.0161794,1.1072939,0.090531607
-0.79439837,-1.8573323,-0.8202456,0.22264241
-0.45645633,1.5417506,-1.6327891,-0.71936373
-0.81631227,-2.4183009,1.4037405,-0.81492606
-0.21249775,-0.49792174,1.0189435,-1.1374471
1.1807662,0.70209348,0.33545643,-1.3345985
-0.50151832,-0.84156647,-0.0044463921,-1.30022
0.16327304,-0.71801877,-0.28015998,0.21333818
-1.0132921,-0.031895455,-0.65328829,0.2772295
0.93140202,0.33788799,0.0042079958,-0.84369559
-1.360666,0.67447644,0.28870245,-1.5329632
-1.360666,-1.5014359,-1.1851591,-0.94228008
1.1931359,0.21796103,0.62507162,0.38961921
-1.4423734,-1.8693634,0.68933448,-0.042062594
-0.37715612,-1.660606,0.096867464,-0.78764384
0.016395675,0.23276097,-1.2101275,0.40750945
-0.62791613,-0.61959553,-1.9153639,-2.5653601
0.30373291,0.032329633,-1.4587019,-2.5394278
-0.66005021,1.1302716,0.33544525,-1.9016332
-0.28958094,-2.2514687,-0.47524623,0.46085697
-1.3998146,-0.92513299,-1.3742539,0.33079986
-0.83382439,-0.5011982,-2.0410793,-0.30162672
0.92855278,-0.57826732,0.5813259,0.58681665
-1.8909647,-0.23374771,-0.35657382,-1.2087842
1.2238487,-0.080831141,-0.018639424,0.9882259
-2.0464207,0.47598131,-1.4896622,0.57367491
-0.86888042,-0.80076789,0.78516611,-2.0595847
-0.38297598,0.28443151,0.40621278,-2.4438689
-0.86125023,-0.31216405,-0.78685326,-1.6650861
-1.0927845,0.88364324,0.078727318,-2.2053591
-1.8832197,-1.6365803,-0.88417877,2.0020304
-1.8507411,-0.24090602,-1.4586314,-0.81141199
0.77215276,-1.4451887,0.18700059,-0.70723764
-0.44100233,0.18865743,1.1917782,-1.0233079
-0.97137979,0.082440449,1.5147551,0.28255618
-0.29521688,1.1485264,1.2910022,-0.4157567
-0.99451348,-2.4454131,-1.8656305,-0.73903499
-0.23731118,-2.5681519,1.5123162,1.4797757
0.51166148,-2.707905,0.84893887,-2.0034202
0.037055262,1.5944677,1.4387589,-1.9554511
-1.253281,1.5070793,0.93712084,0.90946991
-1.4299704,-1.2900129,-0.65395055,-1.0661116
0.90748272,-0.10344023,1.0259975,-0.59370937
-2.513871,-1.6728913,-1.5986999,-1.0608051
1.6826606,0.76123571,-1.636061,0.77037182
0.087987414,0.17291244,1.0109989,-0.56355743
0.35795866,-1.3672223,-0.73570497,-1.3611696
0.41070137,-1.1525537,0.016340252,-0.63228174
0.20361518,0.41485003,-1.7661273,0.4065929
-0.7043092,-1.2579179,-1.168641,-0.22285244
0.58780342,-0.33584102,-0.65044403,-0.35167904
0.64316906,-1.5490492,0.16094515,0.25063136
0.15908863,-0.89835846,-0.74175301,-0.20884971
-1.3182319,-0.52441041,0.49657054,-0.12104198
-1.6866586,-0.98818764,0.47509229,0.061056114
-1.2515426,-0.83036279,0.50678832,-0.25640455
-1.2577212,-1.1382159,-1.2173834,-0.27740578
-0.59254504,-1.1606668,0.62148931,-0.4944532
-0.88351583,-0.64921627,-0.0035641875,-0.57394766
-0.76704044,-2.4869444,-1.7010772,0.46295637
-0.14004114,0.43235395,-0.85393901,-0.27925258
-0.4363806,0.27025546,-1.7571217,0.44240459
0.71704692,-0.76134916,-1.5216369,-0.5247537
-1.3014335,-0.19711778,-0.15831508,-0.2604183
0.49538901,0.1071396,0.19626613,0.22843472
0.46110696,-1.0432806,-2.1405608,-1.1311221
0.66852432,0.25343956,1.5269149,-0.20636958
-2.0856711,0.63793135,-0.39750584,-0.77639773
-2.139141,-0.38673917,-0.1434267,-0.67997491
1.1843635,-0.46313432,-0.14884002,2.2134556
0.15015839,-0.24587247,-0.30410278,0.070039828
-0.43926514,0.070140515,-0.50361511,0.44734423
0.54227571,-1.3374647,1.8259626,0.038239668
0.5236065,0.21621573,1.8259626,0.028205427
-0.35988922,-1.1152629,-1.0880972,-0.61659104
-1.8229001,-0.11857877,-0.32082788,-1.5614464
1.1813426,-0.19657369,-0.18075034,0.44684379
0.34391145,-0.7820007,-0.2427876,-0.76131146
0.53463258,-0.74670387,-0.24265023,0.85463237
-2.5278072,0.39651466,-1.0572435,0.3346584
0.13158306,1.2329967,0.082252717,-1.9298005
-1.3757246,-1.8517547,-0.84413079,0.63989565
-2.2236427,0.81463919,-2.2208351,1.326936
1.0699477,0.0030734942,-1.8100611,1.4044413
0.087434387,0.13401612,-0.68006367,-0.086741232
-1.3314761,-1.1797356,0.17630645,-0.056648687
-0.88108831,-0.86423697,-0.75979289,-0.28921749
-0.62200829,-0.3014375,-0.019395974,-0.20790993
-0.52245558,0.57977878,0.51468909,0.0020722983
-0.93266875,-0.73970153,-0.5909771,-0.16130824
-0.8634194,-0.076983496,0.48763848,0.81887489
1.9824842,-0.83163673,-1.8968767,0.07195624
0.96981801,0.34597396,-0.73644258,-0.40808733
-0.069909904,-1.0928475,-0.58635646,-0.49331037
-0.58125499,0.70798699,-1.9502649,0.33303431
-1.5448849,-0.94934486,-1.3368047,-0.88900337
-1.5911689,-1.0032545,1.1041274,0.022121877
1.5436185,1.3029624,1.8153799,-0.32929198
