"beta_overall","beta_novice","beta_inter","beta_expert"
0.74661489,0.86174028,-0.03892311,-1.2347599
-0.45099134,-1.3269684,0.022619619,1.1078479
-1.1088051,1.0927634,1.1509191,-1.4714799
0.24902913,0.33780882,-0.83798261,-0.043657417
-0.69355873,-0.30417843,0.77968593,-1.3352138
-0.36353601,0.93799615,-1.3093009,1.3087397
0.30939061,-0.90846006,-1.1928295,-2.3329241
-0.97796262,0.37219234,-1.9544439,0.40484465
-1.1426384,-0.50980384,1.5011549,-1.1974892
-0.15258326,0.41794177,-1.1425065,-0.35624309
-0.60234833,1.2340388,0.9259933,-0.22111171
0.50440776,-0.059195217,0.15352354,0.27225989
0.78736899,-0.4309437,-0.25243699,-0.89119262
-1.3215489,0.019717037,-1.3537618,0.2785823
-0.77427573,-1.7801794,0.90733741,-1.5736255
-0.014032396,-2.1538831,0.33059676,-0.19027155
1.2055214,1.424078,-0.66026591,-0.62724908
0.74900476,-1.7699585,-1.7952621,0.48359702
-1.4383655,-0.30630605,-1.510821,0.58746802
-1.0434839,-1.5368341,-0.64400687,-0.42132347
0.767065,0.82835601,-0.054833348,0.0021549718
-0.35807672,-1.5081734,0.067445094,0.48697209
-1.3052084,-0.61459331,-0.20211901,0.37055908
0.23902542,-0.43658406,-0.1955669,-0.13959764
0.21933308,0.12430258,-0.84411978,-0.74859068
-0.67605075,-0.23458372,-0.49918808,0.049539369
-0.36762428,-1.3299865,-0.3918519,-0.16178831
-0.034275277,1.3371303,-0.33770217,-0.21182672
-1.0432816,0.97527643,-0.35676914,-1.0080823
-0.0045207306,0.46401298,0.95664934,0.55665801
-1.1915846,1.307915,0.10196282,0.99516087
0.6625324,0.10428909,0.58231162,-0.93115046
0.08432618,0.2112813,0.53291986,-0.87218576
-0.53892176,-0.44801074,0.010201633,-1.2508812
-0.30532416,-0.74831478,0.056689764,0.38187968
-0.6067727,-1.5823622,-0.27617616,-0.85652704
-0.92738209,0.9606103,-0.3687473,-0.38267585
-0.46570325,0.012001751,-0.4606592,-0.49759841
-0.62659491,0.54756504,-0.18243059,-0.0098545481
-0.59274176,-1.4378609,0.14834106,-0.29921872
-0.88882697,0.66723653,-1.0402607,-0.62164789
-1.9215372,0.19253372,-0.37818145,0.023075442
0.052821332,-0.15229832,-0.46349042,-0.40690258
0.27274198,-0.58760427,-0.89661336,-1.8457683
0.16493529,0.13628958,-0.61736902,-2.0333271
-1.2113829,-1.0330867,-0.11631907,-1.962357
-0.28666116,-0.48565264,-0.73809935,-2.119288
-1.0307513,1.486123,-0.12484321,0.66932318
0.50602995,-1.1456102,0.087106236,0.13849982
0.27219169,-0.06452348,0.97540766,-0.61707644
0.021962826,0.37744953,0.34308037,-0.13602121
-1.690634,0.98913701,1.1004729,-1.0861553
-0.53399223,0.53243157,-0.23636715,-0.69422284
-0.24857932,-1.4030656,-1.9451219,0.10485032
-0.26247504,-1.0912184,-2.7893489,-1.0421269
-1.5401692,1.0143935,-0.71236664,0.7517348
0.038055125,-0.44208739,-0.93268643,0.57663937
-1.0719993,-1.1108472,0.58000548,0.59866642
0.24924916,-0.17604578,-1.5912895,0.75280907
-0.19490228,-0.42906998,-0.20971711,-1.7658663
-0.88190263,0.29671154,-0.20971711,-0.29927684
0.1871981,0.026329511,-0.29903296,0.65322343
-0.24444204,-0.17604379,-0.066556292,-0.352421
-0.90565717,-0.58019839,-0.32196065,0.2465298
-1.613938,0.74464614,-0.0058409248,-0.74769318
0.30851885,-0.59573302,0.72719415,-0.53514942
1.2054159,0.37016246,-0.43276503,0.61423152
-1.4378804,-0.4903017,-0.30405904,0.417343
-0.22121045,-0.18865526,-1.0760065,-1.2961396
-0.83980813,-0.59807441,-1.3412481,0.54216684
-1.6079706,0.92658311,0.52657033,-1.2144608
-1.1050533,-1.7046457,0.047505553,-2.2254619
-1.8304305,0.94877787,-0.41582389,0.31618082
-0.29935505,1.0407612,0.37924745,-0.075538514
-0.96223842,-1.7845661,-0.37646396,0.64600084
-0.79440514,0.016787002,0.21287766,-0.4022238
-1.4468733,-1.1360396,-1.2165027,-0.82033215
-1.4179061,-0.42475996,1.2017178,0.75847542
-1.9910709,-0.76273404,-1.87431,-1.4263668
-1.1685657,0.50490933,1.1952848,-0.38634538
-0.33873763,-1.7391098,1.2026294,-0.13427757
-1.3766521,0.53864883,0.088534328,1.0207757
-0.83068976,-0.19606147,-1.2492312,-0.97716295
1.0891494,-0.20165818,-0.34848776,-0.72041157
-1.6451462,-0.14563788,-0.43449756,-0.83303402
-0.45899643,-0.85260658,-1.1609634,-0.7530955
-1.5951138,-1.6403866,-1.0066757,-0.16535624
-0.55180753,0.79294,-0.053411679,-0.49411417
-0.33074767,-0.68527819,0.43045757,-0.30745711
-0.29484194,1.0725613,-1.5591076,-0.35698966
-0.13075067,-2.8193731,0.52967301,-1.3826266
-1.7366163,-2.1026035,-0.57627268,1.7398516
-0.94726912,1.3436848,0.30309048,-0.88850127
1.5719192,0.2825144,0.95848669,-0.65609593
-1.7537269,-0.1982427,-1.2677104,-0.048489669
-1.2344428,-0.59299095,-0.50497844,-0.26983783
-0.71675282,1.3991463,0.72699454,-0.6330939
-0.0057895488,-1.5980283,-0.91281749,-1.2896886
0.73351859,-0.19151586,-0.4530672,0.68556787
-0.94192746,-1.3681383,-1.2082277,-1.4023542
-0.12096949,-0.31669653,0.49064638,-0.60498304
-1.3354304,-0.3795088,-0.14638497,-0.74341153
0.083902006,-1.1852382,0.11467267,-0.34944553
-0.60635142,1.0894795,0.61219887,0.90018457
1.2402713,-0.36090397,-0.32069402,-0.75915903
0.90933892,-0.73900465,-0.98323977,0.52968536
-1.1679188,0.51650333,0.32541408,0.18005094
0.17303214,0.44291691,-0.44052103,0.53241797
0.55036461,-0.94974343,-0.87440799,-1.1544551
0.2270775,-0.97652907,-0.72848328,-0.61336895
-2.0182355,0.8462894,-1.4887403,0.041707052
1.6022866,-0.43148457,-2.1228333,-0.15469588
0.77836306,-0.26705554,-0.40205254,-0.30835988
-1.2757212,-1.04234,-0.11331329,-0.94025534
0.52466525,0.63303161,-0.016401229,-1.7940451
-1.6583073,0.28295691,-0.21704792,0.80425417
-0.41850052,-0.95215243,-0.27615989,1.0235783
-0.98086386,0.2553288,-0.91531713,-1.3661498
-0.019512564,1.4344386,0.14911984,0.79522718
-0.076115657,1.9439685,-0.47228708,-1.6363864
-0.71775058,-1.5827296,0.21211253,0.25264191
0.40039333,-2.7240248,-1.2113506,-0.78585495
-0.59989392,1.058358,-0.57418172,-0.1615803
-0.27095897,0.58373,-0.25935173,-0.27625747
-0.37563178,-0.83463021,-0.80451969,-1.993589
-0.79680253,0.28137492,-0.95017443,1.2330386
-0.022984461,0.043297477,0.4421057,-0.67737146
0.73494827,-0.63675342,0.13093698,0.33722889
-1.2721894,-1.364172,-0.56655511,-0.63096104
0.067433488,-2.0955921,-0.86709755,-1.0356196
-1.7048344,-1.5526623,0.51401239,-0.43906059
-0.69989221,0.055288189,-1.4052626,-0.15562651
0.19751363,0.733149,1.0236124,-0.59304319
-0.85881003,-1.5053851,-1.4783145,1.5569256
-0.24854992,0.68903113,1.3859482,0.58356321
0.59558006,0.58891313,-1.1321974,-0.9887973
-1.4172543,0.24294394,-0.29871633,-0.76068056
0.67977779,-1.1068025,1.3599364,0.075162133
0.16413494,-0.036922428,1.1289579,-1.5282277
-0.19637902,-0.14243255,-0.95717356,1.0327502
-0.0067252297,-0.84000194,-0.97329487,-1.2276144
1.1497253,1.4454674,0.16443787,-1.200424
-0.70208369,-1.2866699,-1.6205167,0.12646912
-0.072751848,-0.85679313,-0.7138327,1.3989958
0.23674609,0.14755421,-1.077714,0.14640992
-0.095506795,-0.29797685,1.0624753,-0.16769295
-1.5632894,-1.751434,-2.0036684,-0.79890613
-0.59856582,-0.041323044,1.6914496,0.82697054
0.78336199,0.52352722,1.8979767,1.057419
0.61635813,0.35722629,0.52620897,-0.89218557
0.86863987,0.16273682,0.5910856,-1.1247572
-1.4341818,0.12224222,-1.1483086,-0.66305355
-0.38475303,-1.0153255,-1.7747068,-0.15761375
-0.8530582,-0.27404804,-1.2867736,-1.8042637
0.19428651,1.1637809,-0.17081525,1.4499071
-1.2991838,-0.079904021,-0.41374632,-1.5653612
0.69429053,0.70580213,-0.3050645,1.1389365
-1.5432453,-0.68952537,0.35674113,-0.94974411
-1.6956561,-0.68034984,-0.49340015,-0.075610642
-1.6314215,0.20266854,-0.83009536,-0.48405367
-1.9635041,-0.64487313,-0.15865315,-0.99418904
1.2878508,-0.6673944,-1.6228031,0.64321001
0.14443453,0.1431737,-0.33661408,1.6242145
-1.1381893,0.33080492,-1.185587,0.73014873
-0.20817896,-0.2109185,-0.54197336,-0.074573976
-0.18728315,-0.77761003,-0.057813061,-0.033003197
0.10707777,-1.3996683,-0.53750078,0.19042146
0.017488716,-2.2182163,-0.50288373,-0.40179106
-0.4165195,-1.3317343,-1.4515059,0.029862962
-1.1461965,1.0050838,0.46214899,-0.002806031
-0.054974107,-0.70757905,-1.4387123,0.5765837
-0.056185915,0.7041854,-1.8891513,0.92006423
0.34755329,0.11549231,-0.7225445,1.7600734
0.44569289,-0.99929553,0.28120284,2.0365992
0.82309254,0.81879469,-1.6883961,2.1294935
0.8504747,0.41676295,1.0901752,0.7348396
-1.390469,-0.31963143,-1.6154147,-1.1504806
0.17694771,-0.044048129,1.2508149,-0.80063945
-1.4015031,0.39494173,-2.6553071,-1.2777202
1.278732,1.2533068,1.1430326,-1.3915876
-0.61280388,-0.76411771,-1.0091395,1.0088027
-0.057138768,-0.50557954,0.11167711,-1.968785
-0.76059896,0.0027407438,1.0296425,-1.7258161
0.66975652,-0.57823303,-1.6166918,0.72259644
-1.0890402,1.0602258,0.096980391,-1.700228
-0.040222916,-0.050405684,0.71464687,-0.90477464
-0.47494175,-0.54154498,-0.26395661,-1.6629709
0.77950249,0.46737231,-0.8659719,-0.50039741
-1.423566,-1.2995774,0.70578835,0.30681194
-1.3840645,0.63174663,0.80188906,-0.73426401
-0.90020379,0.5403569,-0.96928452,0.57365123
0.10275762,-0.83441739,-0.13197492,1.8563284
1.8648335,0.31958577,-0.21088535,1.1736696
0.39212215,2.0072633,1.9847293,-1.4982276
0.10388252,0.15255176,-2.3230734,-0.97609141
-1.3043667,0.19741667,-0.83903228,-0.18408239
-1.8988718,0.64885675,0.07311271,-0.57668482
0.39006659,-1.2625982,-0.60698693,-0.049368956
0.84099559,-0.6187986,0.057449248,-0.70033766
0.64696288,0.30099345,0.690505,1.1420678
1.5887151,2.6513793,-2.1591387,1.4763573
0.021786847,-1.300952,1.7335981,1.1377081
0.67910833,-0.32065549,-1.0172423,-1.9909558
-0.85368457,-0.27863431,-1.1781249,0.065028936
0.29026371,-0.56962983,0.64604705,-0.80505565
0.47772195,0.31161354,-1.4387588,1.2658278
0.010273436,0.1410658,0.80871,0.11558989
-0.85723256,-0.15250733,1.6193813,-0.1240278
-1.3076302,-1.1179725,-2.023778,-1.1576191
-0.61717249,-0.84847338,0.37321136,-0.72614714
-0.76125382,0.97350192,-1.7783504,-0.31607616
-1.3997399,-0.24201267,0.87437047,0.2194823
-0.4642213,1.2908699,-0.41923494,-0.49323798
-0.94615147,-1.949808,-1.1538747,-0.72396743
-1.013807,1.0017469,-1.9997329,-0.075633058
-0.30607468,2.1822368,0.27728028,-0.075633058
-0.14937496,2.1131343,2.3978691,-0.31252886
-0.49592536,-2.4000703,0.89456897,0.76243701
0.98120452,-1.7121796,-1.8637079,-1.5052048
-0.61809558,0.12253703,0.73897353,0.3643235
0.66268929,0.34133277,-1.3851009,-0.98064635
-0.95983104,0.8806823,0.18490981,-1.6159371
2.0126259,0.46961502,-0.99238388,-0.030364351
0.46170234,-0.58690887,-0.50921022,0.070167039
0.31605784,-1.3288798,0.24366901,0.18779476
0.31605784,0.65993071,-0.83153287,-1.4102655
-0.19848658,-1.0036312,0.58641748,0.050038616
0.81669683,-0.28466919,0.47059066,-1.117303
-1.4537296,-0.68101527,0.18786177,0.1395149
-0.85118028,-0.75102643,0.57086448,-0.97774006
-0.53951677,-0.76434797,-0.94202223,-1.641958
-0.38839982,-1.0157066,-0.82596699,-0.64272238
-0.70340038,-0.54347226,-0.059974785,-0.28871173
-0.82280285,0.11528606,0.19262065,0.28862669
-0.77643976,-0.16039942,0.1442669,-0.098292766
-0.99444656,-0.16085666,0.39088376,-0.11531099
-0.97977801,-0.67379727,0.39088376,0.35118827
-0.35652508,-0.16855091,-0.33328793,0.64110785
-1.4366043,-0.31526478,-0.31829361,0.22720911
-1.0752922,-0.22124503,-0.39914124,-0.779935
0.75524982,-1.1842243,-0.031173116,1.1437038
0.98020326,0.18841869,-0.031173116,-2.0755788
-1.5978075,1.1988174,-0.29105701,1.4626585
0.8274349,-1.4350548,-0.74589029,-1.8421956
0.22271609,-1.4097732,-0.57062632,-2.0416137
-1.1755242,0.79263624,-0.56345811,-0.81690404
0.61687389,1.0546138,-1.7456407,-0.23441343
1.339825,0.16995175,-2.5091304,-0.60812781
0.43331383,0.15872976,-1.8197926,-0.53526205
-0.16485364,0.056618929,0.20500241,-0.10251607
0.26903344,-0.55533203,-1.410725,0.075677236
-0.83107402,-1.6845942,0.53668905,0.05419696
-1.678024,-2.0217681,-1.3790496,-0.092546232
0.8572891,-2.3964921,-0.94180465,0.49856887
-1.1404361,-0.448242,-1.6905833,-0.28349595
-1.328499,-0.49705408,0.65959535,-1.1675061
-1.2912702,0.51521824,-0.15890702,-0.062215549
-1.0064442,-0.68165235,0.579291,0.24777371
1.0868972,-0.7079892,0.1352974,-0.2984369
0.82511736,-1.0066025,0.35493143,-0.19983086
-1.5067326,0.67498458,0.59192835,-1.2294764
-0.79672117,-0.094740189,-0.44329957,1.353783
-0.20222093,-0.095400485,0.53113541,0.40205065
-0.42905455,0.14079167,0.21435091,-0.52379535
-1.2877786,0.78458608,-0.77306815,-0.93509497
0.03619935,-1.7946057,-0.58254894,-1.3739318
0.26606574,-0.97917789,0.28626484,0.40147307
-0.35733187,0.95811706,-0.20781393,-0.94701742
-1.6814003,-0.048914961,0.27334402,-0.6387176
-0.24552005,0.044482803,0.41875192,-0.64167638
-0.64262041,0.75178238,-0.87771414,0.759786
0.64046918,-2.0443463,-1.5113947,2.4073963
1.7425676,0.10887817,0.95936818,2.055122
1.4375942,-0.35560536,-1.4396144,1.3000516
-1.1812668,-0.69225012,0.76361374,-0.23098784
0.79119165,0.48601703,-0.43477548,-1.3704886
-1.7925973,0.65030093,-0.43075205,0.91863421
0.30557823,-1.5103101,0.26819492,-0.50713677
-0.69253498,-1.6476165,-0.22602532,0.041232105
0.87192503,0.056004628,0.23027821,0.59705337
-1.6731757,-0.45544866,0.28014393,-1.8670817
-0.9035242,0.034668071,-0.31160262,-2.3505339
0.025399785,0.06390025,-0.35435666,1.361035
-1.0936029,1.7211646,-1.5953626,-0.90418862
-0.33146634,0.67974158,0.32804185,0.26534847
0.80309038,-0.94624883,-0.64089415,-0.65928156
-3.1310186,0.069767862,0.061034004,-0.1823347
-1.2088364,0.55295487,-1.2366778,-1.1188639
1.1223577,-0.57884855,-1.0236231,-0.35408767
0.72181478,-0.87318092,-1.246747,-0.34308423
-0.056919437,-0.10868195,-1.1616976,0.31819919
0.57635793,0.41985107,-0.50988952,-0.22380459
-0.85529971,-0.70898831,-1.4797962,-0.52936173
-0.2011049,-0.2702626,-1.8785652,-0.099361095
-0.61465167,-0.76320488,-0.50017573,-0.61881834
0.03356615,-1.5729693,-0.070018255,0.33937922
-0.66602383,-1.5965677,-0.63414026,-0.45208331
0.0064729941,-1.5057015,-0.29412866,-0.062230141
-1.1604383,0.99802531,-1.0656587,-0.65767197
0.40329046,-1.3487535,-0.081384062,-1.5468561
-0.85275605,-1.3911354,-0.36637091,-0.99568862
-0.2355801,-0.34405905,0.27260786,0.087620767
-1.3467978,-0.036727671,2.2260279,0.60619313
-0.43250136,0.63027102,1.9109324,-0.097121083
-0.46243358,-1.0662712,2.4183306,-0.26465746
-1.0289891,-0.55778465,1.8954178,-0.080236955
1.0740117,-0.48753646,0.85399446,-0.23455871
-1.6824478,1.4514256,-2.464118,-0.31240659
0.48777135,0.019140407,1.5585408,-0.51116905
-1.5293018,-0.026310666,-1.9417145,-0.74871124
0.7132704,-0.091833014,0.79872404,-0.90203944
-2.4358203,-1.3942474,1.9163784,0.020087169
0.34815601,0.61454164,0.89442038,-0.059679873
-0.68197573,0.026576981,-1.5492163,-0.17903791
-0.12429862,-0.3112903,-2.3596688,-0.14652264
-0.082182871,0.072135737,-2.3277087,-0.91708509
0.61760334,-0.091490731,0.33508474,0.41512518
-0.53635186,-0.036235867,-0.58624142,-0.6828874
-1.2738728,-1.2222335,0.22401816,-0.084848862
-1.4895266,-0.24914474,0.34902126,-0.82360387
-0.26338989,-0.25930359,1.9517539,-0.78334905
-0.075564486,-0.84418295,-0.98213399,-0.4992521
-0.57576422,0.076980599,0.27107853,0.5766786
0.033242602,-0.4792361,-0.92343692,-1.5724734
-0.33932132,0.14495156,0.40373967,-0.25896307
-0.67357732,-0.10294642,-2.073255,-0.67897524
0.65575313,-0.43728757,0.45088365,0.18154576
-1.3347475,-2.0155546,-0.33385292,-2.2552061
0.73899214,-2.0342986,0.10982499,-0.69263649
-1.5366286,0.4491914,-0.97699464,0.37689521
0.79705875,0.12211546,0.84666461,-1.2792446
0.097006074,0.91144561,-1.3125838,0.46005635
-1.2182981,1.2104944,0.35983112,0.2608109
2.3744651,-0.54380709,-1.0509177,0.82886816
-2.9806166,-1.0467545,-0.4447007,1.2868626
2.0438042,0.14111253,-0.13139707,-1.3745213
-1.4342266,-0.29144077,0.030286164,-1.284849
1.2149047,0.44933421,-1.9781451,-1.5934645
-1.6900083,-0.41323442,0.45716062,1.1559409
0.23349842,0.49061762,1.7277538,-2.0521181
1.0652357,-1.4862384,1.7231127,1.0541723
1.007185,1.2094526,-1.8188636,1.2989103
-1.3081656,-1.0658184,-0.88790552,-1.0125399
-1.1831678,0.090186697,-0.43133115,-0.73999815
-0.89368899,-0.68789871,-0.91277374,0.43845731
0.21953509,0.34873666,-0.66427438,0.35321459
-3.007812,0.41604019,0.20447915,-0.80693809
-1.4130982,0.035231406,0.28685102,0.50492722
-0.14125377,-1.010281,-1.197769,0.11402829
0.3341757,-0.24619491,-0.84783574,-0.52464062
-1.0195905,-0.66783059,0.0019668329,0.32589415
-0.93382111,0.64445748,-0.72756732,-0.4742521
0.65156204,-1.0390476,-0.70664253,-0.96788754
0.13328986,-0.78076014,-0.86081453,0.0633734
-0.22503558,1.1183923,-0.11504818,0.29507266
-0.28596889,-1.3757236,-0.60301693,1.7492401
-0.10336896,-0.14464028,0.15490051,0.7867568
0.5850401,-0.83764903,-0.79438048,-1.3088499
0.38980993,0.43908587,0.99432333,-1.0230062
0.3025184,-0.3557466,0.43665961,-0.83579515
-1.5439281,-0.21507303,0.69565964,-0.6304304
-1.3097322,-0.71092419,1.5963238,-0.029341624
0.24489498,0.45641155,0.087227149,-0.66710913
-0.85635534,0.31723503,-0.75999229,-0.7888986
-0.097298127,0.16683972,-0.1474463,-0.40756293
-3.064823,-0.083198569,-0.17428682,-0.70339039
1.0830508,-0.077224602,-0.34939923,-0.26995289
-1.2774655,-0.18266976,-0.060841913,-0.41393175
-0.56877416,-1.0222811,0.62961464,-0.42539535
0.26266792,1.1919725,0.080264556,-0.80946096
0.27167899,-0.48798629,0.12803415,-0.78023594
-0.55698478,0.025666928,-2.4280005,0.6196141
-2.1262599,-2.2238565,-1.0819071,-1.7931126
-0.79614393,0.8730518,-0.085651785,-0.68420242
0.19623537,-1.9800174,-1.8339738,1.2320983
-0.13295875,1.1433302,-0.74872268,-1.2241873
-0.077492799,-1.1242108,-0.73357534,-1.7327519
-1.1349497,0.36074934,-0.039105182,1.0138839
0.7198238,-0.36310887,-0.75235395,-1.7204125
1.1098066,-3.1248813,-0.99429012,-1.3322994
-1.3699912,1.5223468,-1.2972073,-0.22256024
0.39047105,0.98698371,0.19558174,0.050646311
1.5294759,-0.45856626,-0.33304555,-0.38488032
0.94051167,-0.95779962,-2.6949926,0.01223515
-1.3287293,-0.42000593,-1.6848853,0.63099535
-0.54658265,0.063718754,-1.3715095,-0.23116156
-1.8197834,-0.040084085,-0.17274128,0.58987562
1.1319826,-0.084991513,0.50238498,-0.45174921
-1.5437618,-0.70952284,-1.1791918,0.18990723
-0.48913777,0.24332618,0.0065374877,-0.67699445
-0.51926291,-0.72313275,-0.15689584,-1.0971318
0.25815921,-0.43942287,-0.86155833,0.54293487
-0.026922154,-2.1463193,0.18059788,-0.40672875
0.28549686,-0.47073277,0.97113518,0.20574606
-0.88342243,1.3324727,-2.0015409,-0.8768768
-1.2459551,-1.0311508,-2.0469004,1.2919411
1.5863702,-0.074132013,1.1768873,0.68674679
0.29308039,-0.54872864,-0.050040237,-0.74086511
-1.2530124,-0.78986722,-0.086176803,-0.9035131
-1.1636738,0.42919705,-0.98471825,0.22431625
-0.37965441,-1.2345607,-0.49004439,0.8838064
-0.1991468,-0.57734694,-0.6633812,-1.862
0.96045733,-2.1572586,0.44790612,0.19672426
-1.055704,1.2045854,-0.80668805,1.1317915
1.134239,-1.5071607,-0.49695162,-1.94469
-0.35142325,-1.635884,0.22927819,-1.9266723
0.52245888,-0.69559554,-0.90317403,0.79349991
-1.1237314,0.19913193,-0.20597764,-0.46538339
-1.0386382,1.3215575,0.51414965,-1.9463561
-0.76207034,0.54485357,0.57314546,-1.2072003
-0.25531239,-1.0969504,0.28860359,-0.0024676893
0.34403678,1.1445156,0.2697028,-0.61718346
-0.51678204,1.3441953,-1.1182973,0.23051584
0.022903535,0.29242345,-1.2154908,-1.1411063
-1.8034939,-0.97981187,-0.031887818,0.24608291
-2.0604978,-1.9758845,0.40901793,-1.9985395
0.31059915,-1.1357533,-1.1911775,-1.4601395
-0.45535028,-0.2867241,0.73491998,-0.71668694
-0.37087983,-1.0990309,-1.4586303,0.43475934
-0.066538684,0.3615978,0.62099147,-0.91099197
-1.1035593,-0.10304905,1.3302262,-2.5663969
0.36690802,-0.75594159,-1.9444453,1.4963934
-1.41143,0.99898085,-1.5707237,0.99119645
0.34238225,-1.5292122,0.10211975,-0.13794816
-1.8228274,-0.491443,-0.36935268,-0.89056221
-1.5180666,-0.34808501,-0.55865725,0.27017746
-2.691088,0.3454857,-0.57298259,0.31585332
1.4697261,1.8174563,-0.67383701,-1.1576018
0.97713743,1.5382298,-0.75288592,1.872542
-0.12401029,0.19702349,-0.12615978,-2.0980446
-0.92228408,-1.625682,-1.6214271,-1.1658783
-0.94577086,-0.41084743,-1.1698989,-0.71983349
0.44681232,-0.082587788,0.38442854,0.21250347
-0.11314361,-0.17511336,1.2876573,-0.15286033
-0.4978112,0.17278225,0.47691102,-0.72565782
-0.53805724,0.1015581,-1.266561,-0.54468901
-0.06467994,0.44072543,-0.22919772,-0.33588197
-0.89897773,-0.93719315,0.26090979,-0.18929454
-1.3004934,0.052902381,0.84466588,-0.20266039
-0.5620842,-0.36945564,-0.45050608,0.27825228
-0.2044647,-0.46188831,0.99770814,-1.0061693
-0.9508348,-0.74081706,0.41490714,0.18775199
-1.1000105,-0.46331885,0.022989963,-0.54393066
-0.37481101,-0.88192608,-1.1812743,0.85962631
0.11648375,-0.29664524,0.355538,1.3672694
-0.017000021,-0.10885053,-0.42915372,0.30546042
-0.34333687,-1.5926545,-0.44546204,-1.1266391
-0.55841755,1.7510341,-0.98765189,-1.7145236
0.27571346,3.3786127,0.034914101,0.81498448
-0.10188548,0.78421705,-1.0261061,-0.17699283
-1.0905094,0.13266221,-0.47531145,-0.40149974
1.0096589,-0.27820393,-0.65116125,-1.4392166
0.86469159,-0.32176962,0.14851759,0.38174864
-0.16019637,0.63715822,0.78823507,0.21229965
-0.68090218,-0.65436431,0.049087828,-0.76314797
0.2191574,1.2275347,0.28295827,-0.36810521
-0.72431141,-0.98855167,-1.1726505,-0.37449418
-0.57999447,0.55672671,-2.1347343,0.84659341
0.59215203,-0.47697821,1.5357826,-0.13325468
-1.6798338,-0.40056879,0.94422736,0.25430282
-1.1264538,-1.507616,-0.2055821,0.19841723
0.53768356,0.77239763,-0.25109144,-1.1861572
0.14118979,0.59388848,1.0588746,0.69712071
-1.4756569,-0.37929104,0.12303066,-1.4977928
-0.87465866,1.0134639,-0.39740865,1.0855851
-0.8703696,1.5426318,-0.27831874,-1.758362
0.092454714,0.51818298,0.26843301,1.0537271
0.25585757,-1.1960493,-0.88332475,-1.2360792
-0.053658259,-1.7636482,1.0958772,0.3093342
0.16554154,1.1403568,-0.10365852,-0.21677047
-0.79352289,-0.0092046241,-0.45348453,-0.80204221
0.37267936,-0.28438083,2.0903324,0.86790294
-2.9925198,-1.3620144,1.8924687,0.24265833
-1.3799699,0.45109711,-2.7405295,-2.7900558
-1.5422848,0.39187523,1.7508025,0.21988518
-0.94117059,-0.6688131,1.6517675,-0.37242172
-0.41432405,-0.27603261,-1.0614028,0.61377238
-0.13952573,-0.072259015,-0.2696359,-1.1429024
-0.12702258,0.56335337,0.48227237,-1.4262167
-0.44468929,-1.0225253,-0.66700768,0.20126665
0.47961617,-0.87533447,-0.69194525,0.78797714
0.3620483,-1.0361227,-0.63320766,-0.38394646
-0.39255274,-1.17179,0.076338009,0.54024532
-0.41216587,-0.47619047,0.66810547,0.5670552
-0.11361954,-1.1552191,0.86723479,-0.27990792
-0.93210498,-1.4644443,-1.8439896,-0.75898097
0.33818549,0.90549497,-0.92018752,0.074064906
-0.28072062,0.8432295,0.38584971,0.95321441
-0.33673931,1.0016419,1.1104144,0.069381197
-0.66031711,-0.41088215,0.80159703,-0.03477727
-0.48446006,0.73052461,-0.47393428,-0.38766024
1.1054394,0.38060418,-0.62364189,-0.32850174
-0.025519972,-0.89350899,-0.23109673,-0.39069452
-1.2909348,-0.11046718,0.54713001,-0.0888982
0.59940507,-0.96054416,-2.3089663,0.18956445
-0.91610394,-1.0142275,1.0319976,-0.13586062
-1.1671356,0.48972664,0.02037455,-0.50852528
-1.5746316,0.35678486,-1.0810909,-0.83467951
0.12146008,-1.3719061,-0.051367143,-0.38440919
-0.46609653,-0.62474198,-0.48115764,-0.3072935
-0.06812834,-0.097475205,-0.37247963,0.12992455
-0.46174679,-0.62707136,-1.1867598,-0.81892609
-0.84457804,0.66541252,0.51303459,-0.10171174
1.4466999,0.24687296,-1.0694059,-0.51303221
-2.1031415,0.24865966,-0.1291341,-0.40648422
-1.0400496,-0.0068012334,1.0656678,-0.54680887
0.77072719,0.29497928,1.5140362,0.4378256
-1.3201907,-0.52259028,0.43064792,0.55720552
-1.6133388,-0.20772998,0.062521939,0.37006643
-0.56273537,-0.029242273,-1.0723225,-0.97133541
-0.41358959,-0.3045983,0.97827803,0.060189447
0.34494604,-0.52951455,0.38742093,-0.56823869
-0.971978,-1.3522307,0.25543884,0.031663123
0.50623789,-1.0910806,-1.1586053,-1.1566063
-1.7070681,-1.4898509,-1.2147948,-0.017020319
-0.074412444,-0.85511626,-1.4677604,-0.77692499
-1.0898609,-0.22823806,-0.3456583,-0.84531695
-0.21805058,-0.35401824,-0.41541814,0.94168024
-0.76012728,0.29740235,0.06613865,-0.41998381
-1.1882747,0.20206904,-1.1554893,-0.40918121
1.7970966,-0.22368993,-0.35853065,0.36107674
-1.9282384,-0.90584095,-0.26066144,-0.59738599
-0.58426266,-0.013444564,0.014942447,1.1148556
0.47381087,-0.22195313,0.034894738,-0.98445024
-0.4518086,-0.079100235,-0.22868689,-0.039793733
-0.38138769,0.76773932,-0.073390966,0.01031969
0.944218,0.13543099,0.33261048,-0.77124601
-1.9788521,-0.70264075,-0.36410566,-1.1859861
0.42539791,-1.0804475,-0.53081577,-0.093201146
0.41279993,0.20713267,-0.93839767,1.1753117
0.10282886,0.56740367,0.011013582,-1.7892001
-0.46411862,0.77648986,-0.73001202,-1.0464761
-0.72476479,-0.49533874,-0.18648011,-0.097934731
-0.90646762,0.15387382,0.027074545,-0.55859513
-0.906904,-0.86082001,0.7089019,-0.048807598
1.1829125,0.72722108,-0.87398092,-0.72431222
0.13233163,-0.142672,0.21488462,-1.1085288
-0.5485203,0.55685107,-0.26045956,-1.7744241
-0.98587059,-1.7689883,-0.93681597,1.3152929
-0.25452159,1.7968332,-1.4071458,-0.4484552
-1.2612745,-1.5403353,-1.2458936,-0.4484552
-0.30457682,-2.7601275,0.74290903,-0.73467885
-0.92810043,1.3043779,1.0307931,-0.77788612
-1.6285434,-1.6549624,0.74350449,-0.80412692
0.59976627,0.0059399533,0.38327851,-0.61931216
-0.22670477,0.2457777,0.25990096,-0.080387405
-1.6143121,0.88243507,-0.96181933,-0.29647021
0.25339942,1.1074204,0.1256105,-0.60766181
-0.26994627,0.95306948,-0.5997404,-0.73609803
0.12674954,-0.45676916,0.012940047,-0.39670928
-1.0089785,-0.29645319,0.49576018,-0.49275409
0.018596577,1.5286136,-2.0030285,1.3364373
-0.64459379,1.3029216,-0.07519074,0.53446106
-2.3546314,-1.5317523,-1.7371863,-0.73374421
-1.4010754,-1.6638535,-1.5718437,1.3096375
0.55714932,-0.59294813,-1.6224102,-1.7907582
0.075722909,0.5068894,0.89529891,0.81288396
-1.6981944,0.14342314,0.046363785,0.88833274
0.98365224,-0.030348805,0.53056622,-0.51423507
-1.5997509,-0.87248469,-0.72284666,0.04126762
-0.14618373,0.30519747,0.45851974,-0.5839061
-1.0481152,-0.79276815,0.92482798,-2.6196023
-1.1878112,0.2989372,-2.0061678,-2.842955
-0.59866863,0.93700772,-0.74818377,1.3132671
-2.1300047,-0.6682584,0.51473772,1.2088294
-1.3519209,-0.46573963,-0.53496121,-1.8878382
0.637648,1.1834861,0.61984203,-1.4046792
0.11571184,-0.3712327,0.4427178,-0.18056828
-0.91979479,-0.99655259,0.19802397,-0.22150316
-0.6487159,0.30422413,-0.35741755,1.0261223
-0.55548031,0.58847325,-0.96320941,-1.9798439
-0.6578915,0.17111069,0.33804658,0.78918575
-0.71860874,-0.67623311,0.32416719,1.3674957
0.80143331,-2.2943113,-0.64518791,-2.6254973
-1.32588,-0.56453404,-1.1736579,2.2020503
-0.19064442,0.49684454,-0.60038326,0.78145458
-0.061833876,0.40786648,-0.69106337,-2.0334611
-0.91874261,-0.090104524,-0.11310084,1.0525498
-0.7619462,0.45951054,-0.84622232,1.2740864
-1.2948402,-0.78332961,0.0039750775,0.9398878
0.012642765,0.62202244,-1.0900826,-0.22804259
-0.77365202,0.13485541,0.45974766,0.18214969
-0.90623007,0.15373181,0.01059941,0.065584826
0.88899261,-0.86388521,-1.5150111,-0.93657524
-0.40528065,-1.6131941,-0.089957904,0.13304549
0.40918345,-0.9787778,-0.21989305,0.3070236
-1.2328244,-1.1387304,-0.89724464,-0.61680634
-1.4539625,0.1355227,-1.1734339,0.36883295
-1.0871512,-0.49065284,0.72136637,1.4087634
-1.0904999,-0.097551994,0.54509614,-1.7809533
0.3238301,-0.69475527,0.1151572,1.2067025
-0.26410338,0.43464643,-0.76602834,-1.1616121
0.029520393,-1.3237283,1.2231342,-0.01986505
-0.75024733,-0.44327651,0.069051068,0.56577437
-0.10017501,-0.85721981,0.0068313651,-0.089928981
-0.27442962,-0.79860791,0.023430135,-0.36005427
-1.0970885,-0.096278392,-0.78061137,0.051490061
1.3045506,0.12094005,-0.56498765,-0.89630312
-1.3745051,-0.78679904,-0.83538631,-0.12497717
0.55661221,-0.67631912,-2.5588448,0.17945593
0.35642634,0.033412358,-2.8046569,-2.0066541
-0.79611735,-0.58296615,1.4084322,0.33122278
-1.3799897,0.65218832,1.1676062,1.0156624
-2.1951602,-1.4357767,-1.9019716,-1.3979663
-1.9328587,-1.5713861,1.1379333,1.5607336
-1.6559511,-0.23312376,-0.59852064,-1.4724311
0.26215219,-0.23312376,0.16974143,-0.21406342
-0.82806225,0.064899036,0.36814274,-0.40595996
-1.0267236,1.6777615,-1.1925043,0.23076091
0.73490172,1.0819991,-1.2705574,1.3896672
-0.92719311,-0.42364743,-1.3538478,0.14647939
-0.17769305,-1.0624468,0.83914639,-0.39749426
-1.5560338,-0.88278878,1.3320226,-1.8356172
-1.6665157,0.19965457,-0.45969545,-1.7009728
1.1357599,0.78425629,-0.8957109,-1.5672857
1.1701927,2.2597156,-1.6559381,0.93834398
0.33775153,-2.9584644,-2.0404084,-1.6340716
0.52514464,2.2586772,-1.284332,-0.311118
-1.9270846,-2.5280663,1.0458302,-1.5027358
1.2263191,2.1143621,1.005472,1.0533744
-1.3378566,-1.4487726,-2.5291415,-1.5959678
-0.59675893,0.095137711,-0.84653381,0.10407703
-1.5198735,0.76810661,0.8003169,0.5140969
-0.042466765,-0.18527881,0.75759163,0.51115745
0.093526273,-0.1059809,0.84012445,-0.48267756
-0.9643184,-0.45089179,-1.8265068,-1.3406239
-0.79859431,-0.89593411,0.80443772,-1.7394245
0.74112918,-1.6882061,0.48464307,0.12302552
0.74024571,-0.35740023,-0.10348168,0.19968942
1.3005495,-0.64688041,0.34460028,-1.1008991
1.8979059,-0.12328559,-1.1543019,-2.1633958
2.0403274,0.065468562,-1.2416805,0.30937358
1.5057722,-1.1804463,-1.3848416,0.14588972
-1.5999126,0.90218814,-1.3243112,-1.3811937
-1.0997575,2.4377881,1.5505994,0.71427498
-1.2566819,2.9188168,-0.38412279,1.7205161
-0.26087328,2.1275586,-0.40761751,-1.6933361
-0.16722465,0.13285477,-0.11865102,-2.4752346
0.46841194,-0.02088243,0.48557282,-1.5184372
0.46080447,-0.040016939,-1.4130706,-2.5134237
-1.9154794,0.35830949,-2.1026852,-2.7752352
-2.6274218,-0.021025735,-1.7610698,-1.2931222
1.5086151,-0.27245649,-1.8159248,-0.71617293
1.4214251,0.36225769,-1.6513491,0.63380452
1.6286372,0.32283179,0.29151719,-1.5032041
0.24848032,-1.603157,-0.8026875,-0.28194263
-1.6208199,0.976217,-0.011807473,-1.1779968
0.58910792,0.78675343,-0.66614287,-0.0033797783
-0.77042407,0.39962723,-0.68878719,-0.61982776
-0.65669549,-0.68520201,-0.24471439,-0.99744279
-1.3814163,-0.24939636,-0.4160653,-1.0105573
-0.57603758,0.49705672,0.34487673,1.2522288
0.44666005,-1.268856,-0.41996266,-0.5305732
0.29314607,-0.69217615,-1.8303119,-0.42491935
-0.89670323,-0.50053324,1.3948771,-1.7876289
-0.7398793,-1.3360464,0.93110089,0.47776997
-1.1087089,0.65571346,-0.56267498,0.23183925
-2.0623404,0.35462117,0.42069698,0.20958535
1.4310919,-0.55269874,-0.40143636,-0.76506622
-0.48532982,0.33718366,-0.25935632,-1.0658531
-0.94326556,-0.57904461,-1.2599623,-2.4529424
-0.93154437,-0.21960931,-1.134173,2.659271
-0.54665986,-0.014464198,-0.84099301,-1.8692776
-0.36743061,0.99684999,0.78434148,1.6085818
0.18643952,-1.2676141,0.80289546,0.39693151
-1.2944496,-1.2430381,0.13687589,-0.039857749
1.1569353,-1.228795,-0.89598481,-2.7794125
0.82014979,-1.3114873,-0.26345085,-1.4755551
-0.54675147,-0.69294707,0.35084468,-0.54644533
-0.29961637,-0.85783775,1.2026452,-0.16844705
1.0061403,0.90996899,-1.6077376,-0.11584313
1.2175855,-1.2145388,-0.87122452,0.43790283
-1.8362312,0.019265085,0.58081184,0.49665815
0.41703707,0.39413725,-0.36366477,-0.92882984
-0.97323636,-0.98419958,-1.3600969,0.33723651
-1.4528907,-0.52305825,-0.26716772,0.21461721
1.5176608,0.30562175,-0.84715577,-0.16157466
-2.6655155,0.39759822,-0.014718271,0.36611988
-2.3148522,2.2366699,-1.1807054,-1.9301801
-2.8214425,1.4724647,0.31266131,0.95641695
-0.26595464,-2.3262716,-0.75289403,-0.96450131
0.87854217,2.0116814,-1.7081849,-0.93151675
-0.81529914,-1.2897889,1.4081722,-1.8429449
-0.39615271,1.1202567,1.2938576,0.37910528
-0.34850784,0.28272741,-0.047971233,-0.029213967
-2.2410163,-0.10742113,-0.69905883,-0.8498533
2.0449045,-0.42020991,-0.34313879,0.21013814
1.9972586,0.020826538,-1.0098795,-0.87312232
0.50721175,-0.98153409,-0.88135752,-0.42810817
-0.77771529,-0.86430699,-0.22087761,0.2620321
0.035664294,-0.81088126,-1.9044245,-0.23679792
0.18738214,0.19298172,-0.44018666,0.35100102
-1.0879809,0.70521296,-0.53607905,-2.7938239
0.46377947,1.9020583,0.25596582,-0.72227118
-0.78525127,1.4805158,0.79549027,-0.53350538
-0.084570125,-0.66447394,0.9125438,0.73953518
0.99831696,-0.31012656,-0.16418703,-1.1579906
-0.58382224,0.26691559,-0.63448994,1.2475566
-0.402214,-0.29785314,-0.62308289,-1.338149
-0.90558407,-0.85262613,0.20407432,-0.28475695
-1.5779351,0.14865204,-0.94523905,-0.69118901
0.65553404,-0.8183148,-1.1006306,-1.0484383
1.0869365,0.82584077,-1.1064687,-0.70623174
-0.14431634,0.65843733,-0.14122204,-0.49588761
0.6129101,-0.23595642,-0.86197466,-0.049456767
-0.39494683,0.62730725,-0.90053293,0.64408667
-0.69528169,0.59431877,1.4124792,-0.99483291
-0.59647814,-1.1464783,-1.2533329,-0.52413963
1.785207,-0.095978189,1.1737371,0.91647998
-2.7239461,-1.2922417,-2.1041227,-0.98809554
-1.0848286,0.60046763,-1.8716209,0.60105823
0.84181664,0.81371487,0.12459501,0.30717168
-0.79554432,1.1042034,0.052241009,1.3693489
-0.16104031,1.1376197,0.8136972,0.26793274
-0.68096347,-0.15394804,0.85634228,0.41284175
-0.34303826,-1.5987899,0.41398488,-0.9358301
-1.3286137,0.12403329,-2.2836772,0.49462253
0.47221983,-0.69598681,1.4509226,-1.6770262
-1.4569179,0.58066917,0.79576456,0.89757745
-1.5958636,0.48771741,-1.508134,0.12447378
0.28774565,0.69049198,0.31941324,0.38552944
-0.040975809,-0.85844214,1.260254,-0.93936758
-1.359391,-2.2313864,1.511761,-0.45066918
-0.23521362,-0.90338145,-2.1313835,-0.03593689
-0.61379281,-1.1114809,1.2916275,1.4226894
-1.6022665,-0.11807843,1.9341759,-2.8620923
-0.32809745,-0.40606472,-2.5740367,1.9235645
0.2299484,-1.2518702,-2.5433931,-1.3376654
-0.16064886,1.0745726,1.504061,-1.041098
-0.64311125,-1.8752602,1.7824855,1.8512062
0.0090329989,-0.45634099,-2.617358,-1.9392564
-1.0811479,-0.34351421,-1.993329,-0.44494961
-0.3480184,0.15151712,-1.4559199,-0.70353538
-1.0645764,-0.5678945,-0.39148749,0.92051906
0.49990589,0.021140867,-0.31450108,-1.585607
-0.96808047,-1.9348917,-1.0157952,-2.6244933
0.57758004,0.15359481,-0.87127482,0.18953983
-1.9610833,-0.0089912105,-0.33231348,-1.3474649
-0.53327693,0.05391816,0.70041271,-1.8348607
-0.13486186,-1.0474389,-1.1091124,-1.8790626
-1.9582999,0.69543755,-0.45636615,1.2941653
1.0640177,-1.6570004,-0.69598934,-1.7911346
-1.7913019,-0.069304466,-1.7637371,0.81289238
0.8358886,-0.80262236,1.1499195,-1.3261033
-0.23072911,-0.3500536,-1.3804798,1.1313807
-0.40753405,0.62378845,0.45096074,-2.0238106
-0.67625499,0.47592095,0.67458647,-2.5514734
-0.3620501,0.063542161,0.16668956,-1.5869175
-0.43028877,-1.00304,-1.1771913,-0.26896758
-2.2006604,-2.9787797,0.012671943,-0.71626926
1.2862951,3.0432748,-0.08047022,-0.96910808
-1.5437346,1.4286231,-0.4515864,-0.57329428
-1.2824534,0.25349649,-0.23724723,-0.047508917
0.26387617,0.6300393,-0.8684567,0.0019705015
-0.61678834,-0.60273023,-0.60744328,-0.14471504
1.7365592,-0.85689883,0.45476697,1.8773274
-0.80375589,0.4765256,-1.0820407,0.6528997
-1.0280997,1.1851883,1.1501099,0.76620902
-1.3599075,-0.65713347,0.080585677,0.90015267
-0.3128576,-0.12079805,0.320286,-1.2486702
-1.0401713,-0.32031425,-1.5093165,-1.8880122
-1.4033751,0.0062021113,-0.51156469,0.062952038
-0.70543309,-0.6922186,-1.1177802,-0.45503339
-1.5683277,-0.0072677686,0.42344165,2.4437779
0.060608369,0.56142562,0.042019845,-2.9956182
-1.7081642,-1.1298706,-1.0416158,2.7860157
-0.60896104,-2.9879886,-0.12867932,2.8614229
-0.51372244,-3.1158171,-0.11415517,0.10407065
1.0114251,-0.37002218,-0.44936142,0.24078642
1.0160683,-0.21218816,-1.6073923,-0.8854884
-1.9504598,-0.13442946,0.76259479,-0.82001497
0.88943514,-0.83635991,1.1921061,-0.20258318
0.50683505,0.46176347,1.1028616,-1.3742413
0.1576963,-0.13076179,-1.8802981,0.82359568
-0.53668921,0.52446008,-1.098521,1.9421262
-0.65180058,-1.2653252,-1.181458,-1.1829879
-1.5517976,1.2939569,-1.0259126,-0.87409419
1.1247621,-1.3840356,-0.36278555,-1.8480978
-1.3360448,1.623251,-0.92292788,0.1681521
1.0791402,1.3578078,-1.1268386,0.67351198
1.1490061,0.60779783,-1.6857861,-1.7352807
-1.1428825,-0.54713512,-0.046143996,-0.78777066
-0.58216859,-0.59257672,-0.2934343,0.074616876
0.3173467,-0.26326268,-0.31147031,-0.67918785
-0.62925651,-1.1546075,0.065165346,-0.23223398
0.30211066,-0.58419643,0.46762986,0.15681059
-1.2874499,-0.30154403,-1.1841656,0.31048596
-1.3274635,1.126037,0.1848189,-1.6687688
0.31105125,0.39922357,-1.1750953,-1.7953129
1.1991039,-0.6044332,-0.57340533,-0.5836939
-0.78789217,1.0476953,0.078154373,-1.4796942
-0.82695374,-0.46597674,-0.25293088,-0.19211852
1.0161618,-1.8362594,-0.63025395,-0.39627182
-1.2816001,-0.26304723,-1.0748354,-0.04817808
-0.38917247,-0.73993219,-0.80864936,-0.50626008
-0.41618174,0.30446952,0.46932309,-0.13307015
-0.18339744,0.44239169,-1.4831229,-1.8175411
0.014641591,0.60463735,0.9362924,1.4371319
-1.2486082,-1.2198148,2.0105915,-2.0548982
0.2669312,-1.1718465,-0.62230666,0.052019883
-1.0783793,-0.44092099,-0.27391057,-1.1622962
-0.20025697,-0.24028134,-0.27958764,-1.3697217
-0.74144217,0.41332678,-0.4362854,0.38718872
-1.1305792,0.32978701,-0.38981593,0.17015713
0.29017206,2.3432286,0.70520368,-0.023329281
-1.6584961,-0.024042194,0.8372564,-0.73996242
0.41870139,-0.23359692,-1.5851107,-0.13539725
-1.84714,-0.01642497,0.50820666,-0.2191632
0.43960653,-0.80363733,-2.0313833,-0.8455713
-2.4631908,-1.1701637,-0.52832395,-2.0260584
-0.7234172,0.95844125,-0.2230717,-2.3318828
-1.6014906,0.0031349185,-0.17416766,-2.2303231
0.70025505,-0.25920848,0.54404928,1.4470747
0.14974869,0.16921152,-0.86239033,-1.676241
-1.7883182,-0.99611679,-1.4638044,0.14966571
-1.3263448,-0.77034401,-0.43816017,0.16340475
-1.73064,0.26620287,-0.83509738,-0.29628903
-0.036071618,-0.12265097,-1.0963775,-0.11805361
-0.40646052,-1.0394817,-1.9220592,-0.24181358
-0.51126588,1.1630366,-0.48067082,-0.65651574
-1.4317492,0.81551678,0.25341072,0.33700638
-0.54517783,-1.203931,-1.5608416,-1.4254402
-0.22697816,0.87401643,-0.17169885,0.33402696
-1.0197392,-1.4994146,0.66013618,0.1300879
-1.3270478,-1.3575694,0.30052183,-0.11116498
-0.1553557,0.20289656,-1.1043218,0.70505577
-1.9166244,0.4405013,1.7905562,-1.7282347
0.39906413,-0.53980613,0.41231969,-2.4987171
1.2018338,-0.10750077,-2.0940902,0.67308986
-1.3963962,1.4534163,0.77548277,-0.26719074
-0.4221234,-1.5821073,0.76294403,-0.79664922
-0.41083082,-1.2563152,1.288499,0.25332635
-0.62616341,0.31237347,-1.3274404,0.239413
-0.87874672,-1.3074606,-1.7046234,-0.29058557
-0.16314537,0.39848108,-1.8512688,0.37186622
0.26897068,-1.3644544,1.3419616,-0.18908819
0.21886829,1.3896025,-2.4801725,1.5999478
0.49043983,1.745077,-1.9461552,-2.3705725
-0.11570569,-2.0954281,-2.0398754,0.30885397
-1.9689092,-0.44415656,-1.7731869,0.49644194
0.78760885,-0.2074105,0.91674094,-0.81832112
0.13964902,0.0049921748,0.46415207,0.25546842
0.44066301,1.3839785,0.50287283,-0.54744946
-0.0086826228,0.41700885,1.0635829,-0.75010124
0.51886232,0.18012478,-2.1572591,-1.1483534
-0.2208501,-0.35087759,-2.1947021,-1.1297554
-0.39079932,-0.041449659,-0.0569073,-0.7485979
-1.2840822,0.42936195,0.36659082,0.12213506
0.12589748,0.73415981,-0.21858371,-0.18253434
-0.75391386,1.1597726,0.42093315,0.36571948
-0.18763958,-0.69851471,-0.21498101,-0.13409821
-1.0379099,-0.16782182,-0.70831686,0.39913064
0.17012454,-0.55409099,0.22215667,-0.35492329
0.32314897,0.051888648,-0.96751028,-0.89147797
-1.0646868,-0.16064512,-0.8632392,-0.17065407
0.13394229,0.24788047,-0.68872217,-0.17093322
-0.24455901,0.73919579,-1.1073623,-0.40885816
-0.76012606,-1.568611,-1.64949,-0.60950087
0.23959429,1.4585902,1.6850653,-0.38881681
-0.95354129,-1.5745466,-0.42339391,-0.50946547
1.0437608,-0.14070905,0.096056396,-1.3579576
-1.8289491,-0.12421591,0.12479791,-2.0062506
-1.7546668,0.039834628,-0.32704531,-0.1391345
0.9580542,-0.38284604,0.191843,-0.83095566
-0.76014625,-0.30088758,0.49815276,1.0100341
-1.402647,-2.0605953,-0.66862759,-3.0415479
-1.8223788,-2.7186332,-1.0610278,0.66152239
0.86277974,-2.2559373,-1.3310413,-0.48241041
-2.1774969,-0.9377895,-1.3249625,-1.2327169
-1.1780093,0.40817213,-0.20405756,-0.71889594
0.23928043,-0.81758032,-0.33927662,-0.75464758
-0.69795039,-0.93873175,-0.46898672,-1.9060006
-0.12642236,-1.4011097,-0.93389221,1.1422158
-0.50570664,-1.4541793,-0.92368002,-2.0825171
-0.45605727,0.056778175,-0.56783441,-1.6083233
-0.53805237,-0.68876359,-0.8495898,-0.075083552
0.57061961,1.0854577,-0.70659693,-1.2812015
-0.30571237,-1.1820369,0.25641716,0.26241133
-1.0793339,0.41060894,-0.45897158,1.8147376
0.69013043,0.68130785,0.056604594,-2.8274026
0.90246272,-1.160892,0.56574336,-1.0124705
-0.42559936,-0.7593201,-1.8868429,-0.11185358
-0.13354286,-2.3189406,-0.970139,-0.75603227
0.04032335,-2.8109437,0.18467167,-1.5969755
-0.054229368,-2.2087012,-1.7888953,-1.1318156
0.99662691,1.6162925,1.1313479,-0.95152697
0.64061217,0.64956919,0.3992072,0.1410664
0.93801357,-0.33769106,0.32906685,0.57370393
0.78504695,-0.22398687,0.39893442,-0.83420127
-1.0206047,-0.21075996,-0.73942156,-0.45296234
-1.0189223,0.14778889,-1.2079402,-0.41141198
0.87702277,-0.0013591487,-0.52341157,2.556657
-1.7972305,0.88869015,-0.31215769,2.0088266
-1.7540433,0.3633918,-0.50035912,1.909363
1.1371208,-0.1336028,-0.01884954,1.613372
0.6906815,-0.32350671,0.60731911,0.25723073
-1.4143048,-1.4131845,0.085822511,-0.84288369
-0.9074724,0.55522516,0.65732928,-0.80640343
0.21559766,-1.8604164,-0.20485638,-0.25094285
-0.63921318,-0.42947395,-0.70160893,-0.085608003
-1.8621783,-1.4365752,-2.4840285,-0.95276255
1.4868766,0.55992532,-1.8958098,-0.076595529
1.6911095,0.20458254,1.988035,-0.13855347
2.9868626,0.96921855,2.0749875,0.10078728
-3.8085979,-0.1314575,-1.9650933,-1.0419469
-2.3790593,0.3522914,0.92434216,-1.4939827
-1.6217408,-0.32582356,-1.2446805,0.75689053
0.37668562,-0.32582356,-1.3465389,0.13286863
0.80664159,0.63339812,1.4029599,-1.0802667
-0.90447907,-0.28718456,0.75467319,2.3846794
-1.4037499,-0.39515428,-1.5667439,2.3223716
-1.2876557,-0.0029284549,0.64261833,0.41888447
-0.79300683,-0.016931448,-3.0472649,0.51553088
-2.239742,-1.3925829,0.81152263,-1.2491633
0.75581286,-2.2489181,-0.5124954,0.36778019
-0.65653678,0.69584552,-1.3045748,0.10957111
-0.4995421,-1.0356686,-0.75496839,-0.24869433
0.071052267,1.0701453,-0.6747659,-0.6559313
-1.0091523,1.3807133,-1.8420009,0.7164994
-2.2874287,-1.4860277,-1.8157471,-1.350487
0.14993924,-1.5927186,-1.6286337,-0.68144063
0.53265177,-1.9844384,-2.4106448,-1.2179662
-0.045817375,-1.486758,-2.3521584,-1.4216404
1.2451803,0.802779,-1.6787389,-1.5805899
0.97686402,-0.62376274,1.1342289,0.46404115
-0.060670729,-0.24512115,-1.7456033,0.10389985
-0.68492215,-0.43457296,-1.4932578,-0.16529587
-1.3826178,-0.64322721,0.61616803,0.92208978
-0.64997113,-0.36700062,0.70171825,-0.80776407
-1.7057838,-1.6942733,-0.85276111,-0.4731608
0.42830305,1.8212465,-0.95929142,-1.1044952
-0.53924742,2.0190495,-2.1534886,-1.6369805
-0.75276015,3.3444975,1.3817439,1.0234794
-0.39211917,-2.3643914,1.3992731,1.4707322
-0.10248479,-1.2481724,-2.136371,-1.8433993
-0.17599221,0.65917668,-1.7965212,-0.65927853
-0.40091446,0.9332053,-0.69040308,0.63777683
0.46214131,-0.49836545,-0.85050938,-0.16206595
-0.1678362,0.90545891,1.526915,-0.6144863
-0.73530027,0.84444344,-1.9166384,-1.5137228
-1.6170962,-1.2883031,-1.2383503,0.68531823
0.67508038,-0.1793884,-1.664955,-1.1897994
-0.33309135,0.090592105,0.40098236,-0.54703988
-0.82734067,-1.1205516,0.1983301,-1.1512278
-0.93127556,1.0514677,-0.712038,0.10829634
-0.35236443,0.25345457,-0.095120915,-0.42601563
0.34681092,0.054725799,0.13944888,0.21653447
-1.4966047,0.27631207,-0.30598859,-0.52418763
-0.84216503,1.1587834,-0.33814269,-0.47043423
-0.68279037,-0.35047739,1.1633245,0.28635064
0.44157122,0.20919103,-0.7781958,-2.1899044
-0.33457642,0.62608849,-1.6410765,-1.9161792
-0.39343495,0.60299193,-0.27922024,-2.1434528
-0.73480941,-2.4856502,0.23846444,-1.8841529
-1.5667982,1.2512712,-0.14959795,0.67652242
-1.4379993,1.110426,1.9372876,-1.2453601
-0.6568007,0.031931053,-0.059516167,-0.91757824
0.0021275274,1.3437013,0.81811865,-0.633025
0.24451058,-1.7720929,0.94674765,-0.45545094
-1.3659917,0.18192023,-0.060954508,-0.9896335
-1.544939,-0.91393651,-1.0441821,-1.21432
0.003603898,0.050229591,-1.2942945,1.1516904
-0.6756874,1.4061357,1.0292837,0.73602375
0.33215605,-1.5585912,-2.2162242,0.68429975
-1.1725492,-0.25158555,-0.21923807,-1.0131354
0.45698339,0.36810199,0.71938187,-0.52600927
-1.1588745,0.99512779,0.65928504,0.2467705
-0.17195097,0.31220677,1.6198566,2.1033958
0.35688056,-0.380199,-1.0658641,0.67322834
0.56969554,-1.3432429,1.1067693,-1.2754723
-0.99181317,0.90361157,-0.51317157,0.80135348
-0.27530721,-0.14179631,-0.51317157,-1.7532447
-0.94273656,0.19920434,-0.31583007,-2.011983
0.27309767,-0.49850791,0.019908424,-1.5229309
-1.9816334,-0.55916109,-0.3770801,0.19197453
-0.71609098,0.60578992,0.59179296,-0.43371474
-0.59230762,0.53449472,-2.3637865,-0.64510776
0.31508569,0.99449793,-0.14133452,-1.2773059
0.20577076,-0.70256971,-0.69523615,-0.80719426
-0.85615988,-1.2518771,-0.66363118,0.49440074
0.42674117,1.0455753,0.59184177,0.67129075
0.37330364,0.41788639,-1.6625732,-1.3788209
-1.0823956,-0.58992472,0.97001587,0.87995513
0.3190696,-0.28860134,-0.52261633,-1.5598245
-0.7316044,0.061963446,-0.34939716,-1.0935736
-0.92912662,-0.33954106,0.11800348,-0.32869032
0.0074636857,-0.13733976,-0.92345409,-0.18136942
-0.67978313,-1.7402098,-0.9773661,-0.7774598
-1.7469324,0.74176854,0.3080266,-0.58184142
-1.600719,-0.13333681,0.24607684,-0.31769054
-0.21524068,0.79701257,0.19173043,-0.77196612
-0.77394086,1.5332315,1.8463331,0.81000617
-0.097298918,-1.8806715,1.994574,-0.58402388
-0.3835416,-2.2662107,0.1666463,-0.08784411
0.076468768,-1.1386688,-0.18299243,-0.62151022
-0.64647825,0.57307569,-0.60309441,-0.47165951
0.65648441,0.80758884,-0.55223829,-0.47368014
-0.1834034,-1.1946658,-0.20419189,-0.31228774
-0.73166935,0.23154799,0.24638446,-0.37355817
-0.97477981,0.020313476,-1.3288367,-0.35061843
-1.6756826,1.8318257,0.40409623,0.094530496
-0.84218907,0.46128872,-0.059498858,-0.66643781
-1.0621758,-0.22622759,-1.0335232,-0.18920551
-0.56814436,-0.17710822,0.37646124,-0.17108536
-0.20440828,0.17025937,-1.1271639,-0.56759327
-0.61826541,0.088440548,0.49874176,-0.83859495
-0.96996982,0.45394197,-1.0928219,-0.041832705
-1.5436194,-0.83669689,-2.2105266,-0.7079266
-1.1870897,0.32320367,1.239137,-1.0769156
-1.5129418,0.66929588,0.36298589,-0.026572499
-0.58639118,0.90547743,-1.2064195,-0.86871972
-0.30060784,-0.37537926,0.40366664,-2.3081274
-0.75604647,-0.010448315,0.079829724,-1.6189562
-0.92252412,-1.2666896,-0.034195189,-2.539749
-0.1031226,-0.91124943,-1.0728973,-1.5222254
-2.0382797,0.46710045,-0.35529224,-2.4784781
-1.9675061,-0.848494,-1.2096815,-1.7959073
-0.92711792,1.4042231,-0.30936654,-1.2126017
-2.0098053,0.69054505,-0.75513792,0.13539537
-1.1026622,-1.4496247,0.40540882,1.6125897
0.47751973,0.63206562,-1.1236236,-1.040044
-1.3705378,-0.72401259,-0.5530606,0.052025598
-0.77054933,-0.023114766,-0.28650675,-0.6323909
-1.120826,0.35682249,-0.54180421,0.53186291
-1.4952758,-1.1722255,-1.474726,-0.50301252
0.1409972,-0.82995212,0.7868425,-0.65523888
-0.92004825,-0.27661326,-2.2282825,-0.48029776
-0.23776956,0.063181209,0.98897025,1.3554026
-0.08745455,-0.40595111,0.32263072,1.1077246
-1.0076768,-0.099167668,-1.9594972,-0.38774133
-0.25973129,-0.12226009,-0.25058506,0.52737177
-0.72156821,-0.92207957,-1.2116453,-1.4988211
0.51415063,0.4421666,-1.7245293,-0.86841748
-0.93866306,0.2053488,-1.6310152,-0.78582054
0.49105777,-0.11143971,-1.9305234,0.066570765
0.86414708,0.43869674,0.7700089,-0.59588676
0.90613351,0.31820902,-1.0363333,-0.50550627
0.83709494,0.47333379,0.74502369,-0.96302763
-0.35261814,-0.33566107,1.5909598,-0.88556395
-1.0987449,0.56920914,-0.54178037,0.0033896437
-0.49148345,-0.66120933,-1.4252997,-0.47032215
0.15077952,-0.82338901,-1.4384685,0.3091433
0.13589042,-0.13051182,0.85791842,-1.6819779
-0.09357457,-0.47711866,-1.6394987,-0.65065689
-0.85900524,-0.35674391,-1.6542613,0.16951988
-0.39141954,-0.62727752,-2.4611042,0.82617024
0.25356889,0.44822196,-1.4236835,0.92644681
0.33478669,-0.46846775,-0.81936478,-0.54259648
-0.063877371,0.60265304,-1.779563,-0.97031047
-0.52864943,0.77737721,1.181097,-1.4728854
-2.3491449,-0.10268496,-2.5013633,0.99486814
-1.2035524,0.34476056,-1.2486116,-0.82547524
0.43392743,-0.10780264,-1.431923,0.069046705
0.46355546,0.22497068,1.0823823,-1.2067578
-1.4856515,0.14959154,1.5308936,0.10304661
0.50389591,-1.3162885,1.3074997,-0.11578682
0.43057541,-1.0867781,0.60858299,-0.96235956
-0.17609612,0.40835227,0.56988539,-1.1455585
0.09196849,0.052584122,-1.023658,0.56256781
-0.83226242,-0.50962045,-0.30678851,-0.5731128
1.4548445,1.465369,0.17712609,0.86871998
-2.0375854,1.4531655,-0.19268451,-1.5141914
-3.4455345,-1.7064762,-0.47244209,1.0133692
2.2536095,-1.3322792,-0.047361959,-2.0779685
2.4182927,-0.84223798,-1.0095766,0.14053271
-0.73623863,0.037021598,-0.8467092,-0.66242626
0.26448543,-0.78993022,-0.30326256,0.11495591
0.45932635,0.3576187,0.58733725,0.22325696
0.59037082,0.75046929,-1.6468965,1.3732444
0.23252305,0.10827146,-1.7974343,0.98564323
-0.38990115,-1.0885492,0.95342696,-1.2514662
-0.24747906,0.31345083,0.88994459,0.36493274
0.10945286,1.0264882,0.41573508,-2.0851804
-0.97723168,-0.54705603,-0.96095936,-0.73108543
-0.76055831,0.13027273,-0.373044,-0.421244
-1.2663963,0.72090928,-0.87640598,-0.38918654
-0.98684394,0.23594612,-0.93476585,-1.8219947
0.050125259,-0.32454857,-1.8362671,1.5777793
-2.0190879,-0.74030074,-0.017429642,-0.20812734
-2.3724156,-0.92898457,0.84182288,-1.0230738
-1.3098187,-0.52172866,-1.0802041,-0.90948334
0.43799292,-1.8174274,1.0100795,-0.33148439
-0.50543547,-0.69648563,-0.89791582,-0.9483165
-0.22958545,-0.72655216,-0.81545906,0.39549063
-0.77514801,0.28013972,0.27043914,0.085931382
-1.2157991,-0.033818194,0.60419561,-1.8038127
0.75997037,-0.7163884,1.492752,-0.46789907
-2.9396791,-0.54826237,-2.6834966,-0.56316559
-2.1143429,-1.1372931,-0.71751969,-1.0485861
-1.2540423,1.3486539,0.33508465,0.56038806
0.53628581,0.27059341,-0.89986163,1.0361477
-0.52509266,-1.99794,-1.302458,0.30798279
-0.87423672,2.5214118,0.47561867,1.6499053
-0.25044844,0.37380322,-1.0793714,-0.89447362
0.6286352,0.33543562,0.15913363,0.31296021
0.61509896,-0.44301666,-0.42712345,0.6243636
0.69073085,0.37124051,0.28841773,-0.79133638
-1.5027492,-0.34788663,-0.32662589,-0.85488232
-2.0200077,-0.38907513,0.08298797,-1.5670548
0.77237324,0.80696591,-1.2418587,0.057942996
0.66284154,0.64146686,0.31304734,0.36776512
-1.2318861,1.1673633,0.47384532,-0.99957229
0.081860215,0.77807083,-1.2777422,-0.87498389
-1.0887921,0.30222852,1.0951769,-0.52450203
0.70183882,0.60416119,-1.7286788,0.049561588
0.52842264,0.37603644,-1.3174842,-0.077230262
-0.60305615,0.84238377,0.5178556,0.1719944
-0.19260376,-0.099294884,-1.5817295,-1.5977038
-0.46004851,0.36549169,1.2043684,-1.0555903
0.87073289,0.0051936083,-1.4643866,-0.33823491
0.24358167,0.32762578,1.0234019,0.64414204
-1.1104587,0.10758824,-0.15162892,-1.2012434
-0.84148767,3.7049671,-0.16832865,-0.54746572
-0.78933847,3.2037819,-1.0447151,-1.4529397
-1.7286002,2.4502911,-0.0054764745,-0.63359898
-1.7286002,-2.0808217,-0.65689842,-0.14588791
0.75581526,0.20017122,-0.98932355,0.16583283
-1.2877488,-0.79317754,1.5133413,-0.70819777
-0.60053573,0.82899802,-0.38999478,0.38182414
-3.5850508,0.45836787,0.71102725,-1.1586867
-2.9877993,-0.31312529,-1.6411826,0.77398441
1.9130605,-0.24597358,-0.79481597,-0.41635321
2.4431992,-0.31108352,-0.98709387,-0.48615148
-1.2047438,-3.0360766,0.89721864,0.12098077
-0.066322382,-0.22706707,0.9461945,1.0586258
0.15907158,-0.54515457,-1.1898337,-1.6364037
1.9259961,0.18824386,0.5250118,-2.9386711
-2.8488286,-0.74715696,-2.2916514,-1.2415113
-1.8131445,0.75934022,0.52840583,-2.0835462
1.0616498,-0.99780089,-1.1519581,-2.3442027
1.0616498,-0.77737976,-1.5885058,-0.75808274
0.051373168,-0.42328121,-0.30471037,-0.31017331
-0.58977025,-0.22464678,-0.32931148,0.051121255
0.5550772,0.080991094,3.7011292,-0.27011495
-1.0189182,-0.86734346,-0.35660705,-0.42770365
-1.0880469,0.47922227,-0.95309114,-1.614825
0.12726855,1.6319981,1.2750393,-1.4015759
-1.4485252,0.2350044,0.3856905,-0.75196056
-0.30398808,0.46272241,0.33395322,-1.0541271
0.50996386,-0.95297595,-2.0085557,-0.90405693
-1.3833915,-0.76843335,1.0441051,-0.17156696
0.32620139,0.78063535,-1.0326153,-0.48203384
-1.8715641,-0.58420622,-1.9824482,0.37068012
-1.2927451,-0.21132505,-1.4748735,-0.5176652
-2.0239175,-0.98251853,-1.9766146,0.13071508
0.80896102,-0.55397242,0.67932904,-0.60314047
-2.6503386,0.18445053,0.52427104,-1.3253631
1.6243161,1.3391418,-1.2195878,0.86934125
-1.475628,-0.43549261,-2.0764651,-1.896652
-1.6722574,0.10312972,-0.11348594,1.1720772
-0.9796751,-1.5397911,-0.79090876,-0.0070645003
1.1742356,-0.26249708,0.24058438,-0.15556375
0.92443976,-0.59570842,-1.4957496,-0.30519414
0.51610398,-0.50582158,0.021855761,-0.52584475
-1.0964536,-0.40404425,0.054138522,-0.40902796
0.5196851,-0.26994249,-0.32878708,-1.404236
-1.2506295,-0.18687004,-0.0031044333,-0.63039595
-0.097556321,0.24379325,0.71642638,0.21265666
-0.40396293,1.1033951,-0.14766444,-0.3911573
-0.25991184,-0.81675311,0.28885879,0.85754637
-0.83117875,-0.18134776,-0.69210357,-1.4760296
0.22448709,0.28139291,-0.81310837,1.0104796
-0.50228194,1.1404232,0.10554879,-0.33953002
-0.83513592,0.42850907,-0.22713962,0.85292992
-0.11657712,-0.56171335,-1.2257116,-0.55540087
-0.18975583,0.099839834,-0.38781577,0.14878369
-0.18975583,-0.1686806,-1.7201443,-0.54137062
0.49713014,1.3173818,-0.17534162,-0.96491259
-1.4692785,-2.1203602,-0.30919899,0.61354882
-1.6640857,-1.7187167,-0.020280783,-1.8239441
-1.0760426,-1.129969,-0.28169961,0.72204099
-0.22221644,0.71229554,0.64051519,-0.50228072
-1.873191,-1.0473092,0.36693857,0.6237097
1.2034014,0.72462506,0.22891522,-0.31784679
0.22785374,0.34986186,-0.83608068,-0.38719115
-0.99859859,0.99445139,-0.47909499,-0.98407438
-0.32838557,-0.09973607,0.7973162,-0.96623787
-0.3970153,-0.08881055,-0.84015346,-0.39356066
-0.40625946,-0.48561382,-1.3231686,0.76568463
-0.061425364,-0.6501759,-1.0791413,-1.0066426
-0.98312234,-0.74249083,0.089524612,-0.091417474
0.70748103,-1.7080337,-0.5692461,-1.0765745
-2.0194583,-0.91453421,-1.7109521,0.13199195
1.9974811,-1.1120979,0.76103505,-0.8524353
-1.2912818,-0.99421612,-1.4676846,-0.82005275
0.75017542,0.40892095,0.077638112,0.20248667
-0.83295449,-0.70655564,0.90936213,0.83573811
-0.29456176,0.2960547,-0.38355889,0.44766722
-0.4357322,-0.99308477,0.50717626,-0.35399823
-0.61591443,0.80349881,0.92009816,0.15957736
-1.9078198,-0.67418124,0.495011,-0.96161046
-1.5528966,0.29913297,-1.2562095,0.72234877
-0.97968068,-0.066793352,-0.29630798,0.10734023
-0.098175125,-0.45627331,0.20488827,-1.0297732
0.0085171271,1.1289095,0.74939334,-0.11482148
-1.2749538,0.77799264,-1.474374,-0.57860962
0.17872365,1.4791688,0.079539921,-0.18166825
-0.82566434,-2.3066865,-0.044724251,-0.93935505
-0.45212239,-1.9427669,-1.5827548,-0.048288406
0.99025265,-1.6874335,-0.86572353,1.1637187
-2.2444481,-0.66965154,0.26547184,0.86983036
-0.91092319,-0.42378604,0.91999431,-1.1767573
-0.041357326,0.39562396,-0.67817253,0.94682184
-0.20868568,-0.66136292,0.0769021,2.4878426
-0.13221701,0.14412506,-0.67073227,2.8048546
-0.56958277,1.0596117,-1.5731228,-3.1616139
-0.56958277,-1.144668,-1.0256998,-2.1279723
0.73986485,-0.0063344733,-2.5211352,-0.012456469
-0.23551393,-0.42909593,1.4639897,-1.3661203
-0.28534584,-0.74330296,0.67368525,0.082053359
0.9911237,0.32061796,0.028366329,-0.11939013
0.70943165,-0.0046287695,-0.62441972,-1.0743907
-1.2165416,0.01082232,1.1915092,-1.2330858
0.57838348,1.5365181,-2.2925572,0.09901497
-1.1603238,-0.26011872,1.4374538,-0.10834481
0.26843595,2.0065085,-0.32071137,-1.134961
-1.0225647,0.24087144,-1.0546405,-0.46788838
0.28476688,-0.56945099,-0.51041044,-1.3303721
-1.2418681,0.8397719,-0.041059054,1.0041365
-0.032790752,-1.0776033,1.1189557,-1.2407891
-0.79827531,-1.2412237,-0.9291369,-1.8970948
-0.27178302,0.002423194,-0.28972334,-1.9063413
-0.60967265,-0.3087934,-0.20662126,-0.34780181
0.035178491,-0.86284274,-0.54485973,2.0999827
0.13502373,-0.72303325,-0.80615786,-0.30800495
-0.040578304,-0.49444064,-1.1252203,0.26679675
-1.4553189,0.64511871,-0.22131308,-0.94150852
0.36803879,0.11845242,-0.63029311,-0.19188995
-1.6409673,-0.036777986,-1.2338229,-0.80658266
1.0595334,-0.10178394,0.58345941,-1.7416889
-0.49165898,-0.093140322,-0.83581565,-1.1281471
-0.30967308,-0.59082991,-0.80550556,0.24510618
-0.55124695,1.1611074,-0.20363754,-0.35835393
-0.6794477,-1.8944645,-0.95720893,-0.87463928
-0.4330535,-0.62966024,-0.72213066,-0.85716252
-0.5588219,-0.27236121,-0.25166307,-0.064697023
0.73105648,-0.14388838,0.058073584,-0.14460102
-0.25246883,0.81196313,0.498385,-0.40861528
-0.84552506,-0.64997505,-0.70167309,0.35607514
-0.42517591,-2.039014,-0.092788763,0.84010022
-0.77505244,1.58288,0.20783292,-1.3394058
-0.84043551,0.77432251,-0.41672248,-1.1956743
-1.6512965,-1.581585,-1.2899879,-1.4737203
0.57607007,-1.3892784,0.56091966,-0.99544422
-0.78274539,-0.5429545,-0.97151847,0.59226083
-0.27468558,-1.0271182,-0.28715037,-0.13588678
-1.0806397,-0.36478681,0.68872974,-0.068128419
0.25503773,-0.016401902,-0.88750871,-1.6636592
-0.57508753,0.77657033,-0.54911301,-0.92095456
0.22353642,0.38592094,0.051241458,-0.39943716
-1.0945621,-0.99081476,-0.67478159,-0.58322626
0.50550507,1.0811846,-0.73052547,1.253593
-1.248621,-0.56123276,0.72716564,1.0427805
1.1716475,-0.39621963,0.15938051,-1.5784653
-0.17557857,-0.61707654,-1.0904017,-1.0744917
-0.5141414,0.69731634,-0.49179146,0.52422237
-1.2842876,-1.3054601,-0.18377715,0.5017985
0.55249474,-1.5409629,-1.5959941,1.2249841
-1.2445819,-0.98466091,-1.6083534,0.67383577
0.81846783,0.54235393,-0.58951191,0.12588045
-1.6364315,0.18360865,-1.0993579,0.18395254
0.87225054,-0.8501917,-1.0747279,-1.4895214
0.29154637,-0.99694709,0.89292118,-2.6429817
1.0293131,0.22828837,0.092504548,-2.0676654
0.58778486,0.32926735,-1.0306569,-2.2245895
-1.6118233,-1.0447932,0.21880903,-2.6954255
-1.5371267,1.4958178,-1.5923587,1.6414939
0.10569082,-0.87683296,-1.2393813,1.5798672
-0.25140101,-1.9080349,0.71743388,-1.6158768
1.0760979,1.2594398,-0.70252999,-0.95679754
0.55997729,-0.1882397,-0.22138976,-1.5007297
0.1618253,-0.59318537,0.042972047,-0.7055812
0.79802836,0.16271785,-0.31388646,-2.4381875
1.2689882,0.77589887,-2.486111,-0.36952103
-0.79665141,-0.43058156,-2.019033,0.28134347
-0.50028484,-0.77385057,1.3298348,-0.09862391
-0.98675623,-0.023626869,-0.0028557316,0.057881936
-0.50648379,-0.11429983,-0.092769574,-1.2944008
-1.0681708,-0.066859984,-1.8038789,0.3680045
-0.5456096,-0.35972818,-1.5676661,-0.37513316
-0.77341043,-0.45822263,-0.61942735,0.27093643
-0.28217716,0.86779515,1.5959769,-0.61384839
0.078010407,1.3885984,-0.57184023,-0.049093169
0.62195657,0.56987801,0.6404554,-0.12289557
-1.4902564,-1.1708437,1.3531675,-0.54927627
-0.75413862,-2.502571,-2.3470399,-0.53668438
-0.51872165,-0.050447462,0.72411574,-0.30255007
-0.68103403,0.027615243,-0.60125897,0.13359989
-1.2519538,0.074479893,-0.75837079,-0.64519402
-2.1829738,-1.2541892,0.56040947,-0.84812411
-1.0152361,0.58633138,-0.82712451,-0.59261317
-2.109653,1.2804765,0.59406189,-1.071024
-2.7881051,1.3850834,-1.864458,-1.5321627
1.103654,-1.9538924,-0.15958198,-0.89048883
0.89771817,1.3715735,-0.25542251,0.46887181
-1.0511064,-1.2350144,-0.92735186,0.82241865
-0.2913964,-0.79979199,0.84878888,-1.6721908
-0.48437678,-0.49816456,-1.726517,-1.9947385
-0.30528499,0.730449,-0.55942603,1.4733691
0.1975248,-0.19082454,-1.2497111,-0.93703515
-1.631156,0.011418629,-2.1614578,-1.0788348
-1.3334241,-1.0667013,-1.808037,0.28888172
-0.068912847,0.79936936,-0.75898572,-1.7871856
0.24008578,-1.6356627,0.010825536,0.10256352
-1.3789563,-0.61516057,1.2585272,0.14933239
0.7175598,0.18866656,-1.4973157,-0.47189384
-1.9952019,-0.13132676,-1.3716381,2.1329144
0.38086649,-0.24958681,-2.6085509,-1.0172536
-0.75114346,0.21348624,0.54091662,-1.1366597
-0.51678347,0.044383765,-1.3936502,-1.0910212
-0.15546299,-0.79691368,0.52160304,-1.2917305
-0.65658772,0.74287353,-1.3477908,0.9118114
-0.75822043,1.1875052,-0.099499832,1.2475662
-0.97983506,-0.90501824,1.6985596,1.470384
-2.0358211,-1.775733,-0.73031826,1.1929308
-1.1969987,-1.5794992,-0.4346715,-1.8222775
-1.3024915,-1.5525494,0.023427091,-1.2080374
-0.42011758,-1.1753598,0.77704962,-2.110251
0.19298853,-0.54822063,-0.8030889,-3.4976601
-0.63905829,-0.057125369,-0.68774776,-3.4021843
-0.12588283,-0.58133867,-0.59383982,-1.1619102
-0.45952194,-0.16954371,-0.84538988,-0.73901909
0.29032575,-0.77581246,-0.28113898,0.29566307
-0.43379551,0.96194783,-0.2697356,-1.8985326
1.120877,-1.9983895,-0.28147807,-2.5638671
-0.94965498,-0.06557397,-0.96337041,-2.0646507
0.035697293,0.46261329,-0.87330556,1.356852
-0.60216822,-1.0537371,-0.2692893,0.50213225
-1.7421681,0.8917836,-0.41659051,-0.23313182
0.29266412,-0.27390443,0.11705292,0.087950076
-0.21119686,-1.9834112,-0.89347166,0.34749606
0.41432576,0.25323273,0.010799209,-0.28922674
0.52308235,-0.49392541,0.76525223,0.64643714
-0.63334348,-0.59891094,0.38788258,-1.1816373
-0.58568628,0.11379899,0.16562659,1.2818385
-0.36910547,0.06963416,-0.66373503,-0.63641883
-1.0849408,0.34676192,1.0498155,-1.1339768
-0.10359478,-0.031998963,1.5011144,2.0152456
0.092548437,-0.073643535,0.46015069,0.8384243
-1.6950426,-0.16395848,0.55001502,2.1955669
0.75872652,-0.59224638,0.44395736,-2.5630656
-1.4828116,-1.0282249,-2.0323313,-0.719993
-0.50872922,-1.463773,-0.45679963,0.21877216
-1.1441981,-0.66469689,-1.2812506,-1.1721827
0.13642107,0.53223871,-2.4402446,-1.2393711
0.83228304,0.92209661,-1.1403001,2.2469595
-0.13721546,-1.7089636,-0.30512577,0.52520875
-0.32095248,-1.936297,-1.6460692,-0.75397332
-0.9637333,1.4598634,1.0331547,0.12750357
-1.5655304,-1.0683998,-0.17322616,0.12249443
-1.3541707,-1.1794772,-1.4550081,-1.0900281
-0.14879548,-0.30706517,0.30666194,0.52707033
0.11697223,-0.31775252,-1.6269912,-2.28446
-1.3053393,-0.10778112,1.3357445,1.0982093
-1.3122758,-0.065424962,0.14386694,-0.72153161
-0.50104508,-0.44153639,-1.8852054,-1.1383738
-1.1497408,0.76872462,0.9005657,-1.6916273
-1.1406205,0.34960433,-1.2263238,0.55322344
0.2240203,-0.96233479,0.028077223,0.0004241931
-0.061592752,-0.98037544,-2.8611995,-0.33727821
-0.10858963,-0.93945735,-2.3047862,-1.5752041
-0.83505703,-2.6653192,-0.73841152,-0.98282021
-0.47126807,2.2726194,-0.42061947,-1.9044615
-0.26748979,0.90281743,0.99454014,-1.8788991
-0.25794434,-0.25684079,-1.6128794,-2.1447638
0.062362722,-1.4110735,0.03956681,0.17956458
1.0214293,-0.78520379,-0.38854665,-0.86179092
1.3176994,-0.53416564,0.14266769,-0.87538799
-0.28290135,0.306395,-1.8762443,0.1172092
-1.5948597,-2.8343538,0.10586949,-0.70969006
-0.080604935,-0.17798606,-1.0169474,0.091160404
0.43237171,1.0285978,-0.37497267,-0.12338782
-0.072932406,-1.2132114,0.41658436,0.69366405
0.042165546,-0.50892466,0.43337339,-1.2938567
1.2216528,0.70743452,-0.53201253,0.51758387
-1.7044466,0.88909592,-0.84821572,-0.36699641
1.2150359,-1.4802442,-0.43078698,-0.48957136
1.6219583,-2.1760137,-0.17271423,-0.98311734
0.91448869,1.7556317,0.10807379,-0.85907196
-0.62143472,0.64722372,-0.83468792,0.2382041
0.41160633,-0.88074779,0.92981494,-0.8995543
-1.4749963,0.7692995,1.7095587,0.52304898
0.87666748,0.51507604,1.1019055,0.25311721
0.6029675,0.36155723,-2.1944378,-0.74543163
0.70020979,-1.0051142,0.74816622,-0.28817054
0.032532572,-0.96443429,-1.0975136,-0.68804505
0.16266046,0.76406037,-1.2119613,-0.72794924
-0.9476543,0.62471911,-0.013767007,-0.64803499
-0.297275,1.4367229,-1.0883733,0.78115834
-1.2599047,0.88338655,-0.56467223,0.23521414
-0.29798567,-0.16970176,0.1400841,-0.25979567
0.058345636,0.059175575,-0.99262667,-1.1370279
-0.25354828,-0.23125687,0.76258575,0.23904262
-0.68506355,-0.13162905,-1.4989234,0.83577288
-0.028114882,0.096517695,-1.2004138,2.3389637
0.12094815,-0.77030993,-0.53158934,-0.31350358
-2.6389498,-2.4060216,-1.6044773,-1.5761635
0.97624872,-1.3370642,-0.7936576,0.40440515
0.8227972,0.64500924,0.43288383,-1.0096731
-0.78181236,-0.23248972,0.99638941,0.21851604
0.61021605,0.15557104,-1.9148315,-0.099493851
-1.7539886,-0.37443687,1.0292261,-0.41362589
-1.3885495,0.30701908,-0.55444857,-0.26579597
0.073944319,-2.532017,0.58651529,-0.44017173
-1.3438181,0.27526634,0.35001026,-1.453833
0.22061568,-1.050039,0.13235967,0.9930556
0.13775821,1.1627688,0.43191893,-0.1966558
0.35781189,1.6610273,0.52951373,-0.44944721
0.51383302,-1.102212,0.11067308,-0.46530409
0.22000358,-0.066278957,-0.34519178,2.3605615
-1.8248787,-0.014217584,-0.11953901,-2.3759539
-0.85967183,-0.38974801,-0.71635372,1.437443
-0.11323497,-0.18415102,0.7485661,-1.5834133
-0.26490358,1.3280064,-0.065599718,0.83432281
-0.0066174827,-0.12789663,2.1281865,-1.2220715
-1.221835,-0.066991577,-2.6260255,-0.70140437
-1.5765012,0.24354846,-0.9527446,-0.41813826
0.19645391,-1.3444599,0.076542946,-0.31345057
-0.42024845,-0.79786932,-0.12678744,-0.80495705
-0.12548328,-0.91045562,-0.95837212,0.26406236
-0.19399694,0.39275777,-0.28133171,-1.0317753
0.081118539,-0.76057929,-3.1543381,-1.0654814
-0.97648251,1.6425905,0.5425212,-0.97032316
-1.857469,1.7490389,-0.2351868,-0.28230561
0.80050545,-1.2344159,-0.2351868,1.0045706
-0.34835108,0.1832415,-0.27769332,0.74176952
-0.40845262,0.026272771,0.66272618,-1.6464685
0.13048374,1.7776963,0.50579955,-1.6931975
-0.77321943,1.7882204,-0.96979269,1.1138285
-0.44489052,-1.541808,-0.68558809,-0.87229305
-0.3561215,-3.1711059,-0.90857231,0.43114168
0.30966843,-2.3575236,-0.3396507,-0.15785766
-1.0106949,-0.5316565,-0.92612318,-0.64373227
-0.27033183,-0.73332772,0.052768254,-0.58793425
-1.2982313,0.27293075,-0.66753533,-0.36047154
0.50973729,0.086753736,1.1903321,-0.82268057
0.19838187,0.15834224,-1.9579719,-0.81149595
-1.5938433,-1.4797013,0.94110237,-0.65770536
0.64857848,0.23188277,2.7764672,-1.5725338
1.0759454,1.4633014,2.4217349,0.37166383
-0.60038278,-0.75517357,-1.5688555,0.10745046
0.13840246,-0.85717622,0.5984223,-0.5298172
0.31338952,-1.6925191,-0.12011828,0.041244589
0.28624605,-1.6366991,0.57181382,-0.52359856
-1.7257529,-2.5052953,0.87174541,-0.51265428
-1.1561398,-1.9368089,0.0073144099,-2.2940195
-0.95964755,-0.56057264,0.76823737,-0.23647997
-0.65783077,0.38742702,0.78619345,-0.14720604
-0.57345147,0.27365039,-1.6726738,-0.22430935
-0.71471111,-0.17329646,-2.1710802,-0.8026292
0.1170919,-0.3678054,-2.7416208,-0.84153308
-0.63080044,-0.18070637,-1.4360528,0.33046838
-0.38264471,0.13444065,0.612384,-0.087133909
-0.16288498,-0.25774561,-0.91518332,-0.33267148
-1.195717,-1.3277026,0.47318298,0.67625879
-0.17277581,-1.3750725,-1.6947822,-0.0018990814
-0.16988914,-0.880474,-0.34549543,-1.770172
0.20220919,-0.10216684,-0.50491131,0.4390281
-0.093334987,1.5395069,-0.6066506,0.17427676
0.17783126,0.35891162,1.1987179,1.119347
-1.0756704,1.0864801,-0.027213486,-1.5634962
-0.25395434,0.47697688,-1.0777625,-0.44958483
-0.097834977,-0.1049831,0.22924165,0.11593503
-0.36796055,0.16609008,1.1104368,-0.58899936
-1.238835,-0.62692605,-1.0961011,-0.55938545
-2.319167,0.60614505,0.18463073,0.66051522
0.54942979,0.10192278,-0.62182465,-1.9482045
-1.3775846,-0.58374319,0.17719144,-2.0445597
0.65702396,-1.6058806,-0.036945658,1.5264333
1.014351,-1.5694921,-0.29836602,1.3029059
0.040605269,0.68991925,-0.1178626,0.87707941
1.563053,-0.28178323,-0.49693901,1.0025028
-0.81657939,0.16122131,-0.1291257,0.71335798
-2.132385,-0.39902206,-0.22207974,0.77633805
-1.5637635,0.060317856,-1.1678443,-1.3791469
-1.3437227,-0.46774034,-1.0641956,0.5503194
-0.078368215,1.4838224,-1.2863127,0.0094010903
-0.77335089,-1.5986722,-1.7513643,-0.11714697
-0.20503436,1.5041853,-0.65221682,-0.27129508
-0.53897141,-0.18871986,0.58109498,0.43086739
0.029575269,-0.051881377,0.046044099,-1.4818553
-0.94263814,0.27577858,-1.5382383,-1.9804086
-0.4132369,-0.81477652,0.27748362,-0.50337129
-0.020464217,0.90030066,0.48670877,-0.1968317
-0.36376679,0.13697025,0.96834108,-1.8544995
-0.50759278,-0.55213662,1.8328873,-0.76117843
-3.2453578,-0.026558621,-3.0503208,0.73442331
-3.0632694,-0.73109218,0.44309088,-0.71605404
1.6682561,0.075296556,-2.27287,-0.3230498
-1.9764891,-0.57872756,-2.4254371,-1.2058239
-1.7266924,-0.06000319,-2.4424915,-0.59103651
-2.1409972,1.0711787,0.58998508,-0.54257798
1.1587499,0.27122753,0.58998508,-1.2812148
-0.56601908,-1.7235579,0.60652406,1.0065874
1.0815683,-1.9376308,-2.4018935,-1.2013068
1.2236196,-0.87469765,-1.4066488,-0.98667627
1.5163448,-0.86376808,-1.8948937,-1.089926
-0.5563976,-0.04034111,1.0848377,-0.19900857
-0.73848983,1.3315453,-0.50505125,-1.3986657
1.491166,0.96291461,1.1670341,0.92110473
-2.0424026,-1.7223281,1.3151475,-0.012751901
-1.2581867,-2.1092307,-1.4213774,-0.43984924
-0.42662951,-1.8328533,-1.0897725,-0.46166096
-0.37268027,-0.35919987,-0.082752348,-0.72356066
-0.71777453,-0.74533177,-1.9412236,0.20656324
-0.10798275,0.073732192,-0.94032172,-0.73777343
-0.97669619,-0.78183641,0.45523507,-0.36155957
0.073075861,-0.52815403,-1.7037922,0.16116117
0.58419242,-0.061932671,0.10301362,-1.1543703
0.75175167,-1.2464772,-0.3877575,0.88243259
0.57904269,0.13365463,-0.97249749,-1.4999244
-1.4165645,-0.85427698,-0.52563682,-1.5006501
0.28764711,1.0152016,-0.36381127,-0.60762082
-1.4755739,-1.4444075,1.5928956,-0.34418055
0.46075238,0.57125626,1.5928956,-0.29371865
-1.2397927,-0.38521094,0.3846618,0.41439505
-0.099174324,-0.47647626,-0.80459636,0.72911739
0.45817691,0.0012872809,-0.18134621,-0.58503423
0.4654979,-0.82955848,-0.90345695,-1.4268794
-0.084924851,0.63072236,0.122963,-0.18071504
-0.013205877,-1.1261957,0.62154447,-1.2841051
-0.65965327,-0.3643765,0.076558858,-1.0716335
-0.23583104,-0.73664022,0.28448953,0.31826325
-0.87066534,1.1464372,-0.80863965,-0.7848822
-0.2384925,0.11818428,-0.34340172,-0.23506619
-0.057747276,1.2770394,1.1893471,-0.33940601
-0.98473829,0.62328865,-0.82191341,0.26320718
-0.11966658,0.85083088,0.052300902,-1.7687447
-1.0830528,-1.4616265,-0.68153104,-0.34690173
-0.24637019,0.82571814,-0.3100163,-1.5273245
0.41704034,1.0567322,-0.97880417,-1.6229527
-0.92920094,0.76931058,-0.73593929,-1.711377
1.0803604,1.0726565,0.031784748,0.34113046
-1.5714952,0.41083378,-0.92397726,-0.69072677
-1.0452717,-0.37308936,-0.63035088,-1.3579231
-0.41986063,-0.20261724,-1.9180606,0.34014041
0.2608812,0.52742916,-1.024914,-0.28610935
-1.3358583,1.446553,0.010440842,-2.7022672
-0.43302686,-1.1370131,0.22677175,-1.7258182
1.2304328,-0.98878206,1.1433685,-0.8006878
-1.3743671,0.18072323,-1.2960352,0.10326643
-1.340642,0.27942301,-0.46069746,-0.83835193
-0.65669148,-1.8634283,-0.48257681,1.2810461
1.0592709,-0.96394682,-0.36258901,1.1169741
-0.48905943,0.7535882,0.29548754,-1.1395068
0.90640325,0.2621467,1.2276807,-0.81245075
0.84574657,-1.5861569,-2.1319013,0.43814451
-0.52303542,-0.92180409,-1.8288254,-0.960156
0.2995352,-0.54074111,-0.99423861,0.48343874
0.25716433,0.029119773,0.54803986,-0.81289716
-0.019325767,-0.58799156,-1.4114625,1.4776645
-0.56845278,-0.44795241,0.88763332,1.1835489
-0.27673781,-0.099695134,0.07783423,-1.0007248
-1.2425238,1.6464378,-1.0343928,0.36260614
-1.2597499,-0.99087597,-0.86542953,-1.5948186
-0.15325021,1.0862266,0.12991328,-0.66676885
-1.4207809,0.14531599,0.19202092,-0.84192934
1.044445,-0.051602223,-0.69393107,0.37412565
-2.110191,-0.046661672,0.091956812,-0.14389774
1.3896755,0.35092983,0.64338481,0.66126812
-1.8821786,-0.33411316,0.56729564,-1.1637295
1.0746425,1.5178249,-0.8181042,-2.2459506
0.74428984,1.8952151,-0.48370248,-1.1315737
0.99416747,1.3006441,0.2810795,0.82513431
-0.085830481,-1.5023701,0.19231648,-0.09847006
-1.4384167,-1.1284457,-0.77255234,-0.27143836
-0.85015614,0.8832685,-0.65199599,-0.13707303
-1.0811379,-1.3179973,-0.57079811,-0.69866666
0.11926239,-2.2315941,-1.8229338,-0.47951465
0.24827605,-0.075168049,-0.1238092,-1.9902677
-0.58839086,-0.15476803,-0.42078761,-2.0234317
-1.020538,0.43686869,-0.94635004,1.234502
-1.1835323,0.66656271,-0.0033552016,-1.6421722
-1.4662718,1.9331457,0.16518561,0.67738179
1.160845,-1.4424994,-0.92877103,-1.3196756
-1.8945071,0.29948575,-1.6642561,-0.31518894
-0.30353575,-0.46257036,1.1399839,0.27569603
-0.65778194,-1.1562087,1.2539757,1.0242984
-0.51305074,0.77481962,-1.6926231,0.8120947
-0.33247907,0.36583235,-1.1334947,-3.0203569
-0.5377544,-0.13394137,-1.4682779,-0.38948917
-0.97298888,-0.13394137,0.29444007,-0.51090341
-0.58811554,-0.36790453,-0.81623134,-0.016110081
-1.1930956,-0.9112583,-0.4249685,-0.59189883
-1.8148534,-1.5448135,-0.6075464,-0.49830415
-2.8586683,-1.9906343,0.14172169,-0.35662687
0.01847774,0.77231493,-0.30056224,-1.2279926
0.52527607,0.41769477,0.10484039,1.5420073
-2.0693373,-0.91258085,-1.2679487,-0.8624443
1.2224841,0.58808051,-1.0697495,-0.39182507
-1.557459,0.79589366,0.86279397,-0.61545972
-0.28947714,-1.0387432,-0.19563308,-0.040228106
-0.96283055,-0.80295189,0.052476485,-0.62813793
0.0481886,-1.3251237,-0.65817853,0.7841899
-0.65609628,-1.2291187,0.83208356,0.87588262
-0.99809067,-1.9947193,0.91075015,-0.85344928
-0.28722717,0.74416205,1.5409978,0.55613032
-0.4779577,1.2289847,-0.61575119,1.1226394
-0.1738935,-0.17708783,-0.42423766,0.92327171
-0.35642801,-0.056203964,-1.2277782,0.86028255
-0.023181172,0.5980004,0.27954531,-1.2432236
-0.93840245,-1.0814056,-1.623308,-0.086921445
-1.0272441,0.074956236,-0.92583568,-0.12390395
-0.64421654,-0.43525378,-1.0496661,1.1227571
0.15206217,-0.91680087,0.63933886,-1.6580204
1.7815506,-0.99194221,1.1436298,1.1484144
-3.0007591,-1.8766025,-1.6985429,0.8377512
-0.29340967,-0.28359789,-1.514827,0.22314745
-0.74197123,-0.1337352,1.3070209,1.2367724
-0.025678854,-0.99007653,1.1313683,-0.93335324
-1.1948215,0.13472186,-0.71796746,1.274252
-0.64505288,-0.49887159,1.7899997,0.2171342
-0.29864439,-1.2825154,-1.2591169,0.19127642
-0.85592313,-0.70948026,0.26930692,-1.3215125
0.50396205,-0.77191419,-1.8192913,0.73250127
-2.0542454,0.12989451,1.1558657,1.2002259
-0.72111091,-0.92472738,-0.75413845,-1.6548453
0.64310154,-0.42546445,-1.2907808,-0.42073109
0.62292286,-0.88810133,1.077132,-0.6969436
-1.2080895,-0.67662768,0.77396991,-0.011784484
-1.8681595,0.24006871,0.11066177,0.51635733
-0.34462809,-0.18672644,0.2238487,-0.92731598
0.559016,0.055694086,-0.99460026,-1.6185152
-0.90480629,-0.48274173,0.26451723,-1.1767358
-0.19394304,0.58294366,-0.48162238,0.38984276
-0.28034598,-0.31087103,-0.54201928,-0.023092878
-1.6058133,-1.0220304,0.11724909,-0.60512853
0.73803954,0.52388306,-0.55322716,1.4746231
-1.6328081,1.0076495,-1.3450846,0.16390686
-1.9990174,0.11157738,0.73594316,-0.36998991
0.69784594,-0.26883129,-1.550582,-0.71191108
-1.2930655,1.3704485,0.70684734,-0.54566792
-1.4411775,-1.5686521,-0.32946694,-0.77562338
1.2639792,0.81245136,-1.0018707,-0.09253137
1.3446351,1.2043178,0.019574436,-1.1785622
0.21160291,0.47936778,0.78531415,-2.2949914
-0.35076604,-1.241013,0.48839044,0.056551939
-0.75722407,1.368727,0.49570863,-1.1450509
-1.0974824,1.7236789,0.21011367,0.67095326
0.38989984,2.3757199,0.96767863,-1.4207496
0.67891951,-2.6475291,-0.40084101,-0.3256627
0.43802791,0.41619242,-2.0891848,0.15697863
-0.8325836,-0.61517544,0.016673075,-1.0619935
-2.2345238,-1.2636983,-0.76775351,-0.51700382
-1.3666892,0.71753304,0.35147989,-0.090249306
0.28695074,1.2476453,-0.57855601,0.74529944
-1.8735306,-1.2001516,-0.82708394,-1.0020385
0.31998348,-0.13201976,-0.51579923,0.66035828
-1.1354221,-0.0090321973,-0.21458371,0.047451114
-0.59472818,-0.66340978,-0.42584082,-0.81387986
-1.5010867,-1.0659177,-0.28202309,0.22852993
0.38736032,-0.27692474,-1.7807726,0.25756771
-1.5393046,-0.49610987,-1.2618228,-0.14599066
-0.98303335,0.23768762,0.19788549,-0.38396063
-1.1084043,-0.48665646,1.3019411,0.80983834
-1.6307962,1.195868,-1.2409245,-0.5423721
-2.432394,-1.0976638,-1.799488,-0.58628562
-1.1375054,1.0750199,-0.95926059,-0.38543592
0.51112134,-1.5841336,0.92371985,0.248788
0.46067538,-1.5424775,-1.6502763,-0.94813632
-0.13186284,-0.75234542,-0.78685015,0.22437377
-0.30069881,-1.6836704,-3.7821847,-0.050934219
-0.1671343,-0.16446283,-3.5642732,-0.60529422
-1.1260292,0.74552974,2.3575182,0.014059757
0.45138247,0.35450451,-0.8284806,-0.13120439
-1.5543158,-0.84948096,0.20459525,-0.51376894
-2.2484475,1.0068763,-0.33760288,-1.2859602
-1.6913746,-2.6247566,-0.21293775,-1.1343748
0.26652409,2.2720146,-2.0986087,-0.1957231
-2.0496586,-2.4537675,1.7550393,0.22073374
0.72917703,-1.2067189,0.021565293,-1.3780691
1.6637789,-1.4625268,-2.6743013,-0.68846199
0.28793194,0.083308393,0.23496222,-1.6036404
-2.5553307,-0.6133683,0.28337285,0.058924336
0.4610417,-0.30347065,-1.1838091,0.24243484
-0.6944815,-0.27948445,0.082413294,-0.1941449
-0.60709499,0.32498366,-0.57159459,0.51890316
0.40002281,-0.53388843,0.06026533,-0.32561401
-1.40419,-1.4533306,0.39237517,-1.3253139
-1.59822,-0.73575657,1.0684582,0.85916996
-2.0285044,-0.66394947,-1.6172603,-1.5080396
-1.4483176,-0.70336685,-1.0671409,0.5936552
1.2171494,0.20527021,1.1278834,-1.3435929
0.78571603,-0.78854204,0.73523558,-0.86144371
-0.13650011,0.15292801,0.049520394,-0.58930634
0.064348897,-0.77583297,-0.44002461,-0.85906936
-0.7187125,-0.93046557,0.051939512,-0.37519684
-0.15177655,-0.39850339,0.03380647,-0.40495194
-0.6110364,0.13173105,-0.21930093,1.6247054
-1.1308546,-0.27855155,0.6879668,1.2287647
-1.2109897,0.093519177,1.4410158,1.4581008
-0.32986131,0.52259444,-2.1675735,1.5250732
0.048083099,0.13978039,-0.8353914,1.4110858
-1.230779,-0.286675,0.36643354,1.7083328
-0.83644945,0.18270598,-1.1946534,0.18745008
-1.9934747,1.6620488,-0.25869298,-1.6997574
-0.843463,-0.77982894,-0.58823262,-1.9108386
-1.1205558,-0.85823438,-1.7047706,-0.89882412
-0.15589081,-0.94334261,-1.2573422,-0.76208123
-0.40758486,-0.64567873,-0.5001609,-0.20923293
0.066999895,-0.54052986,-0.51651441,1.5440631
-2.8068543,-0.071906672,-0.51769088,0.046293576
-2.3576084,-0.027457333,-0.48345449,-0.11247117
-0.89720364,-0.22454444,0.4229134,-3.0736195
1.5057652,-1.1232623,-0.7298722,-0.7832465
-1.1247439,0.068318157,-1.1396165,-1.3948566
-0.94792507,-0.048097457,-1.025012,-0.14844334
-0.58073403,0.68792307,0.28527287,0.21656769
-0.040677969,-0.95698508,-1.0576224,-0.9525139
-0.54802796,-1.5787899,-0.88082895,-0.61344667
-0.0042465278,0.88630103,1.1710444,1.3027182
-0.40995778,-0.76797646,-0.47040728,2.2230797
-1.2689216,-0.19306223,-1.9243731,1.4177207
0.44184449,-0.015551845,-1.2401973,0.52961596
0.13899427,-0.14896609,0.5276248,0.83971495
0.34073076,-1.7933243,-0.80399539,1.8005963
-2.3053104,1.7942408,-0.6259138,-1.9757913
1.8544492,-0.63921671,1.2344611,-1.5400639
-1.8891964,-0.2229775,-1.6048166,-0.010482765
-1.3493544,1.1237303,0.47116843,-1.9541914
-0.32945335,0.60568475,1.1758129,0.15104646
-0.11853654,0.021263334,0.24683754,0.9999965
0.72258267,-0.71228506,-0.76666862,0.91542155
-1.4949441,0.096052137,-1.4582336,-0.57803659
-0.78065456,0.34892679,1.2549648,-1.2170206
1.3638212,-0.32152585,2.0667155,-0.30052366
-0.68170711,0.56410866,-1.4425547,0.1434572
-0.84892627,0.44586352,1.0356191,-0.049369731
0.5735086,0.055810221,0.044863734,-0.24045438
-1.1504919,-2.0360531,-2.5147266,-1.0517313
-1.0530222,-0.86666113,-2.5949416,-0.39155147
-0.059960273,0.92605904,-1.1399863,1.2752609
-0.63637362,-0.81802609,0.86190026,1.4601832
-0.55780429,0.16488727,-0.086539493,1.3253808
-0.27003458,-0.084751373,-1.2573499,-0.20897645
0.97266934,-0.59727401,0.83990476,-0.58322643
-2.2034611,0.1697128,-0.45732047,1.0610563
-0.14378521,-0.54414306,0.98601709,0.64945274
0.93969916,-0.40003049,0.99985744,-0.16721814
1.0077542,-0.47537524,0.85837686,-0.69721772
-1.6220802,-0.065456851,0.94553573,-2.0979299
-0.82584371,-1.4208702,-1.2464751,1.7903056
-0.00096014706,1.2068686,-1.1388005,1.6275418
-1.3537482,-1.3235647,-0.17272675,0.60451498
-0.0013146472,-1.4780196,-0.76865604,1.2344803
-0.99679806,0.7214137,0.28038981,-1.5947645
-1.0882089,-0.93931922,-1.34725,-1.6793186
-1.0736943,-0.72700523,0.50717008,0.83987965
-0.55634356,0.045472546,-1.2884515,0.55863735
-0.19587076,-1.145296,-0.88998861,-0.70588533
0.20588872,1.0348094,0.14260313,0.83964592
-0.29360948,-1.3834926,0.034675146,-1.6141715
-0.49195823,0.59081151,-0.82264121,-0.89787272
-0.24237338,-1.3240154,-1.8717034,1.9387079
-0.97608563,-0.50239018,-0.47535065,0.19055275
1.7261042,-0.99566292,-0.99111265,-0.79446238
1.4858577,-0.075225622,-0.0077155646,-0.21239522
-2.058203,-0.5885968,-1.7932092,-0.44305397
0.83550351,0.070028553,-1.4380561,-0.17201217
-1.7484256,-0.58770004,-1.7103202,-0.33628467
-1.590865,0.17027576,-2.0120094,-2.4207203
1.0932902,-0.6341876,-2.1211231,-0.5100482
-0.16894799,-0.5629507,1.068678,0.33555384
1.2116047,-0.78737739,-2.2307547,-0.32352288
-1.526085,1.1286918,1.3658512,-0.12569595
-1.5798452,0.43479151,-1.288473,-0.16681603
0.5654579,0.070688214,-1.2106313,-0.75851074
0.20465209,-0.048897035,-1.6774639,0.75406982
0.11128131,-2.0721,0.26755061,0.65034371
1.7253274,0.58758303,1.5645108,-2.215711
-1.8049804,1.2978394,-1.4229516,-1.3895334
-1.1873377,0.96219219,-0.81010582,-1.1302739
-2.1210082,-1.579022,-1.8377772,-1.0080678
-2.4886586,-0.24631896,-2.8534458,-0.61058834
-1.682825,-0.16549394,0.69038243,-0.83125114
-0.50572628,0.077378073,-2.3906563,0.15329593
-0.83960735,-0.2923265,1.8400161,-0.1000742
-0.69875401,-1.0316933,-1.3922093,-0.66172066
-0.09347513,-0.5761387,0.76563683,-1.0221919
0.17424772,-0.15238283,-0.56851032,0.42687685
-0.51256101,-0.1339474,-0.80381241,-0.96819069
-0.084275835,0.38562628,-0.067956203,-0.13939489
-1.1067735,-0.38141815,-0.12469661,-0.5483808
0.10289189,-0.33232424,1.629062,-0.54701377
0.42568012,0.34383847,-0.37096056,0.20515361
-0.16571171,-0.46499961,0.47747385,-0.27464981
-2.9934294,-0.98394771,-0.62482374,-0.59274187
-0.022668968,-0.16192582,-0.11356463,-1.2783075
-1.7185768,-0.17959886,-0.21548839,-0.92074302
1.5373996,-0.76928345,0.49206716,0.66411097
-0.53938384,-0.34121043,0.36219253,-1.0170075
-0.7294509,-0.28513439,0.40623096,0.095137456
-0.44231745,0.33584185,0.62841154,-0.60559106
0.19544899,-0.3627155,2.2075857,-0.5744283
0.24852648,-0.15761212,0.40151395,0.15278574
0.10299503,-0.39274995,-0.38202247,0.60310735
-1.0088151,0.71210253,-0.89773427,0.061300633
-0.21660651,1.7224674,-1.3760797,1.010573
1.6370356,-2.7963481,-0.94695733,0.14195121
-2.3737287,-1.303348,-1.8813223,-0.76646609
-1.2216132,0.36776655,-0.03569817,0.20522088
-1.4707535,-0.36635096,0.78849291,0.95535666
-0.0057267273,-0.029675417,-1.097152,-1.5737221
1.783232,-0.32987719,-0.18944257,-1.1472812
-2.9701478,0.40017846,0.13763166,-0.48420299
-0.29224247,-1.0843504,0.12777819,0.11447595
-0.22148393,1.0429113,-1.6068034,0.2457305
-0.4076486,-1.6834959,-1.922683,-2.0986302
-1.578859,-2.8160031,0.12792973,0.81095091
0.31479033,-1.0243116,0.15380772,0.37076818
-0.056117159,-0.32155533,0.94473817,0.042427936
-1.0471454,0.025255805,-2.1686735,-1.9479902
0.053857857,-0.57518141,1.5886823,-2.8230033
0.75129976,0.63348144,0.80851562,-2.1843329
-1.5157753,1.1715996,0.26916358,-2.9823626
-1.0168393,1.3509622,-0.85832574,0.84514242
0.27396083,0.87504584,1.1819029,0.64165861
-0.48878323,1.4218844,0.30255603,0.53867023
-0.49113648,-1.3226072,-0.57267757,-0.0096393384
-0.68442587,-0.91412285,-0.90207698,-0.087589711
-0.30540843,-0.75967876,-1.7310546,0.45727914
-1.1191303,-1.0309412,-1.8835459,-1.0337989
-0.1681218,-0.81649082,0.86670559,-0.5872376
0.014695949,-0.41938181,-1.6286503,-0.74025696
0.32692363,-0.694646,0.65899318,-0.88358374
-1.0203947,-0.020281261,-1.6117823,-1.015701
-1.275915,-0.20363367,0.87649045,-1.0838013
0.35123352,-0.74536407,1.8266477,0.32251847
-0.45978735,-0.11580631,-2.2757465,0.40831329
-0.38577758,-0.25745339,-0.32979815,-1.3196603
-0.77077531,-0.79119578,-2.0902996,-0.79794027
1.0656057,0.57953175,0.98175092,0.18355904
-0.093036306,-1.1951595,-0.16993279,0.53256256
1.1099534,0.18741244,-0.12739558,1.1856965
-1.3709486,-1.1934041,0.47351177,-1.2924072
-0.13535933,-0.11391423,-0.36371061,-0.26975472
0.35792287,0.66525923,0.15545512,-1.0798629
-0.4222328,0.67144642,-0.50460773,0.11360264
-0.53740069,-0.9740345,-0.59137497,-0.058964096
-0.82699759,0.71285498,-0.4462651,-0.7111835
-1.5465544,0.69605469,-0.20617311,-1.2779606
-0.91562963,0.26141103,-0.15527473,2.3937014
-2.7111428,-0.66963424,-0.70053553,-3.2582603
-1.075299,0.18716651,-0.42934928,-1.3606808
-0.67055218,0.56546288,-1.1566828,0.48683574
1.1676341,-0.17118263,0.041635297,-0.51582484
-0.28421582,-0.19905287,-0.93663928,-0.58618762
-0.46317548,0.068193614,-0.045326597,-1.3606455
0.14012137,1.0686688,-0.83010637,0.49348728
-1.0595092,1.3990343,-0.8149939,-0.5419691
-0.42477043,1.2826215,-2.1886723,-0.84831759
-1.397729,0.57206606,-2.0668207,0.068901489
0.29366223,-0.86443037,-0.16910977,0.15323832
-0.13115366,-0.76694509,-1.1766941,-0.33762077
0.43539187,-1.0657301,-0.6919739,-0.54488764
-0.063941122,-0.6909837,1.0181869,0.95099945
-0.84173836,0.78865189,-0.45226945,-1.5214246
-1.8839236,-1.1233327,0.39880347,-1.0006068
0.15753571,0.17200173,0.083322244,-1.5251306
-1.1085736,0.45690034,-1.2327794,-1.1804806
-1.7527277,-0.32301653,-1.7407535,-0.99224031
-0.11231465,-0.67506889,0.78037124,-0.92552723
-0.69248905,0.26461996,0.46140318,-0.026941169
-0.71923778,-0.97585889,0.56935407,1.3029288
-0.51421309,-1.3353005,1.4515519,0.44884243
-1.3816251,0.66712238,-0.88995999,-0.87370949
-1.9010571,-0.63868996,-0.40401468,-0.045326158
0.98093829,-1.0118589,0.0011565678,-1.0473402
0.024098158,-0.024742964,-0.54694826,-0.20411873
-1.1570992,0.15016219,0.19757697,-1.7495726
0.25760618,-0.70600457,-0.25103709,-1.6768008
-1.8512368,3.3005252,-0.32344893,-0.2618899
0.99111872,-2.2631313,-0.18074632,1.1251005
-1.9418564,1.488786,-0.23819112,-0.68867305
-2.027043,-2.0720536,-0.35391615,-0.65657291
0.32457926,0.29299268,-0.24099116,-1.2434571
-1.023773,-0.40816906,0.2112989,-1.0568108
0.34091667,0.18903192,-0.82396546,-0.064228976
-0.92044456,-0.39130492,-1.2771273,-1.9177609
-1.4875669,-0.65639217,0.7764363,0.81065157
-0.72018586,1.211691,-1.816064,-0.79738082
0.2562087,-2.8949861,-0.066286101,0.23480864
-1.1428593,-1.0025991,-0.26394451,1.1397316
0.1211598,-0.1756407,0.15478891,-0.45369127
-0.40781158,0.30164464,-0.41131946,0.036670057
-1.1857024,-0.75523559,0.23486623,-0.89310727
0.72220503,0.36965503,-0.7700664,-0.67602335
-0.95709678,0.58636695,0.368025,0.76019831
-0.48598069,0.29234096,0.55621764,-1.6234377
0.38794724,-1.4046502,-1.7520147,1.0307144
-0.39019071,-3.1653715,-0.048827263,-1.7084145
-0.68860985,-2.9426083,-0.42002371,1.1222473
-0.35461727,-2.3836063,-0.90312835,-1.7035313
-1.1514998,-1.4862397,0.16826983,-1.9888004
-2.3255545,-0.37509688,-0.38575624,0.66102393
-1.2671204,0.92814422,-0.87642495,-1.1093338
-2.2978985,0.89700251,-0.17409407,-1.2681649
-0.0052582971,0.48239128,-0.29525085,-0.59758307
-0.72307307,-0.30773428,-0.26593882,-1.1582366
-0.85720364,0.32811619,-0.30684783,-0.69904099
-0.42958554,-0.62692074,0.036769381,-0.96808671
-0.3215769,-0.38355285,-0.75970427,-1.4850143
-0.045296761,-0.82772912,-1.4641782,-0.92008412
-0.3075612,0.72409673,-1.6290151,-1.1046081
-0.44536496,0.068611643,0.34887231,0.52388717
-0.37392942,0.16874876,-2.7493622,-1.2785619
0.38849207,-0.26149667,2.1940573,-1.0407943
0.37156854,-0.22231874,0.60066695,-1.5446901
-1.3129651,-1.0225086,0.035615088,-1.4842503
-0.25214451,-0.713218,-0.11793241,-1.0722186
-0.84875827,0.0049195855,-1.2475192,0.23381629
-0.35138056,-1.5818854,-1.2114193,-1.3047299
-1.2287301,1.8053846,-1.4450805,-0.80720154
0.5029736,0.001438348,-2.3665986,0.31409732
-1.4541123,1.1749382,0.25802915,-0.94526879
-0.59349085,-1.8546533,-1.095053,0.34096931
-0.649771,-0.54278998,0.39335157,-0.89482074
-0.33038451,0.11670523,0.81369057,0.15252375
-0.76427179,-1.3163362,-0.52631833,-1.5047447
-0.81278381,-0.10054951,-0.52099182,0.72007224
0.53387527,-0.77440439,-0.53055012,-0.67397378
0.062212866,-1.1493916,-0.64396545,0.2351565
-0.70136727,-1.2419478,0.25392475,-0.23978522
0.25443003,-0.33140829,-1.1922598,-1.8972544
-1.0111342,-0.33140829,-0.52790051,-0.49321255
0.47294189,0.20446633,-1.1645783,-1.8468384
0.10190793,-0.086587292,-1.4582933,-1.771653
-0.6583234,0.86486745,-2.99976,-1.8823107
-0.34677409,0.47491396,1.5410429,0.5632179
0.3644611,0.52450301,0.17764972,-0.10638836
-1.1055764,1.0014773,-0.1263715,-0.35775766
-0.40321707,-0.57896359,1.0850937,0.27275096
-0.39798694,-1.7612972,-1.7097325,-1.2047424
-1.7350624,-1.0731076,0.89210148,-0.5754528
-2.6827431,0.17564241,0.99432179,0.49730098
-0.99703698,-0.59938928,-1.4518829,-2.0484663
-1.6383667,-0.12719893,-0.35825339,-0.7503796
1.1087901,-0.28096702,-0.21344408,-1.3581373
-1.2234295,0.40800633,1.1009743,0.42520631
0.41357792,-0.58085997,-0.62934823,-0.43051875
-1.1173474,-0.24101715,-1.4961173,-0.2941479
-0.11862356,1.1622307,1.0994253,-0.27374188
-0.24884806,0.47919697,-1.4809057,-0.85143258
-1.1059054,-0.85596181,-0.27238375,-0.1533303
-0.35803927,-2.3672319,-0.70328342,0.72345571
0.46888491,1.0422331,-0.89519574,-1.5384713
-1.5619212,-0.44646033,-0.085017399,-1.1942745
0.18124025,1.481455,0.83145364,-0.80046494
1.001454,2.0333134,-1.148045,-0.58919263
0.92662201,-0.89600862,0.30604707,-0.27437506
-1.9134264,0.26006826,-0.18512785,-0.0084495894
-1.0854086,-1.3297922,-1.1868857,-0.53424986
-0.013600752,-1.5410909,0.43206682,-0.4354903
-0.92064861,0.83689317,-0.7389753,-0.39309805
-0.59662712,-1.1246426,1.4509781,1.1004619
-0.046142797,0.71674941,1.245132,-0.03617145
-0.99190134,1.0959268,-2.0204635,-0.86328585
-0.15692834,0.53009697,-0.45991763,-0.090481267
0.88374602,0.7984173,-1.0991219,0.0064511836
-1.1335023,0.056708516,-0.26166817,-0.76476739
-1.0514184,0.38610775,-2.1591449,-0.4459984
1.139137,-0.25771711,0.44011446,0.26714838
-0.31275172,0.087365904,-1.3841285,0.44199308
-1.3307815,-0.25273702,1.0879252,0.4906792
0.17463262,0.48027831,1.4362667,0.061899173
-0.44342768,-1.6625389,-0.79231017,-0.76341277
-1.5508386,0.38042201,-0.93655049,-0.41818837
-0.8768018,-1.4125673,-1.153036,-0.45978265
-1.9009543,-0.8446818,0.50633962,-0.28223003
-0.95031226,-1.8029784,0.27286678,0.19346417
-0.1567236,-1.4861552,-0.20997074,-0.23634497
-0.59981065,0.4966041,-0.81069512,-0.68589612
-0.58402891,0.35660078,0.3851806,-1.2805395
-2.1419341,-0.87592707,-0.44397416,-0.12202962
-1.7929362,0.022280096,-0.39591223,-0.43307196
-0.055922417,-0.7901625,-0.081575302,0.59945636
-0.36331798,1.3234543,0.47474237,-0.87133219
-0.66892994,-1.6966474,-2.2926405,-1.4594524
-0.73219443,0.72003769,1.5237963,0.88260677
0.5508372,0.91703838,-1.1749545,0.19064838
0.26376684,0.9653745,-0.67103326,-0.77397573
-0.89005624,-0.29779637,-0.95579657,0.85453859
-1.4900452,-0.53368786,-1.1612354,0.57668561
0.90885921,-0.031963469,-0.26202581,-0.86083362
-0.62697359,2.0188581,-0.45217896,-1.9231772
-0.93023173,1.1047879,-1.5096434,0.74887246
0.076409981,-1.5992107,-1.4163832,-0.94872562
-0.95254874,1.2276116,-0.67387885,-1.6784469
-0.81729004,0.77623524,0.1012386,-1.4920929
-1.6733119,-0.099153035,-0.97233196,0.60555
-1.5105783,-0.50733858,-0.96012472,-0.9413654
-0.77544433,0.14484914,0.41383868,-0.57213011
-0.86948296,-0.87487346,-0.048458518,-0.69294519
-0.23488133,-0.93470083,0.61074318,-0.38741909
0.46524123,-1.2999252,-1.2858154,-1.029442
-0.94780272,-0.3152125,-1.1937844,0.58748374
-0.65947709,-0.57156324,-1.7684002,0.96533215
0.075554577,-0.99098152,-0.78550641,1.1271754
-0.32243471,0.35184114,0.12510608,-2.089958
-0.86952682,-0.35760051,-0.51533682,-1.4932641
-0.623454,-1.0112922,0.96402185,-1.0762272
0.51377532,-0.86319774,-0.52565414,-0.38327189
-1.3577321,-0.42903021,-0.40222344,-0.94336684
-0.97443692,-0.4199386,-0.57303076,-1.4497937
-0.10037909,2.5248692,-0.81351281,0.71544806
-0.2456087,-0.21789288,-0.81351281,-1.4505298
-1.445673,-0.005981543,-0.060208993,0.59487862
-0.96202952,-0.35187045,-0.44716998,0.16982845
1.413719,0.69252811,-0.72086892,0.064846505
-0.083082514,-1.4588803,0.70929914,0.21024288
-0.0018887564,-1.052308,0.74120657,-0.018153788
0.4900351,0.15889895,-1.4638582,0.23943006
0.13541681,-0.37027602,-0.26842246,-0.057115227
-1.2308646,1.1585581,-1.0549651,-0.4478493
-0.065604091,-1.9065992,-0.18880635,-0.47245177
0.21276958,1.2921793,-0.91923672,-1.4472554
0.54067478,0.65192458,0.21256527,0.40415041
-1.0565178,-2.4632197,-0.8597585,0.70184604
-0.3736742,-1.4594168,0.25133301,-1.5082143
-2.1128279,-1.5466283,0.72288403,-0.69310204
-0.7321357,1.155649,0.18434132,-0.36976058
0.14003298,-0.78081498,0.95024022,0.79754309
-1.7291086,-0.51641239,-0.35181504,-0.10185761
0.34042024,0.59776646,0.2985768,0.34710885
-0.46089412,-0.45309657,-0.025861525,0.46216074
-1.3561789,1.6668816,0.58653776,-1.0668126
-1.2364265,1.828389,-1.8641377,-2.0321981
-1.2774137,-1.8370947,0.87266576,0.27622177
0.37030564,-0.12155552,-0.47587111,0.1834155
-1.0782977,0.8708793,-0.19692931,-0.19573956
-1.3301232,-0.63686981,-0.075632996,0.53049032
-0.724581,0.91829941,0.47966557,-1.2263373
-0.63625474,0.15254725,-0.97646721,-0.0031637202
-0.72510357,-0.62710158,0.38201594,0.68063708
1.0280615,-0.15082117,-1.0001088,1.4810235
-1.6884312,0.3511501,-0.91009561,0.36585714
0.53789062,0.71179012,-0.31665157,-0.52642715
0.17382204,0.98817227,-0.73021896,0.27239316
-0.28004842,-1.3045139,0.28578488,-0.84176333
-0.85238608,-0.68291119,0.68838212,-0.16492151
-1.7548379,-0.13810351,-0.19639373,0.35145493
1.0970147,-0.55902286,0.85873993,0.58993971
-0.25437957,0.31870496,-0.5602228,0.18786167
0.086928976,-0.53645638,1.4613524,-0.51793151
0.46189313,-0.23941935,-0.65622657,-0.13699475
0.75090554,0.022598243,0.16850201,1.4394646
0.9466986,-0.03261772,-0.97584742,1.3583231
-0.0092771088,-0.22130204,0.22776906,1.8575933
-1.5169211,-1.8007663,-1.3655361,-0.12430523
-0.5747538,-1.3293089,0.054738257,-0.55271805
0.4870284,0.20665782,-0.2836947,-1.0159562
-0.66955326,-0.83118428,-0.98014424,-2.3341036
-0.68961439,-0.73658931,0.9072969,-0.84736281
-0.66736496,0.88501179,0.67366274,0.15590593
-0.13394852,0.88561166,0.24878459,-0.13179934
-0.27828208,-0.62397292,-0.24231298,-1.6076259
-1.1836306,-0.3698551,0.28684672,-0.11196384
0.015792321,-1.9101935,-1.7777506,0.30584968
0.55498162,1.2487626,-1.0570097,-0.38369594
-1.4655727,-1.4159459,0.57514539,-0.083044863
0.84028293,-2.2631373,0.89863661,1.2912626
-2.626591,1.8028811,1.0889937,-2.0208302
-1.2524939,2.1666653,-1.9053511,0.63783319
-0.34572123,2.1246334,1.064269,-0.61818233
-1.1084567,2.6460766,0.15295037,-0.77943931
-0.63178425,-1.6201767,-2.020164,-1.2807833
0.10629851,1.1367567,0.83422919,-0.20483019
-0.34584259,-0.77615943,-2.6481355,-0.53549816
-0.15175759,-0.54017359,-0.7006302,0.64728384
0.33317583,0.058369438,-0.66870487,-0.77770135
-1.0968825,1.3623169,-0.67202935,-0.60801062
-2.1472168,-1.9652159,-0.19088515,-0.6075913
-1.4710003,-1.1445049,1.113681,-0.60128313
1.2647004,0.66891981,0.058973817,-1.3302248
1.9734569,-0.31092331,-1.861507,-0.66638272
-0.30815611,0.87892418,0.93401587,-0.24258459
0.32293205,-0.97372779,0.21664576,-1.3163542
-0.87111037,0.52394639,-0.52901956,0.83960761
-0.64921461,-1.105887,-1.2471731,-0.25922356
-0.84768137,-1.1075538,-1.0039664,-0.4588879
-1.1402348,-0.74862925,-1.5046789,-0.098572528
-0.82910493,-0.4144166,-0.48735897,1.0202555
-0.62112163,-0.76742301,-0.96345112,-0.34987246
-0.069353893,-0.19519154,0.40175545,-0.17297109
1.3288772,0.26004195,-0.86204911,-0.38454846
-1.6621453,0.69764302,-1.0301594,-1.608418
-2.6874531,0.22739134,-1.0984137,-0.74307139
0.44163792,1.3199699,-0.18856376,0.16629307
-0.2809658,0.094035779,0.88409269,0.073268026
-0.46869481,0.28128074,1.1359469,-0.22675031
-1.2839367,-1.3712406,-0.14832188,-0.91118963
-1.3703281,0.77038356,-0.57991295,-0.4859877
0.48516079,-0.14563532,-1.0954864,0.78156157
-2.166088,-1.1768425,0.57925953,-0.34235038
1.8614822,-0.14964896,1.473755,-0.091037813
1.3673845,-0.92882241,-2.3598402,-1.4495295
0.96261231,1.3822681,-0.2197616,-0.5701369
1.7484245,0.81775135,-0.084966915,-1.0535578
0.12548623,-1.6559661,-2.2901982,0.22366212
-1.6330288,1.7336338,-1.0035387,-0.92395598
0.094595879,-1.7479801,0.35945225,-1.3201634
0.26637619,0.98151195,-1.6620699,-1.3188032
1.0280294,0.98088024,0.76417318,-0.72176513
-0.99258399,1.1638962,-1.8404017,-0.57798264
-0.32229534,0.67013393,-1.0721454,1.3093395
-0.17028138,-1.3234604,-0.96047863,-0.10768776
-1.7316027,-1.481184,0.39467732,1.2289419
-1.8818341,-0.68611256,-1.2010242,-0.044180665
-2.0653734,0.0953159,-0.50430534,-0.16797935
1.775432,1.2392981,0.021620987,0.19975923
2.4973767,-1.6754187,0.46570419,-2.3448987
-0.0076755691,-2.3863332,-0.072314182,-2.3729699
-1.0703651,0.67028416,1.156221,-1.4220233
0.978137,-0.88048606,-0.2821775,0.98938323
0.27420861,-0.64435851,-0.041322431,-1.736367
-1.2607883,1.0973671,-1.5396417,0.83330758
-0.98896157,-1.0131777,-0.70351874,-0.76134772
-0.52136276,0.628601,-1.1349651,2.3101619
-0.66081994,0.7244447,0.20814287,2.5645187
-0.14309494,-1.132884,-0.96605924,2.3939007
-0.55687309,-0.6186249,-1.3719039,-3.011486
-0.9782551,0.90146033,-1.3602485,1.9254616
0.3672357,-1.6451462,-0.72744677,-0.51438336
-0.58564537,0.49426795,-0.69162299,-0.76809678
-1.3891335,-0.2667063,1.2742761,0.12353085
0.050090139,-0.2667063,-0.15269186,-2.0074758
-0.14917863,-1.3258772,1.2546117,0.29098717
0.47192255,1.4837564,-0.093421602,-1.6378473
-0.25158916,0.49277725,-0.218332,-0.64288605
-0.13341165,0.55431481,0.15834047,-0.29514997
-1.3182139,-0.14675953,0.66206019,-0.86759086
0.37553686,-0.76966608,-1.3227627,-2.0152359
-0.13428565,0.74230252,0.52375148,-2.0152359
0.36394062,0.35170833,-0.085803996,2.0447674
0.032535413,-0.18289284,-1.2938902,-0.64112034
-1.2886816,-1.3544392,-1.4544754,-0.032150858
0.52351344,0.010237797,-1.4349401,1.4493376
-0.54837204,0.46365363,0.90402228,-2.0883955
0.24169648,-0.6903437,-0.39344584,0.016513854
-1.1046978,0.47921721,-2.0211557,0.62292776
-0.5491298,-0.91937375,0.37206479,1.733329
0.3924947,0.10151822,0.81022987,1.6063927
-0.37461834,-0.53415021,-0.41327566,-2.2363624
-0.30535534,-0.60286979,-0.75063372,-0.93577153
-2.0051409,-1.094368,0.31736847,-0.21192756
-0.85790765,-0.7277625,0.20837361,-0.43166354
1.2199921,-0.23158004,-0.28343044,-0.31767617
1.1575743,-0.30797995,-1.1701979,-1.1155529
-1.3778011,-0.53410718,-0.52783969,0.18484678
-1.4852937,-0.81604627,0.86584213,-0.9943773
-0.11444418,-1.1842956,-0.84164481,0.14045741
1.3763199,-0.0094820311,-1.0006869,-1.221917
-1.2463954,0.11714805,-1.1596793,-0.12490505
0.17070805,-0.9616495,-1.9489281,-0.46438336
0.15071327,-0.90450483,-1.6746553,0.86803386
0.8801413,0.31383086,1.9935096,-0.82044536
-2.1833418,-0.42125361,0.75134211,0.086851729
0.79989912,0.40940502,0.16988473,-0.10302523
-0.93805472,0.56744304,0.26752498,-0.60848674
-1.6452375,1.5608075,-0.4995378,-0.06385024
-1.5747388,0.80602141,-0.81735462,-0.58505888
-2.0238924,-1.374024,-0.79782951,0.13203153
0.90386499,-0.27863585,-0.26612238,0.97565552
1.1389912,0.77718723,0.34474019,-2.1584476
0.4299861,-0.33714248,0.0027881921,-0.42571154
-0.34498591,-0.46067806,-0.9685914,-1.3287897
0.167986,-0.67642327,-1.1102795,0.20172271
-0.3415522,0.28300412,-1.4927321,-0.55550013
-0.56613712,1.175305,-1.2957434,0.26447096
0.90843117,1.9522143,-1.5143644,-0.5443426
-0.44940749,-0.45540989,0.046208873,-1.1652923
-1.1848865,-1.1591954,-1.0879217,0.25715982
-0.7353537,-1.7231215,0.60260952,-0.215288
0.099298258,0.80623274,-0.33679376,0.17861477
1.2250936,-1.7477499,0.26007297,-0.97426144
-0.97260834,0.67177194,-1.2202379,2.020985
0.78866889,-0.1013355,-1.1794606,-1.8287544
1.0211854,0.25407955,0.43946659,1.2771337
-1.7599221,0.98256119,0.58609243,1.1368461
0.27867122,-1.7100769,-1.4125823,-0.52639313
-0.78014981,-1.9839206,0.81607311,0.065015549
0.18536215,-1.8879105,-1.2644998,0.17927689
0.15323273,1.7762599,-0.086609794,-2.0373616
-0.09651511,-3.077407,0.79743843,1.3541178
-0.18582149,1.0053537,0.17745833,-0.23382491
-0.31195441,-0.99397049,-0.17810379,-0.25294128
0.12441766,0.39423484,-1.1421692,-0.75786513
-1.4606079,0.53853318,1.1586077,0.56882543
-0.98602656,0.51094587,-0.13413412,0.10185921
-0.12582507,-0.76597403,-0.47959932,0.53196551
-0.65903637,-0.75303853,1.4234985,-0.81412786
0.96891833,0.27193924,0.24111516,-0.20174155
-0.40540757,-0.44488652,-0.54917838,-0.60499343
-1.803101,0.64000924,-0.062689425,0.33282076
0.010381775,0.45587927,0.68302572,-0.54222346
-1.3172631,0.0013009595,-1.3359648,-0.71925932
-0.73252458,-0.69978533,-1.4441221,-1.7334259
-1.2252509,2.8289335,-1.1558021,-0.19647127
-0.80650155,-3.0157805,0.021124213,0.16360171
-1.6837684,-0.0038257808,0.97456709,-0.72746967
0.30552305,-1.5043545,1.0102528,-0.36127087
0.073056648,-0.137718,-1.7245029,-0.11191779
-0.99629174,0.036971438,-1.0942106,-1.3155166
-0.19796875,-0.11260823,-0.72819554,0.31587932
-0.45506901,-0.13425601,-1.0753754,0.64751505
-1.0052064,0.79344364,0.33190455,1.8305346
-0.67576705,-1.2273285,-1.7913492,-1.2467872
-0.20702719,-1.3416949,1.2619776,-1.5514829
-1.3012417,-0.87027232,0.67234122,-2.3857024
0.57324375,0.93715439,-1.3967495,-0.59989368
-0.3177086,0.35614604,-2.0481183,0.091025068
-0.11043511,-1.0809677,-1.4535647,1.3726333
-0.84754392,0.60925926,-0.30695912,1.0689752
-0.68246937,-0.22933477,-0.513123,0.7038517
-0.79025498,-1.0671321,0.27522198,-1.2319553
-1.4577625,0.86654462,2.4349533,0.046220863
-0.53435526,-0.95467164,1.6866537,0.30077209
-1.1672807,0.31180327,0.92193049,0.67915632
-0.48917223,0.46485591,-0.2545453,-0.95816464
-0.74810363,0.74243645,0.98446329,-0.16383313
-1.0703525,0.37882621,-1.498665,0.34421724
-0.19452155,-1.1520231,0.61883566,-0.70404335
-0.6759918,-0.74531859,1.6836681,-0.45999314
0.67968128,-1.2668785,-1.3552286,-0.93315677
0.48761494,-0.61041252,-1.1989141,-1.4371065
1.7136314,-0.078915633,1.6499752,0.88643342
1.7948613,-0.30288401,0.97236753,-1.5205045
1.6764164,0.21518784,-1.5668339,-1.0527179
-0.089191054,-0.52239168,0.40533611,-2.5719923
-0.35435919,0.45965727,1.0761891,1.4709961
0.0027231538,-0.73289163,-1.1265452,-0.90316153
-0.71349802,-0.02014896,-0.53553654,-0.89109692
-1.2068538,-0.60139171,-0.23330512,-1.2997394
0.0084401049,0.2937849,-0.60679824,-0.30664659
1.2931061,0.92588823,-0.67784032,0.77566146
0.80394346,2.2143481,0.14943023,0.17640925
0.18636423,-2.4868947,-0.2605016,-0.71742404
-1.1682103,1.8654819,0.25350062,-0.26407388
-0.13740102,-1.8736071,-1.0728688,-0.58066225
-0.28026257,0.23038576,-0.53237068,-1.3381822
-0.81440802,-1.8746641,0.84973075,-0.009007297
-1.3180412,0.25563716,-1.5163466,-0.99696681
-1.5528795,-0.29282052,-1.3421759,-0.70260621
-1.1165598,-1.2008005,-0.58923851,-0.79904385
0.8075742,-0.29579078,-2.1131336,1.7056123
-2.7663672,0.12920025,-0.14736479,-1.5300764
-0.95254669,0.68379643,0.56366927,-2.8625859
1.1750144,-0.56018699,0.54993259,-3.4215189
1.2850159,0.20214967,-0.7170111,0.49681757
1.3321211,-0.48064298,-1.6612159,-0.92529956
-1.29456,-1.023192,-1.628859,-0.46237974
-1.9284131,0.38907894,-0.7678368,-0.9311028
-2.6394732,0.18763264,-0.18846818,0.84261327
-0.85587604,2.2119858,0.20356554,-1.3267402
-3.0042614,1.9328777,-1.1122426,0.34924439
-1.3418067,1.5907082,0.21840828,0.478958
-1.503085,-1.7579782,-1.7254978,-0.89360268
0.50256799,-0.23071728,-1.2451179,-0.20720343
-1.9667487,-0.93331687,-0.034459848,-0.077098225
0.96564564,-1.9634535,-0.58096728,0.054330664
0.57738257,-1.8093926,-1.6187791,0.4009172
-0.27249144,0.61825316,-0.12295463,-1.078239
-0.86449627,0.042296581,0.13984315,-0.6890476
-0.30626761,0.37476558,0.39053347,-0.43197649
-1.6030332,1.3043734,-0.76240825,0.83035633
-1.3255782,1.3945726,-0.059007455,-0.10878155
-1.0494899,0.014314463,0.85680431,0.7205752
-0.64455822,-0.59971605,0.61700348,0.86514982
0.0067477045,-1.4110197,1.7628031,-0.81774294
-1.3207049,0.99013903,-0.17280286,0.29347255
-0.37230943,-1.2903721,0.44683132,0.35192281
-1.2725282,-1.4475346,0.44063806,-0.18084868
0.82801181,-1.1498135,0.39240641,-2.6187594
0.18897215,0.2815702,1.5402195,-1.4033645
0.50109184,-0.13466393,-0.020652727,1.092601
0.4492781,0.027162576,-0.57572126,0.13054938
1.0858301,-0.69078767,-0.8678521,1.0645038
-1.6485707,0.12660962,-0.22969299,1.1013524
-1.9409248,0.90671101,-0.58839008,-0.1525926
-0.14120374,0.23855899,-0.33035856,-0.65684218
-1.6122904,-0.98259623,-0.48342364,0.81516307
0.7881908,0.35735377,-0.31010916,-1.7101898
-0.19011939,-0.26631584,-0.01646219,-0.8590877
1.1916811,-1.6258999,-0.033022746,-2.3573159
-0.25249668,-0.086418356,-1.3056065,0.49730503
-0.23191487,0.42949415,0.47451453,-1.0171771
0.4390733,-1.0539518,-0.72161385,-0.95999388
-1.7899992,0.13106295,-0.75415021,-0.96727474
-0.67611153,-0.0078322314,1.2179861,-0.084732971
-0.87979947,-1.5369948,1.4827169,-0.84169418
0.10367675,1.3550041,1.533007,-1.1586907
-1.0610158,0.37913073,1.2318545,-0.28281503
-1.5919265,0.58060539,-0.58550394,0.75465388
0.29998448,-0.33315791,-1.277404,-1.4183148
1.0998196,-0.7838279,-0.77614321,-0.20000436
-1.4074944,-0.56738889,0.91663488,0.95798293
-1.8992993,-0.91212854,-1.443031,-0.96552768
-1.821671,-0.40802065,-0.69270582,0.23889499
-0.43361789,-0.20328458,-0.11680451,-0.64139379
0.17346157,0.064422662,-0.81044106,-0.24029698
1.5279057,0.88588547,-0.98445648,-0.76292876
1.695027,0.9365648,0.19612907,-2.135935
-0.028588117,0.40051507,-0.16185776,0.99211024
-0.70897814,0.5735568,0.20279626,1.0742734
-0.40824826,0.81431167,-0.049086812,0.026594687
-1.2932175,1.6587382,2.4710938,0.33773299
-1.0143681,0.23607854,2.0520824,-0.81781001
0.013450415,-0.50923263,-2.7107501,-0.7727395
-0.86116374,0.037911193,-1.7103187,-0.45557097
-0.36595839,1.0626971,0.79961003,-0.23711594
-0.04874439,0.82062427,-0.55126237,-1.2552011
0.55355397,-0.1871678,-0.0013869342,0.23652073
-1.9821316,-0.94864537,-0.00200721,-0.24606593
-1.723912,0.43405653,0.23736882,-0.34064858
0.69017492,-0.37721041,-1.3966611,0.45913622
1.022348,-1.0943858,0.38370174,0.83666044
-2.0055419,-0.048896992,0.85804252,-1.5586145
-0.9613799,0.085420862,-1.3521494,-1.1735589
1.307657,0.22318869,-1.1703374,0.29245893
-2.8626775,-1.3558799,-1.1416313,-0.95901338
-1.4632319,-1.7744214,-0.67194381,-0.60698962
0.0097358254,0.57612255,-0.71557859,-0.66222066
0.35405027,0.057615267,-1.3424,0.47279755
-0.84448766,0.77163712,0.31697365,0.43753763
-0.31435265,-0.71782164,-0.83732677,-0.47895894
-0.65945244,1.2583225,-0.79344613,-0.10129015
-0.50650769,-2.2612438,-0.81304934,-0.59503053
-0.630009,-1.5902552,0.80192965,-0.23806582
-0.55118207,0.64473572,-0.66296711,0.095306004
-0.78741805,-0.55240254,-0.33431289,-0.9134309
0.47029199,-1.3108539,-0.39675265,0.57332008
-0.37636978,-1.8485511,-1.8157931,-0.84872334
-0.89546016,1.0237972,-0.08927523,-1.6993388
-0.48606555,-1.14938,0.39940792,-1.7414419
-0.53933867,-1.0176675,-0.38511733,-2.1790299
-0.019759417,-0.47577833,0.93817466,-0.73639446
0.72093242,-0.65015511,0.0040906932,-0.37180251
0.98462724,0.25172692,0.53300682,-0.24515397
0.0058290221,-0.59665194,-0.85545445,0.36822492
0.3918192,0.16183199,-1.8148106,0.71952633
-0.41183239,0.66868353,-0.17086055,0.33097607
0.15480911,0.48002003,-0.67344375,-0.20213492
-0.74632082,-0.64431925,0.0099559713,-0.4715903
0.018216377,0.32109264,0.66412171,-0.42141314
-0.61039459,-0.094427429,-0.19453766,-0.28396265
0.069885891,-0.021454665,-1.4449386,0.21175694
-1.1265465,-2.2061975,-1.5365261,-0.3461759
-1.1839335,-1.3523628,-1.3561309,-0.095608117
-0.98365023,-0.10711377,1.0605965,-0.60919425
-0.49102593,-1.1583215,-1.8722628,-0.35029396
-0.67865042,-0.15087648,0.20321313,-0.034347771
1.1219491,-0.41472959,1.1524729,-0.61540807
0.66198572,0.43818539,-1.9650512,-0.92450412
0.410578,1.3209302,1.2054665,1.0256815
-1.3162913,0.15536246,-1.8441697,-1.7625022
0.24049434,-0.30851586,-1.2623072,-0.93735806
0.70831084,1.2193134,1.3699653,-0.91965467
1.0307917,-1.5817165,1.6917671,0.17031159
0.027301246,-1.7446693,-1.1782901,0.6896893
-0.46058018,0.33473123,0.41680585,-1.1037891
-0.15675996,0.14332493,-1.1180527,-0.83977511
-1.9600933,0.47894714,0.55255159,-1.1638884
0.66565007,-0.13120268,-0.4452159,-0.012329725
-1.284554,-0.33697452,-1.3664004,0.54288306
0.53103483,-0.97918669,0.43860568,0.86079344
-1.5611952,-0.51639512,0.31785886,0.59753952
-1.4043591,-0.79313587,-1.225641,0.49637879
-1.4291415,-1.1304311,0.56288427,0.41401802
0.4799304,-0.81064584,0.0039323086,-1.147334
-1.8908004,0.36677409,-0.33537028,-1.3248604
-1.3839432,-0.82669455,1.2368731,0.81053693
-0.74851468,-0.4733636,-2.4929115,-1.5497468
-0.68279829,0.40184866,2.074948,-1.1219814
-0.29165803,-0.81023721,0.87314348,0.59295962
-0.71447781,0.58262634,0.25001411,-1.3640204
0.96602259,1.1487387,-0.70216371,0.70128013
-1.3848313,-0.22961524,-0.54962988,-0.87828072
-0.28068337,0.70213449,-0.90541773,-1.010373
0.85823428,-1.1690613,-0.16460196,-0.99991921
-1.7269942,-0.061147426,-0.96036489,-1.1880481
-0.2851813,-0.90600642,-1.1157235,0.35596323
-0.012478542,-0.92446733,-1.3570492,-1.1230216
1.7731508,-0.44765481,-0.10141047,-1.639336
1.9922078,0.44459731,-0.60248339,0.97533752
0.12886389,-0.12753691,-1.1071049,1.6568793
-1.6253481,-1.4829644,-1.0527124,1.4443421
-0.65622529,-1.3855713,-0.038366972,-1.6769939
1.5895794,-1.0367017,-2.1271994,0.85278379
0.037186265,-0.21547745,-2.3258212,-1.5661172
2.1150632,-0.84196248,-3.0080334,-1.674253
-0.3646075,0.27761183,-0.50544204,-1.4970931
-0.42411269,1.2122181,-0.9751849,0.67544177
-0.21006003,-2.2292301,-0.38446003,-0.62032647
-0.3406696,0.56065641,-0.16280516,-0.65194997
-1.7424965,1.3799433,-0.66428294,-0.73380272
0.50467063,-0.25982974,-0.38849726,0.37852881
0.46812997,0.17454929,-0.49040506,-0.74413197
-0.2744727,-0.13079649,0.46621337,-0.38972602
0.33285052,-0.14573517,-0.93652452,-0.17683343
-0.57885955,0.70636436,-0.14980416,-0.11805843
-0.62066302,-1.4649147,-1.2131241,-0.55305039
-0.094624106,1.8184453,-0.082577135,0.46301925
0.7956517,1.5744298,-0.71141153,-0.29085987
-1.2850555,-0.10250737,-0.21678249,0.35771857
-0.51443106,-0.33993122,0.029859127,-0.039315678
-0.62503033,-1.1084561,-0.71723303,-0.73381263
0.18784016,-0.67567315,1.2969372,-0.8100011
-2.006526,-1.1045266,-0.75984563,-0.021439263
-0.76693027,0.84414895,-0.078472763,0.5282768
0.7072596,-1.16284,0.91384813,0.60569018
-1.7301025,0.76115672,-0.64140053,-0.80717312
-1.200858,-1.1943702,0.29256648,-0.4657265
-0.0271785,-1.3350217,-0.24867374,-0.60060919
0.25064243,0.1676622,-0.42387724,-0.40127732
-1.6587317,-0.21475645,-0.90539691,-1.0973989
-1.3321652,-0.77221434,-1.6566145,0.1492566
-1.2813987,-3.0336688,-0.25088881,0.52135229
0.87409535,0.12337753,-0.1299723,-0.84153771
0.74375695,0.60997817,-0.15861355,-0.25077884
0.052855713,0.18365957,0.47507501,0.29756371
0.02499494,-0.59817855,-0.88877061,1.0260522
-0.75347632,-0.15335181,1.1071171,-1.5598576
-0.89654746,-0.25828539,-2.0529565,-0.3236722
-0.16826711,-0.49226959,1.4343581,0.18024183
0.040627913,-0.47504031,-0.74796187,-0.79349934
-0.55767961,-0.69160547,0.085147928,-0.27212641
0.083175601,-0.2413068,0.2412279,-1.2081746
-1.063885,0.69180062,0.3498347,-2.2248008
-0.53445046,-1.1354493,0.62238366,-1.4881978
-0.57942925,0.88624419,-1.4124258,0.73056564
0.022154207,-0.69943339,0.81313062,-0.08343222
-1.4497297,0.14808074,-1.4944043,0.72877581
-0.56856274,-0.086113847,-0.16982483,-1.1538731
-0.029626263,-0.033732029,-0.64668411,-0.012025428
-0.55975864,-0.36938824,-0.71232205,-0.56253469
-0.91998472,0.46910278,-0.38144786,0.10805363
-0.90522146,-0.38268386,0.1223904,-0.72141901
-0.90778488,0.83787257,-0.28240855,-0.46470951
-0.26045046,0.2517393,0.070459645,-0.51415351
-0.31774799,-1.053318,-0.50921513,-0.10629328
-0.079491536,-1.7694163,0.86713331,-1.194272
0.11969086,-2.3141901,0.16035536,0.51227356
-0.43881118,-2.6822361,-0.69161929,-1.0544569
1.3398194,-1.0291126,-0.77482899,-0.23171457
-0.33160371,0.14232116,-0.50904929,-0.36502976
-0.0042406639,-0.48329219,-2.8683496,-0.53904894
-0.61564561,-0.36276344,-0.12073253,-0.97790832
-0.062029871,-0.09450894,-0.53280082,0.14886595
0.13315824,0.36108601,-0.70233103,0.15628176
0.34838199,0.39081366,0.10047001,-0.09572116
0.68637694,0.11566684,-0.68509353,0.38629437
0.45222231,-0.65976566,-0.68131834,-1.1471388
-0.55312655,0.55095808,0.69688589,0.71209573
-0.74464292,-0.39537221,-0.98092588,0.27776852
-0.386984,0.44379848,0.7530017,1.0997802
0.12143566,-0.66330281,1.198492,-1.0725997
0.077932675,0.34305297,-0.51785223,0.27085735
-0.84667052,-0.65377229,-0.29684517,-1.1891492
0.41516101,-0.66141366,-0.48611569,-0.54541873
-0.93422257,-0.0034752119,-0.10657047,-1.0525989
-1.4014617,-0.60975891,0.52684418,-0.068617914
0.8875045,-0.13319535,0.18982251,-1.7604108
0.077000971,-0.44359872,-0.069841874,-1.2917616
-0.17578273,-1.539384,-0.86667362,-0.25109387
-0.50422722,-0.77483568,-0.198147,0.17406017
-0.025873828,0.14716522,-0.49007128,0.50329008
-1.0969927,0.35308001,1.2866475,0.87082879
-0.86904461,0.13248024,-1.2116605,0.6663036
0.067648377,-0.73718715,-1.3492807,-1.1955308
1.1071686,-1.5379321,2.1364757,0.072345395
0.7449449,-0.64757948,-2.8586635,-0.074914472
-1.1381339,-0.4609668,-2.7103046,-0.3721451
-0.88935079,-0.69582951,-1.6013014,-0.19778689
-0.46799003,0.50377753,0.35037114,-1.4415558
-0.67811294,-0.85369267,0.69180969,-0.011431222
-0.0053527119,-0.54587978,-1.3404676,-1.0058232
0.21165059,0.64083321,-0.16358619,-0.6622412
-1.3830398,-0.003540673,-0.23240454,-0.11237865
-1.3707106,-0.40358231,-2.0298608,-1.575668
-0.91354773,-0.08059948,1.0383834,-1.4659147
-0.3963183,-0.45002525,-1.0415203,-0.261341
-0.35586079,-0.8234066,-1.8216373,-0.30963809
-1.302057,-0.21058137,-2.4011199,-0.38286177
0.024024592,1.0183019,-2.2797708,0.87225908
-0.18203507,0.39269091,-2.1010425,1.3237868
-0.95779275,-1.0429896,-0.29693182,0.2648947
-1.1264635,-1.7032672,-1.1264946,0.48004501
-0.2911398,-0.09301611,-0.075854883,0.045299159
0.10101252,-0.09301611,-0.59624304,-0.40358897
-0.39624207,0.49159128,-1.639306,0.49493022
-0.86536684,-1.2095752,1.5695749,-0.39882573
0.3768852,0.59731195,1.1631087,0.60022159
-1.2765839,1.3476074,-0.82748808,0.33863297
-0.26224975,-1.7386688,-0.52520583,0.76890792
-0.27744822,0.0062009282,-1.1416348,0.70067436
-0.9784489,-2.0192444,0.1304959,-0.62289947
-0.87350199,-1.1150138,-1.6892172,-0.68378949
0.17893295,-0.45237801,0.36817819,-0.46697019
1.1456813,0.017279094,-0.5200386,-0.28797957
0.59232908,-0.22683299,-1.1048927,0.28210318
-1.9809323,-0.48090882,-1.0433957,0.022745169
-0.14857349,-0.72718774,0.21812195,-0.060436039
-1.3792141,0.16937265,-1.0776032,-0.28844792
0.62941627,-0.075605602,-1.2322882,-0.7214951
-2.6112445,-0.1664375,1.0802028,0.12448692
1.4025923,-0.27345011,-0.59754756,-0.87120959
-0.73084776,-0.27345011,0.084988744,0.16601381
-0.85808448,1.5330389,0.41835755,-0.022462714
0.031391842,-1.9847775,0.58951963,0.15004101
-0.67250844,-1.2553309,0.56866761,-0.92626037
-0.83519139,0.57154241,-1.4488401,0.31135104
-1.2305559,-0.53540757,0.65773681,0.31135104
-1.7782279,-1.2235337,0.76807979,-0.77534167
-1.8026219,-0.073352936,-0.9582738,0.33002069
-0.0096271062,0.34089143,-0.28547773,-1.0400387
-0.41617958,-1.0071208,0.3527182,-0.16434096
-1.2590073,0.086964955,-1.0874598,0.077058488
1.4990822,-1.1604649,1.1378093,-0.41489253
-0.024485517,0.13035494,-0.062789942,-2.1990884
-1.1193762,-0.89018572,-0.092546167,-2.574762
-0.87413836,0.37226991,-0.064104634,-1.4101698
0.1777795,0.28476757,-1.2108009,-1.4471339
1.0821787,1.556305,-0.41180046,-0.99462158
-0.84394966,-1.6404052,-0.33596001,-1.0497234
0.15743451,0.67219076,-1.0098801,-3.183703
0.24030362,-1.2738237,0.93642501,-1.285256
-0.42516494,-0.082536172,-1.5221821,-1.285256
-1.0440818,-1.7493478,-0.33067406,-1.0907306
0.3694835,1.4143171,-0.29842914,-3.1742461
-1.9651091,-1.0745941,0.92271801,0.091481052
1.4177895,0.14486455,-1.7537371,0.18826779
0.22944013,-1.2992766,-2.6957541,-1.4177657
-1.1804868,-0.50706673,-1.2150567,-0.77704438
-0.88568556,0.55319227,-1.3264666,0.11853531
-0.42091207,-0.19402978,-0.98914858,0.19129862
0.029734281,-0.18936958,-1.1959589,-0.96246689
-0.46059971,0.050831212,0.61386014,0.49932293
0.026779307,-0.97269954,-1.4582436,-1.0355002
-0.76405245,0.21556845,-1.2911586,0.074713468
-0.13283911,-0.74719688,-0.92803,0.24880744
-0.13467503,-0.74719688,-0.32196604,-1.2148262
-0.34047851,-0.25473299,0.42656961,-0.24257365
-0.37164292,-0.15995247,-2.7911551,-1.0657295
-0.26587461,-0.56881001,-1.1106666,-0.55928264
-0.62739367,0.35164179,-1.1106666,0.97100472
0.35181662,-0.19835263,-0.97416717,-0.39992299
-1.5922445,-0.0051082487,0.58760996,0.2472785
-1.7477646,-0.17528403,0.23001863,-0.21480258
-0.69627471,-0.6086286,-1.8915447,-0.42261473
-1.1942328,0.041330198,-0.16999015,-0.42261473
0.18914524,0.37024038,-1.261909,-0.23971895
0.68344376,-0.23746411,-0.8845911,0.14553945
-1.0189989,-0.93742202,-1.6200424,0.67930064
-0.33343957,0.47793829,-1.6418404,0.78699471
-0.4132316,0.33411084,-1.9019568,0.68793275
-0.35510367,-2.1176049,-2.2599483,-1.3485146
0.94044217,0.12089149,-0.65560838,0.70199492
-1.762611,-0.43819085,0.093314013,-1.0672743
0.95167665,0.32640041,-0.44332004,0.0076325001
1.0849974,-0.49697719,-0.7403181,-0.76854893
0.9350349,-1.2296734,0.25968016,-1.6028489
0.091675177,0.29618901,-1.3248626,-0.32216083
-1.283077,-0.52479286,-0.17945165,-0.41591946
0.3833872,-0.23482323,0.47258172,-0.27813059
-1.0992042,0.030830094,-0.71117843,-0.53612386
-0.33039634,-0.18771318,0.0014213632,-1.8932062
-1.052852,-0.28275797,-1.8999447,0.4697711
-1.8277998,-0.17576989,-0.47636215,0.39372794
-0.64917168,-0.78608881,-0.38947899,-0.54331547
0.3423957,2.3184004,-0.068232051,-0.62083714
-0.008591529,2.5319828,-1.6137402,-0.078559024
-0.61231166,-2.2742511,-0.49357984,-0.49901016
-1.3784817,0.027079063,-0.56364279,-0.20192827
1.4444918,1.079199,-0.32703343,-1.3315325
0.89641198,-1.2573276,-0.60776717,0.48896962
0.41176636,1.1623819,-0.59165358,1.3490529
-1.124455,-2.2194156,-0.55900592,-0.025797162
-1.0495751,1.4849939,-0.09122094,-1.1038455
-0.27216463,1.396143,-0.59657122,0.3433161
-0.92722861,-2.1283568,0.55748187,-1.0974044
0.26332168,2.0421506,0.15813162,-1.1587207
-1.2814569,-1.7518329,0.67373617,-0.092743452
-0.37943348,1.3781572,-1.7630372,0.21713186
-0.6211087,0.8076861,-0.47014065,-0.11290562
-1.5641358,0.30244165,0.074365566,0.64964715
-1.1561316,-1.0273573,-0.68767239,-0.06496435
-0.067289339,-0.38024492,-0.25642453,-0.77206786
0.92867413,0.47403053,-0.50993014,-0.24368907
-0.10424036,-0.85588572,-0.13399483,0.15116547
-1.0761189,-0.87355867,-0.57032158,0.079785462
-0.97135864,-0.47588129,0.87667187,-0.54719641
-1.4235473,-0.8400945,1.3685031,-1.1662181
0.73351729,0.48607326,0.97467188,-0.42658647
-1.1552673,0.78516652,-0.20488461,0.023796699
-1.6378962,1.4088442,0.52893246,0.51923063
-0.66059737,-1.7712234,1.2858647,0.20227753
-0.47298903,0.56389084,-2.0954324,0.37620181
-0.47584786,0.43901525,1.6831133,0.40811873
-0.49791464,-1.7423949,-1.215521,-1.7440677
0.39110865,1.0145568,0.80935658,-1.7543863
-0.46660778,0.4361916,0.46716249,-0.63518028
-1.5227476,-0.82136858,-0.58052623,0.10544852
0.53782846,-0.081373099,-0.065303233,-1.1482611
-0.44279696,-0.35744693,-0.17100586,0.13743754
0.2736286,-0.54301128,-1.1472429,-1.0722555
-0.29355456,0.71157938,1.2067089,-0.99412943
0.12864957,-1.8694945,0.57230554,0.15532464
-0.96528987,0.70708582,-0.54258433,0.24586689
0.55265221,-0.19744064,0.54120566,-0.92606398
-1.3128716,0.90946468,-0.87969986,1.0089559
-1.6464961,-0.032137592,-1.4765444,-0.65561832
-0.82648337,-0.3270882,1.4831741,-0.97625351
-0.28941923,-1.2355212,-1.2244852,-0.36519474
-1.9197603,0.10347121,-2.3091176,-0.99101009
0.54888367,0.59881896,-0.87699435,0.41445111
0.27491051,0.36325632,-1.1357402,-1.0325865
-0.94240435,0.57243859,-1.2955057,0.14776983
-1.2677857,-1.2386647,0.065193831,0.44881892
-0.36765574,-1.5542757,0.29850704,-0.99122674
-0.20991877,1.0596204,-0.51625484,-0.8146094
-0.58432049,-0.36985493,-0.51625484,-1.3234446
-0.14100658,-0.30597634,-0.79116644,-1.315986
-0.55047003,-0.0098275269,0.37394096,-1.8312521
-0.96091884,0.38691929,-0.52365522,-0.62752952
0.56484944,-0.37839191,-1.2647838,0.079846064
0.2717413,-1.0024329,0.83712006,-0.6593965
-0.31392343,-0.53511084,-1.5061815,-0.5034345
-1.0566678,-1.2854975,-1.6180698,0.79927056
-1.2580728,0.58385249,0.81449771,0.98723841
0.97444759,-1.3087142,-0.70783508,-1.7344913
0.23147262,-0.9907574,-0.26902939,-0.93470963
-0.45981393,0.62037951,-0.98620973,-0.68699313
0.16062658,1.7875582,-0.46351788,-0.43632113
-0.77893243,-1.8486008,-1.5002258,-0.57192302
0.31696697,-0.63178294,1.0684929,0.62461335
-0.13391416,0.74203395,-1.8254783,0.84365455
-1.293259,-0.76969288,0.27754128,-0.14790788
-0.44251896,-0.33350894,-0.56869002,-0.45634053
-0.058886671,0.91836366,0.27884242,1.3664782
-1.7368033,-0.084446373,-1.2621528,0.92819037
-1.4002346,0.32848523,-1.4063906,-1.5250743
-1.919635,-0.59899951,-2.0845466,0.91945551
-2.0229102,-1.9528876,-1.849725,-0.72912016
-1.5921592,1.0192818,1.1825439,-0.67955623
-1.9378763,-0.75457,-0.10484732,-0.1847095
1.5942168,0.089582799,-0.5419313,1.8340381
1.2752136,-1.0130518,0.9453425,-0.67905161
-0.023767756,0.071286143,-1.6405543,0.81787952
0.46800476,0.25739156,0.63873775,0.65204779
1.1604768,0.78058465,-0.8080416,-1.2473828
-0.71253064,0.74093752,-1.6382785,-2.3917917
-0.91245141,-1.136124,-1.2803585,1.64272
0.53153174,-0.73724666,-1.5513832,-0.81826181
1.0185431,0.5073024,0.052175614,-0.44476159
0.209641,-0.38449509,-0.45042568,0.41727876
2.6142671,0.49538108,-0.358728,0.33850729
0.34145068,0.46339803,-0.38927322,-0.71461167
-2.2231151,-0.021023482,-0.4482882,-1.5909009
-1.1586274,-1.1211546,-0.99057785,-1.3189954
-2.2530449,-1.9898414,-0.13747936,0.60741073
-0.42092201,1.2721196,0.64024297,-1.2317599
0.10598663,-0.36960649,-0.30612857,-0.5283574
-0.23440029,0.021590935,-0.64918792,0.34208458
1.5796877,-0.55360707,0.61176815,0.32028704
-1.3203667,-0.46819119,2.1539401,-0.84059186
-0.19450989,0.0053093174,-1.1088836,1.0981657
-0.56281269,-0.3048212,-0.66988283,-3.5112248
-0.29451485,-0.015454018,0.10812445,-1.7201845
0.016745279,-0.29685318,-0.43803071,0.9495504
-0.24348512,0.56052612,-0.99747047,-0.1791644
0.12713599,-1.0148096,-1.673222,-0.50317686
1.0784139,1.4010949,-1.4866936,-1.1333752
-0.65617137,-0.58564749,-1.6352825,-1.4858167
1.286872,-1.6424896,0.84341739,1.0655527
0.6034349,0.32758164,1.4487448,0.24675943
0.13725771,-0.67495532,1.6025572,-0.22424964
-0.59538215,-0.032653761,-0.44871471,-0.76091444
0.88753509,-0.43952294,-1.2207901,-0.51298121
0.93733499,-0.1644881,-0.78541628,-1.0158344
-0.017706262,-0.26168112,0.019160283,-0.86705652
1.4272989,-0.70424841,-2.205315,-1.4908868
0.92194557,0.42600847,0.0066777881,0.34179433
0.87129367,-0.39232539,0.61889895,-1.6090057
-1.6769934,0.56221956,-1.6551527,-1.1683051
-1.1790155,0.47933486,-1.2185033,-1.9835111
0.028133351,1.2126931,0.38389876,1.5142935
-0.25275416,-0.52168679,-1.7018676,1.2238454
-0.68034704,0.03830801,-0.42429321,-1.3369655
0.93657051,-0.6201545,-0.86205286,0.84506074
-1.6056718,1.197757,-0.81099726,1.3994057
-0.45189622,-1.0730148,0.77581334,-1.3738628
0.44310044,-3.3293927,0.55759561,0.97690386
0.33602002,2.9425011,-0.32958189,0.85014616
-0.36352795,-0.19955379,0.84440139,-1.0987805
-1.1849762,1.0635665,0.59081783,-0.37481418
-0.34007118,0.12956934,-0.64859829,-0.79050404
-0.87204568,-0.18420987,-1.8402702,0.5584295
-1.6743756,0.20184188,-1.5222389,0.76184618
-0.78104979,-0.49880332,0.85157543,0.023590778
-0.81012666,-1.488595,-0.084672733,-0.70467546
-0.9628732,1.2256018,-0.07552874,-0.91238337
-0.42854552,-1.349883,-0.37393614,0.2698313
-1.2347653,-0.92789903,-0.41745293,-0.73835902
-1.1073503,0.54347862,-2.3215694,0.56594705
-0.34568321,-1.5586052,1.5268288,-0.39960025
-0.58189756,1.0662696,-1.265417,-0.63098387
-0.33351497,0.569625,0.28199057,-0.49071719
-0.78634893,0.397099,0.39326967,1.0771204
-0.86680166,-1.6298577,0.49202864,-1.7427557
0.10884074,-2.2608612,-0.35504359,0.93486809
-0.78668138,1.018091,0.2968378,-1.0624728
-0.70609563,0.15420755,-0.26119964,0.24229505
-1.4517825,0.29565202,-0.52061342,-1.1321546
0.18329167,-0.55394319,-0.049840179,-1.0246831
0.068480384,1.0010354,-0.27742175,-1.8783884
-1.5106876,0.14797678,-0.69417722,-1.034216
0.37867486,-0.71874849,0.56225345,0.028163688
0.16726999,-1.2760406,-0.59006031,-0.5224491
1.5275103,-0.66808847,-0.86973679,-0.41486738
1.3664167,1.5644641,-1.187845,-1.1188926
-1.5683528,-1.838683,-1.1206983,0.39184673
0.72893854,0.52037681,-0.47154893,-1.7425028
-0.23292439,-0.76726689,-1.3890775,0.86595776
-2.3045154,-0.17014436,-1.9632567,-1.0672931
1.2563501,0.15250073,-0.055036784,0.056730414
1.6684657,0.076213829,-0.23212714,-0.76418807
-2.5101372,-0.58365673,0.61986924,-0.34714824
0.10759551,0.75806487,-1.2853976,-0.22560572
0.29043384,-1.0955007,-0.65775699,0.3383636
-0.24325551,0.34166559,-0.99905573,-1.5022144
-1.2866914,-1.6484981,-1.5210171,-1.780202
-0.74873771,-1.3093385,0.94678958,1.1566507
-1.5172911,-0.85343009,-0.073756384,-2.1118261
-0.87481375,0.39187442,0.71272719,1.3962123
-1.327809,-0.53095443,0.19315485,1.6168988
-1.5295119,0.55364293,-0.82627412,-1.9794137
-0.0085683334,-0.28183941,0.85720818,1.0938762
-0.093131532,-0.33773591,-1.6385237,-1.0827212
-0.87792065,0.17381347,1.3395158,-1.1730454
-1.5059447,-0.93066545,-0.56517576,-1.0323275
-0.60897679,0.47055458,2.0577169,0.21321747
-0.80388333,-0.58003027,0.17443131,-0.70773915
-1.3945862,-0.73970492,0.13994983,-0.30316406
-0.38176755,0.16892069,-0.73144454,-1.8027646
-0.93564729,-0.054378668,-0.45917826,-0.065635699
-0.33329545,0.37773555,-1.5696568,0.37710275
-1.7189593,-0.48360998,-1.841729,-0.64961089
-1.1525668,1.6009101,-0.074614649,-0.0024815292
-0.32517392,0.088660563,-0.13113795,-0.460296
0.16081977,-0.46537142,-0.59466794,0.44636372
0.16804787,-0.71383515,-0.33227111,0.79630076
-1.164547,0.27996914,-0.16413583,-0.04518876
0.24418165,-0.079787295,-1.0157465,-1.1449697
-0.67930132,-0.27900457,-0.27643818,1.2740013
-0.35144968,0.4386904,-1.2015981,1.2292322
0.32854759,-0.18496139,0.46008617,-2.9536696
-0.62763246,-0.11255114,-1.1306235,-0.1560467
-1.269232,0.49876657,-0.68145861,1.4117099
-0.19410845,0.94259038,0.34060994,1.4100251
-1.4416337,-1.3370453,-1.6330809,-1.9640587
0.71187622,-1.3643561,-0.24093851,-0.010504081
-1.1986922,0.82815114,-0.45797405,-0.90799476
-0.90323681,0.81746553,0.23695799,-0.070655851
-1.9264216,-1.2771144,-1.032999,-1.0225737
0.67159714,-0.12616964,-0.57503734,0.26709408
-0.11010421,0.18706181,-1.4182649,-1.6552712
0.18882136,0.091042645,-1.0312096,0.34950437
-1.0275523,-0.029038676,0.26591392,-0.78085686
-0.097996287,-0.3468516,1.063508,-0.38938113
-0.74959434,-0.19111677,0.54451991,-0.44476381
-1.2631999,-0.40236568,-0.86123741,-0.37025759
0.19000158,0.040833083,-0.34817834,-0.27671329
0.99614863,-0.87011633,-0.64905798,-1.3792974
1.7816105,0.64177132,-0.076220419,-2.2690616
1.5613954,0.83405729,0.5081602,1.6928915
-2.016765,0.29075273,1.1525433,1.3066131
1.393875,0.50214349,-1.8267338,-1.7975072
0.41563017,-0.74309816,-0.20379485,0.84795467
-2.5865071,0.30121719,0.37366921,-0.56348529
-0.27732282,-1.6284833,-0.065694706,-0.28173334
-0.66053002,-1.5120519,-0.031962788,-0.32338603
-0.94128869,-0.64833747,-0.41715449,-0.7543498
0.13991087,-0.79061961,-1.0965419,0.26048416
-0.67325401,-1.2219729,0.9177924,0.58054387
-0.52743713,0.91762589,0.9630627,-0.38476224
0.41872808,-1.248345,-0.28807107,-0.13327497
0.16389255,1.0102526,-1.2990435,-0.47095791
-0.2095775,1.2795388,-0.43515311,-0.83658902
0.11524007,-0.27455466,-0.83536994,0.14960068
-0.1876939,-0.16128005,0.19457419,-0.5582102
1.4838802,-0.93989643,-1.4216877,1.782196
0.27879393,-0.35866274,-0.15305603,0.7110799
-1.0205316,-0.52846072,-0.49260595,0.16519321
-1.2019408,-0.077138277,0.62539094,-0.82798353
-0.12044761,0.96132226,-0.51338629,-0.60429338
-0.12044761,-1.7507604,-0.38012216,1.5523053
-1.1738124,-0.5205935,1.3469669,-0.47655551
-1.1705079,-0.83473413,-0.23317563,-2.2318376
0.37924425,-0.10084928,-0.36688024,-0.20823117
0.457046,0.04156506,0.4815943,0.16056535
-1.0014993,0.75807228,-1.2675052,-0.53237866
-0.71201131,-1.712955,-0.87530448,-0.851405
-0.27835168,-0.02213896,-0.62744492,0.4075249
-1.2748902,-0.66485278,-1.9634538,0.46825851
-0.75714952,0.073973726,-1.259184,0.52983759
-0.3897981,-0.40078361,-1.4294021,0.25412042
-1.1551218,-0.41658642,0.48663716,0.064484643
-0.47261712,-0.57252729,-1.4674258,-0.67904132
-0.84377603,0.45026586,0.63434489,0.17517346
-1.2379555,-0.96463244,0.30484764,-0.059778745
-0.7059203,0.93984207,-0.07097913,-0.63773729
0.25286884,-0.48423991,-2.3476734,-0.35181888
-1.6473973,-0.94355243,-0.37930404,1.6044511
-0.345476,0.41278595,-0.16108216,-0.22759818
-0.61452904,-1.1232056,-0.021107728,-0.46568123
-0.16215471,0.29744023,-0.37401021,-0.51654316
0.15672894,-1.1573002,-1.001292,-0.45814238
-0.81345394,0.43468834,0.29457082,-0.87959282
0.48880683,0.52384571,0.36701732,0.84358086
-1.5743332,-1.0504622,-1.610869,1.3921629
-0.81267241,-1.276239,0.79731336,1.2400989
-1.6683927,0.52443602,-1.806888,-1.8132402
0.82872969,-0.041579953,-0.5995337,-0.70302053
-1.8676989,0.53606858,-0.12875143,-2.0401116
-0.62638785,0.31524037,-0.23415453,-1.0447291
-0.29221316,0.12097991,-1.9187541,-0.36157167
-1.3495262,0.51128969,0.30191441,-0.51556941
0.20534667,0.61128006,0.084926238,-0.37295401
-1.2866857,0.070333439,-0.13030501,-0.14735897
1.1322473,-0.033499986,-0.62329625,-1.7055321
-1.5065172,0.25976995,-1.2931169,-0.10120831
-1.3634776,-0.60860049,-1.3784381,-1.1718853
0.094325728,-0.11453889,-0.32387967,0.91657145
1.7387852,-1.4540905,-0.15042415,0.53753077
-2.0692722,-1.9302154,-0.53199554,-1.0671388
0.9713171,1.6424507,-0.17770635,1.0393348
0.71767193,-1.6364406,-1.4775586,0.76462426
0.93482759,1.467849,-0.21032584,-1.5301698
-0.10532747,1.110201,-0.78146298,-1.4339304
-1.4036739,0.59255672,0.60976984,-1.7194062
-0.70476529,0.23696013,-1.492277,-1.8726468
-0.40736305,-0.4008354,-3.2444051,-1.5647386
-0.078826324,0.15304095,-2.0089503,-0.74481381
1.7790306,-0.31368927,-0.69170594,0.04466951
1.6630253,-0.29759667,0.042835862,-0.69000616
0.52682287,0.33637175,-0.35050911,-1.7045593
-0.62451006,-0.78156062,-0.93651006,1.7694088
-0.77159468,-1.0689494,0.089549112,-0.044408733
-0.42478647,-1.3441601,0.57872933,-1.0962626
-1.8529159,0.80889018,-1.1710826,-0.19859495
0.58810691,-1.2928869,-0.48643604,-0.59883225
1.4411038,-1.1418423,-0.4144066,-0.19889214
1.6524105,-0.99011957,-0.27834818,-0.55629997
-2.2534092,-0.022113125,-0.40466407,-2.0063409
-0.20899836,0.31636751,0.32506567,0.12979485
-0.53928538,-0.4825279,-1.6032907,-1.6201647
-1.5320466,-0.17538697,-1.3475185,0.78023814
0.55650247,0.16866677,0.17338005,-0.98741572
0.27030268,-0.74596172,-0.81595529,-1.674024
-1.3503669,0.10216785,0.32868538,1.5809876
-0.21158488,-0.53698659,-0.77748899,0.52373098
-1.1963472,0.4399082,0.30788829,1.9464135
-0.85802748,-0.65628569,0.56332568,-2.0594
-1.4666534,0.27063499,-0.047531206,-1.1574475
-0.72508858,0.28575716,0.013627741,-0.56033682
-1.5801629,0.30043929,-0.43802512,1.1532018
-1.4318636,0.37744415,-0.26434127,1.4698333
-1.173865,-1.5258139,-1.019596,1.1274592
-0.86448339,1.6716391,-2.0641607,1.1440163
-1.6526546,1.5501968,1.8091445,1.2748332
-0.54432794,0.51309816,-0.028638524,-0.038587447
-0.021823803,0.50730661,-0.29819801,-1.639503
-0.91117913,0.34455283,0.17448102,-0.73301631
0.49188566,-0.7479436,-0.42533123,0.065974323
0.46798471,-0.74289282,-0.66241125,-1.0200697
-0.39801397,0.47473893,-0.042831829,0.38013074
0.51662955,-1.0601489,0.28937512,-1.3274766
0.24794804,-0.63238992,1.8947986,0.82114245
-1.0509886,-0.74068403,-2.5483627,-2.484351
-0.020344041,0.36430709,1.9937129,1.9980899
-1.2726289,-0.50673919,-2.0870236,-2.4082111
0.76390922,-0.136775,-0.7050208,-2.3641547
-1.3704544,1.0855983,1.6034774,0.70435373
-1.1779857,-1.3525852,0.96667531,-0.19044823
-0.46398224,0.72830877,-0.75539003,-0.32158256
-0.43336094,-1.3289375,-1.2016886,-0.30352167
-1.551926,0.88710298,-1.0875128,-0.45776165
-1.9827738,1.1367303,0.96574943,-1.6883899
1.335146,0.99954947,-1.3553174,0.55949248
0.76449365,-0.59338548,0.23142532,0.95636109
-0.43730377,0.67730315,0.074584558,-1.4913011
-1.1313464,0.8001496,0.65751943,0.27188033
-2.5655832,0.77547879,0.45089344,-0.61082491
-0.076203695,-1.0747742,-1.0271832,0.78227708
-1.2348683,1.4225198,-1.3727495,-0.25940742
-2.2404894,-2.2426868,-1.6867542,-0.51748362
-1.2297723,0.70729766,0.90498652,-1.3866539
-0.51200611,0.33616522,-0.19312321,-1.3534683
-1.0893582,-0.6478641,-0.29444849,-0.091635821
-1.4824172,-0.70698392,-0.29444849,0.8260319
-1.4990931,0.53389135,-1.0450608,-1.2007078
-1.1756565,-1.1302667,-0.27894963,0.64046432
-0.3320919,-1.4155662,-0.80710411,-1.4179118
-0.80143306,-0.37433932,-0.17979807,0.90906792
-0.4995358,0.12433915,1.0368893,2.1660155
0.75188874,1.6555706,0.28286163,-2.8970296
-1.5811548,-2.2892015,0.26452357,1.2400147
1.1357464,-2.3252854,-1.2653495,-0.88422097
1.798599,-2.0934259,-0.94402394,-0.18747753
0.77254422,-1.6904962,-3.2748087,-0.20590442
-1.1559569,-0.86989838,-0.84696003,0.86170856
0.94132005,-0.2740594,-1.8845213,-0.36631843
-1.6962467,-0.15790275,-1.4172859,-0.78615778
0.43041362,0.057368359,-0.56710718,0.093140777
-1.4044738,-0.79473874,-0.13824708,-1.385658
0.0096660451,-0.69569954,1.2626139,-0.92911623
-1.1648238,-1.6181476,0.87867565,0.93426129
0.015481635,1.0548564,0.25686032,0.20039799
-1.5657878,0.58534713,-0.23257246,-1.1229147
-1.8153016,-0.68823177,-1.9060645,0.60034799
-1.4427491,0.88699295,-0.21335025,0.61976638
-1.0355331,-0.33565991,-0.48113819,-1.2665965
-0.46934075,-0.88144113,-0.2307766,-0.5237094
-0.63916448,-1.728561,-0.45365814,0.71116763
-0.60251608,1.4765957,-1.9543574,-0.083815139
-0.53029641,1.5339811,1.4843421,0.9954259
1.4403104,-1.6732484,-1.9029769,-1.4222407
0.0004047991,-0.20827163,-1.2312324,-0.78012467
0.066917182,1.0209516,0.1713765,-1.6091517
0.14392112,-0.77782877,-0.91757212,0.61970819
-0.69870918,0.10252758,-0.48871929,-0.14346279
0.47260974,-1.4603578,0.37677924,-0.81997585
-0.67850748,0.10348093,0.32456447,1.1540718
-0.10669128,-0.2764416,-0.67700245,-0.85041352
0.38109773,0.95508458,-1.1377911,-0.55758418
-0.9838265,0.70496521,-1.7817775,0.23062078
0.79159826,0.26087842,1.1821253,0.3597451
-1.5954763,0.8030177,0.014116933,-2.4529093
0.0045639032,0.16781228,-0.7011388,-1.097813
-0.69328136,-0.52654068,-0.4366277,-0.43103086
-0.51807885,-0.063487655,0.21287346,0.48464203
-0.97423192,0.094531703,0.24147897,0.97618199
-0.37144125,-0.11684619,-1.1267702,0.77899479
0.076501575,-1.1621737,0.19055145,-0.1627456
0.27042055,-1.1810838,0.81190431,-1.4708203
-0.77795749,0.34351445,-1.4858443,-0.64416924
1.0219785,-0.59183346,-0.92870167,-1.2923098
0.35805959,-0.7227036,-1.7276961,0.057718088
-1.442995,0.25280036,0.55399322,-0.87780206
-0.80140455,-0.81391312,-0.1954526,-0.99842079
-2.5843683,-1.6295196,-0.85166898,-1.0999004
1.2880681,-0.50586698,1.1293424,0.42235077
0.29799221,-0.50952591,-0.92796282,-0.95486959
-1.0388658,-1.0725444,-0.69204887,-1.045657
0.17236447,-1.5858451,0.2155774,0.27420342
-0.8546749,-1.4945603,0.31822792,-1.3320763
-0.97516033,-0.40701127,-2.5066583,-0.49528804
-2.3571773,0.14584791,-1.1065734,-0.062459637
-0.83547398,0.03227077,-0.46158791,-0.51308055
-0.8162192,-0.5798797,0.47606657,0.30896681
0.18436342,-0.3838875,0.97582788,0.22107689
0.89463129,-0.1147217,0.7585651,-0.31743133
-1.2823845,0.99451877,-0.27639773,-0.78528385
0.23598057,1.1857389,-1.5699794,1.3088878
-0.06304285,-0.82659979,-0.4134323,-2.0644212
0.72866496,-0.72978524,-0.37965144,-2.343046
-0.25256,0.34785083,-0.93754996,-1.5479475
0.87453306,0.06485495,-1.9271585,-0.98980829
-0.72517898,0.59481203,2.1772398,0.30696433
-1.1041713,0.66207942,0.13912747,-1.3348871
-1.1709579,-1.6170354,-0.23729688,-0.6561678
0.1777566,0.70560742,-0.13226384,-1.2975552
-0.011179858,-1.0490382,-1.2417888,0.64571604
-0.53602299,-0.0033847949,-1.0025359,0.77239797
0.14223764,0.11908068,-2.5753391,-0.13317244
-1.6040536,-0.53339478,1.1272562,0.82360424
-0.073236553,-0.8092226,-0.18418372,0.065272271
-0.47063412,-0.39192169,0.020012499,-0.54233747
-2.0388562,-2.2096025,-0.32494176,-0.34847635
-1.6963097,0.5315474,-1.1293699,0.010388143
-0.72495912,-0.97253973,0.57357654,-2.266924
-0.38613314,1.6660071,2.2407403,1.6200789
-1.3687558,0.21632374,1.803689,-2.3149502
-0.059217944,0.30777409,2.127333,-1.956505
-0.74588126,-0.032866023,-2.0035025,0.81185628
0.12259032,-0.47998964,1.1415292,-0.096068177
-1.4141654,0.17107968,-1.5368969,-0.98214855
-1.1000489,-0.20915273,-0.14288033,1.0830562
-0.018241266,-1.8038281,0.37927716,0.90612598
-0.53857767,2.1032833,-1.68562,-1.0230528
0.07745359,0.90821062,0.51608331,-0.83615107
-0.71023472,-1.0721176,-0.35768414,-1.4239151
-0.30552429,0.327948,-0.022151648,0.85624579
0.29960471,-1.1319198,-0.20135197,-1.0343645
-0.027388482,-1.8001241,-0.017242954,0.3346849
-0.65821338,1.3581965,0.053708278,0.23852735
-0.59222799,-0.053145212,0.23552485,-0.73121107
-0.20947739,-1.4557672,-0.52196112,0.12055198
-0.54122704,-0.39181686,-1.2330244,-1.0223473
-0.65204641,-0.23565897,0.19112537,-1.3052584
1.1592375,0.49805854,0.13590837,-0.81646459
-0.037357426,0.14926918,0.5846297,0.36882451
-0.77618556,-0.0085252149,-1.3162657,-0.38014823
-1.0583676,0.14723205,0.12384359,-0.32770257
-0.65968661,-0.85487595,0.0077295326,-0.73949982
-1.5791698,0.38960173,-0.93077943,-0.87739186
-0.69110778,0.2248552,-0.14390611,-0.033285696
-2.9345491,-1.3128881,0.10380855,0.79176878
-1.3236689,-1.2345228,-0.75250766,-2.0597827
0.075541011,-1.0505429,0.20267521,0.91156239
-0.28781134,-0.89467031,-0.57790203,-1.3271615
0.75092287,-0.41266802,-0.9974136,1.4731928
-1.7403868,1.4853161,0.70980191,-1.9112865
-0.84588895,0.49851502,-0.99347281,1.0006964
-1.192697,-1.4736598,-1.031528,-1.5501764
-0.12523432,1.2388901,1.3024915,-0.26998013
0.468918,0.60986928,-1.4871594,-1.4041926
-1.2801502,-0.56799043,-1.2001081,-0.56770541
-0.31936327,-1.4712743,-1.0614626,-2.8118848
-1.8757511,-0.5045944,-0.73133035,1.8324738
-1.1108427,-0.78784715,-0.1565506,1.6676639
-0.89382531,0.84741786,-0.64017317,-0.92334708
-0.99705671,-2.3550487,-2.703572,0.4395451
0.18652614,2.1797719,-0.49721442,0.22377322
-0.15910859,0.16846405,-1.0517727,-0.26065866
-0.035517818,-1.019597,-0.27999987,-0.48479994
0.024283828,0.49187679,-0.49472978,-0.42848025
-1.2722342,-0.61850681,-0.053219155,-1.5260947
0.04829003,-0.80926688,-0.77638648,-1.8763039
-0.09594209,0.53054691,-0.28306764,-2.0819593
0.077175091,0.40437055,-0.32282906,-2.7964422
0.031423565,-0.18254849,-1.1778447,0.85537707
-0.88508711,1.0189723,-0.34393101,0.48789948
-0.54307714,-0.53111882,0.26659364,0.58486207
0.28814908,0.29565038,-1.1808144,-0.77165394
-0.017506984,-0.72869418,0.83602359,-1.1465632
-1.5650601,-0.59443315,0.51381577,0.42705579
-1.4708774,1.727981,0.44795389,1.4351546
-1.1899539,2.7648347,0.1574135,1.0070916
-2.0468912,-0.5774506,-1.0576294,-0.64540077
1.4191016,0.29161006,-0.13954659,0.095716308
-2.0976582,-0.87174652,-1.3554828,-0.57330903
-0.87278474,0.57678684,-1.6801276,0.84663537
-0.87278474,-0.5422828,-1.8396176,0.039192344
0.78299796,0.73769796,-0.63407716,0.083960449
1.8493327,0.99901824,-1.1296732,1.1354957
-1.2588843,0.73911689,-0.18086424,-0.69949529
0.60587334,-1.4290291,0.91141285,0.074258948
0.023594127,-1.2905161,-2.1735067,0.84863723
-0.56382847,0.56940678,-0.61352295,-1.6313218
0.05996678,0.56160651,-1.3143888,-2.3529687
-1.0222317,-0.29032035,-0.79466806,1.6921523
-0.28229465,-0.59524609,1.4643577,0.54120961
1.0876739,0.26303552,-0.83333879,-1.8186268
-1.4377186,-0.93425047,-0.39335124,2.0425218
0.75690685,-1.2296808,-0.4146781,-1.0878228
1.0029921,0.86798859,-0.051949207,0.1042045
-1.9675516,0.4704589,0.26288279,0.38338729
-1.0653944,-1.1021925,-1.5996883,-0.4856835
-1.423778,-2.0414832,0.086173401,0.35169457
0.46078311,0.41589879,0.2260354,0.2613621
0.10730787,0.67936845,-0.77278469,-0.32998877
-0.24727237,-1.0085429,-0.2583446,-0.50677565
-0.48670992,-0.4784805,-0.63508471,0.85939358
-0.41293068,0.10083985,-0.76579891,1.0418856
-0.42541099,0.19009685,-0.24928564,-1.8415554
-0.62097772,-0.68547309,-2.0268051,-0.94893208
-0.85253946,-1.7727772,0.49608,-0.9872716
-1.9033418,1.3003145,0.41176084,0.056157733
0.043892991,0.1675553,-1.1856776,-0.22031602
-1.5452898,0.50528163,-0.51511684,-0.21926061
-0.21034782,-0.78957818,-1.4092928,0.49964587
-0.16840411,0.05035328,0.4863045,-0.15350686
0.49406792,1.2364299,-1.2121211,-1.4765594
-0.9997875,-1.3073069,0.85863973,-0.39716887
-1.436756,0.16495496,-1.1632267,-0.33896807
0.13784124,0.050367902,-1.1211742,-2.1112096
-0.13191999,0.0027562464,-2.1927299,0.16718781
-0.5874904,0.88186181,0.70846602,-0.39497726
-0.16880958,-2.9022064,1.2378651,-1.6346382
-0.66804375,-2.6507315,-1.8889011,-0.73876967
-0.1623458,-0.061175101,-0.81741635,0.33409622
0.4138276,-0.40525251,0.16559202,0.48918537
-1.2101246,1.763278,0.50521469,-1.1327484
0.703236,1.7663075,-1.5766606,-0.69789136
-1.2197115,-0.65663617,-1.1252041,0.48403026
0.31034272,-0.51737602,-0.11483367,-0.019127331
-0.86760188,0.48755571,-0.39553904,-0.091097731
-0.52715712,-0.19008529,-0.39553904,0.48938475
1.1638987,0.13729001,-0.044091352,0.10243404
-0.07632719,-1.6935354,-0.86694132,0.058059212
-1.4835155,1.164411,2.2031324,-0.94306234
0.84942067,-0.68407478,0.6236972,-0.85801799
-0.28460352,-0.65814109,0.36487735,-0.23482621
-0.54715706,0.2056238,-1.098488,0.20544274
-0.11942579,-0.3608063,0.26693548,-0.73632862
-1.6331182,-0.6782988,0.14030659,-0.52459225
0.36290444,-0.30081025,1.8983568,0.25487479
-0.93580333,0.71643454,-2.6734762,-1.6331697
-1.0016789,-0.56928355,-2.1597158,1.1847485
-2.3524894,1.5007746,-0.3901542,1.7404465
0.51106886,1.0321638,0.50952161,0.23091799
1.1481112,0.94081846,-0.11933095,0.38818444
-0.61066953,1.745354,-0.55189148,0.42829546
1.0175946,1.4016304,0.13496894,-0.52908413
0.57400991,2.0689692,-0.57127911,-0.66542386
-0.71256193,2.0218822,-0.13219547,-0.53842931
-0.86657973,-2.1969823,-0.71083085,-0.43940612
-0.81713414,0.046718791,-1.7877118,0.1229923
-2.458601,0.80679701,-0.6124154,0.21361078
-2.332153,-0.3554519,-0.53349118,-1.5949401
-0.42975855,-0.79248532,0.18044221,-1.5383604
-0.24902625,-0.26588647,-0.51646656,0.91342842
-0.86256647,1.2200355,0.08597589,0.3945881
-3.0460127,-1.2115686,0.664485,-1.3216111
-2.1900487,-1.3882575,-1.0677123,-1.4482275
0.35820312,-0.77177388,-0.57785742,-0.42612358
-0.74158097,0.24191439,-1.7998088,-0.15783117
-0.96877222,-0.10851754,0.8542358,-0.08273394
0.67523102,0.20173914,-1.6546968,0.39709904
-0.5434927,0.024876965,-1.1101122,0.30588539
0.24134051,-0.23738684,-1.8321103,-0.73136882
0.80274267,1.2359501,-1.7496903,-0.93774558
-1.4029014,-1.7694629,0.54624713,-1.4140471
-1.5116805,0.24834054,-1.1095741,-1.005507
-1.3897078,-0.14904942,-1.4903271,-0.29282728
-0.86732126,0.57128395,0.3515808,-0.033045695
-0.86732126,0.41214699,-0.27313823,0.56228769
-1.0376354,0.36037082,-1.0249904,-0.35080097
-0.0076697397,-0.1603495,1.6169903,-0.4613205
-0.56714904,-0.1404805,-0.93638565,-0.36686593
-0.43698008,1.2741509,0.37438027,0.61619646
-0.62687857,1.3481244,0.21244118,0.22800748
-1.6272607,-0.57639329,-1.3103696,-0.521876
-1.5623363,-0.34093206,-0.87191415,0.29764114
-1.6232129,0.29066871,-2.1506773,-1.0583606
-1.0329838,-0.29591324,1.2767067,0.56447426
1.2040869,-0.1918167,1.2994398,1.3499677
1.2783308,0.27448058,-1.5539278,-2.428985
-0.092031737,-1.298788,-1.5023958,1.5248794
0.057885605,-0.00031465358,-2.5323612,1.4239413
0.40259373,1.2760184,2.4749339,1.1433717
-0.77627246,0.26343967,-3.0219489,-1.5961936
0.52437152,0.93812947,1.949544,-0.36729368
-1.7020308,-0.30236468,-2.4456539,-0.43968182
0.67466167,-0.2002144,-1.547424,1.0818562
-0.30967719,-0.028437779,-0.68917779,0.9217448
-0.1143538,0.16184505,-0.78654254,-1.7120812
-2.4594025,-1.2235234,-0.32175475,0.3580078
-1.3110064,0.53907541,-0.49356557,0.1444621
-2.2048605,-1.1677176,-0.31465362,-1.1976723
-2.1643842,1.0569718,-1.4706363,0.46818451
-2.4421684,1.6278904,-0.83920264,0.79531625
0.092659495,1.0620301,0.97131255,-1.7967467
-0.021091354,-0.98363863,1.2548565,0.5574306
-0.57053981,-0.50374487,-1.2660619,-0.1432184
-0.63996361,-0.73870164,0.49466457,-0.48882032
0.2570192,-0.053426933,-1.4348535,-0.59525875
-1.6795658,0.50204767,-0.59883441,-0.71536121
-0.52627001,-1.3606263,-1.1731843,0.074627273
0.047449005,1.0893899,-1.0915522,-0.79540486
-0.34920433,-1.0794237,0.36760831,0.7347376
-0.28527556,-0.55477973,-1.0546762,0.79869425
-0.15728207,-1.0002833,0.78685451,-0.087910632
-0.81692829,0.047586077,-1.1029895,-0.03939252
0.020325634,-0.94599995,-0.90714797,-0.43040175
-0.48996782,0.59191372,-0.621719,-0.13656681
-0.33167099,-0.09857746,-0.13347464,-1.2313574
-0.31597607,0.2584343,-0.27696869,-1.3270865
1.1229889,1.5020446,-1.9214027,-1.880115
0.23192158,-1.9700035,-1.2640732,0.1305267
-1.0516426,0.72836042,0.56364717,-1.0861732
-1.5655674,0.43296555,-0.087901168,0.28483506
0.50813775,0.4816266,-0.94738209,-0.17525192
-1.2048727,-0.33622104,-0.87791876,-0.18469675
-1.7191845,-0.54174031,-0.26423623,-0.14269579
-0.21549924,-1.2338596,0.24714345,-0.022309817
0.41856208,0.60896576,-0.49339075,-1.6477849
-0.37756214,-0.2764316,-1.2511853,0.16070864
-0.79425842,0.49389388,1.6946048,-1.0416726
0.26113365,-0.35486564,-0.3385773,0.12658549
0.2358019,-0.0053601037,-0.3385773,-1.0170857
0.72869977,-0.62263013,-0.86233096,1.3787389
0.31408487,-0.32064997,-0.93124824,1.0310406
-0.23505245,0.062383681,0.33627811,0.16172995
1.5122354,-1.0369921,0.31587636,-0.92643696
0.047079659,-0.065870498,0.41008159,-0.76490505
-0.88165538,-0.10528217,-1.2327979,0.93707227
-0.33691414,0.41073946,-0.30910669,-1.3421128
-0.98016017,-0.52527658,-0.95249559,0.3501653
-0.30894397,-0.026962893,-0.27941539,-1.1428018
-0.041546645,0.71013779,-0.049959831,-0.76713831
-1.685766,-0.55586515,-0.018074711,0.60135347
-0.76425718,1.1986052,-0.40549722,-1.1050991
-2.4986835,1.6648612,0.020543163,-0.18068852
1.8711804,-0.81044919,-1.2844461,0.40581166
2.1248346,0.078257376,0.72909178,0.47357882
-0.16105976,-1.1491126,0.94160956,0.050259581
-0.62706922,-2.580092,-1.5431176,1.437894
-0.16822625,0.45865998,-2.0782734,-1.157714
0.65089732,-1.0739411,-0.29938131,-0.17183626
0.39654029,-1.1961564,-0.47588811,-0.61605864
-0.26938343,0.10877657,0.0049116701,-0.65408694
-0.42238628,-0.98753649,0.024329876,-0.04042898
-0.019136589,-1.1550693,0.20831785,-1.4023937
-1.8289241,-1.5856155,-0.24921979,0.035206973
0.71901639,1.1744778,-1.0777723,0.41784811
-0.89697394,-0.94387503,0.56129613,0.068977387
-0.74689101,0.65425474,-0.37950925,0.87115127
-0.86961965,-1.3025515,-1.6882267,-0.80010855
-0.50445777,0.51659038,0.41428149,-0.82097609
-0.69556931,-0.40806708,0.033866586,0.14005747
-1.4947545,-1.3207608,-0.10337307,1.1769656
0.55464079,1.1371476,0.094802612,-0.31339795
-0.743186,-0.05154938,-0.16443171,-1.4391864
-0.58835217,0.7065105,0.3720617,-0.23164745
0.23865837,-0.084913231,-2.0589575,0.088464659
1.0381695,1.3414145,-1.1333768,-1.0682044
-1.4058253,-1.006116,0.001870722,-0.75414688
0.66120399,-0.054630243,0.47984214,-1.9309782
0.16327835,-1.4478422,1.2026701,0.90841622
-0.065750598,-1.6915863,-1.0624987,-1.4841016
-1.1984824,-1.757741,-0.087771675,-0.71715297
-1.5752985,0.80142588,-0.52471722,1.1950068
0.76215594,-0.74113193,-1.8114136,0.51264894
1.0094227,-0.63440053,-1.3662441,-0.40403534
0.88154667,-0.23785955,-0.15690968,0.0055333863
-1.2513337,0.51809534,-0.96609811,-0.91017107
-0.59102305,-0.47818892,-0.473797,-0.23671254
-2.1327507,0.77474412,-0.28412644,-0.11089425
0.96252799,-0.786697,-0.26037706,-1.3576788
-0.26554567,-0.70257676,-1.1356578,-1.1511518
-1.1110434,-0.1209056,-1.6666785,-0.37108917
-0.5810236,0.39395917,1.090339,0.040309166
-0.87985257,-0.65197146,-1.299352,0.41864524
-0.99238388,0.010667428,1.5965771,-0.96673077
-0.89153477,-0.47830616,1.7214624,1.2673327
-0.36639888,-0.057287468,-1.1793755,0.71832525
0.90648353,-0.50712644,-1.0217852,-1.2485543
1.0999238,-0.58864738,1.7500822,-2.1283721
-1.7534583,0.23712973,1.0723198,0.89844746
-0.87664534,-1.7127696,0.95315607,-1.3744634
-0.55841958,-1.4566427,0.72466098,-1.2235714
-0.27311422,-0.20649617,-1.5967732,-1.1023728
-0.5618409,0.19517299,-1.0933251,0.8432389
-0.48871108,-0.67450273,0.10743759,0.65718838
-1.8050143,0.2923563,-1.1405619,-1.287588
0.34856581,0.0015025266,0.85766693,0.012874342
-1.4995305,-1.2558331,-0.2233227,-0.84626374
-0.7019067,1.0428748,-0.62536321,-1.4006257
-1.3318817,1.4487983,-0.65241178,0.10101193
0.46137909,-1.7290437,0.38258729,0.74817675
-0.10376894,-0.42346563,-1.1110424,0.091846238
-1.4308218,-0.66878277,-1.5524894,-0.34156751
0.63397362,-2.5690229,1.3120684,-0.74700782
1.2459288,-2.7640446,-0.37192903,0.50052383
-2.3861835,0.11407294,-0.7436187,0.32741343
-2.1085964,-1.5662862,-0.1056533,-0.64941855
-1.5848131,1.1805238,-1.3267275,0.28964222
-0.42789438,-0.54438452,-0.15163401,0.41426679
-1.0210453,0.78359186,-0.48391776,-1.8391479
-1.4533235,-1.6437969,-1.3390216,-1.1435226
-2.4756873,0.87921181,-2.5191954,-0.3592348
1.4106269,-1.2877771,-1.1819555,-0.073622235
-0.18120045,-0.26322595,-0.5182118,-0.64302073
-0.87947593,-3.8894492,1.037886,0.037512719
0.038403026,-0.98086456,0.25829406,-1.0375453
-0.43571891,-1.121213,-0.052474175,-6.3132744e-05
-0.53674794,-0.44322496,-0.32734697,0.18362514
-1.7353102,-1.2899308,-0.63816651,-0.43244216
2.6994396,1.2106024,-1.4206734,-0.25282251
2.7543707,1.3723994,-1.9937932,-0.62247259
0.0063055196,-0.73881483,0.98058363,-0.35398944
-0.53459799,-0.89666441,-1.560638,-0.55319855
-0.83069306,0.1507241,0.21766218,-0.15056124
0.67427468,-0.97778498,0.10601381,-0.041386106
-1.7285633,-0.76402375,-1.1496864,0.16658654
-0.84257123,0.48911687,-3.9304378,-0.80624351
0.61554037,1.9947924,-1.8821478,0.82716457
0.80371227,1.0084385,-1.8462959,0.07626924
-0.67166235,2.1886034,-2.2327652,-0.63345013
-1.6417189,0.57045284,-0.60440987,-0.52692296
-2.9729841,-0.86130517,-0.33312776,-1.4789201
-1.5055757,1.3094668,0.49451287,-1.5695604
0.52652501,1.8999757,-1.3143494,-1.1484444
0.63669093,1.6481298,0.99552745,0.38719185
0.014334273,-2.1234567,0.97130962,-0.38898341
-0.24895011,-0.14831662,0.39989576,-0.22139766
-0.61758317,-0.36204938,-1.0574701,-0.81080374
-0.76966275,-0.4422607,-0.60995845,-0.49218956
-0.44108962,-0.066769586,0.054678652,-0.74088281
-0.14698633,-1.5675993,-0.57798899,-0.15808108
0.88324161,1.5211378,-0.66705256,-1.4147803
-1.3542812,-1.1796263,0.47236069,-1.1150972
-1.5250315,1.2203452,-1.4510345,1.0421647
0.43142853,-0.28533254,0.26875379,0.068554536
0.13754897,-1.0845764,-2.1391024,-0.73842916
-0.69816913,-1.3419808,0.93349737,0.16919789
0.18947292,-0.78412018,-0.21975934,0.24045962
-1.3015729,0.03729158,-0.87410378,-0.61878282
0.61824514,0.33794554,1.4650372,-1.2708966
-0.0090990776,0.57128254,0.38055527,-0.44586338
0.31958516,0.19062966,-0.67080975,0.94166981
-0.19793242,0.26728487,-1.0694758,-1.0462236
-0.016599124,0.33585792,0.35503219,-0.92399678
-0.50371031,0.21063186,-1.0408462,-1.5604886
0.44460165,-0.89593416,-1.5476778,-0.12728966
-1.2991818,-0.74829515,-0.45329332,-0.14087913
0.25874454,-0.92100525,-0.89438593,-1.6506487
-0.27256841,0.22278811,0.92636517,-0.13639406
-0.57849136,0.52087424,0.23174276,-0.73867826
0.81939013,-1.0289322,-0.30055224,-0.68673321
-1.3935021,-0.70194812,0.92271214,0.11531861
-0.58088404,0.42415301,-0.22978866,0.13634829
-0.59877258,-0.2888947,-0.28559325,0.21510015
-1.0142483,-0.34728664,-0.69834996,-0.77230428
-0.068007672,-0.051176629,-0.47488249,0.64039432
-0.9429645,-0.54509626,-1.5445605,-0.89513421
-0.31721325,-0.76069492,-0.11359884,0.69400418
-0.26966599,-0.69619244,-0.84380889,-1.419937
-1.0184141,-1.0845782,0.69534947,0.67839132
0.91269435,-1.4194532,-1.4029555,-0.39451123
2.0097323,0.85671258,-0.53929873,-1.8819085
0.73979818,-0.41043397,2.429406,1.3353184
0.01631664,0.8785158,2.1364587,-0.23278832
-1.5422131,-1.5777301,-2.1852711,-1.17222
0.51260225,-1.3982157,-0.50136362,0.032749977
1.0237015,1.6214994,0.74261583,-1.0138166
-0.77942834,-0.17332522,0.74963366,-0.79462492
-2.0188335,0.19492092,-0.42973919,0.59617487
-2.4571151,-0.0083586484,-1.8631173,0.24690654
0.58495979,-0.2173152,-0.0073436013,-1.032929
-0.26328336,-1.2840991,0.37984515,1.0667865
-0.5043962,0.75448942,-1.5215702,2.154297
-0.24030248,-1.0460116,0.6079896,-0.77511635
0.44307899,0.0091740883,-0.86825819,-0.24699392
-0.088921648,0.52371579,-2.5930605,-1.7138397
-0.78900858,0.52065178,1.6742161,0.39977933
1.9873945,-0.70193024,1.6617719,1.0830181
0.41923125,0.47857217,-2.1369516,-0.64404736
-0.2384802,0.412189,0.64904815,-1.901624
0.55224294,1.2026407,0.15019334,-2.3381244
-0.95251428,0.032693444,1.503873,0.71899842
-0.32785967,0.77941546,-0.15612921,-0.19136247
-0.3704348,0.76748328,-0.062062772,-0.25984264
0.18500934,-1.1840835,0.0017902948,-0.57109563
-2.0316293,0.062901518,0.55186397,-1.2278342
-1.0510017,0.38887725,-1.098306,0.9576377
0.38878243,-1.9922176,-1.1691049,-1.0185794
0.33738897,1.3878224,0.49932757,-1.0991707
-0.20712481,0.62305254,-0.76593425,-1.2879539
-0.50865325,-1.1603324,-1.0531392,-0.24692219
-0.36293981,-1.1013892,-2.7466606,-1.1587626
-0.62074724,-1.5933397,-3.6048808,0.048748554
-1.4563978,-0.86199361,0.36951323,-0.30539286
-1.5192471,-0.99107182,-1.2134608,0.052942567
1.172457,-1.6214178,0.12259755,-0.016864343
-0.93853416,1.277242,1.1695757,-1.06078
0.11425298,-1.8873781,-2.1107939,0.35982717
-0.02843781,0.76259838,1.5267492,-0.85163931
-0.76739616,-1.0643772,0.03717362,-0.74620758
-1.6651428,0.66758225,0.36603795,1.0393083
0.36795538,-0.55065628,1.1101866,0.18936747
0.065134197,-0.6568094,-0.92887125,0.34491164
-2.2108632,-0.68984319,-0.49735868,-0.24140311
-1.1656026,0.2503979,-0.64624359,-0.72313815
-1.6653013,-0.78047216,-0.48311822,-0.91014524
-0.70823314,-0.48586926,-0.32510453,-1.2134485
-1.8076124,0.32299276,-1.2727965,-2.2179159
-0.74153392,0.74780148,0.58210687,2.0701919
-0.15310292,0.7067172,-2.0272728,1.3740932
-0.80420649,0.59118388,0.55920875,-1.2459734
0.84297404,0.096105626,-0.89987413,-0.88289188
-2.5297326,-1.4725284,0.19416835,-1.6762536
1.642194,-0.9599385,-0.25422933,1.2559724
-1.4229475,-1.7134219,-2.094121,0.64750742
-0.74696282,0.68039809,0.21505892,0.030724071
-0.6532619,0.6739458,-2.0444783,0.088331525
0.59627633,-0.991551,-1.6668217,-0.45486426
-0.94878732,1.093647,0.731357,-0.47044735
0.47610518,2.649051,-1.542919,-1.5646893
0.45139512,-1.0447757,0.23402772,-2.4982173
-1.4067585,-0.71460227,-1.8978586,-1.685196
-2.9532478,0.41658014,0.86428714,-0.69115143
-2.5721271,-0.008612073,-1.2047617,-0.12491223
-2.3242031,-0.4022251,-1.0305682,-0.21264473
-0.42134844,-0.60551476,-0.65142515,-0.17304714
-1.5860124,0.49684088,0.29571327,-1.0288719
-1.5961187,-0.80044127,-0.57484614,0.011179633
-2.3380122,-0.089289044,-1.1335862,-1.0342501
-0.42646098,0.12852172,-0.57628056,0.76454422
0.012343555,-0.076802535,0.60440443,0.57162974
0.317449,-0.53541328,-1.7058409,-1.3216288
-1.2631053,-0.52845357,-1.1947614,-2.832392
-0.38794202,-0.74740168,1.3755257,-2.4496311
0.086156121,1.2538618,-1.7422787,-2.1992643
0.58020505,0.96609998,0.39955527,-1.2294352
-1.8970312,0.50942841,0.23366173,-2.1727018
0.3069989,0.70120792,0.13837731,-2.0312191
-1.1001236,-2.0608137,-0.70216854,-2.3667065
0.21716812,0.36639201,-1.2910168,-0.2390502
-0.92788999,-0.4433948,0.52508202,0.1597208
0.060035291,-1.1137024,-1.1532491,0.44122819
-0.20102418,0.97429992,-1.043112,0.48211853
-0.24365539,1.5018827,0.027501862,-0.72638132
-0.45828643,1.7912099,-1.0364009,0.61847828
-1.3700329,-0.12431814,-0.76931509,-0.22005508
-0.92795795,0.076037928,0.02585138,0.26459532
-1.1834662,1.6029082,-0.3505071,-0.49049184
-1.5710732,-1.0626721,-0.42533894,0.12290931
-2.5062435,1.532177,-0.48511669,-0.99537131
-1.600814,0.70714449,-0.17742877,0.53514231
-0.68214608,0.11232644,1.3543688,-1.0127192
-1.9831051,3.543282,1.0360106,-0.87182608
-3.1508415,1.0562318,0.76845154,-0.24942986
-3.8238045,0.92154587,0.84405856,0.76600612
-1.3199433,-0.10200081,-0.42224945,-1.1056056
-0.15794215,0.062032117,0.095935574,-0.79851672
0.84206409,0.24154135,1.0644204,-1.057602
-0.76783005,0.51093594,-1.4558696,-1.450896
0.08713797,-0.43249565,-1.2374507,-2.3869958
-0.72878691,-0.77655628,-2.6026918,-1.4874303
-1.3575218,0.84414033,-1.8519783,-0.54665561
-1.5926181,-0.95180023,1.5896412,-1.8445535
0.62503962,-1.3172143,0.50992159,-3.0301541
-1.3388429,1.0539309,-2.2944294,-3.7001795
-0.94065083,1.4758603,1.5157618,-1.2133887
-2.0817319,-2.1690889,-1.6555775,-0.063456865
-0.77672772,1.1837755,-1.8314818,-0.5433184
0.22072579,0.82680072,-0.93529714,0.029590541
0.050748872,0.43796716,0.32385158,-1.1276046
0.097676597,-1.2083331,1.2956486,0.41913419
-0.46932036,-1.7167484,-0.16667995,-0.094598361
-0.68421367,-1.4820235,-0.54996228,1.4411911
-1.8514152,-1.5555328,0.26828428,0.69839681
-0.13475008,1.4651787,-0.080227033,0.25349632
-0.8016085,1.6522474,-1.635025,1.682582
-0.26000311,-0.73365582,-0.93023336,1.5753022
0.27834348,-0.44766251,0.32192722,-1.9864355
-0.88050588,-0.30498945,1.0272994,-1.0721993
-0.97637183,-0.10027847,1.154424,-1.6022334
-0.42333726,0.23510233,-1.3141463,0.99121398
0.035496094,1.4144989,1.078177,-0.24211185
0.34313586,1.2254498,2.0984673,0.15583478
-1.6561505,-0.37310182,1.2602771,-1.2556625
-1.277692,0.14152721,-0.60591744,-0.93408769
0.098184658,-0.54548851,-0.33812876,-1.9619089
-1.0045126,-0.23178413,0.85262655,1.2894203
-1.0960572,0.29836964,0.23071841,1.4516734
-0.98084799,0.026967261,0.33913023,-1.2592604
0.73664591,-1.1607736,0.79581568,0.2963405
0.58493161,-0.66947759,-1.5335058,0.29725236
-1.3423684,-0.89183252,0.82898993,-1.2444038
-1.3287708,-0.41581855,-1.5709192,-1.0498535
-1.1005412,-0.45911046,-1.9907996,0.50897809
1.3332222,-0.1846958,0.11843186,-1.0773626
-0.50144197,-0.27983459,1.6738071,-0.77309249
1.1426152,2.245573,-2.8634115,-0.49924414
1.147935,-2.581183,-3.2020271,0.25200766
-1.6184428,2.0861635,2.0655104,-1.6501312
-1.9744738,-1.0224763,1.2438923,0.53356867
1.1423363,-0.37601743,-2.2717669,-0.9955056
-2.2581291,0.088025615,0.83397139,-1.1217434
-2.0717852,-0.50909956,0.43875046,-1.5212025
1.2640752,0.40948544,1.6614688,0.013015857
1.7550856,0.36537143,-2.1963404,-1.6917897
-0.58444634,0.27382104,0.67106861,-1.0794149
-1.2550506,-0.73848098,0.87344458,-1.347199
-0.38169597,0.45310108,0.23091143,-1.7811943
-0.73621828,0.22267623,0.13393351,-0.15991276
-0.081101494,0.14316076,-0.25467062,-2.5652289
-0.78170878,-0.54904514,-1.9681742,1.1158786
-0.81409841,0.22282987,-1.6043543,-1.684877
-0.48369617,-0.89186429,-1.3588941,0.97621975
-0.4814516,0.63791947,0.50170103,-1.5143666
-0.48801349,-0.35772557,-2.1964458,-0.46024274
-0.57835381,-0.35606622,0.90024305,-1.2528853
-0.88308637,-0.30622469,0.21910279,0.00047682543
-0.68583072,-0.57965679,0.1466575,-1.0146296
-1.3088317,-0.54171688,-0.33825629,0.036816421
-1.310897,-0.47295856,-0.22391721,-1.8177349
-2.434938,2.0693193,0.20816897,1.177451
-1.629519,0.058967645,-2.8964412,1.3183106
-0.031689706,0.0023674624,-0.36728358,0.94893603
-1.4091328,-0.49391625,-1.3222779,0.59856452
-0.83476537,0.24813245,-0.98333546,-0.16364574
0.78000903,-1.0406062,0.3859995,-1.0362196
-1.7273804,1.2759669,-1.2920446,1.1623944
-0.90825174,0.92059559,0.080843958,0.10928558
-1.84926,-0.38734103,0.0781264,-0.15707694
-0.027533907,-0.28735383,0.17430654,0.77410911
-1.2444308,-0.35862423,-0.8743454,0.20340684
-1.1160035,-1.5370183,-1.8651971,-0.4615145
-1.0675017,1.3394232,1.1295151,-1.1614749
-0.90882545,-1.759071,0.097006439,-0.17043852
-1.1289259,1.1358799,0.32478737,-0.29796804
0.29940653,-1.3757279,0.23511788,0.037099023
0.60088872,0.39349232,-0.45454063,-1.4746032
-0.65176147,-1.0505631,-0.92664682,-1.1985202
-0.34140156,-0.70258264,-0.28302726,-1.2313905
-0.087427605,0.88409085,-0.73808357,-0.84549025
-0.06402442,-1.4480104,-0.12426376,-0.062325628
-0.072133161,0.87648853,-0.28167435,-1.5896517
-0.022795505,-1.2041644,-0.9772488,-1.0780358
-0.68851139,-1.0129454,-1.1350041,0.11884585
-1.0657621,-0.84994932,-1.8512011,-0.17005513
-0.21249749,0.52712926,-2.6617916,0.1424234
1.2205773,-0.63764871,-2.6169397,-0.64404956
-2.6851015,1.4781991,-1.6035371,-0.15051364
0.85800328,-1.7124757,0.54332541,-0.63654729
-0.46357218,1.2705137,-0.34733837,-0.74546526
-1.0284706,-1.6884952,0.010190742,-1.8748856
-0.59510433,-2.0589269,0.46671077,1.348808
-0.46305147,-0.52749421,-1.0362474,-0.42602273
-0.0043154485,-0.34769773,-1.474428,-0.87907276
0.25386159,0.31631301,-0.51542841,-0.32888122
1.1286639,0.14390669,0.9573652,-0.81129505
-1.2911623,0.12866585,1.3273778,-1.0419645
-0.95908996,0.24021045,0.98392345,-1.2662018
-0.030083324,-0.083585962,2.5890484,-0.91140818
-1.1637748,-0.90527162,-0.050081705,0.37549922
-0.80932531,0.51001094,-0.72903915,0.34588947
-1.0534083,-1.0975916,-1.2369741,-0.65692956
-0.012837679,-0.24127251,-1.2251372,-0.68035327
-0.084696796,1.1527059,-1.2956373,-0.33048355
-0.83737973,-1.5962991,-1.7510832,-0.63115172
-0.42578933,-1.4147483,-0.82612863,-0.62640551
-0.83813685,-0.01068173,0.043821882,-0.3890162
-0.038398474,-0.25891652,-1.5659966,0.7678776
0.48399948,-0.098112546,-1.7214768,-1.5117466
-0.33564634,0.25527758,1.4973627,-1.7906344
-0.8447395,0.069485377,1.5001319,0.020157155
-0.7236166,-0.14681515,1.2452407,-0.87060508
-0.60710959,-0.12390621,-1.1779491,-1.7119153
-0.26652791,-0.96027392,-0.33748303,-1.1306643
-0.7612257,-0.69074847,-0.99548774,0.16656926
2.2753129,-1.246401,-0.4829024,-0.52696208
0.42325261,-2.0359656,0.14842838,-0.36689045
-0.18773995,0.48821129,0.24073698,-0.52280941
-1.0324003,-1.3437052,-0.57146646,-0.41073813
-0.15960955,0.37602297,-0.31977162,-0.29056156
1.8486619,-0.33652438,-0.51134044,-0.35298337
-1.4898165,0.63660359,-0.87578361,0.15406977
-0.1872589,0.59938953,-1.5319504,0.15406977
-1.5970261,-0.71387668,-1.1947553,-0.066067686
0.75343508,0.038003183,-0.65870179,-1.2838392
0.6985966,-0.43461193,-0.33650521,-1.3354978
-0.094602128,0.35995662,-1.4444528,-1.8482213
-0.18025246,0.88686253,0.52463976,-0.8480861
0.77381636,-0.67399351,-1.3028396,-0.41551065
-1.3073735,0.11654828,-0.89665671,0.42896243
-0.7479776,1.9611728,-0.66324295,-0.74804545
-1.0340033,2.1845573,-1.8452253,-0.20692956
-0.99246646,-2.115818,-1.9742397,-0.6534109
0.24832669,0.8832684,-1.340203,-1.134287
-0.47103028,-1.0694527,-1.4059621,-1.2410843
-0.55277276,-1.7716136,0.247486,-0.46699912
-1.8973907,0.11546988,-0.2978242,-0.90972509
0.88582267,-0.43746869,0.35815163,-0.66272785
-1.2304999,-2.3631228,-1.5027109,-0.91160572
0.23951567,-0.85698192,0.49359059,0.49913681
0.95048135,1.1057021,-0.95071195,-1.236846
1.4929335,-1.3341814,0.32192723,-0.75158659
-0.93280733,0.039911319,0.048938714,-1.7361192
-0.089637863,0.6042616,0.27841957,-1.9328364
0.15593958,-0.18598436,0.85581317,0.226313
-0.6985226,0.28730316,-0.26379391,0.0059404133
-0.33601933,-0.9501648,0.53344704,-1.2446583
1.0193869,0.48830699,-0.35336644,-0.86984551
0.37829649,1.3368139,0.10937077,-2.4924966
-0.52301367,-0.83507361,-0.78027603,1.1635067
-0.58414562,-0.37124148,0.18589142,0.82611549
1.7641495,0.81692323,1.4417288,-0.88315308
-0.25518689,-1.0505805,-2.584533,0.41609516
-0.75563013,-1.0968714,1.2835396,0.69420951
0.39271969,0.75770086,-1.0781719,1.4540956
-1.49663,-1.6976335,-0.10633986,0.028660451
-2.1364691,2.0463943,-0.71105283,0.00080166886
-2.3870773,-1.195199,-1.1988877,1.6271085
-0.22733047,0.99945288,-1.6407763,-0.026363108
-0.77276681,0.66221429,-1.0000306,-0.62601871
-0.57536712,-1.1685229,-0.80925347,0.55512357
0.9773868,0.025329841,-0.38202496,-1.4559714
-1.9802377,-0.87177577,0.57196843,-2.0689826
1.3989081,1.4716738,0.70820069,-2.2989206
-2.059813,-0.13851139,0.19730271,-0.083893513
-2.4779775,-0.18136997,-0.4579853,-0.63156731
-0.69357624,-0.26780964,-0.44260764,-0.44316762
-0.3212856,-0.0072483914,-0.070033046,1.0135119
-0.45610903,0.37883442,-1.1392131,-1.7352531
-0.44458992,-0.47608226,-0.3969565,1.4205232
-0.96522306,1.5331864,-2.7087047,-1.9373731
-1.3961378,1.5779118,0.68838503,-2.3618336
-1.4727042,2.0452248,1.0799117,-0.60038386
-1.0916447,-2.6301388,-0.70752689,-0.19585656
-2.3393452,-1.9193924,0.1945717,-0.11045474
-0.11427551,-0.2109286,1.7888166,-0.24883242
-2.4054905,-1.3133635,2.2080953,-0.85899217
0.85780064,-1.062668,-1.8862628,-1.2974234
-0.96691545,-0.74773579,1.1743886,-1.3537529
0.29524644,0.34664085,-2.4278247,-0.9921883
-0.42297293,-1.1558653,0.04137243,-2.2310865
0.85962476,-2.746269,-0.062796143,-0.0011403024
-1.6648564,1.7357028,0.040646917,-2.2763909
-0.81806071,-1.0149351,-0.73256085,0.96428447
-0.66377812,-0.33480666,0.043849483,2.1144278
-0.90710349,0.71696049,0.84074384,-2.7378486
-0.81200906,-0.1911777,-0.60277599,-2.0155455
-0.99073886,0.90223251,0.10167104,-2.3312012
-0.57122665,-1.3077533,-1.15709,-1.1569637
-1.7129432,1.8260699,0.075682386,1.0309479
0.30737672,-1.9135508,-1.2172102,1.3586899
1.8162138,-1.8961808,-1.453665,-0.085239109
-0.91479936,-0.63072844,-0.60646967,0.36503381
-1.6619465,0.21426567,-0.3721949,0.93132531
1.5511658,0.21426567,-0.56287911,-0.61610593
-2.2501973,-0.4026617,-1.1990417,-2.3175043
-1.2746918,-0.55564265,-1.5535785,-0.47613465
-0.18369696,-2.2589338,-0.49949384,-0.46887897
-1.1643607,-1.1177238,-0.12343453,-1.1262114
-0.099161701,0.51667207,-0.033595794,-0.60813258
-0.20973336,1.1967311,0.058843157,0.099581491
-0.67520374,-0.70326882,-2.3806953,-0.89618726
0.20542592,-1.0914772,2.294544,-1.2179261
-0.98160025,-1.3073166,-0.40493033,-0.26846991
-1.275885,0.45801023,-1.0467595,0.23464707
-0.38474383,-1.2059845,-0.084041336,0.49763129
-1.0060055,0.81065588,-0.43497051,1.0245275
-1.3698095,-1.2464027,-0.17621862,-0.41608041
-0.21088266,0.79415543,0.7335458,-1.4340084
-0.10349263,1.1000638,0.4040161,-0.732753
-1.0559641,0.061659837,-0.44376669,-0.3837036
-0.93181891,0.66160274,0.65957109,-0.21504827
0.34834318,0.54574381,-1.2525169,-1.2553852
-1.0015644,-0.21062058,-0.90727638,-0.19039107
0.71018675,0.078745487,0.017090253,0.88343581
0.96940838,-0.70925815,0.077527069,1.6770046
-1.4931895,-1.7863581,2.4399511,-1.7820834
-1.3012789,-1.6894363,1.9545603,0.43315247
0.67274193,1.3216795,1.8354027,0.43423743
-0.56705077,-1.0263607,-0.55789614,0.30516788
-0.062193419,0.4096215,-0.65102301,-1.7702989
-0.91138246,-1.0485356,0.18235414,0.22016683
-0.75589507,0.64724314,-0.87217145,-0.53211722
-0.12517189,0.36042222,-0.031009113,-0.28249228
-0.2445266,-1.3168098,-0.99842434,-0.81839127
-1.6821525,-1.2780601,-0.02937192,-1.4037162
-0.56855282,0.093441422,-0.94051107,0.85293851
-0.55694083,-0.57024067,0.013270255,-0.50718491
-0.8774464,-0.50171529,-1.7716081,-0.46578225
0.62310906,-1.2454548,-1.2749294,-0.80180141
0.32281638,0.85184707,-1.466095,-1.0294467
-1.7391338,0.26300062,-1.5403001,0.038765306
0.63464511,0.10966199,0.90018421,0.87286534
-1.590043,-2.2217382,0.16293864,0.53467868
0.66425399,0.68301493,-0.46369492,-0.087977284
-1.5780596,0.56258257,0.24866974,-0.8697959
0.55451657,-1.1241382,-0.48766795,0.027060132
-0.8907382,0.5860069,0.29220944,0.79147121
-1.1928971,-1.1412567,-0.68123554,-0.61494798
-0.87493596,0.75203892,0.016852775,-0.5650606
-1.6795131,-1.6270976,-0.040078858,-0.80664884
-1.8315218,1.1129506,-0.59349021,-1.217006
1.2716508,-0.7068053,-1.0170773,-0.2599381
-1.7993975,0.061313574,1.2366495,-0.45054118
0.20711372,-0.77913256,-1.758025,0.24733962
-0.40416901,0.48900029,-1.147631,-0.77274106
-0.30308756,0.43953581,0.311779,-0.14146461
0.1570668,-0.071118553,-2.6927994,1.0293277
0.10755372,0.16540516,-1.0060663,0.77995734
-0.3337664,-0.21890778,1.0344428,1.0630138
-1.0920496,0.54123663,1.1031428,-0.90374432
-0.52681353,-1.4767307,-2.0084195,0.84841748
-0.52961853,-1.6517544,-2.2894371,0.87949813
-1.1469685,1.4054623,-0.92714805,0.13178313
-1.3359194,-0.68547866,0.23605205,0.81397618
0.78520911,-1.6317182,-0.68983922,0.72785811
-1.2868807,1.168357,-0.84471985,-0.26917176
-0.46297698,0.67653727,-0.53480195,-1.2067914
0.9363873,0.24748912,-0.48757689,0.78664306
-3.1921174,0.004243233,-1.4341463,0.73400936
-1.1247947,0.11349219,-0.8465568,-1.7649214
-0.45251758,-0.63120955,-0.29111203,0.25180139
-1.927577,-1.1748798,-0.97184466,-0.41992668
-0.53919531,-0.8194212,-0.034990487,-0.30577588
-0.42731825,-1.1165898,0.19882007,-0.11980617
0.077242108,0.75500879,-1.2366396,-0.91937851
-0.69872075,-1.1592387,-0.97280629,0.72946269
-0.53486223,0.66151686,-0.41976979,0.91479014
-0.74678843,-0.62870662,-0.4470273,-1.3536857
-0.1420181,-1.5973344,-0.93683777,-1.6330707
-0.17911088,0.95847481,-0.3212144,-0.45658516
0.93080324,-1.0557774,-1.3393204,0.54338243
-1.500053,-0.53787005,-0.57816358,0.48509205
-0.43404473,-1.0540424,0.011697206,-1.2649615
-0.33041548,0.64280021,-0.31646791,0.95703935
0.97308664,-1.5627858,-0.18541639,-0.75704929
-1.6437362,-2.3242457,-0.56579419,-0.097933685
0.16573837,-1.2056435,-0.13026748,0.9963226
-0.60322979,-1.2213597,-1.0683734,1.2972955
-1.9842537,-0.17669839,-0.74921189,-1.5963663
-0.98732067,-0.60789728,-0.18514755,-1.325197
0.31895544,-2.5310336,-0.16299539,0.4665627
0.23336018,-1.7716268,-0.32452104,-1.2565425
0.46720383,-1.0957196,-0.43202495,-1.3539068
-0.64694798,-2.1362241,0.11679665,-0.27519615
-0.61880632,1.9849554,-0.6012224,1.3753022
-1.4727513,0.48513309,0.21619918,-0.26449615
-1.3903008,0.16351021,-0.37641149,-1.9193941
0.33098095,-0.77952394,0.057445415,-1.7125507
0.46433056,1.2278475,-0.96082849,-0.07204637
0.16942443,-1.086657,-2.6648161,0.2630901
-2.3869024,-1.2872911,0.21774231,-0.8173522
0.83795274,-0.77554474,-1.2816209,0.26015537
-0.7720888,-0.83236129,-0.5463002,-1.4951757
-0.31468957,0.049175342,-0.35441401,0.50152123
-0.53157293,-0.52659624,0.58730432,-1.5487361
-1.7456375,-0.098921332,-1.4481385,-2.5511137
0.92163212,1.093018,0.0059071764,-0.50689761
0.75389326,1.3842065,-0.22343376,0.038002322
-1.3991155,1.0200894,-0.67455143,1.1707407
0.62089124,-0.13173412,-0.73163473,-0.12598208
-1.1358664,-0.19595043,0.79624586,-0.53466974
-1.1662979,-0.40813342,0.89031813,0.094206257
-3.0167764,0.22186275,-0.55287229,-1.4501962
-1.749544,-0.76788637,-0.94425957,0.64806156
-2.2143116,0.19634284,-0.33352131,-1.3555105
2.0379639,-0.16783263,-0.20364966,1.1925231
-2.0870968,-0.34011429,-0.28991401,0.877974
-0.58581217,-0.011871495,-1.2468239,1.0443225
0.93291797,-0.35376926,-1.2441749,0.35033966
0.73816051,-1.0965029,0.59160148,-0.86640837
-1.2135074,1.5571351,-0.099979336,-0.64994507
-1.0942359,0.29735953,-1.0705846,0.4530606
0.69510207,-0.82142553,-0.21869834,-0.62622119
0.27342354,0.42934672,-0.19432234,-0.53428205
-0.97602975,0.77243937,-0.67566749,-0.53905128
-0.1954464,-1.3080443,0.26869901,-0.52913341
-0.19684589,0.74939384,-0.3502307,-0.19883414
0.39280253,1.5753456,1.0791735,-0.95597603
0.0047784285,-1.886404,-1.2179175,-0.83621291
0.014787723,0.37988987,-0.010151065,0.71496484
-0.4944691,0.80432371,0.84656105,-0.10056024
-0.22016499,-1.134532,-0.63164407,-0.15319916
0.17486412,0.91625466,-0.98010151,-0.87286103
-0.73838813,0.5280529,0.17411731,-1.0887295
1.0213307,-0.19797658,-1.4260772,-0.97130679
0.61783526,-0.24995672,-1.2819984,-0.71791409
-1.1916617,-1.1856284,-0.81529878,-0.57217402
-0.20530225,-0.24329133,-1.6109647,-0.00093671342
0.28094318,-1.7833285,-1.3358653,0.1462801
-1.4956161,0.89405075,2.6506158,-2.1954726
-0.08868117,-0.98716552,0.65866907,-1.1787517
-0.92613738,1.3693873,0.019056826,-1.5677098
-0.52300944,-0.095906553,-0.46481758,-0.99355481
-0.064719544,-0.57850723,-0.015829149,1.3619564
-0.22852405,-1.0819032,-1.4011326,0.90890993
-2.1324901,0.81244269,-1.0799547,-1.5699913
1.1218976,0.61355724,0.32764891,-1.466153
-0.51806966,-1.3479096,-1.000602,-0.36501963
0.78320252,0.99880143,0.14431806,-0.16608361
-0.51717571,-1.2955529,0.065849087,-0.47159414
-1.633311,0.84446332,-0.55055015,0.45792746
-1.5549907,-1.062388,-0.69752285,-0.53388693
0.6587067,-0.55730651,-0.34580448,-0.45349165
0.1174566,0.49396888,-0.52623403,1.0692709
0.33856856,0.33264687,-1.5071709,1.7850121
-0.3260722,1.1259121,0.47009565,2.5119586
0.82470939,-1.297875,-0.027621526,1.4212809
0.93672371,-0.095500364,-0.81111157,1.3793236
0.2345043,0.69622965,-0.46209955,1.2879883
-0.8656995,-1.0944251,-0.59643494,1.4078789
-0.31806402,0.62484407,0.015152683,-0.38173731
-0.67584984,1.1158545,-0.61947077,-0.20451685
-0.46444575,0.71100938,-1.8832205,-0.24301601
-0.25268595,-1.0855589,-2.2263183,-0.50299093
-0.045131535,-0.19328154,0.28277265,-0.76765088
1.52488,-0.0005541119,0.67216338,0.45860013
-0.89978715,-0.28623489,-1.7320896,-1.9439621
-1.1151584,1.9630216,0.39319391,-0.99734539
-0.24463704,-0.34478382,-1.3826802,0.5137384
-0.75719806,1.2847229,0.5020727,-0.12801004
-0.094317018,0.39054913,1.1236648,-0.40798562
0.76780988,-1.5247058,-0.90147603,-0.39723375
-1.9884288,-1.6382667,1.928237,0.21166369
-1.1873941,0.72220127,1.7570855,-0.64832047
0.14887006,0.54320841,1.3368775,0.04526617
-1.8334059,-0.96467595,1.5542772,0.17711135
-0.22871227,0.19813475,1.0707254,-0.16065878
-0.85834489,-0.58390191,-0.20090181,-1.5129085
0.2487445,-0.067928186,-0.14655504,-0.46782123
-0.85089945,0.61744197,-0.016329538,1.1930929
-1.2447625,0.74397829,0.67537292,-0.76347007
0.67776029,-0.93853101,-1.0555316,-0.1359594
0.59126423,-0.25902649,0.6605757,-0.12937003
-1.1150259,-0.67854421,-1.4977719,0.45853939
0.48562793,-1.6707075,-0.26264411,-0.83438728
0.47765303,-0.29182056,-1.0966,0.67005622
-0.12638536,-1.3936882,0.6273559,-0.35112348
-1.3641199,-1.3221731,0.78006711,0.38369232
-0.72838232,-0.072433427,-1.7488586,-0.55867017
-0.60484749,-0.12425106,-0.96091267,-0.49689155
-0.56673789,-1.295853,-0.72946556,0.24036699
0.77318012,-1.1066596,-0.13211054,-1.3519815
1.339554,1.0126614,-0.50945328,-0.48786858
0.70539932,-0.88684771,-0.47533191,0.69601307
0.47883867,0.85599637,-1.1584854,0.44892235
-2.5291271,0.24317053,-1.2808273,-1.1730234
0.73289008,1.050167,-1.5177936,0.56082551
0.15310002,1.0214877,0.38405704,0.83155662
-0.5863972,-1.4754367,-1.2282034,-1.458999
1.1165689,-0.29084288,-1.8760291,-1.5509094
-0.96509507,0.099379703,0.47132653,-0.57278544
0.12325718,-0.85060778,0.8014989,-0.58211901
-0.80358194,0.89045408,-1.7073827,0.55962069
0.23260344,0.2613352,-1.5450366,-0.18923971
-1.0607295,-0.54930122,1.236518,-0.65873939
-0.21086553,0.58407357,-1.9666619,0.01138627
0.37466215,0.34050148,-0.37614061,-0.39083026
1.0339082,-1.1061908,-0.58673213,-0.21949833
-0.91002014,0.82788445,-0.97585765,-0.23448356
-0.30120154,-1.9417136,0.57286087,1.2895606
0.38556616,-0.98092461,-0.75398069,0.17328732
-0.11649257,0.91288436,-0.6284107,-1.4980767
-0.84208101,1.0322402,-0.60563397,1.0324562
-0.17794468,-1.1652716,-0.20019608,-0.42677824
0.1746097,-1.2429617,-1.3313309,0.25622637
0.31473526,0.14801843,-0.2308531,0.62207812
0.28384661,0.20817702,-1.212733,0.12163456
0.43984687,-0.10894824,-1.1435381,-1.1067739
0.6998541,-0.34729974,-0.7195953,-0.74508242
-1.732222,-0.34729974,-0.56728687,0.12239247
0.10779417,-0.16812204,-0.48291643,-1.2575757
-0.64378819,-0.51374772,0.077769681,0.175987
0.051219284,0.19024877,0.041171294,0.12296094
-0.74981492,0.59760724,-0.69537282,-0.12580673
-1.1341355,-0.52346227,-1.9567838,0.13677949
0.025015835,-0.18869817,0.34678526,-0.018024295
0.6366068,1.124256,0.013971289,-0.85494466
1.0110988,1.9117222,0.75763653,-0.66021349
0.75161396,1.9058611,0.2381222,-0.98188305
-1.500777,0.19478327,0.00037883887,0.025505839
0.33682907,-0.08936062,0.39323163,-1.1632613
-0.29441519,-0.090898,-1.8788349,-1.3303152
-0.084297618,-0.23926077,-0.42487243,-0.2139788
-0.79570873,0.68090245,-1.162144,0.30244679
0.40533811,1.3847544,-1.1740712,1.2323294
1.0215926,-0.16087655,0.4779989,1.2147768
-2.1474359,0.73330916,0.091230059,0.93299438
-1.4445341,0.033396061,-1.2393941,-1.3098045
0.57359483,-1.1168379,-1.0541485,0.28356981
-1.0346981,1.4863391,0.28834187,0.52670697
-3.0464862,-1.7860165,0.5128111,-1.8805
-0.98539771,1.3397139,0.41712994,0.0099672198
-1.486851,0.59272796,-0.92556318,0.038853723
-0.7892329,-1.5004764,-1.0512515,-0.35741402
0.021642823,1.1979679,0.60486115,-0.6419271
0.2594272,-1.7466088,-0.97370308,-0.67095922
-0.064659916,0.64686721,-1.3713822,0.20818795
-0.63202771,2.1801471,0.082366592,-0.51987509
-0.29648489,1.5773091,-0.77584345,-2.8385396
-0.41906913,-0.47071473,-0.9396294,-0.83388249
-0.535379,1.6612216,-0.067069741,-1.3882859
-0.82671504,0.46274646,-0.46612645,-0.67904601
-1.2483809,0.25102226,-0.0046797442,0.10884537
-0.63311151,0.0117403,-0.18296235,0.34468969
-0.03014304,-1.2599557,0.53951948,0.47010331
-0.058180727,0.65328157,-0.87885229,1.1548617
-0.0028236906,-1.0097441,-0.61586444,0.2409387
-0.28896856,0.53899481,-0.69541709,-0.11239131
-1.210345,-0.62287813,-0.16193256,0.78543399
-1.004185,0.11774325,-1.5385755,0.1223153
-0.93320963,-0.36859861,0.52477506,-0.055551009
-0.93488649,0.57882919,-0.64751606,0.40366462
-0.50033934,2.0435613,0.18908799,-2.2859804
-2.1119837,0.15596618,-0.75067764,0.080080835
0.16778411,-0.42209779,-0.71748202,-0.38437815
-1.1697264,0.98343062,-0.38976868,0.18956686
0.40669109,0.023348078,-0.085543793,-0.68305194
0.071690762,0.99397935,0.33117977,0.12679541
-0.12285549,0.45232957,-1.6606207,0.12001067
-1.2714232,-1.2604745,-0.8717541,0.50161104
-1.3277294,0.80350415,0.098881695,-0.057221376
-0.37687937,-0.66235061,0.081145888,-2.2347279
1.2782153,0.36906102,-0.73897928,1.5054806
-1.1353835,-0.36301301,0.054795531,0.0013865701
0.39175727,1.3541376,0.17384049,0.45463503
-0.039239088,1.0361628,-0.19681672,-0.25707309
-1.1219896,0.60025809,-0.95799356,-1.5361859
-1.4312151,-0.35235889,-0.60099956,0.68017523
-1.9416704,-0.16563224,-1.4638367,-0.81300202
-1.6004215,-0.79443899,-1.6000038,-0.67199478
-0.92861969,0.20997663,-1.8632134,-0.35935115
-0.077235886,-0.33239496,1.1476341,0.22181601
0.50353445,-0.13377676,0.26831224,-1.2223244
-1.0271237,0.97269058,0.85274854,-1.6656212
0.66960775,-0.5564258,-1.4412554,1.5716721
-1.7137112,-0.2840826,-0.64768533,-2.0212264
0.022030714,-0.05856189,-1.7713689,1.4064274
-0.35886301,-0.20319993,-1.6664291,-0.86202077
-0.81097911,0.72544942,-0.53759789,-0.14235631
-0.6577083,1.0912873,-0.47327191,0.59356661
-0.81084226,-0.80818528,0.13984208,-0.083394538
-2.3458061,-0.047518934,0.70849722,-0.22762497
1.0967118,-0.93813936,-1.4706107,-0.60145755
-0.45625104,-0.49288841,-0.81702011,0.56297968
-0.20924115,-1.5113392,-1.0120473,-0.863775
-1.032377,0.66929727,0.72921254,0.34709048
-0.024370834,-0.79140295,0.95156876,-0.27087155
-0.37353813,-0.75788224,-1.8335186,0.24963641
0.15563041,1.3852026,-2.3174807,-2.1820318
-0.40114663,1.9650392,-1.2427466,-1.6966553
-0.067440532,-2.0892122,0.14974438,-1.034659
0.13919812,0.11290744,0.051137424,-0.68695407
-0.0033288433,-0.50072376,0.24947858,-0.50764766
-0.28413751,-1.057053,-0.74350944,-0.38143206
-0.091410161,0.52458367,-1.1134187,-0.011653478
-1.0722505,0.081994381,0.28104612,-0.99667942
-1.7020446,0.62739457,-1.3064308,-0.80295473
-1.4543782,-0.42976611,1.6659108,-0.50460227
0.28973074,0.30352895,-1.8590255,-0.0090735658
1.1412879,0.62563193,-2.828756,-0.63175908
1.7109768,-0.4213297,1.5507669,-1.241923
1.3548563,-0.063965042,-1.8542715,0.37065365
-0.63886861,-1.2766565,0.42883922,-0.49454391
-0.11161982,0.070252483,0.94058185,0.10153291
-1.8126145,-1.1950851,-1.0531727,-1.3135558
-0.32501935,-0.46385757,-1.2096151,0.94122579
0.61591097,0.23540912,-1.001215,-0.29564658
-1.3979668,-0.41804607,0.35786522,0.077575788
-1.2968341,-0.51482738,0.056223417,-1.3132306
0.7641898,0.17104102,-0.34746123,-1.2383086
-1.3361537,0.045193706,-1.2578026,0.5456643
0.086853468,-0.41215033,0.52898809,-0.29772371
-0.87323149,-0.14506521,-1.0560376,-0.76207238
-0.90629368,0.22855406,-2.330824,-0.22614367
0.33808442,-1.8705433,0.38730334,-1.4373485
-0.2996272,-0.10497059,-0.066005669,-1.8233281
-0.46374266,0.29345425,-0.40671795,-0.35975393
-0.26188448,-0.25348002,0.15485818,-0.071469632
-0.73235697,-0.24644843,0.34665387,-0.68002693
-0.75444136,0.084973201,0.98503147,-0.73342668
-1.2879282,-0.97764678,-1.7676825,-1.5992229
0.21576866,1.0997741,-0.27346707,-2.0225459
-0.26844988,-1.0230856,-0.45570555,-1.3734168
-1.395267,0.05086857,1.9318754,-1.4975027
-1.0648304,0.49382473,-0.040939968,-0.39518168
0.61538275,-1.2234212,-0.50146685,-0.67249455
-1.450084,0.11671626,-0.39655538,-1.153425
0.9070186,0.21778764,0.097361822,-1.061416
-1.2470299,-3.0355756,0.11353986,-0.57429017
-0.83996998,-0.80297932,0.46175211,-0.7615832
-1.7130515,0.23727151,-0.65195683,0.0089526554
1.5888684,0.25394601,-1.5479584,0.13930032
-2.2249122,0.36713955,0.76451986,0.033104391
1.1105417,-1.2165716,-2.0535451,0.11688051
-1.9663408,0.65997517,-0.051257617,-0.73906453
-0.2093218,-0.026712921,-1.2534329,-0.066862367
-1.3747727,0.14413963,-0.78636398,-0.89646826
-1.419464,-0.8310608,-0.68528924,0.76206621
0.98654342,0.51199153,-1.1860075,-1.8190753
-0.80213582,-0.25081386,0.33592757,-1.4223084
0.59563761,-0.68838088,-1.7277883,0.8258218
0.92045734,1.2114071,-1.6560091,-1.2856471
0.30453084,0.90746544,0.86901908,0.62365429
-1.1767612,0.5915049,-1.2258992,1.7262706
-2.7193522,0.71413753,-1.7632846,-2.3773192
-0.53196612,-0.13880537,0.38092835,-2.436886
-1.6877056,0.065537511,-0.7375817,-1.9871582
-1.8187504,0.032877855,-0.94851857,-0.96183258
-1.6304799,0.52078291,-1.0559328,0.11372637
0.2879818,-0.96328607,-0.8967723,0.10662285
-0.74347674,-1.5961609,-0.30501122,-0.54818144
1.302984,1.2762749,-0.48746896,-1.4733851
-0.93833513,1.6741772,-0.53663386,-0.6909299
1.3938702,-0.30412218,-0.26040493,0.23225094
-2.1658225,-1.7944243,0.036888037,-0.4820759
-0.51785715,0.40831927,0.78008668,-0.61047864
-0.45416303,-0.082311448,1.1839543,-1.5115253
0.13481489,0.47019953,0.73648713,-1.4299419
-0.01671066,-0.93745288,-1.3287604,0.76477463
-0.83355888,-0.71885822,-1.3028666,0.63588888
0.6434709,0.45116172,-1.7220342,-0.58324751
-2.2492429,-0.13950868,0.28609061,0.19733422
-3.7595254,0.11658725,0.71111584,0.079135017
-1.8543224,0.11911487,-0.18754415,-0.61714548
0.70499364,-0.22780964,0.27364582,0.52888638
1.4823462,-0.72781829,-1.3652101,-1.5548264
-2.1257871,0.76716881,-0.86063081,-0.81113144
-1.0591789,-1.0896922,0.12024166,-0.68066502
-0.49119447,0.22530135,-0.14522312,-2.2157756
0.48508667,-0.26430111,0.16122167,-2.6267786
-1.4896176,0.9054513,0.20219571,2.2350859
0.6328763,-1.1329063,-1.0920139,-2.4290242
0.37654077,2.16844,0.43132761,-1.666215
-0.97515121,-0.014135588,-1.2236711,-1.353846
0.59783232,0.2982219,-0.7745511,-1.1493147
0.13042234,-0.71283661,0.53715725,-0.69605746
0.29611251,-1.1711265,-0.44652262,1.4773658
0.3251388,0.64525541,-0.21299149,0.67026061
