"beta_overall","beta_novice","beta_inter","beta_expert"
-0.95992883,-0.47538995,0.59804704,-0.77971582
-1.9540236,-0.058948022,-1.1150329,-0.74252965
1.5184807,-0.50517576,-1.0066927,-1.3119699
1.7369718,-0.88494075,0.40940283,0.6422479
-2.1447762,-0.60405295,-1.7889738,-1.4870775
1.5405815,-0.40080435,0.84067269,1.0132092
-0.069765289,0.20257764,-1.0369384,0.96989501
-1.2295512,-1.7600452,-1.1585061,1.0241967
-1.3301631,-0.64332517,1.6817421,0.054851911
1.9770406,1.0097768,1.3982028,-0.99871251
2.3086918,-1.6580774,-0.035460859,-0.92860468
-0.59125495,0.99643067,-0.45524124,0.56177736
0.1553136,-0.5548195,1.0479494,-1.4897143
-0.91354198,-0.048255557,0.38836913,-0.31944834
-1.033397,-0.048589026,0.56543727,-0.67657013
0.17163869,0.17908456,0.41488014,0.21316797
-1.1148762,-1.0302012,-0.74646689,-0.32901364
0.20688526,1.6228197,-0.81788579,0.044769685
-0.89844442,0.82755921,0.44901651,-0.018170124
1.1244862,-0.81715951,-0.24134753,-0.075371476
1.2458062,-0.21242995,-0.19405418,-1.5325998
1.1848593,0.45974396,-0.40614861,-1.7678157
-2.7158443,-0.70855678,-1.2642188,0.71289111
1.7738359,-0.47619218,-0.48959288,-0.94118484
0.04902613,0.94215515,0.35251247,-0.57008084
0.46590532,1.9431648,0.046557496,0.80595562
-1.1523237,-1.3953351,0.094832315,0.55036105
0.56414852,0.30643835,-0.32334416,-1.3607418
-1.0577989,-1.0064577,0.14493112,-0.99418888
0.44518962,-0.29461267,0.46726364,-0.17308598
-1.0474386,0.34797741,-0.83043055,0.75951536
-0.73690653,0.10797787,-0.6541959,-1.614471
0.87934415,-0.21860856,-0.10845582,0.51143584
0.45546037,-0.90071876,1.8477875,-0.42576232
-0.66685988,0.91835361,1.0863007,-0.44509446
0.20731085,-1.1038253,0.14415731,-0.81307087
-0.74314248,0.76599126,-0.94647094,-0.37840653
-0.13018141,0.2135568,0.61557941,-0.56605824
-0.1154178,-0.54038294,-0.5435772,-0.19684
-0.14399858,0.20285133,0.54572523,1.0355089
-1.013675,0.39539881,-0.46080328,-0.24241169
-0.44093525,0.62569058,0.068927127,0.17073849
1.1334777,1.1339381,-0.33030096,-0.81482652
-0.6202897,-1.1361083,0.88955197,-0.15373879
-0.79609498,-1.5111723,2.0805594,-0.6531973
-1.0092478,0.55405085,-1.3343157,0.16134088
-0.71693038,0.34885783,0.45877748,-1.819154
0.52942696,-0.5087895,-0.99761851,1.1064195
-0.013870539,-0.40653416,0.70393763,-0.10658721
-0.32963881,0.85424364,0.26485838,-0.32006875
-0.679567,-0.51851826,0.24172603,-1.1483992
-0.16229537,1.7375999,-0.41890846,0.69818188
-0.34546736,0.73792274,0.67664082,-0.57504287
-0.1335795,-1.0606391,-1.3201058,-1.176007
1.2593035,-0.60055089,-1.4108962,-0.74908588
-1.81113,0.65976455,2.3256768,0.089826066
0.552581,-0.75799237,-1.8733862,0.084705388
-0.70111746,1.9934367,-1.0752244,-0.74436948
1.4368773,-1.6562507,1.2356018,0.33548938
-0.29588711,-0.82839164,-1.5456208,-1.1095041
-0.3084603,1.0455621,2.009337,0.74283433
-0.53101032,-0.7561476,-0.95979635,1.2699093
0.29437181,0.36333359,-0.94591765,2.0010564
-0.2294484,-1.5758789,-0.5987172,-0.28908308
-0.54287377,-0.82104678,0.77031026,-0.088097789
-0.69472257,-1.3807261,0.31196269,-1.0895903
1.7242749,-0.96346381,-0.61761034,0.65842761
1.9821174,-1.0936684,0.29000334,-1.1679487
2.3363167,-0.7630006,1.9454755,1.3342206
0.66470601,-0.65553289,0.90525568,-1.6256897
0.44399709,-0.43049329,0.68281621,1.6264676
0.13983666,-0.61975573,-0.69914687,0.85714502
-0.73956077,0.015951208,0.84743848,-0.71122681
-0.54057066,-0.2615219,1.544496,-1.4502398
-0.086701978,-0.093059686,0.28469265,-1.5564803
-0.75296955,-1.3691296,-0.51609429,-0.81245601
-0.19445309,-0.67033894,-0.20311889,0.3872465
-0.99366286,-0.11333275,-0.6684942,-0.6036478
-0.49427079,-1.5452541,2.0236652,-0.34800713
1.3819489,0.83480893,0.73763124,0.040032718
-0.10135946,0.63113555,1.6234986,0.14077159
0.16576488,0.41581913,0.21065089,-0.68955539
-0.55357062,-0.5956539,-0.24905311,0.0024963705
-0.68508298,0.25362097,0.61977282,-0.02926637
-2.3153009,0.50136551,-1.0048854,-0.00077031479
-0.94360393,-0.48435112,0.76886423,-0.020194502
0.46863441,-1.4182587,-1.9779045,0.052096056
-0.70194618,-0.78846567,0.91759786,0.51894714
0.95889744,0.86185564,0.74584831,-0.20428137
1.9730547,-0.94820894,-0.60317006,-0.90174195
-0.3939801,-0.34640352,-0.67117811,0.49484663
-0.86987092,0.28018498,-0.84966479,-0.95825113
0.53563476,1.0305267,-0.67849098,0.32744875
-0.22094004,-0.88588574,0.86543367,-1.5924554
0.60658789,-1.5908173,0.01571143,0.34650938
-0.62523236,-0.6016383,0.45141423,-0.28290112
-0.43652571,-0.28944231,2.2124252,-0.51308663
-0.088942155,0.87015226,0.22524966,-0.72740403
-1.0891595,-0.10759717,-0.48687773,-0.54181222
1.4963493,0.423936,-0.27227915,0.29677458
-1.8709999,-0.011271715,-0.42934141,-0.89508611
-2.2384406,0.21039092,-0.54666168,-1.2213033
-2.4148316,1.6952408,-0.54666168,-1.4636445
2.1970566,1.354116,-0.58254095,-2.1725181
0.74087926,-1.3183762,-0.8169369,0.20922267
-0.36149271,0.95995824,0.33914176,-0.11452971
-1.1592723,0.16036825,0.37540901,-0.27708143
-1.9348665,1.2653811,0.65019716,-1.3005726
-0.72626416,1.4701362,0.92250311,-0.52851919
-0.45170642,-1.2180209,0.024141127,0.023520248
-0.27177521,-0.72164617,0.56369127,-0.84416912
-0.72229311,-0.52163926,0.32167064,-0.52479003
-0.32323724,0.47831273,0.69315089,-0.95951244
0.85113781,-0.66506295,1.1101643,-0.76045467
0.44057464,0.95618083,0.7422016,-0.71605355
-0.96016399,-1.5392477,-1.6000096,1.6561904
-1.215697,1.0039967,-2.3501228,-0.82062614
-1.2647327,-1.1395959,2.0877786,-0.6658609
-0.64280046,-0.21072188,-1.8312783,-0.56179261
0.79238143,0.74805767,-1.2412718,0.13322818
-1.4418821,0.19469855,-0.30457017,-0.62498139
-2.0540333,0.56540062,-0.2144651,0.32257505
-2.1543954,1.1984816,-1.6987467,-1.7475577
0.97678262,-1.7027349,0.32129426,0.99787179
-2.7866863,-0.73029418,-1.3060398,0.58199001
-2.3485091,-1.1833021,-1.6406445,0.24024942
1.5808099,-1.4999545,0.60876104,-0.7633091
0.42348149,-0.95877848,0.60876104,-0.21326749
-0.28692531,-1.0905425,0.32062674,0.0028690658
-1.2126695,-1.4061951,-0.87633371,-1.0726623
-0.20225516,-1.5710916,1.0806914,0.55580626
0.30664678,1.700591,-1.7932033,1.0626933
-0.97155064,-0.89100975,0.21311896,-1.7879326
-0.94268097,0.18348238,-0.51338646,1.2775943
0.85272388,-0.87118507,0.33400955,1.5220231
0.28535281,1.0353662,-0.25490385,-1.5688209
0.018690804,-0.12669329,-1.7879029,-0.68070906
0.5398663,0.30898523,0.15544119,0.0013055805
-1.6151195,-0.45207484,0.46602675,-0.66624323
0.12393536,-0.036699351,-0.66566215,2.2135292
-0.30759884,-1.0360453,-0.87628196,-2.0352432
0.10874956,-1.5100238,1.5998884,2.2258448
-0.62821364,-2.0233967,0.89576928,3.5668913
-1.6621782,0.96822704,0.2251728,-1.5743901
1.0297351,0.070670433,-0.53814778,0.0082579894
-1.0270222,-1.1556391,0.16204859,-0.753244
0.13566978,0.60853557,-0.28710688,-0.28955539
-0.63767763,1.176435,0.19385279,0.34182075
-1.0054994,-1.2504916,0.19385279,-0.012570384
0.27999626,0.91409107,0.13079673,0.40046935
-0.80640704,-1.871096,0.099406063,-0.84396439
0.85542535,-0.76203363,0.22217584,-0.29936981
-1.3438887,0.720497,-0.93626376,-1.8132423
-0.60267877,-0.99578012,-0.16268159,1.685609
-0.35031192,0.22303671,0.90599823,0.96697181
-1.8835097,-0.7053614,0.11712768,0.17860709
1.8083898,-0.27280837,-0.0063990623,-0.44817986
0.1920582,-1.3643911,0.61943307,-0.094882343
0.055529723,0.31844096,0.20414949,-0.62314252
-0.63492734,1.7769985,0.57250142,-0.40498361
-0.78472633,1.6902869,0.063602258,-0.23737089
0.44668124,-1.5824519,-0.55275546,-0.82050374
-1.0620919,-0.96885942,-0.085562102,0.66446466
0.0063674947,-0.060859504,-0.92399937,-2.3432198
0.24170059,0.726624,0.82700417,-2.5458529
0.85131233,-0.093621511,1.5900737,-0.90531871
1.6089014,-0.4317477,-0.40765116,0.12717863
-2.0388396,-0.73334381,-0.92395714,-0.54766757
-1.6901105,-1.7112557,-0.36679183,-0.49990993
0.99137649,-1.3833371,1.7863472,0.11102818
-0.89894952,0.6109726,-0.94531448,0.85878153
-0.55268152,0.55864308,0.57473305,-1.2274155
0.063283272,-0.61640108,0.21476658,1.0989902
-0.29203574,0.60289074,0.43639045,-1.5451105
-0.33639935,-0.33235719,1.0555281,0.37758635
-0.19064024,0.15461652,1.6997762,1.108811
0.32545912,0.016420241,-2.9850509,-0.28385465
-0.95780106,-1.4911271,-0.60672752,0.41070153
-1.1202176,-0.1198611,-1.3377966,-0.11481848
-0.56582651,0.14131481,0.23946379,-0.95636802
-0.59251655,0.089988047,-0.2579857,0.74340284
-0.10222597,-1.3149002,-0.45480842,-0.051265005
-0.18047996,-0.90127314,-0.71529341,0.28523366
0.92605281,-0.76791028,-0.96308726,1.1178694
0.85315209,-0.71657872,0.081514789,-1.0030291
0.13227732,-1.4584048,-0.7068954,-0.19265442
-0.56098547,-0.36399337,-0.14820064,-0.21604402
0.28380413,-0.073706265,2.6691137,-1.7813773
0.21691037,0.47955374,0.85312633,-2.0588729
-2.0100851,-0.046411213,-0.32728338,0.16727574
-2.5844559,0.052033255,-0.43012258,0.22475712
-1.8846826,1.479642,1.1333783,-1.2847498
-1.1613265,0.043375079,-0.6893365,-1.2570526
0.75786525,-1.229105,-0.0033942952,-0.98946595
0.00028128268,-0.030795409,-0.65944299,0.43715118
-0.084452549,0.66997677,-0.80786049,-1.0613014
0.79075543,0.99053813,-0.32156306,-1.4361115
-1.0031882,0.77572874,1.006295,1.0653631
0.027278614,-0.0064947911,-0.49293925,-0.60145375
-0.50683242,-0.14570481,-0.44915995,0.041651783
-0.69929332,-1.0986677,-0.65537444,0.88488
-0.86346206,-0.3567716,-1.4882684,0.18691528
-0.60120341,-0.28433695,0.059202747,0.91636708
1.3708453,-0.033806106,0.22261647,-1.3772359
0.53208459,-0.72269763,-0.31264238,-0.96681708
0.65458099,0.13016194,-0.025012893,0.46615442
1.0372598,0.19186569,0.15740469,0.57151155
-0.89984472,-0.82092438,-0.0088891729,-0.78215246
-0.40062687,1.1288386,-1.1954651,0.56633768
0.023510055,-1.1385705,-0.34339799,-1.6514477
-1.7284234,1.4047104,-0.87463613,0.88440898
0.64321302,0.24269237,1.3688872,0.40018506
1.1003411,-1.040837,-1.5533611,-0.77528431
-0.87191561,-0.58450374,1.9264598,-0.041164041
-0.64495369,-1.1831965,1.8492162,-0.27320807
0.085631936,-0.25476557,0.41285463,0.23822362
-1.15758,0.032523196,0.011005548,-0.87027882
-0.33225886,-0.67648471,0.0032824991,-0.52783473
0.050491635,2.4570516,-0.16280482,-1.0342026
-0.63355178,1.3040285,-0.06454559,-0.70202339
-0.14164531,-1.0293057,-0.62104683,0.31689567
-0.28496746,0.79692274,-0.89946277,-0.54920295
-1.3157737,-0.24864641,0.36142133,-1.1332715
1.271879,-0.74838708,-0.77223291,0.19592528
-0.1382209,0.82098175,-0.67881526,-0.85518624
-0.21151279,0.73601342,-0.50668681,-1.3431221
0.15570473,0.24985077,0.12408171,0.058552062
-0.48346223,-0.46279957,0.1632074,-1.0865922
0.20854469,-0.26502979,-2.031234,1.1163448
-0.87157781,-0.83109417,-1.9870366,0.61121816
-0.12443669,-0.54406264,1.6493245,-0.022737909
-1.884207,0.49902387,-0.87364336,-0.42159323
-1.4704428,1.0525765,0.71664699,0.18915885
0.25543166,0.92072685,-0.56398381,-1.5919456
-0.18714585,-1.5186096,-0.9914433,-1.453204
-0.8261702,-1.157461,0.56890848,-0.34543568
0.073852196,0.39188664,0.80639923,0.68693944
0.93741512,0.32181801,-0.64329343,-0.22382859
-1.5341786,-0.63785229,0.30116177,0.035809569
1.21317,2.6086826,-0.79597098,-0.8611378
-1.3556057,-1.777683,-1.3623722,0.16273372
0.45338505,0.5250515,-1.4363975,0.86535729
-0.074689286,0.97808624,0.46962482,1.0214402
0.17570232,-1.500832,-1.124631,-1.7494252
-0.68745247,-0.78394232,0.93261125,-0.85609707
1.645307,0.099478905,-0.25039087,-0.72619318
-1.8944435,-0.18722477,-0.68327772,-0.47855547
2.0541851,0.68414849,-0.78594782,-0.15290376
0.10330958,-0.83797392,-0.97482964,-2.3171623
3.1074213,0.054858147,-0.57736308,0.69294483
0.64690161,-0.15470804,-0.20953028,-1.5743878
-0.35002935,0.42654902,0.88004893,-1.4446341
-0.81083305,0.042121443,-1.236307,-1.9487858
0.18089183,1.2180048,0.16614691,-1.55686
-0.28329722,-1.2823942,1.9786087,0.27435216
-0.038731008,-2.1105699,0.44198147,0.064310415
-0.9492666,0.10797735,1.0428628,-0.66897464
1.2628312,-0.17140096,-0.23414312,-0.21434581
1.100376,-0.29560867,-0.90817908,-0.56558147
-2.4874822,-0.82855728,0.53424539,-0.6825474
-0.73295151,-0.4182829,0.2553413,-0.3002575
-1.4857917,0.1547258,0.85573915,-0.58401836
-0.53742154,0.32559944,-0.11873162,-1.2817206
-0.19761399,-0.13436811,0.58126855,-0.79195943
0.42401634,-0.36330935,1.9272679,-1.1894318
0.60100433,-0.69196902,1.3170695,0.23404052
-1.335694,0.22918583,-2.5132603,0.12351605
0.45645144,-0.7517088,-0.60961663,-1.4172227
0.58307735,-1.0666241,1.4189467,-0.67260419
0.55848889,-1.3124814,0.04058597,0.27120446
-0.14727443,-1.3795641,-3.0713472,-0.51961942
-0.41937692,0.94951356,0.21602843,0.72837517
0.10671402,-1.295074,0.57301163,-1.9610721
-0.67595165,2.0914811,-1.4732792,-0.60451279
-0.067223219,2.8633127,1.1534667,-0.91149374
-0.94572937,2.655935,-0.79065613,0.51567546
-0.43928383,-2.7996752,-0.66226468,0.64606568
-0.10163886,-3.5923533,-0.097092241,-1.0142479
0.74943927,-1.4742447,-0.10029774,0.98315277
-2.4366492,-0.1273824,1.1306502,-0.84232878
1.1920913,0.098065906,-1.539147,-0.10592978
-0.01026788,-0.084832718,-0.16148401,-0.87842016
0.44272808,0.8541781,-0.28560918,0.86938068
0.42335512,0.32618321,-0.1971517,-1.4816759
0.35459818,-0.23975607,0.10350735,0.81513531
0.16405888,0.18379386,0.17990354,-1.333583
-1.061727,0.6769707,0.18384917,-0.047461968
0.54480305,2.1475376,0.80226893,1.495564
-0.026722635,0.71493783,-0.14813627,-0.37560416
-0.68501559,-0.61965325,0.22894723,-0.22081665
-1.5670194,0.12972793,1.3147027,-1.474893
-0.67424108,1.2592371,-1.1893019,1.1208317
0.34693975,-1.3068595,0.38885069,-1.6065009
0.0078717235,-1.3943379,0.40732658,0.66462072
-0.88902228,0.7991541,-1.5735121,-1.4793768
-0.63827456,0.66198147,1.256134,-0.71542904
0.76237671,0.41630273,-0.69694519,-0.6740267
0.94407198,0.41630273,-0.68877923,-0.80828074
-2.6621358,-0.68621707,-0.97985508,-0.058917899
1.1659958,-1.3742755,0.18636251,0.070162739
-0.43293152,-1.3815766,1.4107889,-0.64448712
0.53982831,0.626326,2.5669304,0.29483471
-1.8933985,0.96127955,0.97143203,0.9839983
-1.0415449,0.20014698,-1.385035,1.0347777
-0.18424888,0.28176197,-2.2638862,0.75333665
-0.80359163,0.8606634,-0.20293168,1.1897058
-0.050044296,-0.51995141,-0.10998045,-1.4895341
-1.3707017,-0.44464463,-0.25641199,-1.0988886
-1.0731202,-0.63590562,-1.1659376,-0.75450391
-1.3358509,-1.1337294,0.45350562,-0.86625029
0.54389265,-0.60539397,0.4390642,-0.13626313
0.74507077,-0.44811624,0.90663238,-0.49787705
1.9678262,0.46944731,-0.71975994,-1.3728746
1.5797637,0.34438177,0.38225467,-0.44357526
0.69114285,0.16324525,-1.1292549,-1.0607797
0.19783807,0.12664827,0.53721372,-0.2276944
1.0957919,-0.036264718,-0.75945558,-0.15719205
-0.046894322,0.56533587,0.61548837,-0.59270039
-0.8716891,1.1904128,0.7926104,-0.81383951
-0.84081667,-0.1873331,-0.19608517,-1.8894254
0.92262262,-0.63447224,-0.10217602,-1.6400507
-1.5469044,0.39225065,-0.14687204,-2.2627151
0.18838342,0.10474049,-0.010154665,1.6958169
-0.90837649,-0.4084108,-1.273083,0.45295713
-1.302477,0.31513813,-0.48444569,0.81149962
-1.1685639,-0.31574288,-0.68353859,-1.4464637
0.63398754,-1.1887707,0.30697813,-1.1978017
-1.0919447,1.4617222,0.35368169,0.63865964
0.30391317,-1.0981724,-0.27971946,-1.1877483
0.66033989,-1.0613814,1.1847511,0.20804233
0.69712769,-1.1953372,0.55439824,-1.407504
0.033724927,-1.0581293,-0.24020954,-1.3226606
-0.86786988,-1.6464485,-0.18813228,-0.78462376
-1.373254,-0.33755508,1.4249144,0.46111967
0.20072068,-0.47600387,-0.57219058,0.93767197
-0.21866623,-0.34459529,0.1026165,-0.65321393
-0.5929906,-0.68206321,-0.31269599,-0.47857126
-0.54999763,-0.61384998,0.16197408,-0.14654191
-0.31187145,-1.2890554,-0.43558687,-0.92209771
-0.6353118,-1.4445013,0.28324982,0.16096507
0.07714641,0.078498781,0.13248897,0.33009287
-0.80112062,-0.34058901,-0.35533836,0.35244502
-0.48382382,0.43868884,0.13613998,-1.7872134
-1.6021326,-0.41707386,-0.92895874,-1.4051724
0.52123012,-1.3472893,0.43137124,-0.28058327
-0.51154101,0.060615048,-0.33071424,-0.86707684
0.19465414,-0.76944367,-1.507652,0.35510512
-1.0585859,-0.21684041,-1.6291059,-1.2496457
0.28174047,0.4026641,-0.024226626,1.0791432
0.44947692,0.27457534,-0.3205726,-1.7230266
0.22333848,1.8059016,0.089455963,-1.2877975
1.3625861,-0.39228383,0.016331241,0.82705265
0.26426981,0.98510957,-0.041847827,-1.0249605
0.93664088,1.1787216,-0.33163418,-0.26537554
-0.43216512,-0.060291749,-0.41305511,-0.55037888
-0.59785523,-0.17387119,-1.7113424,-0.78110562
-0.44908475,-1.7399485,-0.74981247,0.17305611
0.62432859,-0.35335399,-0.18313654,1.181301
-0.58594511,1.005952,-0.096330785,1.2349678
0.89725924,1.0089395,-0.30305877,0.55944289
-0.59571986,-0.60340906,0.90645315,-0.99948695
-0.7808617,1.1786963,1.7420936,-1.2470417
0.83909323,0.39787502,1.4065174,-1.5757639
0.50460129,-0.38826837,-1.2040791,1.2056885
0.81186319,0.084949023,0.61084595,0.046894162
-0.19544638,0.64830043,-0.83338568,0.089895129
0.30097826,-0.16247726,-0.50384972,-0.75419566
-0.48903182,0.93447072,-0.029048238,0.89197209
-1.5479203,1.2028437,-1.3239549,-0.68445333
0.34819923,-1.1767441,-1.3650202,0.014239399
-0.55099097,-0.5781734,-1.2716693,-1.2713887
0.1147001,-0.42175747,-2.4675549,-0.040000883
-1.0775982,1.5921674,1.437343,0.6188155
0.36743512,0.71257358,1.5008048,-0.94679858
0.6050275,0.42147819,-0.42419623,0.12630219
0.45363223,0.10147087,-1.1240032,-0.64708824
-1.0794135,0.04502091,0.31480273,-0.33162349
-0.30107804,-0.15945821,-1.4123717,-1.664163
-0.8623156,-0.63759103,0.9705703,0.2315922
-0.41706183,-0.11002016,-0.073098718,0.022396377
0.23094112,0.60534342,0.8772996,-0.15110008
-0.035786028,0.080460251,0.038992564,0.55392608
-0.56738797,-0.27378288,0.32280412,-0.17663635
-0.039210531,0.89605144,-0.090000497,-0.23374219
0.44439285,-2.1201148,-0.59299149,-1.0335423
-1.212816,-0.65070395,-0.13119336,1.7428054
0.61898804,-0.80616152,0.15539903,-2.3965257
0.62124847,0.19516819,-0.53284514,1.8719784
-0.46440256,-1.8317627,0.58367929,-1.7140217
-0.020495269,-1.5082529,0.084636483,-0.51632905
-0.0012415665,-1.5492842,-0.13296638,-3.0870036
-0.76225884,-0.98701643,0.14733539,-1.0586484
1.111866,-0.042985187,0.8432757,0.49097724
1.4262952,-0.00035452111,1.6875387,0.46753064
-1.9479111,-0.11536271,-0.95254618,1.8228646
1.3745375,0.26388907,0.32142204,1.3833896
-0.44214831,-0.047393834,-2.3778403,-0.2067308
-0.28073266,-0.056604989,0.99618606,-2.0300369
-0.80731725,0.22892472,-0.064988939,-0.54535286
0.72709331,-1.9417361,-2.1003947,-0.0041101339
-1.4440199,-0.80944446,-2.724374,-0.32591705
-0.057307579,0.53293472,-2.0042658,-0.024151451
-0.38371899,-0.63696382,0.94040727,-0.20932769
-0.22241236,0.40686873,1.396745,0.2199759
0.5119978,-0.74350311,1.0663037,-0.82174439
-0.24399572,-0.11001356,1.7973666,0.22472958
0.29364898,0.81356737,2.1684441,0.42671241
0.95900265,1.1899963,1.4405586,-1.1051737
-2.1353622,-1.6162414,-1.2790207,-0.8871949
-1.965519,-0.40905292,0.50450344,-2.1137721
1.1185265,-0.43183669,-0.89224095,1.2267809
-1.1315776,-0.75625979,-0.80054999,1.3339236
-1.2992804,-0.43633795,-0.10838473,1.1626924
-1.1791096,-0.035970743,0.82150326,1.6249387
0.88910675,-0.36844176,1.3095512,-2.8724243
-1.3982727,0.78533035,-1.7775101,0.18160067
-0.8786691,-1.3396116,-1.6486648,0.79327811
-1.062772,0.38365956,0.96021609,-1.531419
0.68169169,-0.46423244,0.81962975,-0.86683941
-1.2695845,-1.6267128,0.01424131,-0.68122437
-1.2817582,1.6075552,-0.19395891,0.35897032
1.3327416,-2.0072804,-0.0017474625,-0.22819569
-0.25344634,1.6066544,1.2609778,0.87384886
-1.5884124,0.67582027,-0.86085984,-2.2219602
0.83397029,-1.1719732,0.059753205,0.49471157
0.44846833,-1.7501022,-0.55571163,0.65711383
0.4178282,-0.084534247,-0.47357739,0.95460458
-0.21326136,0.22133344,0.29325518,-0.7005141
-0.89258132,0.36708647,0.29563168,-0.76957821
-1.093835,-0.47906708,-0.89031985,1.1296893
-1.6288378,0.59918494,0.63645106,0.10394691
-0.44567908,-0.49771276,-0.033520132,-0.72423743
0.052836192,-0.21775189,-1.5860223,0.16501914
-0.9775222,-0.19776771,1.0700829,-1.2703533
0.22692252,0.46169446,1.5926009,-0.032692706
0.59233796,1.0375015,1.2535628,-0.61606542
-0.42937226,-1.2225125,-1.6442747,-0.49987407
-0.063521904,-0.43202554,1.1183401,-0.22936573
0.35487937,0.37776002,0.73664602,1.5080376
-0.50830215,0.2123871,-0.94321657,-1.6953215
-0.18173621,-0.85727266,-0.9626449,-1.5971792
-0.73752755,0.08233769,-0.69064891,-0.58802607
-0.43451104,-0.66842939,0.61962352,0.32699786
0.099065169,0.62426142,-0.97901671,0.095813568
0.46964213,-0.3579286,-1.0370838,-0.67935128
-0.47701786,0.10850119,-0.38159184,0.029978441
-0.028830724,0.9616012,-0.76790859,-0.26577942
-0.71462898,-0.80711108,-0.75392083,-2.1947671
0.091593866,0.27675466,0.55666634,-1.8595999
-0.77421537,-0.46827756,-1.1823584,0.91509039
1.2313278,0.42297802,-0.58624104,0.88273606
-1.5530252,0.42297802,0.950338,1.1422884
-0.1820716,1.0244384,0.19403107,1.0532485
-0.4637618,0.0059890855,0.1844317,-1.9758682
0.27244779,1.9333266,0.83167616,0.88242194
-0.84163743,0.14774535,-1.1469873,-1.578813
-0.88100535,-0.67255591,-1.169084,1.3163039
-0.032917162,-1.8216165,0.020098186,-1.8888473
-0.78710021,0.23057167,-0.47397945,0.32561028
-1.0927222,0.56829527,-0.34988666,-3.6698216
-0.20068224,-0.88207343,-1.9661992,0.44836096
-0.49838233,0.12787694,2.434821,-0.54041218
-0.64424747,0.61745793,-1.6189615,-0.59804294
-2.421795,-0.91751365,2.6137024,0.42426018
-0.098377468,-0.68912707,-0.51200423,-1.9662367
0.63368592,0.3833195,0.24977702,-2.0326539
2.1004242,-0.39151684,-0.2883294,-0.84029645
0.044256647,0.050715716,0.18492974,0.98103607
-0.7005028,-0.35235804,0.97621248,1.3354888
-0.67630308,-0.54041792,0.87120416,-2.4015696
0.10471734,0.72446221,-0.93556516,-0.57649326
-0.73561692,-0.72026389,-1.1214193,-0.35550422
-0.38791872,-0.2661302,0.02199669,1.1497142
-1.0027236,0.31792582,0.5624903,1.4875718
-0.80673024,-0.37413562,-1.8062483,1.185391
-0.97873944,-0.014979451,-0.58280897,-1.8885632
0.62375045,-0.18419242,0.30018461,-0.32722746
-0.6233786,0.10071948,0.45655055,-0.37907937
0.13061192,-0.29639821,0.14067433,0.043311568
-0.78810344,0.015296532,-0.9479208,-0.33121403
-1.7243307,-0.16124044,1.0901198,-0.12184269
0.20253796,-0.83250196,0.75665927,-1.0005531
0.08092598,-0.81413004,-1.0726942,-0.63960011
-0.036626192,-1.5787174,-1.1635262,-0.2133452
0.15388196,1.5410411,-0.47628638,0.092672734
0.36802173,-0.0091403277,1.1422958,-0.85076426
-0.63995364,-2.3998879,-0.67882153,0.10475367
0.27366976,0.073762843,-0.68321363,-0.29210838
-0.55094779,-0.71701931,0.19263584,-1.5703836
-0.086585613,0.71823596,-0.060122654,-1.0511434
-0.39257226,-0.3086049,0.24436357,0.45757142
-0.87077244,0.044540631,-0.79477879,0.009507013
1.0181103,0.21334379,1.1388952,0.59068237
-1.6873372,-1.4599485,-0.29541806,1.5724102
-0.92367511,0.66398892,-0.38930026,-0.55791046
0.66019405,0.19266234,0.030355898,1.2493334
1.1619743,-0.48145344,0.6318132,-1.9772317
0.28782921,-0.33078199,0.52880174,1.1765014
-0.84680391,-0.63695717,0.23288557,-1.7044896
0.46524923,1.3304322,-0.43957972,-1.2105199
1.7501058,-0.75751042,-0.023531161,-0.93927016
0.94315998,-0.67342366,0.2178251,-1.6519887
-0.44210703,0.013923806,-0.9307586,0.5080896
-0.07339216,0.39610721,0.24511184,0.36430993
-0.38714416,0.79651529,-0.89631966,-1.1845242
-1.805141,-1.1346911,-0.051662658,0.18518324
1.12091,-0.47052474,-3.2061564,0.27759269
-1.1231643,2.8048083,-1.0459428,2.4205281
-0.68511698,0.36829063,0.70168874,-0.76863273
-0.53701742,-0.77244722,-0.7315014,-1.5727077
0.56595772,1.2293421,0.28573825,1.6655641
0.059185336,-0.73754781,-0.95651538,-0.039513624
-0.94002455,-0.8578896,-0.14168541,-0.15345093
0.016178262,0.88018952,-2.5196638,-0.38569448
0.86953206,-0.54830858,0.79787059,-0.95437537
-1.1941489,0.75570309,-0.76497405,1.0056997
0.8063481,-0.28516116,-0.36448911,1.1989388
1.4376235,-0.039042335,-1.1004508,0.78601682
-2.2144159,-1.7079116,-0.56427093,-0.77540297
1.0016703,1.5886825,0.37221262,1.0557247
-0.27617114,-1.1863612,0.2085808,-1.4301548
-0.44197034,-1.3653788,-0.24792665,-0.01385855
-0.41547942,-2.7308461,0.076417173,0.22232642
0.31599393,0.97974162,-1.3177541,-0.42578808
-0.51858008,1.4149109,-2.1472637,-1.1558818
-0.86820656,-0.4768201,-1.6212789,-0.41681864
-1.5637597,-0.77893008,-0.28216332,-0.24473421
-0.30641224,0.43896356,0.18704357,-0.095828603
-0.27225386,-1.0694136,-1.5183284,1.3243826
-0.61228861,0.8294652,-2.6592176,-1.6690442
0.20466635,1.0420411,-1.1374345,-1.3723695
1.5119598,0.50198065,0.84548909,0.09322078
1.2293554,-0.32998715,1.2064944,-0.14725937
-1.1408171,-0.1168163,-0.2118216,0.55999199
-0.52263136,0.46604585,-0.77853083,1.121494
0.2720861,-0.43892276,-0.38508467,-2.0381815
-0.88671202,-0.5971311,0.61779474,-1.9222516
-1.1080257,1.6462083,0.8970382,0.49987422
-1.1030605,0.31300394,-1.6248514,1.3619487
1.3963015,-0.73368352,1.1154584,-1.3637151
1.1676688,-0.84236076,-1.3919861,-1.6603186
1.3554068,0.35167003,1.5392672,0.55773944
-1.5799684,-1.2998292,1.6991373,0.2377761
-1.4626969,-0.46689604,-0.66024187,1.2852891
-0.3238136,-0.52123136,-0.87010097,-2.198876
0.99179769,-2.3360875,-0.68934928,-2.7441825
-0.73662672,0.015638814,-0.18041867,-1.7755951
0.52695615,-0.45754737,-1.1434237,-1.0701465
-0.93526997,0.46120676,-0.41036691,-0.29785787
-0.54540757,-0.84649173,0.43024451,-0.10724851
-0.98489666,-1.0615178,-0.94722917,-1.0187306
1.2059223,0.26094177,0.70327127,0.22876833
0.079512475,-1.1516528,-0.6054216,-0.54509983
-1.1331807,0.30178268,-0.25780548,-1.1431604
-0.40333288,-0.426924,-0.28958512,0.2472831
0.24124746,-0.16832807,-0.62562233,0.063609948
-0.13345381,0.47797072,0.37680269,0.012143805
-0.89262958,0.57588375,0.44911447,-0.79417552
-0.40862115,-0.052933141,0.10184858,1.157905
-0.77006188,0.34973318,-0.058565793,-2.0249427
0.25143752,-0.97214329,0.75306683,1.3968602
-0.31444985,0.35920352,0.8187035,-0.70068122
0.022763472,-0.90878245,-0.3397178,0.037260746
-0.73407268,-0.035917889,-0.44395587,-0.5525977
-0.32761481,1.713187,0.18702025,-0.55738568
-0.071887139,-1.5329555,0.97184879,-0.35723659
-1.7112079,-1.5197013,-2.2114124,-1.0937289
-1.1572054,-1.2233823,1.9209523,-1.0166353
-0.67969964,-1.6346952,1.0943839,-0.97852912
0.97456359,1.5779598,1.0208338,-0.73722035
-1.1578736,-1.7076166,0.28797907,-1.0169534
-0.84560508,-1.8565089,0.69665116,0.59206432
0.29926025,1.6506722,0.71386376,1.0840299
-0.48315169,-1.1364613,0.57024525,0.5012831
-1.4974928,1.6044799,-0.8027831,-0.9979354
-0.15271852,1.716322,-0.21743498,-0.70556291
-0.38149245,2.732408,0.18904373,-0.96659334
-0.16676375,-0.44324049,-0.2364886,-0.25839768
-0.58665158,0.10951149,0.59624071,-0.44331762
0.12852345,0.98578688,0.67248333,-1.5610397
-0.30904462,1.5198284,0.39233978,-0.17347205
0.70159049,0.3012541,0.46639289,-0.80206248
-0.26897024,0.094833609,-0.52295167,-0.55489649
0.66833324,-0.27449213,0.1470887,-0.17250085
-1.7169927,-0.83697102,-0.96714471,-1.8846049
0.13543922,-0.45053314,0.49735257,-2.358865
-0.77331056,-0.9657592,-1.1648764,-2.3871361
-1.1414544,1.3146788,-1.2298195,0.62462433
-0.062308462,2.2954942,-1.3131818,-1.4747783
1.1258323,0.5279709,1.3857006,0.16483559
-1.2311524,0.84955364,-1.4473128,0.98770932
-0.59510319,1.0888961,1.1576064,0.23047129
-0.43277288,1.8340875,0.16801622,-0.80943494
0.004579855,1.8781103,-0.85094136,-0.85158943
0.76933767,1.8511807,0.30971574,-2.7705215
1.1443306,1.1567485,-0.67396505,0.66929093
0.34959601,-0.53976427,0.45482135,-1.3822898
-0.53450893,-1.6738975,1.9298898,-0.75506008
-0.15887368,-1.6606406,-2.2273594,0.51448453
-1.306534,-0.34477257,-2.3027753,0.11773467
-1.3355124,0.15626294,-1.9172232,-0.30560308
-0.92789111,0.12567634,-1.8027213,-0.64372607
-1.5105506,-0.98867341,-1.2233806,0.3861421
-1.5591999,-0.20242723,-0.11210067,0.4175162
-2.0747442,-0.14846344,1.1954648,0.56325103
1.7368384,0.002409022,-0.95861589,1.8270914
-2.2339232,0.08577528,-0.2972752,-2.0869323
0.70971521,-0.052011652,0.22460101,0.17811524
-1.3193575,-0.78190081,-0.86334761,-0.81569182
-1.5049582,0.19375048,-1.3801311,-0.022140251
0.84289961,0.37486998,1.0422622,-0.059758067
0.055412989,0.22248714,-1.0256528,-0.47312814
0.9701901,-0.52473603,-0.51284897,-0.95961296
0.030352066,-0.092016944,0.05647112,-0.21101965
0.75818783,-0.82771873,0.49325827,-0.49404766
-1.3561581,-0.17902666,0.58791005,-0.69622544
-0.049444518,0.43744116,0.47421915,0.31930299
0.3651887,0.50577487,0.091987723,0.46277545
0.83097327,-1.5184785,0.40221343,0.42545581
-2.136896,0.76119436,-0.48337494,-0.87679273
-0.64395108,0.45671866,0.2430187,-0.35438064
-1.7570281,-0.43487009,-0.83475902,-1.6095413
1.2809291,0.080151333,0.77255675,0.13020602
-1.447195,-0.55709386,3.0298977,-0.24636722
-0.11854408,0.63068398,1.3427417,-1.1006049
0.12042994,-0.75675462,1.8285685,-0.18471552
0.12042994,0.79482703,-0.60531633,0.24566961
0.073101886,-0.29132618,-0.75400576,-0.98277795
-0.18682057,-0.82274819,-0.35447593,-1.0321578
0.41712229,-0.77017594,0.57407672,0.21230262
0.43437228,-0.72286575,0.3415859,-0.71481782
1.30526,0.46699669,1.4269249,-0.76053931
0.61014208,-0.2030834,1.7471855,-1.8561946
-2.8192029,-0.3566468,-2.3296148,1.321995
-2.5386742,-0.09021866,-1.9171919,-1.5991508
-0.1895897,0.25584239,0.76793324,-0.95378447
-0.55447452,0.35811892,-0.94654567,-2.2198201
-0.56410312,-1.1892668,0.98176815,-0.52819795
0.015106548,-0.39639745,-0.38322653,-1.5728841
0.88436594,0.25212469,-1.9664038,-2.5969694
-0.36979307,-1.370457,1.663812,-0.93624317
-0.48557179,-1.2462386,1.1900617,0.13263086
-1.5373015,1.1061715,-1.3994246,0.35473365
0.00073449996,0.79377563,-1.0755662,-0.70969171
-1.2179741,-0.26814856,-0.31128776,-1.3239271
0.31943153,-0.28480177,-0.87579372,0.041162255
0.030500057,-0.26686998,1.2869798,0.7382039
1.2536842,-1.0795681,-1.8178509,0.34992135
-1.9746266,0.27139624,-0.65229475,1.2053303
-2.7521278,0.1949258,0.44309261,1.4392721
-1.9457718,-0.6618723,-0.29011684,-1.6582733
-1.2280416,-0.62902065,-0.41920925,0.89438263
-0.36957754,-0.8214464,-0.35651902,-2.1484553
1.1277922,0.24819716,-0.25156239,0.52244166
-1.7046374,-0.22218589,-0.20493546,0.67528726
0.59239361,0.69484064,0.73204988,0.56566098
0.81799768,-0.74611154,-0.95039859,0.97198152
1.317475,-1.4405211,-0.17272081,-0.25441064
0.80808588,-0.38210156,-1.8229464,-0.57923971
1.0215978,2.7036162,-1.358741,-2.1726159
1.5448892,1.6791549,1.2108923,0.61126961
1.0944321,-1.7477143,1.3188799,0.56904112
0.01212314,1.2669413,-1.7799976,0.17911189
-0.59702445,-0.19682315,1.3030423,0.55051788
0.18962267,0.3529889,-0.40860259,-0.66698157
0.56831039,-0.099129771,-0.32211033,-0.35061249
0.51442947,-0.3751581,0.2209494,-0.23942119
1.1019605,0.29977106,-0.47717888,-1.7924849
1.3244715,0.30850682,0.20867766,0.25005158
-1.1647903,1.3103071,1.4534113,0.04046937
-1.3487052,-0.056198956,-0.90239481,-1.2451821
-1.3940644,-0.57127414,-0.37810351,-0.59029346
-1.2756101,-0.71469028,0.75589117,-0.74635452
0.40293263,0.56487119,-0.94190516,0.27955834
-1.6134337,-0.17006259,0.29933367,-0.043527059
-1.6941839,0.31786,0.30722153,-1.1673193
-1.3080315,-0.53687441,0.73582983,-2.2201336
-1.7239868,-1.5976313,0.75972646,-2.080847
-1.0129582,-0.037445058,0.18009865,-0.51381258
-0.66050231,0.92090257,0.3771143,-0.29610756
1.6217739,0.35209848,-1.2513393,0.29565943
1.2190769,0.92215556,1.57678,-0.25995436
0.62426034,0.014158969,-2.2491617,0.91177117
-0.59003637,0.34921527,0.32681999,-1.7635852
-1.2560402,1.5717851,-1.7053204,0.83263013
-1.0440092,-1.87256,1.0154742,-0.24456163
-1.1724861,1.6833959,0.57641559,-1.352055
0.69128326,-0.42814339,0.22833177,0.9644898
1.3842482,0.25445343,-1.5449476,1.198875
0.18973992,-0.14809638,-0.37351616,1.3880402
-0.68724158,0.036443911,-0.76726534,-1.9009728
0.31622586,0.22636182,-0.87315238,0.10643418
-1.7820045,-0.95297244,0.71733158,-0.36118355
-1.0779508,1.779563,0.64176851,-0.44911695
-1.0802211,-2.4664996,-0.32759103,0.020719112
0.16101811,-2.2825982,0.7678392,-0.01180178
0.39302292,-2.0412627,-0.012477992,-0.14072294
-1.2140106,1.7976355,0.61096992,-1.0527125
0.5048235,1.6991724,-0.078634125,-1.0527125
0.68223007,-0.47216048,-1.1125413,-0.34973152
1.7804705,0.37423417,1.0798676,-1.2389158
1.0472523,-0.43135508,1.5642137,-1.6205816
1.3460259,1.2854274,1.0414824,0.6377148
0.50084597,-0.997074,0.54468897,0.21159918
0.0064995249,1.6906816,-1.0159633,-0.92717516
0.46479306,2.9054147,0.3731229,-1.4701931
1.1476904,2.2711998,0.36327213,-0.37099124
-0.58326861,-0.25730915,-0.044858171,-0.15092908
1.4670196,-1.5039981,-1.7358237,-0.05966835
-1.1722772,-0.96316938,1.6533438,1.6262469
0.43416626,0.89369827,0.91017719,1.3833987
-1.1515586,-0.0082056083,-1.2097381,1.1729853
1.014003,0.87350084,-0.91162412,1.5558104
-1.0252433,-0.19752539,0.72105573,1.3018296
-1.1461914,0.0036004081,0.84300357,0.48101192
-0.046932074,0.4873075,-0.028636839,-0.26962393
0.15434816,0.38873448,0.52287291,-0.84685369
-0.28428837,-0.71275819,-0.56665607,-0.63949894
0.78435406,-0.48200899,-1.8913381,-1.1149053
2.3198102,-0.70764729,0.81112596,-1.4232907
-1.5352137,0.72790582,-0.36585862,-0.72065171
1.2322806,1.6075703,-0.52176136,-0.25727795
-1.9293886,1.1365531,0.18236364,-0.16211016
-0.021517037,2.2747771,0.51927671,-0.96364612
-1.2510455,-1.9687955,-0.66308723,-1.5503561
-1.1535658,1.425294,-1.6361713,0.87177647
-0.60811278,1.7603455,-0.040592415,-2.1181239
-0.65650713,0.69287643,0.47781378,1.6549763
1.1704642,-0.97774548,0.01005839,1.1307081
-0.053811714,-1.8612304,0.70474697,-0.11803952
-1.2301936,0.00993969,-0.95061156,-0.28437003
0.67078534,-1.6579851,1.159813,-0.6789364
0.31795035,-1.980091,-1.1288094,-1.2059686
-0.22437987,1.4196536,-0.74806751,-0.34745262
-0.34028785,1.2557956,-1.4678908,0.60913349
-1.934828,1.3828106,-0.54673432,-0.51014635
-0.55473948,0.33561292,0.25668099,0.6434095
-0.56796753,0.47708861,0.40818037,-0.11579766
0.29649846,1.108656,-0.69466918,-0.68520894
-1.1425833,0.5634925,-0.062186673,-0.09385645
0.41164739,-0.66169664,-0.022987124,0.62332994
0.088330443,1.071375,-0.72929256,-0.82038354
-0.5781084,2.4911166,-1.2137091,0.057523887
0.089080878,1.6389743,-2.3721039,-2.7721657
-1.2478138,-1.0380283,-1.3683184,-2.9077533
-0.9849089,-1.374806,-1.1894671,0.16062901
-1.6821964,0.24920106,-0.95871609,-0.46242552
-0.94992199,0.22263519,-2.1277005,-1.1828009
0.020928987,1.5738523,-0.43319615,-1.2396796
0.042406367,0.90326956,1.1255458,-0.21905034
-0.61200562,-0.17980024,1.4205844,-0.78302296
-0.7420126,1.5195875,-1.5573788,-0.98004579
0.25784043,0.94035707,-0.68784956,-1.1742369
-0.50538532,1.4501139,-1.3966968,-2.5896669
-2.7295566,1.1192541,0.51613812,-0.33202861
-1.0755324,-0.030553066,-0.71309703,-0.3127097
-0.7088318,0.057535065,1.0216025,-0.92827655
-0.4799483,0.66333668,-0.81293494,-0.96306898
1.0299071,0.32418851,0.49368897,-1.619579
0.8250644,1.7266218,0.91588468,-1.8122325
-0.52590661,-2.5452229,0.27371348,-1.5515636
0.55884639,-2.1329417,0.56545559,1.2149414
0.37285007,-2.5388022,-1.6353768,-0.59089422
0.47521784,2.0962562,1.6185058,-0.95597688
-0.56269091,-1.8573361,1.2765269,0.71449861
-0.37436062,-2.6691142,-0.93003615,-2.1892863
-1.0930444,-3.0941065,1.0561201,-1.7010784
0.61811928,-1.0079409,0.49426159,0.75289915
-0.041422073,-0.53405263,0.58747538,-1.2150521
-0.47190606,-0.72082278,-0.86411281,-0.082819362
-1.5335607,-2.1596318,-1.4363177,-0.43580123
-0.4999582,1.2630581,0.70246811,-0.12955779
0.13170269,-0.88365899,0.32493089,0.088778473
0.043617222,-0.046119261,-0.62451696,-2.2484667
-0.65852422,-1.2379715,0.39465232,1.2065485
0.1154485,0.94497475,0.023088974,1.4025793
0.7542432,-0.97102976,-1.0872852,-0.58441225
-0.14930647,0.86662774,0.69903011,-2.4814034
0.27910251,-1.2256649,0.6210906,-0.35569831
-0.88711702,-0.27780284,-0.44405254,-1.8022525
-0.36148176,-1.4379494,0.73823456,-1.3923186
-0.4231318,-0.23387315,-0.21515481,0.46682722
-0.95391285,-1.5639893,-1.1831491,0.34171206
1.506251,-0.93496939,0.57654689,-1.3206295
-0.83651919,-0.30115098,-1.1273211,0.98989318
-0.22711602,0.27013145,-0.019519354,-1.0644372
-0.28992556,0.21905288,-0.11096687,0.58665651
0.23895285,-0.25462594,-3.86961,-2.3389121
-0.82388155,-2.2619249,-0.41650694,-1.5529044
0.093663681,2.7717445,-1.0159821,-0.79150525
0.80266894,-1.1885895,-0.87625506,-1.0922541
-0.8843647,-1.2280104,0.46218402,0.75089983
-0.13953546,-1.232879,1.478014,0.20016251
-0.26110131,1.1806879,-0.73946936,-0.72264572
-0.61400535,0.38506078,-0.29569397,-0.20222438
-0.66381888,-0.34214675,2.460867,-0.18791052
1.547649,0.63927524,1.7523748,1.1110118
0.68611403,0.24205948,1.9422047,-0.89940708
-1.5626534,-0.67454367,1.7782011,-0.39665457
-1.2658382,1.0624128,0.83635936,0.58490114
-2.2134746,-0.86120331,0.4014163,-1.1789517
-1.8669815,-0.017307162,-1.0037693,-0.68615065
-0.81770757,1.0578694,0.39356338,-0.29444119
-0.81770757,-2.2661933,-0.89058044,-0.59077042
-0.021318628,2.1094544,0.7141539,-1.8013336
-0.14006759,-1.5980391,-0.3051786,-0.44227595
0.013568395,-0.055660519,0.53181902,0.51816601
-0.16722722,0.010047869,0.17800296,-0.16700047
-1.7160723,-0.11095107,-0.74906811,-0.58267013
-1.0877337,0.83057066,-0.74982252,-0.84696175
-0.59573609,1.3094284,-0.16191176,-1.0883432
0.90537154,1.1026377,-0.055527451,0.65925779
-1.3353376,1.1026377,-0.65522518,-0.80942696
-0.66702298,-1.4989801,0.1679469,-0.32168512
-0.90170777,1.1979632,2.0884663,-0.70240646
-0.64088954,-0.83673328,0.51589449,0.82974813
0.10003696,-0.65977087,-1.4594497,-0.72237651
2.3656561,0.62210115,0.0017410573,-3.2614885
1.0804193,-0.57074207,-1.3690515,0.48908193
-0.64384252,-0.97070066,0.19277262,0.88942029
-0.070696628,0.56128154,0.17967895,-0.51783721
-0.67809603,1.8012971,-0.84536188,-0.010469019
-0.67809603,2.4198172,0.89185597,-0.63140603
-1.3945157,1.919715,-0.70135592,-1.3914011
-0.20068707,-2.0949302,-1.3213198,-0.465091
-0.34896171,-1.2974313,-0.74909383,-0.13586736
0.21554216,-0.75668985,0.081018938,-0.774046
-1.0204183,0.65747994,0.75592983,-0.57921202
0.16162777,0.3657791,0.59464795,-0.2742309
0.24089435,-1.4375341,-0.77424686,-0.48363771
-0.55745742,-1.0924237,-0.73569758,-0.35764103
0.7817141,-2.3940125,0.34442399,1.0733764
2.7746458,-1.8020589,0.086257857,0.88269242
2.8301295,-1.5549539,-0.9693184,-1.1168421
-2.1482048,0.85321035,0.095319298,-0.53620675
2.4140373,0.67234761,0.77395868,-0.15830264
0.023457279,-0.84968665,-0.017004317,0.22527522
-0.83830589,2.1372432,-1.384606,-0.021012592
0.59036583,1.8090903,-0.67276494,1.1628082
-0.057993644,1.3382547,-0.78788487,-1.1990141
-0.15077671,-1.1928163,0.4035409,-1.0721356
-0.56553711,0.67464883,-0.73927177,-0.90792122
-0.05672947,-0.65132622,-0.76321621,1.1560654
-1.6083939,0.37683524,-0.55401942,-2.4225491
0.23737567,0.94992267,-0.0053537165,-2.1052388
-0.39165771,-1.1930065,-0.15082974,-1.6141807
-1.0890191,-0.93128039,0.43706411,1.6031686
-0.718277,-0.53737737,-1.850131,-0.038458958
0.94528484,0.33542418,0.9032205,-0.61799921
2.4329805,0.16725712,0.23165506,-1.3949501
-2.0235222,-1.0103254,-0.92935707,-0.035204785
0.98757551,0.175455,1.5187826,-0.71843908
1.7884076,0.82614938,0.88756689,-1.4141843
0.72412301,-0.078363162,-1.9463559,-0.84238852
-1.2111499,0.95168296,1.7948151,-0.46083169
0.57064706,0.10011932,-2.1142973,-0.91996815
-1.8909075,1.8875476,-0.96274518,-0.22894975
-1.4768098,1.7241509,-1.0404707,-1.272596
-0.93420198,-1.5488116,-0.0489216,-2.6720398
-0.021523993,1.140623,-0.3320404,1.6386915
0.059389258,-0.27927299,-0.12328013,1.9331869
-0.51182361,-0.43654883,-0.18794966,0.40351076
-0.12551399,-1.0353481,-0.91578777,0.68043514
-0.27187513,0.70586907,-0.43680093,-0.42615371
-0.011140811,0.66924043,-1.1123329,-0.76095663
-0.79235221,0.36792396,0.12656073,1.6210622
-0.44655299,0.34798365,0.61297295,-1.5333874
0.1504277,-0.91867455,-0.91783905,1.629624
-0.8795378,-0.96245904,-1.0565122,0.44046464
0.39708153,-0.20251508,-0.59388366,-0.47880918
2.8486649,1.2604016,0.35023613,-0.21933713
2.6402962,0.72672162,0.62299252,0.64222947
1.4934397,0.49501356,-0.46892393,-0.64707633
1.8126731,-1.2004621,-0.25506845,0.31915518
-0.86078341,-0.24866311,0.42113825,-2.0763387
-0.56429972,0.096583511,1.4216147,1.4117372
-1.9949489,1.003434,-0.47266674,-1.893463
0.87735357,-0.22693438,0.26448521,-1.6655458
-1.2894332,0.15703216,-0.53760014,1.8858569
-0.096546296,-0.52080065,-1.5467501,1.6734939
-0.47106411,-0.88248637,-0.77852495,1.4963078
-1.317333,-0.5191576,1.9790024,1.0120233
-0.7301184,0.73307536,1.0758973,-0.88098557
0.69013333,0.001725561,-2.1727824,-0.93711595
-1.2926889,-1.3337699,1.8357006,0.35304106
-1.1416401,-0.55592703,2.0487161,0.9631182
-0.73516741,-0.26030966,1.1279394,1.2347608
-1.1098597,0.40370732,-1.3325427,1.2347608
-2.2186883,0.53932044,1.1640285,0.97240539
-0.086813473,0.21785572,-0.26813485,1.0361686
-0.0028941943,0.0049787771,0.23173199,-1.5596025
-0.56163492,-0.3603291,0.22094246,1.3325181
-1.2211717,-0.65024252,0.93582434,1.1010987
0.68628654,1.0404116,0.59070717,-0.98564722
-0.71454603,-2.0992451,2.1668588,-0.99643282
-1.4669284,0.11033779,2.1272318,1.0062778
1.8365796,0.20018249,1.4045348,-0.67512369
-2.0554602,-0.6607432,1.3392094,0.095750242
-2.102516,2.8420519,-0.23018175,-0.15620404
-0.95272083,2.5839873,-0.93599584,-0.90685325
0.20621835,1.2991736,0.58596765,-0.17005948
-1.1538909,-1.7899037,-0.74597791,-0.38806429
-0.6955545,-1.0923745,-2.1601583,-0.60355649
-0.93942827,-0.71689458,-2.8765097,-1.1323522
-0.40111428,-0.05585037,2.6236065,1.5562572
-0.21588438,-0.85611628,0.43691512,-0.29846464
-0.60245949,0.066338562,0.81636865,-1.4565909
-0.75724861,-0.61783359,0.17584134,-0.6033276
0.67398747,-0.37042674,-0.87976276,-0.39619728
-0.043475873,0.099457652,0.24019512,-0.51304403
-0.69382451,1.9548369,1.5741361,0.18049569
-0.74989899,2.5548977,1.1210464,0.30394203
-1.0424943,1.7204774,1.2708715,0.38164487
0.62061618,1.8051743,-1.6622888,-1.0985468
-0.32965668,0.055895228,0.47812955,-1.0985468
0.49903496,-1.6385327,1.4982276,-1.223371
-1.0402462,0.34453161,-1.1546479,-1.4481634
-0.41107835,-1.3642801,0.28593624,-0.15154459
-0.35923701,0.6230065,0.10947467,-0.66867461
0.58849994,-0.018428538,-0.31865658,0.097781032
-2.4608364,-0.649754,-0.73241988,1.9756078
-0.31220795,0.71726135,-0.80500191,-1.0195295
-1.1288143,1.1544154,-0.70422854,0.066812239
0.43649899,-0.062353481,0.62504662,0.80673124
-1.4129769,-1.786229,2.3328269,-1.1800403
-0.042592744,0.87324877,1.5332612,-0.10169958
-0.16612448,1.1542187,0.96614654,-0.1451539
-0.54191179,1.1324811,-0.57365636,0.37131038
-0.82204778,-0.39283162,-0.23298753,-0.53056019
-0.15084576,-1.0086311,-0.26636435,-1.2223286
-0.28266963,-1.0934228,0.42701817,-0.012936717
0.343206,-0.11546231,-1.0082838,0.12297523
0.50835892,0.33197765,0.61120375,0.42455543
0.12761521,-0.90485747,-0.41660297,0.31945108
0.080043036,0.36518698,0.56253365,-1.5237908
-0.28253587,1.2509156,-0.098317926,-1.7964053
0.50934546,-1.2538209,-0.024068598,0.65118518
0.16967313,-0.49963831,-0.88913073,0.25372255
1.2979064,0.57839276,-1.1626343,-0.054336562
-0.92083154,-1.1575828,-0.61733738,-0.92638762
1.9507151,0.62402666,-0.57335248,0.5211619
0.61390702,1.2140598,-0.2084953,-0.72837837
-0.49311718,-0.94414442,0.49754541,-1.2556632
-0.50672426,0.17409274,0.72040888,0.61288412
-0.45429498,-0.60516225,-1.0259777,-0.99104481
0.20127741,0.34366232,0.49290805,-0.51004097
-0.571013,-1.6689229,-0.99718215,2.4801632
-0.33910749,1.6045763,0.063053578,-0.25495335
-0.23689923,2.3471169,0.55140291,1.8165043
0.41957906,0.0075700377,-0.98360458,1.1490664
0.40001169,0.30629441,0.89089032,0.24720318
-1.1900522,-0.12881512,0.61062154,-0.65931971
-0.72496756,-0.05651038,-1.5607381,-1.5731024
0.43978194,1.4830629,-1.4073162,-0.43255871
0.30810475,0.40212388,-1.5711885,-0.43942139
0.435471,-0.65108788,-1.3565408,-0.0091831905
0.62237613,0.7851373,0.99449418,-1.3126653
-1.0715765,-0.17207292,1.0865713,-2.0900069
-0.80093927,0.57779101,1.1628871,-1.6823336
-0.48117669,-0.70797094,-1.0456551,-1.8616711
-0.90061867,-0.41036803,0.6060084,-1.5999074
-1.7165372,0.50150782,-1.186323,-2.3808669
-1.206442,-0.041095182,-0.79818138,2.0476967
1.533786,-1.9345306,-0.18086913,0.99788556
-2.0926335,-2.6302007,0.33048251,-1.8136991
-0.66376755,2.0513816,1.581276,1.246378
-0.3148316,1.9876039,0.31223112,-1.9676633
0.85443169,-2.2799081,-1.2441844,0.51547281
0.2450188,-1.7256007,-0.55075106,-0.36213568
-0.61260658,-0.45896916,-1.0797632,0.42437735
-0.10430037,0.16506526,-0.33854667,-1.2643543
0.36641624,0.051815358,0.98104581,-0.62357305
-0.049440234,-0.41783385,-0.62318206,0.1154599
-0.16100409,0.96940512,0.30821597,-0.49243808
-0.032223556,-0.87074284,0.92671756,-1.2771109
1.3973232,-0.49463237,-0.77238587,0.95797506
1.6315671,-0.30894615,-1.5394362,1.0380532
-0.54621209,0.67438906,-0.98214798,1.4104875
0.37300348,1.152311,0.072065168,-1.7158314
-0.57940338,-2.1342625,-0.33485329,-2.2563512
-0.77620173,0.080187135,-1.5733077,0.74544547
0.44558407,-0.28754222,0.53591891,-0.179825
0.092811047,-0.28754222,-0.92693642,0.48638941
-0.62864048,-0.17910678,-0.41079196,-0.50178585
-0.65096589,-0.85095745,-0.14999023,-0.47428654
-0.56656321,0.46216287,0.60649454,0.43761999
-0.64131599,0.71156439,-0.38778455,0.34286399
-1.66457,-1.170771,1.0474784,-0.021246324
-1.4050532,-0.67099508,1.2553695,0.58047088
0.82984125,0.29523616,2.1028053,-0.34882506
1.5253574,-0.10000302,-2.6609732,0.74285781
-2.2628201,0.65803299,-1.4894354,-0.18918675
-1.4618387,0.032217872,-0.6228656,1.1702705
-1.6257956,1.3339343,0.54071289,-0.36411923
1.0445319,0.17530699,0.21930446,-0.16975459
-0.11954961,-0.51556402,2.3852187,-0.88246496
-0.19098199,0.27286123,1.7469392,-0.53698808
-0.4472363,-1.0407347,0.95305114,-0.50817768
-0.35622864,-0.28578594,0.092060068,-0.57033567
1.6357931,1.3983525,0.66727273,1.2388349
-0.85681658,-0.33177868,-0.4466318,-1.3943748
0.053722083,-0.78025022,-0.50406888,-1.9191782
-0.37868109,0.87235075,-0.45223039,-1.2305318
-0.80085913,-1.3203408,-1.503254,-1.0349152
-0.068896701,-0.46923144,0.40666729,1.1995741
0.46545368,-0.089225941,-0.48157952,-0.30449334
-0.07219751,0.95946399,-0.14358837,0.48403202
-0.72212333,-0.81341846,-0.15216818,-1.8467894
-1.020231,0.47139267,-1.7868108,1.0849615
0.46786846,-0.96261825,-0.99051786,-0.57271395
-0.70612131,-1.4442602,-0.4901214,-0.67957642
-0.97498855,-2.2689578,-0.85141798,-0.56734883
0.30659417,-2.2429928,-0.54385168,1.0646264
-1.4390816,-2.4753405,0.20440811,-1.6636201
-1.1320631,1.0475794,0.1421681,0.14702643
0.22234731,-1.6461577,0.51491753,0.17939775
0.91929993,-1.8493234,0.68004089,-1.0416819
-0.24729362,0.96250381,0.24524359,-0.68635462
-0.11921271,0.091523966,-0.28546378,-0.50623334
-1.0127959,0.3607719,1.9539772,-0.46082579
0.11397026,-0.13757746,1.4769588,-0.045017866
-0.55685666,-0.55723977,-0.50540929,0.3407005
-1.0670308,0.19808564,0.42738762,-0.13869469
0.43350561,0.092560509,0.023997485,-0.57276344
-0.98139858,0.72127271,0.28896537,-0.25765717
1.3987449,-0.18790415,0.96331497,0.5566177
0.67183635,-0.67408111,-0.22254053,0.49038013
-1.6451879,0.17889968,-0.94128708,-0.97184619
0.65636356,1.0153789,0.3722164,-0.29297892
-0.92351944,-1.20328,-0.5023263,-0.21230187
0.53594424,0.8528501,-1.052721,-0.22093681
-0.10174039,0.40053161,0.33335751,-0.96467276
-0.17664783,0.77604976,1.2551836,0.089579567
-0.66084556,1.1915184,1.426522,-0.0258212
1.4369562,0.47401429,2.0671261,-0.1774386
-1.4572283,-0.39425407,0.72454438,0.36644079
0.79783643,0.23128431,0.51533313,0.25136102
-1.5608242,-0.54761333,-1.057268,0.73297156
1.0649863,-0.2716671,-0.92336816,1.6622422
-1.4074278,-0.16077366,-0.96477293,1.3672407
-0.39747115,-0.42132311,0.98933198,1.2963621
-0.0046492046,-0.064595187,0.75918181,-1.5708326
-0.17899012,-0.16687682,-0.33746974,-0.71445497
-0.15443235,-0.43880493,-0.6357577,1.0643449
1.3414835,-0.77100157,0.65448101,-1.1382598
0.18935573,0.4725208,-0.80204007,-0.34763547
-1.7361867,0.78461243,0.19514709,0.72171399
-2.1579669,-0.62992449,0.014930699,2.2153534
-1.5556351,0.6741301,0.18355067,1.2914246
0.76248615,-0.54542165,0.15325702,-2.1122403
0.8009032,-0.3050584,-0.57377169,-1.5224742
0.3413263,0.090749542,-0.21843357,0.058435419
-0.78304921,0.4486402,0.66936763,0.37350608
1.5726169,0.22326914,-0.083950914,0.41670744
-1.5490506,0.66494848,0.41522997,1.6368082
0.63398658,-0.13026008,0.13894619,-0.55362727
-0.40759335,0.11235082,-1.10738,-0.53536542
-0.91928548,-0.2946701,-1.5729161,-0.039667099
-2.5256287,-0.31918791,2.2323824,-1.0195618
-2.3184619,0.046099267,1.167682,-0.92270353
1.4517591,-0.38672616,-0.71474979,-0.96631277
-0.68328745,-1.2859308,-0.0017079898,-0.66640613
0.31206456,-0.64322273,-1.7147652,-0.012657454
-0.71512691,-0.65876991,-0.87226377,-1.0083178
0.71158697,0.56980044,-0.9704999,0.4567971
-0.64815387,0.51321402,1.1455051,-1.1529445
0.2996437,-0.62748849,-0.63059656,-1.633669
-0.37129634,0.67038424,0.079022841,-0.58056357
-1.700178,0.23543578,-1.5131682,-1.7239275
1.1589341,-1.3496043,0.17893223,1.5208808
-0.34797632,-3.7562853,0.072267643,-2.375007
0.64578321,-2.2948854,0.52176318,1.9437508
0.80471503,0.039682428,-0.57904429,1.083995
-1.1530074,0.55374828,-0.29843046,-1.2931596
0.29064371,-0.60228331,0.99510142,0.078442642
-0.06408921,0.61934387,-1.456102,0.39879542
-1.8672883,0.37694158,1.481639,-0.09606266
-1.2091139,0.059225081,-1.4904855,-1.877744
0.35978249,1.5141845,0.56720593,-1.3802795
-0.88062559,-2.1488842,-0.6591377,-0.27470987
-2.1183324,0.70229991,-0.52802942,-0.61560431
-1.9913604,-1.4035846,0.073462396,0.46469335
-1.9903643,-0.60241156,0.4555046,-1.5680568
-1.6835149,-0.59611329,0.25324855,-1.2936974
0.4474694,-0.14617934,-0.27395497,-0.025991267
-0.55992922,-1.2686659,-1.072079,-0.23407785
0.5425134,0.46570313,0.40351538,0.12816776
-0.50186817,-0.9046068,-1.8764849,0.087471909
-0.73323509,0.95903583,-1.4482758,-0.52735905
-0.85083458,0.66760209,0.93141148,0.29972817
-0.65613576,0.059510364,-1.3806461,-0.23736512
-0.51305175,-0.36291433,-0.25882683,0.98590522
0.087873947,0.083803743,-2.1494765,-0.021116684
1.1379068,-1.0099587,-0.21847263,-1.1155823
-1.85309,-1.8665715,0.88541046,0.83451271
-1.4305023,1.6966215,-1.9227244,-1.4293353
0.97437512,0.041812341,-0.80784314,-1.8712336
-1.923369,-0.85487956,-0.69606032,1.8265131
0.61623068,-0.88855888,0.35706308,-0.55614042
-0.099562015,1.2437646,0.66913836,-0.0031660701
-1.9117721,-0.92494202,1.4762324,0.011131122
-2.1626743,0.2119519,0.8646102,1.1656187
-1.9153453,0.43064337,1.0844927,1.606912
1.5649274,-0.40479854,0.31003108,-1.8037934
1.4323758,0.19996701,0.077432244,1.245472
-1.9451618,-0.38085626,0.53485109,0.4835663
-0.49517767,-1.2078807,0.01045794,-0.78730081
0.053319279,0.32439356,-0.24593893,-1.3891404
-0.65711519,0.54280543,-0.98678018,-0.49067274
-0.38221846,0.53398873,-1.8112047,0.42735215
0.91570412,0.48520035,-0.35869309,-0.63994684
-0.060557332,0.36487539,0.18711058,0.758887
0.29915259,-0.67742088,-0.72309572,-1.5834828
-0.11354695,0.018277554,-2.7967231,2.1981057
0.42529413,-0.15643661,-2.2116556,-2.5820717
0.037594312,-0.63290552,-2.3274105,1.9924438
-1.4170426,0.51060355,1.5388179,-1.9456309
-0.88981516,-0.40678665,-1.0109607,-1.1629962
0.49301196,1.9447837,3.6355752,0.58657751
0.16123632,2.4988786,3.0456072,-1.6560837
-0.28519284,-1.0829664,2.161775,0.23767663
-0.92436109,0.20404755,-0.96530502,-1.0058173
1.3982905,-0.94243691,0.6693631,0.28482811
-2.429423,0.41758364,-0.58456826,-1.8666379
0.028522644,-0.45387411,0.034111957,0.23880988
0.15475003,-0.22412405,-0.52390891,-0.036638835
-0.38691732,-0.075550057,-0.57896991,-0.85286469
2.247133,1.2855038,1.0838775,-0.88903644
-0.17840158,-0.70982046,1.9770156,-1.1653888
-0.93774311,-0.13695633,1.681406,0.64862789
-0.23327023,0.30358434,-2.0377753,-1.7906368
0.096092638,0.70759433,-0.71015785,0.33272388
-1.049694,0.54837221,-0.33253259,-0.87408882
-0.035601298,-0.92629381,-0.76049802,0.1621395
-0.96610402,0.30858665,0.4483266,1.4116642
-0.99968543,0.0074201307,0.022336916,1.1830319
-0.99119273,-1.3388756,-1.7435019,1.503436
-1.3912606,-0.7345645,-1.5943272,-2.0349177
0.86161845,-1.2911887,-0.9443629,-0.33651516
0.11933902,1.2500116,-0.50179106,-1.5290322
0.36551492,-0.025724405,0.16781576,-0.84200657
-0.34705123,0.67148711,-0.85935017,-1.4126757
-0.35490292,-1.479639,-0.86332382,-1.1920741
0.67611645,0.35826553,-0.33443993,-0.82337607
0.032177034,-0.45433583,0.62458768,0.56439156
0.07610024,-1.4722337,-0.9535594,-1.1814733
0.52125025,0.51384382,0.57899813,0.63132385
-0.33149652,0.40981808,0.072898194,-0.36001465
0.41239697,-0.25570481,1.1153387,-0.046456134
0.12671133,-0.28751128,-1.8254013,-0.18704489
-1.4070463,-0.18032236,1.7824074,0.97840425
-1.160831,0.25150702,-0.85896084,-1.9350483
0.7714722,0.070024755,-1.0300117,0.10460512
1.2884521,0.072174836,0.53626467,-0.97700904
-2.11408,0.1727853,-0.98263039,-0.42785493
1.1485873,-0.18213604,0.84648599,-0.36624927
-1.6786002,-0.32093622,0.78990662,-1.4969559
-0.75985038,-0.53662227,-1.006016,-2.1784591
0.6899892,-0.46007781,0.12638235,-0.027987089
-1.4265806,-0.044790865,0.13694187,-0.51624744
1.0447323,-0.34953379,-1.1411495,0.15864544
0.19339578,0.37981017,0.79826726,0.53364217
-0.42441699,-1.0819955,-0.61396284,-0.49243171
-0.63828864,0.025604488,0.18585654,-0.46043968
-0.046115819,0.29537928,-0.13953258,-0.72525767
-1.0285698,-0.16088242,0.54894474,-0.33543774
-0.13101723,-1.1742129,-0.72850854,0.39338407
-0.26915523,-0.83402195,0.35724452,-0.83653138
-0.68360017,0.025388542,-0.85214062,-2.031179
0.11699254,-0.22786298,0.61726137,1.4461652
-0.92661325,-0.29508296,-0.40050699,-1.704078
0.23723855,0.059965912,-0.51668555,1.3026773
-0.2756546,-1.5073357,0.065932118,-1.6527779
0.51492704,-1.5286959,-0.38790409,1.4319229
0.33709496,0.75663315,0.4611893,0.20681936
0.16623632,-0.47406197,-0.64949582,-0.53203111
-1.8747513,0.091772892,0.32824295,-0.51426321
1.3222758,-1.9572264,-0.31170842,-0.72720721
1.7578494,1.5339258,-1.0339649,-0.44986382
-2.0126105,-1.7768896,-1.624991,-0.44780417
0.87388226,-1.9852255,-0.69000196,-2.3185219
2.0309229,1.4226379,0.3153531,0.66311438
2.2438947,-0.64172891,-0.37211818,0.83248602
1.2938684,1.1844161,-0.12086914,-2.1053485
0.55989607,1.3841245,0.1715405,-1.4130668
0.73298936,2.1252857,-1.8634796,-2.6123488
-0.77044128,2.0958677,1.3509337,1.0807958
-0.1318523,2.2653221,-1.8117859,-1.855815
-0.91099985,-0.51938267,-1.1842562,0.56794552
-0.44511376,0.74405534,1.7797246,1.0058033
0.6235951,-1.0927897,-0.47288162,1.2667455
0.43470666,0.10747403,-0.30133101,-1.2447777
0.31140291,-0.34615569,-1.2068785,-1.893596
-1.9059887,0.4802907,0.20282813,-0.56666574
1.2118532,0.77344662,-0.67426685,-0.34883453
1.6679332,0.95851336,-0.65644559,0.27031429
-1.6286067,-0.56624456,1.5921562,1.3234897
0.021589448,-0.32916804,-0.56659864,0.4847627
-0.75609818,1.5053761,0.1390232,0.40157375
-0.7785558,-1.7373819,-0.72957327,-0.97591642
-0.2423943,1.2393813,0.86581853,-0.25040677
0.3572272,-0.65484699,1.4921825,1.4433983
0.55892128,0.8489836,0.57893597,-1.7984742
1.2442847,0.058089438,0.49260602,0.5617488
1.092255,-0.2622055,0.13312183,-1.2511819
0.11675683,-0.44826297,-0.41446683,0.10864257
-0.32393028,0.81950194,0.70777836,0.55171268
-0.00011819306,-0.30470592,-0.90234201,-0.29655824
-0.061828669,-0.40461979,0.15870305,-0.21471948
-1.0574124,0.36740527,-0.45109919,-1.8913157
-1.3389346,0.63601808,-0.16465871,-1.5993064
0.77045638,0.069540594,0.51161631,-1.0026389
-1.5229287,-0.25213801,-0.91862939,-0.6567521
1.4050608,-0.32543895,-1.0176892,0.30462386
1.7526075,-0.33913676,0.99746005,0.085428679
-1.8460989,0.89279065,1.1006275,-0.95025933
0.68065438,-0.46045205,1.8698607,1.8848533
-0.9084349,-0.5209457,-0.045360554,0.33242626
0.68377885,-1.0391332,-0.41022341,0.89220572
-0.89005553,-1.2159812,0.048491001,-1.0574843
-0.97899222,1.0466096,0.93088883,0.88534356
-0.6846927,0.53225115,0.20185428,-0.86759505
-0.22104159,0.5140434,-2.7407525,0.64970975
0.96445747,0.32809559,-3.0314726,-1.3526605
-1.0172443,-0.54179573,0.23751882,-0.28113937
-0.2557299,-0.61669234,0.22615665,-0.34103874
-0.35428702,0.15990639,-0.41443712,-0.23061806
-0.98882228,-1.1009779,-1.3384316,-0.81275146
0.13084157,-0.58048261,1.0773759,-0.42326933
-1.7151467,1.0550999,0.42404976,-0.65731291
-1.3387601,0.54110706,-0.59771896,0.32582562
-0.73461222,0.92878029,-0.31121541,-1.110546
-0.13438327,-0.85198369,-0.21323699,0.62347695
-0.081555355,0.96799521,0.035906038,0.62168368
-0.17477095,1.4001247,-0.073635595,-0.62399188
-0.24481934,-1.1385332,1.1205181,1.2073054
-0.1437204,1.429073,0.72603208,-1.6369093
-0.7684547,0.050806432,0.59990337,-0.52236833
-0.36163521,-1.1983146,-0.41149924,-0.41972317
-0.52682999,-0.23774181,-0.3790372,-0.56528681
0.23573572,2.31051,-0.0461808,-0.8860212
-1.0010002,0.161973,0.20463783,-0.70474048
-0.22488717,-0.10468578,0.41911607,0.33963544
-0.5282657,-0.37360415,-0.40238968,-1.4003541
-0.97224104,-1.9099647,-0.90476551,-0.72403342
0.7885751,0.80948864,-0.95762355,-1.0171263
0.17853608,-0.28548692,1.4725271,-0.94124484
0.37968303,0.47529418,1.9656372,0.57159412
-0.12113798,-0.91908205,-0.97190579,-0.86003925
-0.35291919,-0.69080046,-1.0406193,-0.27310087
-0.42113595,1.9387245,-1.0533326,-1.6497995
-0.61331843,-2.1819248,-0.13735141,-1.4700499
0.029155283,-0.60243625,0.085341691,-1.3924854
-0.47248055,-1.3555409,-0.21510387,-0.18375639
0.92808364,0.95484234,0.76867947,0.17072369
0.63754436,0.235504,-0.59279394,-0.13397493
-0.57882319,-1.4666651,0.31373863,-0.37778583
-0.10889965,1.1204755,0.19921842,-1.2369023
-1.2550277,-0.49058994,0.020228299,0.22207963
-1.3410681,-1.2804833,1.1711646,-1.0570788
-2.0925974,-1.1714334,-0.081311933,-1.5912306
1.6215213,0.47058303,-0.18336213,-0.83423777
-0.039602241,-0.7676895,-0.33429785,-1.7982698
-0.43767286,-0.56188236,-0.70728169,-1.9753195
-0.38219527,-1.3065624,-0.86801789,-0.21591731
-0.28016484,1.1123217,-0.5259249,-0.31998358
-0.091457491,1.1213064,0.23085671,0.37068757
-1.7525327,-0.17215713,1.0572619,-0.76932205
-0.42997898,0.3355205,0.38649911,-0.23933371
-0.52279217,1.0759142,-2.515173,-0.4914732
0.93005726,-1.6068906,-2.2693744,-0.14366601
-1.2175352,0.19132228,-1.8704087,0.37588319
-0.84911911,-0.64840014,-0.69491248,0.6446261
-0.98556825,-0.64131747,0.3899105,-1.2602509
0.29732431,0.023628574,-0.6084303,0.36342958
-0.74317429,-0.050393531,0.34643576,-0.84252105
-0.29007866,0.17963956,-0.17760026,-0.46668775
-0.13958148,0.87245026,0.88023897,-0.88772405
0.81396733,-0.84736992,-0.071000078,-0.067088318
-1.0056217,-1.554505,-0.2390782,-0.24209905
-1.466636,-1.6110732,-0.02152886,-1.395337
-1.4387647,-0.30507717,-0.75211262,-1.1334353
-1.4909267,-1.0175124,1.0514564,1.0635925
-1.7963911,-1.0329014,-0.23423934,-1.3754484
-1.9313426,0.39035769,-0.57078623,0.37965093
-1.042879,-0.075385747,1.2635731,-1.339543
0.1284391,0.20933424,1.1639577,0.63588714
1.3424521,-0.11110471,1.491204,-0.46481448
-1.435143,-0.13391913,-1.9930562,0.15340883
0.20538907,0.21796733,-1.4801951,-0.71248237
-0.21019197,0.99000571,-1.3524948,-1.4533384
0.49426054,-0.16132099,1.3946138,-1.355983
-0.00078614113,-0.43096685,0.4938608,0.44358338
-0.081907947,1.0500698,-0.016249712,-1.4572781
-0.61301942,0.18026937,-0.39093953,0.51122089
-1.5230927,0.71055567,-0.65532709,1.1728884
-1.4363308,0.65723282,1.9785068,0.049788566
-0.77658641,0.18738709,-0.017173565,0.10743606
-1.4210271,0.37628717,0.16510737,-0.38623907
-0.79210261,-0.21321247,0.36437005,-0.40916481
-0.67445925,-0.25749317,1.1256395,-0.74724163
-0.03851956,-0.71344178,-0.77440538,1.3210643
-0.37754281,0.73420857,0.25844484,0.1068065
-0.45703845,-0.87216504,-0.74129122,-0.28193062
-0.4665659,-0.15011316,-0.44494474,-0.67851777
-0.20385636,-0.42129443,1.6718555,-0.5006236
-0.5446282,0.96265874,-0.33550091,-0.13347339
-0.010834593,0.71631363,0.077865802,1.184231
0.33315575,0.042569068,0.91521421,-1.4574297
-0.88016412,1.9197956,1.3648458,-1.9998092
0.80226716,1.5285179,-1.5972664,2.074981
-1.3304669,0.52567526,1.2168087,1.406648
1.5804799,0.35935854,0.45037095,-0.60263328
1.3392466,-0.45812078,0.6620027,-0.31577804
0.96042115,-0.68407485,-0.48418569,1.0822715
-1.2391691,0.73816056,-0.11668498,1.3107159
-0.64859227,-0.14329774,0.4811128,-0.60755059
0.16695513,-0.767865,-0.7563249,-0.78945325
0.58840798,-1.0178507,-0.87955062,-0.10227567
0.30640671,0.49488701,1.0335867,-1.3625712
-0.63305716,0.001887397,0.87785944,-0.0045663126
-0.42341469,0.21698314,-0.27688491,-0.90086368
-0.56802481,0.48447182,-0.0043287511,0.87953573
-0.22619499,0.7148369,-1.1935247,-0.16566401
-0.8366744,1.0888138,-1.2081865,-0.42290725
-1.084258,-0.68594939,-1.1505569,0.31717285
0.092000934,-0.82260651,0.82453094,2.1764751
1.3939228,0.23913196,0.66773652,-0.30528641
-2.7300625,1.208299,0.24545429,-0.55812073
-1.9824454,0.80327681,-1.357985,-3.8983769
0.37999704,1.0641834,-0.87097052,-0.75303373
-0.24196522,0.36236798,0.50639371,-1.1691562
-0.49520614,0.33117694,-1.2644431,-1.6157451
0.56438524,-0.81109969,-0.035405341,-0.77772882
-0.076316131,1.1836423,-0.31187587,0.35381592
0.4639639,0.51844558,-0.32290014,0.75481148
1.3458803,-1.1079688,-0.070731454,-0.98795357
-1.4220095,0.17540557,-0.2322623,0.49813015
-1.8764408,0.020637777,-1.6474645,-0.47083981
0.0603599,-0.81710164,0.52824803,-1.428554
-0.40957255,-0.83335228,0.086695368,0.99191475
-3.8665469,-0.75125401,-0.37056213,-1.2239754
-0.58613706,-1.1795416,-0.24243904,-0.85932564
-1.0721862,-1.4051101,-0.63217454,-0.86911903
-1.535856,-0.41184211,-1.2999712,0.33336439
-0.69398161,-1.0026636,1.9696761,0.25953657
0.39876337,-0.70261636,-1.6302398,0.18766118
0.80962572,-1.0336333,1.2151276,0.52571266
-0.88920357,0.86682678,0.51692557,0.36735369
-0.018761916,1.0717763,-0.55128165,0.20235766
-1.41253,0.3298963,0.72845932,-0.35582916
-1.7465624,1.5590029,-0.88519135,1.6889544
-0.093701199,-1.6621861,0.50079553,0.63380808
-0.42057356,-1.783251,-1.8151366,-1.8100597
0.99871407,-0.30351167,-0.27813509,-1.0278342
-1.8276941,-0.047435929,-0.38124636,0.085576398
-0.76393853,-0.028277184,0.13414477,-0.76711685
-0.76393853,-0.45511778,-0.16786206,-0.32622988
-1.0576121,-2.0134761,0.44046677,-0.87314562
-0.65587531,0.10472925,0.049567059,-3.3734425
0.36296235,0.94799684,-0.099481082,-2.0860152
1.7667208,-1.2537638,0.94599727,-0.97108982
-1.0763517,0.49298461,-0.011855005,0.61259933
0.54906332,-1.0183245,-0.38559019,0.038213933
0.54906332,1.0997722,-1.6734883,-1.3449745
-0.93181922,1.3706517,-1.9105197,-0.073793719
0.71228197,0.2250035,-0.47697217,-1.2369861
-1.1983027,-0.83397017,-0.47514538,0.44168127
2.132218,-0.81336586,-0.56914643,-0.12997603
-1.251958,0.72590981,-0.023967782,-1.1845737
-1.0908318,-0.93302707,0.14542573,0.22600952
-0.63918271,-0.76324643,0.58728258,-0.040106616
0.36631738,-0.81743891,0.30506005,-0.088016902
0.87361396,0.57010427,-1.9827658,-0.3748247
1.6382354,0.58033563,0.54846518,-0.40032803
0.63952713,0.85812778,-0.26094404,-2.6281378
-1.2870704,-2.3909919,0.015597279,-1.0302107
-1.0768129,1.0944258,-0.78761371,0.15962557
-0.27214503,0.4821173,-0.41612118,-0.076241086
0.061082881,-0.56162171,-0.058865267,-1.3035957
-0.27873697,-0.10312277,-0.35138343,-1.3213734
-0.95685052,-0.65364394,-0.84312316,-0.7164171
0.84420859,0.65773138,0.28628423,-0.0061056796
0.31088652,1.1025576,0.23171079,-0.85033552
-2.2152804,-0.45169212,0.044954042,1.1321268
-0.33645008,0.2333,0.20336214,0.58036511
0.35646436,-0.83070881,0.69110124,-1.8005115
0.86480993,0.66230141,0.013477768,-2.7198053
-2.1238538,-0.060173018,-0.1974595,-1.5966279
-1.8222523,-0.72026341,0.16630298,0.41515625
-2.4012555,-0.68716272,-1.0878856,-0.827799
-1.8545269,0.1827327,0.33509612,-0.85531777
-0.48806431,-0.76066725,0.15860989,-1.1025173
-0.51641203,-0.32518978,-0.65356511,-1.0765063
-0.60194422,-0.14491118,-0.98312192,-0.25139272
-0.12225359,-0.8013264,-2.1212838,-0.094026228
-0.038129134,1.1497571,-0.84536656,-1.6515617
0.61305408,-0.12957327,0.50295764,1.1972672
-1.988738,-0.38823608,-0.23476491,-0.088561455
-1.2443985,0.38604115,-0.65190821,-0.43791192
0.44792217,0.23868641,-1.2884811,0.30902122
0.58998494,2.1692521,0.36738087,0.3485899
-0.35210183,-2.7124195,0.93199723,0.35109126
-1.5681393,-2.0509263,-0.84169437,-0.55594177
0.11161298,1.280354,-0.30502881,-0.32988296
-1.0394193,-0.94131491,-0.30502881,-0.13574881
0.3413802,0.18468791,-0.88390884,0.22589727
0.1423467,-1.1273911,-0.041069998,-1.1810568
-0.62946146,-0.28662403,0.12900469,-1.5719436
0.42555141,-0.66705506,-1.311825,1.9058989
-0.5647838,0.2947134,-0.11958295,-0.6867656
-0.30605755,-0.40098013,-0.62878317,-0.17463654
-1.2484597,0.28890089,1.0138631,0.34083596
0.75196737,0.41096382,1.1654284,-0.64880333
-1.4356094,0.097835222,-1.6450328,-0.7983909
-0.12182737,-0.63248196,1.1782524,-0.86552216
0.15808234,-0.48416884,0.39339129,-0.53244791
0.75118102,0.64516871,-1.0180461,1.8329701
0.47694971,-0.73087268,1.1756317,1.8035681
0.61422287,0.36241516,-0.87372208,-1.6260448
-0.17690476,-1.3820559,0.65658349,-3.2192689
0.37296376,0.27625474,0.072881334,-2.4325883
-0.75252096,-0.0076556476,-0.57691141,-0.63709446
0.22424378,-0.35269604,-1.1640612,-0.82520993
-1.1389205,0.69991005,-0.87907808,0.2301599
0.38069532,-1.3202158,-0.70754665,0.043626183
0.73778508,-0.87685178,-1.9616212,0.10765669
0.40492749,-1.0048929,-1.5761058,-1.6162384
0.60433183,0.73657355,-0.50131955,0.11295819
-0.4731934,1.1620021,-0.33628722,1.3232047
0.06498554,-1.4226399,-0.84419337,-0.82097828
0.40608611,-1.3843446,-0.46800375,-0.94141594
0.043361688,0.45199551,-1.2746594,-1.8506735
-1.1595756,-0.52767323,0.5433107,-1.7331624
-0.21080192,0.72306476,0.73473504,-2.5807976
-0.78209849,-0.64008343,-1.6838397,-2.0165798
-1.4385868,-0.61348737,0.42757309,-0.63522344
0.2608519,0.23073917,-0.1477546,0.31120344
0.47982336,-0.079370795,1.2938106,0.13940365
-1.7729744,-0.80108784,0.08146349,-2.322715
-0.11364984,-0.97990401,-0.18554134,-0.63538493
-0.37685977,-1.8266179,-1.7146118,-0.84169062
-0.18407649,-1.8371539,-1.4816607,-1.1545622
-0.072659603,0.35967823,-2.4383138,0.26638905
0.11922592,0.91908755,-1.7679638,0.36365546
0.45720396,-1.2587207,-0.24031405,-1.3301588
1.9457173,-1.2522986,0.41058845,0.31136695
-1.859581,-0.43033628,0.017009511,-1.7964399
0.93571099,-1.2079224,0.11733472,-1.2873685
1.170081,0.20123539,-0.21841166,-0.98214518
2.7701827,0.92216575,-0.89536631,-0.75710246
-0.38246611,-1.4045331,0.3023075,0.89459512
-1.890868,1.6040533,1.543684,0.02710575
-0.59577766,0.030695821,-0.27130576,-0.56738645
-0.80698685,2.6157459,0.41621026,0.24693511
-1.0959104,1.2658403,0.52482164,-0.56705264
-1.9027399,0.073046326,1.2385733,0.55446241
-0.86733909,0.35124198,0.82751479,0.3956166
1.4310918,0.51919969,-0.95350253,-1.4870422
-1.9011503,2.2946421,0.72993708,0.23480145
-1.2421912,0.13231588,0.67273415,-1.0562197
0.18907266,-0.59552271,-0.86820194,0.20753788
-0.02213168,1.3155261,0.53763817,1.0663478
-0.11342203,-0.43836378,-0.40484845,0.20762108
-0.17854058,-0.81802727,-1.3319624,0.036359719
-0.29899528,-0.27935888,-2.001619,-0.48742377
-0.46445684,-1.9705411,-0.66010094,-0.044774948
-0.27023169,-1.5789212,-0.95015797,-0.23086828
-1.0751897,1.5046412,0.038134059,-1.5714264
0.031543865,-1.2053324,1.24246,-2.3155648
0.45910697,0.75221507,1.5887929,1.2409495
0.024909924,0.671744,-1.8244957,0.75846864
0.72398171,-1.1181912,-2.1970341,-1.8784017
-0.52137675,0.17006397,-1.0688097,-1.8738766
-1.0776638,-1.2156983,-0.15112571,-2.4252691
1.1080974,-1.1263102,-0.29214209,-0.76801797
-0.14613548,-1.4386115,-0.67781212,-0.59061048
-1.7140456,-0.88808871,-0.0069447946,-0.043090204
-0.79274346,-0.13318532,-0.22077333,-0.8764848
0.40873868,-0.80555266,-0.96426805,-1.7555895
-0.44266347,-0.071776353,0.12159105,-2.2738751
1.0065093,-0.057191822,-0.25709961,0.50757458
-1.6157338,0.63663286,-0.28100022,0.82775444
-0.45508631,0.18747138,0.043003251,0.88231612
-0.56903967,0.12236161,-0.33346798,-0.35577947
-0.70858942,0.076716528,0.35499743,-0.65459621
-0.998017,-0.50962954,0.60575719,-1.1431
-0.51229471,0.40693262,1.0042651,-2.6640456
2.0444283,-0.85291626,-0.51989715,-0.84434484
-0.78696519,-1.8309487,-0.35690939,-0.64629859
-0.40846311,-3.022869,1.3573773,-1.0718014
-0.37880801,-2.347763,-1.4669293,0.064838849
0.48579125,1.200342,-0.31538612,1.7195425
-1.8994501,-0.16980567,0.12200829,-2.5268956
1.3595979,-1.3291765,0.72388386,1.3959311
1.3047273,0.7750413,-0.46721335,0.34772633
-2.0211245,0.093623925,-0.15931165,0.083451148
0.16838392,-0.24044261,-0.95873498,0.72657539
0.73498988,0.24969695,-2.5589111,0.2020955
-1.6117676,0.75801193,1.1483125,-0.80536645
-1.5710477,-1.1475894,1.4557899,-0.15478258
-1.1514999,0.5111717,0.73698171,-0.32817854
0.33751645,0.0031509558,-2.0397764,-0.19356656
1.0413834,-0.67304994,-1.5260567,-0.57982245
2.0216715,0.49708235,0.18183275,-0.25264097
-0.24408274,0.41370637,-0.89038855,-1.6302685
-0.48138307,1.8961373,0.35436929,0.81728212
-0.44886336,2.0307854,-1.2325009,-1.0082754
-0.23396763,-2.2856879,-0.85551847,1.2659121
-0.58911859,1.8998437,-1.2222818,-0.59894421
0.22130746,-0.46793547,0.031244247,-0.4988178
-0.85122214,-0.38348897,-0.40988805,-0.11443452
-0.59144316,-0.6336497,-0.50858301,-0.69566799
-0.75152262,-1.2559622,-0.62057105,-0.50096462
-0.31173952,-0.32987717,0.17287477,-0.85708915
-1.1227282,0.0077164086,0.099173439,-1.1791465
0.22920948,-0.68630542,1.1623261,1.0352344
0.077873065,-0.6207949,0.3109915,0.10251142
1.1839827,-1.24861,0.39519651,-0.95301314
-1.6494496,0.44076255,-0.93584726,-1.6775111
-1.712235,0.34727786,-1.2681852,-0.57512551
-2.7216202,1.5322209,-0.22167409,0.62746652
-1.259393,1.6548095,-0.074790564,0.94521771
0.72418914,0.91030013,1.5535407,-1.8549784
1.3648959,-2.0559148,-1.8532241,-1.6776889
0.66065897,1.0378699,0.063687752,-1.5959782
-0.72580337,-1.3305863,-1.5230367,1.2274215
-2.0578667,-0.79366878,1.0639189,-0.1504814
1.7340755,0.10631755,-2.5430704,-0.67175192
0.2385112,0.43865951,-2.7424339,-1.6380765
-0.20872796,-0.41593185,-2.596338,1.1798502
-0.47345925,-0.57211909,-0.76807896,1.8537164
-0.45202883,-0.71855641,0.3286013,0.17713693
-0.44817616,-2.0192424,0.81366723,-0.74831913
-0.28032484,1.6705786,0.53145043,-0.012625685
-0.034138533,-1.8504652,-1.2790074,0.033203907
-0.12013214,-2.5886479,0.91702291,-0.027864302
0.35227736,0.76358723,0.72548442,-1.0102778
0.17215093,2.8942237,0.27312505,0.20600712
-0.20820908,2.7560167,0.88976801,-0.091788718
-0.080351081,-1.9497768,-1.2764759,-0.59614341
0.90714024,-0.26443178,0.75551939,1.6009286
-1.5665817,0.14078089,-0.72528206,1.664902
0.59247942,-0.56244891,0.12557287,-2.0920509
-0.08627997,0.1687956,0.74813761,-1.476621
-0.70802862,-0.28626103,-1.9091185,-1.6526453
-1.7847918,0.86300013,1.6258442,0.045150252
-1.5842039,-0.25879329,2.0391211,-0.084988371
0.072800799,0.12587003,1.1779179,-0.25042692
0.021850673,-0.54259532,-1.6998873,-0.036185992
-0.54935499,0.38173206,-0.35621116,-0.023168159
0.48826898,0.29728535,0.045658679,0.63229176
0.0093030912,-2.5521083,-0.73666715,0.88637654
-0.71207716,0.77160791,0.28418513,-1.5957371
0.019270153,0.45986168,-0.88562284,-0.21799968
-1.4596702,-0.49205369,-0.96434849,0.15903476
1.8627587,-0.16022685,-0.03354033,0.37106783
-0.86327886,-0.06777512,-0.02815008,-0.58867629
-1.153244,-0.054437956,-0.35754315,0.10437496
1.1865834,-0.23721227,-1.5506945,-0.22532095
0.1964196,-0.1064276,-0.46934384,-0.86630799
-0.77586413,-0.04549506,0.13026766,-0.73366412
0.75231546,-1.0857208,-0.35001508,2.1476977
0.38109847,-0.11262635,-0.56093908,-1.2526162
0.40942549,-0.16896016,-2.077388,-1.1689759
-0.78840301,-0.26936521,1.6866717,0.21063432
0.17217649,-0.20913359,-1.8171735,0.83266628
-0.47016699,-1.2000803,1.6535928,-1.5949855
-1.8780748,0.91496824,-0.54694849,-0.32182066
-0.032408452,1.1937929,-2.306939,0.19972027
-0.81209058,1.1735549,-1.5922409,1.4403063
0.28379311,1.3232814,-0.055006142,-0.55557497
-0.29144923,-1.4739492,0.1981029,-0.5635203
-1.0384438,-0.66727527,0.90166347,1.6784162
-0.6093302,-1.4366417,-0.074891118,-2.5017235
0.08712591,-0.71001818,1.5037273,0.28095349
0.01208318,0.63660272,-1.7631039,-1.3258954
-0.34848776,-0.50887214,-1.4339232,-0.65087076
0.69275783,-1.6963682,0.94865094,-0.73153035
-0.17211351,1.54785,0.41142164,-0.18792264
0.044394277,1.687827,-1.8235385,-0.049630396
-0.35792871,-0.66716735,-0.16035592,-0.040356385
-0.51269868,-0.60966869,-0.025951777,-0.8041686
-1.0222292,0.0044349297,-0.60325723,0.067694061
-1.0249439,0.07941124,-2.1329288,-2.1333968
-1.7388053,0.012114447,-0.54789058,-1.8321916
0.72225504,0.22831052,1.0013441,0.8214207
-0.21117922,-0.20038205,0.34521847,-0.36576498
-0.78156092,0.57242597,-0.46425454,0.030457473
-1.2912731,-0.2745396,-1.2566852,-0.26789036
1.4945513,-1.1575456,0.19077234,-0.88160283
-0.089303705,0.98337717,-1.6266315,0.46586602
-0.41114974,-1.5830518,1.4381273,-1.5953024
-0.38496567,0.8481989,-0.41325227,0.98793746
-0.095906977,1.1855447,-0.95369216,-2.3105467
0.17366072,-1.3000607,-0.38540503,-1.0298759
-0.046425525,1.1894382,-0.0138337,1.2380482
-0.57653205,-0.32538244,-1.0896189,0.91517533
-1.11491,-0.028982541,0.34158547,-1.1779584
0.45345766,-0.49041625,0.17396198,1.9862935
0.021574208,0.10158997,-0.3915214,0.016357184
-1.4941884,0.33451751,-1.2475525,-0.82141525
-0.048909249,1.4105149,-2.0220493,-0.14197273
-0.4055001,-0.038201048,0.49914728,0.74148145
-0.66776207,-0.98111777,-0.33923535,0.21854704
-1.2386002,1.8240655,1.529044,0.26745864
-2.1355279,2.1445358,1.3623845,-0.0784644
0.93827193,-1.608448,1.1049534,0.31795477
-0.4635527,1.4039162,0.77422364,-0.54592847
0.64664409,-0.81392848,-1.3298125,-0.58181662
-0.92090736,-0.50539117,0.41286551,-0.92555531
-2.9351105,0.40787868,-0.8907776,0.44921125
1.8933334,-0.76387797,-0.56388983,0.47261513
-2.733063,0.42111736,0.1431923,1.2306744
-2.0958459,-0.70317844,-0.46233864,-0.53576085
-0.59716444,0.4109559,-0.4337869,-0.29139566
-0.0066597012,-0.37594224,-0.020877847,0.44170988
0.52947396,-0.50023544,-0.19261008,-1.6855744
1.7610024,0.578666,-0.89360643,0.97293622
-1.1395481,-1.5502387,-0.14019495,-0.79039781
-0.94433957,1.0708556,-0.016876925,0.41425449
-0.23309181,1.0166787,0.36536598,0.54729268
-0.78159723,-1.2308276,-0.8369637,-1.4360011
-1.8862156,1.0413342,0.83844004,1.1861022
0.29880638,-0.76583345,0.50736028,-0.32265617
0.57505538,0.38118866,-0.053789855,0.1802517
-0.1920759,0.66118351,-1.1906243,-1.5086462
0.1599181,0.53555569,0.95577215,-2.086999
-0.70032681,-0.98379817,-1.0114629,0.76073419
-0.4760233,-1.1964698,0.10779766,-0.95790014
-0.81965271,0.49267375,-1.039065,-0.75078402
1.436214,0.11910692,-0.693268,-2.977889
0.47992565,0.25908979,0.25105334,0.79185285
-1.0514548,0.77915053,0.95887533,-0.23761507
0.47737818,-1.0028076,-0.62486311,-0.38487734
-0.12323892,-0.99725222,0.42147332,0.96491944
0.36682909,-0.40951587,-1.3599095,-0.25674027
0.87688306,0.79130135,0.41343037,-0.23404685
0.05817325,-1.1721809,-0.63599176,-1.4028005
-0.32896008,-1.1739299,0.13543236,0.50635752
-1.6739815,-0.85169225,-0.75038699,-1.4716812
0.77902092,0.52036493,0.31135787,-1.1172341
-2.8207684,0.42436111,-0.50846856,0.3269603
-0.057693568,0.47861491,-0.9527712,0.66861529
-0.52853804,0.28382913,1.7222455,-1.1173771
0.28433435,-1.4024694,0.68777238,-0.81597364
-2.129699,0.29533028,-0.87100306,0.15927091
-2.5046572,-1.375844,0.72526283,-1.0300235
-0.12955958,-0.98023339,-0.44363663,0.81459844
-0.03122456,-0.57972249,0.0082066186,-1.5425914
-0.45881709,0.36343266,-0.36878941,-1.0695282
0.41163806,0.27358375,-0.18890356,-0.46197591
0.30879914,0.14090381,0.52887155,-1.2360231
-0.80185401,1.4520399,-1.0655964,-1.4445294
-0.55506309,0.24489141,-0.50774564,-0.44099999
-0.5484308,-0.82798531,-0.74824059,-0.45724663
0.44753808,-0.89101247,-0.42286263,-0.67459796
-1.0731381,-1.9588725,0.63050485,-0.46669752
0.054740796,1.5531572,-0.21507174,0.13970393
0.87902661,-1.9029146,-0.022311427,-1.383908
0.79450066,1.1551633,-0.82905974,-0.15307114
-1.5366413,1.1967628,0.55172881,-0.92377041
-0.10756859,-1.6119553,0.33728949,0.33093935
0.6817229,0.68965131,-1.0732888,-0.57100459
-0.83791308,-0.4331958,-1.1178768,1.1242339
-0.67987864,-0.13953868,-0.63582677,-1.6700038
0.32216253,1.0744424,0.58290873,-0.23284589
-0.92867408,-0.96625923,0.54917767,-0.51908553
0.72361101,0.19967045,-0.40343762,0.11459815
-2.7664564,-1.1394555,-1.3994605,-0.22208985
2.3034101,0.68080358,-1.7078919,0.32866747
2.4939081,1.3118807,0.82104619,0.98847905
-0.27846519,-1.5040301,0.68190542,0.52777465
-1.5183051,-0.67484154,1.015853,-1.3024308
0.89596816,-1.3316424,-0.15289226,1.0859265
-1.3792095,1.2267126,0.66519959,-0.040311893
0.55789805,-1.2876782,-0.13543386,0.75753338
0.92644919,-0.15592321,-0.27149555,-0.71278286
1.3939087,-1.7091995,-0.11940636,-1.1321021
-0.96937591,1.4080596,1.2125617,0.91715958
0.0061325299,-0.41961649,-1.6392349,-1.7015599
0.41877239,-0.22432128,1.4980168,0.16124712
0.27006465,1.8047959,-1.1562162,-1.2651087
-0.76326534,-2.1858401,-0.049958295,-1.2266673
0.10114518,-0.093908847,-0.52969839,-0.27730698
-0.1872402,-0.67543218,0.053291332,0.029964647
-0.7903008,-0.84428753,0.26249541,-0.75110968
0.76695999,-0.24884477,-1.1113183,-0.08061472
1.4995964,1.0024913,-1.0243864,0.014192499
1.4964968,0.58931369,0.71006057,-0.73884666
-1.0940796,0.62658962,-0.97541939,-0.097467797
0.36668682,0.32031404,-0.0081023245,-0.42979828
-0.12907621,-0.26202054,0.30654612,-1.4177997
0.1770048,-0.33382952,-0.49680963,-0.1663387
0.33385179,-0.4006803,-1.3142846,-0.47822507
0.87026836,-0.33032447,-0.05111139,-0.1172725
0.072805696,-0.13190022,0.15835946,-1.8811688
0.27675416,-0.25795223,-0.14676877,0.10033463
-0.28797187,-0.56020657,0.14632499,-0.45666033
-0.17161749,-0.60818561,-0.35299367,-0.28969609
0.5227639,-0.044807203,0.00032295044,-0.92742896
-0.7260592,-0.56153817,2.4740129,-0.54315107
-3.3475868,0.055617439,-1.0275185,-1.0379554
-0.90313337,0.55484486,-0.214686,0.025472487
-0.97579528,-0.47162527,-0.08972784,-0.3864912
-0.94140101,0.010048171,0.34797319,0.48811755
0.23033863,-0.29386414,-0.65608287,0.12299701
-0.5556008,0.47819537,0.066030839,-0.14708254
-0.89075,-0.52599883,0.16116644,-1.8131617
0.20797762,-0.097703596,-0.86158096,-1.493538
0.097112964,0.47272512,0.8125292,0.051384551
-0.29270891,-0.81936078,1.1723083,-0.61242604
-0.20201809,-1.5282162,1.0650925,-0.66632667
-1.282152,-1.410622,0.77190305,-1.0819281
-0.76946158,0.51265631,-0.96436101,-2.8057628
-0.049341495,0.34013649,0.81298469,1.5267532
-0.33163222,1.1246308,-1.1946538,-2.3853142
-1.9981936,-1.0174161,-0.55012186,0.37359933
-0.73023368,-0.49013364,-0.60929569,0.52429721
-0.78993498,0.15804706,0.049574654,1.2860488
0.61753363,0.44011183,-0.30790028,-2.3139337
1.2164229,0.90635667,-1.6350906,1.3880105
-1.8781723,-0.50741487,1.3512999,-2.0698219
-1.2793687,0.70615641,-1.5981852,-1.8659294
0.13100956,0.81372956,-1.4811242,0.13041242
-0.99952468,0.048684153,-0.12856204,-0.79076169
-1.4111679,-0.084910784,-0.83280064,-0.43397204
1.0644112,-0.75868734,-1.1241208,-0.93616711
1.1231499,-0.31198204,-1.1890966,-0.15030179
-0.5069986,-1.2197514,-1.7852774,-0.69916665
-0.070729957,-0.31892442,0.23610321,-0.56886245
-0.79043757,0.28109717,-1.1099649,-0.14368649
-0.95435142,-0.55880209,0.78266348,-0.63952556
-0.9891214,-0.42873911,-0.56079921,0.27678051
-1.562319,-0.34494685,0.067623319,-0.24193671
-0.80080422,-0.55157747,-0.95124416,-0.72380398
-0.087126184,-0.59081529,-1.9992384,-0.69965647
-0.85200258,-0.50855288,0.4438971,-0.68168862
-1.0153123,-0.30490611,-0.59888183,0.94049191
0.61101233,0.20657777,-0.4066232,-0.66013229
-1.6465792,0.71355645,1.1996945,0.018806476
-2.235015,1.6792641,0.42982818,0.0097115271
-3.2407167,1.2301419,-0.20090952,-2.5266309
2.7458163,0.80317713,0.035020063,0.54982478
2.4218567,-0.86668955,-0.44829648,1.4080265
0.8536607,0.83618984,0.071272999,1.0106524
-0.73097583,0.58423807,-0.56144974,-1.233447
-0.39332563,-0.78517125,-0.71660404,0.49709934
-0.69418841,1.656818,-0.71660404,0.35827421
0.21406525,-1.7017902,-1.0981846,-1.0165168
-0.46062497,-1.2241328,-1.0574459,-0.070779058
1.6189852,2.0000133,-1.5014398,0.021609018
-2.2304286,-3.203375,-0.36332399,-0.47008842
2.2247824,1.1203428,0.16915573,1.8563405
-0.90282663,-1.3250709,-0.49043652,0.83599061
0.11571831,2.157358,-1.4042073,1.9204541
0.066241325,-0.2126039,0.11061853,-1.6489835
2.0375588,0.25210657,-0.18493103,0.39528277
2.1336573,1.7710426,0.92505855,-0.40243247
2.1060919,-1.0167269,0.76637943,0.73437329
1.5591287,-0.26998249,1.1406235,-1.8433187
0.75362688,1.6548569,-0.35692709,0.30635434
0.11231605,2.5394621,-0.20417388,-1.5055779
-0.94570776,1.9439643,-1.4292469,-0.21846885
0.13272863,1.0923692,-1.2331306,-0.84279708
-1.5120276,-0.78587268,-1.3329132,-0.62202727
1.1198821,-0.94594576,0.2257754,-0.082569519
0.35198146,-0.90165189,-2.3355906,-0.11695396
-1.2654149,0.70489067,-1.3845837,-0.24373656
0.79373889,-2.2404982,-0.43071008,-1.0224209
-1.4715362,-0.61504898,-0.37310648,-0.12396222
-0.33971536,0.49053374,-1.2147314,1.3340833
-1.1558366,-0.092276122,-1.2737178,-2.0781422
-0.16435376,0.30812319,-1.7714375,-1.2632353
2.4555583,0.67898897,1.6651707,0.46579827
-2.9199363,1.2507319,-0.16216756,-0.89748238
2.2636837,1.5355586,0.19019936,0.24909505
1.3865034,-1.5315245,-0.32933485,-0.01531428
-0.12364967,0.9668412,-0.0027311072,0.30461465
-0.12522652,-0.67390885,-0.24955529,-1.6502643
-0.59057231,-0.39171007,0.33323292,-1.2344567
-0.80531406,-1.6859478,-1.1211318,-0.57150522
0.60280615,-0.41915532,-2.0458092,-0.45203473
0.019297889,1.4620424,0.76809215,-0.79673561
-0.51270605,1.3258313,-1.0647321,0.096284915
0.16710096,1.8620668,-0.8703425,-0.51585553
0.51579169,-0.61210288,0.57780374,0.41454129
0.015446773,0.13450585,-0.64323956,0.45131496
-0.38372638,0.66600738,0.86224937,-0.70142075
-0.43446478,-0.67461395,-1.1923047,-0.29478431
1.3500612,-0.56265211,-1.9341995,0.44889112
1.1556838,-0.47625,1.010284,-1.2569895
-1.7602053,-0.4297387,-2.1388394,1.0482043
-1.6091586,0.13346985,0.42436485,0.99082224
0.0275113,-0.85281544,0.076323643,0.21247073
-0.56219167,-0.39485466,-0.67447264,-0.18920619
-0.69642467,-0.38583207,0.33127222,-0.46132106
-0.58661441,-0.7447673,-0.96868206,0.31360442
-1.1177173,-0.21276186,0.70618582,0.70005058
-0.2324236,-1.4959049,0.16818813,-0.54983008
-1.0204713,-0.83089463,-0.68765227,0.74439974
-0.081460738,0.38599524,-0.90885312,0.55472656
-0.56657623,-0.57580347,-0.99271222,-0.66669085
-0.26538686,-0.45657569,0.14658347,-0.28960256
1.0123643,0.027451358,0.14658347,0.63444424
-1.5250958,-0.026095675,-0.96279438,0.97519463
0.40730701,-0.45449316,-0.94128065,-0.81548348
-0.32671931,0.38937091,0.62271646,0.78707419
-0.43175734,0.2965767,0.51454008,-0.36122881
1.6692742,0.5308641,-0.22491974,-0.13436428
-0.015429712,0.067163092,0.23419833,-0.38144449
-1.847378,-0.27936758,0.023072915,0.66622182
-0.7880365,-0.59710867,0.27714838,-0.29281836
-0.74037825,0.43622509,-0.20993821,-1.156799
0.25879447,0.27927049,-0.59055777,-0.93711599
-0.46590126,-0.38666316,-0.24845569,-1.2412258
0.28383881,-1.792753,-0.085537611,-1.2944974
-1.0556706,1.2577944,-0.015733485,-0.99749456
-1.2867071,-1.3238988,-0.50690235,-0.67048187
0.46371971,-0.54324086,0.071713189,-0.094807313
-1.4725362,-0.49180465,-1.1273216,0.76752205
0.14679749,-0.0011952736,0.76016405,-0.2039439
0.070290704,0.81128398,0.74868569,0.72556935
-0.60929175,0.828131,-1.091873,-1.2060039
0.053496475,0.67601098,0.86497052,-0.20482466
-0.21547037,-0.80291413,-1.0256293,-1.1859958
0.27094053,2.3344613,-0.36414168,1.0375435
0.46356451,0.21434708,-0.92811928,-0.98918776
0.29075387,0.018882405,-0.60751056,-0.24252816
-0.78489084,-0.88452024,0.35104982,-0.096347309
-2.0161759,0.14534962,-0.75000072,-0.38815153
1.5001003,-0.093042282,0.91808957,-0.45943598
0.050026406,-0.26130182,0.65236087,-1.5928043
-0.58215389,-0.065710865,1.3121053,0.91467177
1.9004483,0.29969684,0.094001738,0.52721216
-3.0470653,-0.79782355,-0.65214416,-0.049212111
-1.2881459,-0.57697523,0.91306236,-1.3951636
-0.35970369,-0.28046561,-1.5177028,0.76716557
0.0091120112,-0.57130886,1.3652964,1.1256775
-0.27260121,0.54241979,-1.7611857,1.1144713
-0.83496305,-0.92397568,1.1804002,0.46374272
-0.80704449,0.70049939,0.21216631,-0.96417136
-0.085990805,-1.2641045,0.47827491,0.36991776
0.86979318,0.58527116,0.50719082,-0.71568655
-1.2619328,0.8844236,0.2091515,-0.8170452
-1.763994,-1.5455954,-1.1746624,-1.5367363
-0.034101121,0.47117384,-2.1298043,-1.6334336
0.27997476,2.660389,-0.40628967,0.79644172
-0.39267546,-1.9616803,-1.1944478,-1.3823886
-0.16573098,-1.5896286,1.1236203,-1.8262219
0.8079385,0.034220223,-0.9165773,-1.2437259
-0.92623997,0.74192074,-0.54910062,-1.5242409
0.50887012,-0.8455642,0.74019558,0.75619604
0.069466301,0.47852149,0.73498477,0.58861674
-0.68006513,-2.2175167,-2.1225978,-0.98826125
-0.18636832,1.9783695,1.7095183,0.25605521
0.31751878,-0.65560041,1.684367,-0.29281422
0.018929551,-1.7466898,0.84069066,0.36195473
1.0741371,-0.34402908,-1.286256,-0.13071681
0.71121369,-0.28430315,-0.59624765,-0.013876893
-0.68366751,-0.12257222,-0.76630168,0.034991682
0.72830272,-0.35486563,0.45563783,-0.37893037
0.69448861,1.8880332,0.26849648,-0.10992737
1.1493765,2.4571456,0.43507391,-0.21002861
1.5028899,0.45513927,-0.67023771,-0.19327267
1.9357305,-0.93796109,1.4181083,1.1532039
-0.74743004,-1.1546506,-0.06537145,0.28877023
-0.16187651,1.2521499,-0.94051131,1.417387
-1.0355065,-0.042085298,-0.35442857,-0.5571078
0.33118585,-0.075106916,-1.0103606,-1.1232733
0.16289956,-0.37797689,-0.92599061,-1.1981603
0.60918833,-1.6045973,-0.81716948,0.037734441
-1.4110108,-2.0288284,0.21809359,-0.68902326
-2.7062218,-0.046064518,-0.085974491,0.22347295
-1.9946844,-1.0044326,1.7365329,-1.1358134
-2.8886523,-0.19792096,1.5164044,0.78284921
1.2814434,0.1709526,-0.045678816,0.62905412
0.99207749,0.296618,-1.1587677,0.80129257
0.69058252,0.061987504,-0.0056036388,-1.1804536
-0.15564082,-0.2567612,-0.59126218,0.75600732
-0.081648931,-0.11097071,0.30868536,-1.7250163
-0.49678532,-1.1830388,-0.96589942,-1.2899026
-1.3611497,-1.3025117,-1.6763806,-1.7915936
0.36624792,0.78372736,-1.6231045,-1.7601971
-0.84377335,-0.71155381,0.71163597,-0.12706125
-0.79188,-1.1274376,-0.20111492,1.0637745
0.13209106,0.3882865,-1.014873,0.68389058
-2.1240766,0.72560907,0.10116884,1.642231
-1.2828221,-0.54068185,0.43035625,-1.7650058
0.3517294,-1.2401023,-0.69723573,0.57286677
-1.386864,-0.93302492,-0.92984642,0.74765253
0.68237271,-0.84298946,-0.52874505,0.43307976
0.28167039,-0.8499622,-0.098456567,-0.38614955
0.72592267,0.34023187,0.46112269,-0.35767059
-1.3051149,-0.95893804,0.65592065,-0.44638325
1.3448108,-0.01929422,-0.20938921,0.10393572
0.96452213,0.33910851,-1.6709392,-0.3945151
-0.4963671,0.2470319,1.1551565,-1.1869404
-0.8962244,-0.83194294,1.5922428,0.46172086
0.72272584,0.22095908,1.0901932,-0.60495602
0.85072376,0.60814982,-2.0504565,-0.26870563
0.69786576,-0.16941064,1.3653508,1.2566959
-1.1051911,-0.48401624,-0.23716419,0.30678652
-0.31221799,0.075695121,-0.037202296,-0.82238236
-2.229527,0.45644367,-0.12947756,0.072776451
1.3869917,0.58628782,-0.4905695,0.24542317
-0.57028832,0.3548304,-0.21635092,-1.3405859
-0.36264827,0.34748629,-0.057712017,-0.69530382
-0.98656311,-0.32937195,-0.086087537,-1.1465437
-0.74646748,0.32920277,-0.20452508,-1.343752
-0.59560026,-0.50443068,-0.079432072,-0.41882275
-0.22792925,-0.38569455,0.143563,-0.3853058
-1.1300407,0.80999312,-1.0950496,-0.54793041
-0.061234588,0.20222953,0.28643151,-0.64635222
-0.42698499,-0.25264365,-0.17900785,0.82602469
0.57058795,-1.1756982,-0.37791099,-1.6365356
-1.3318621,-1.1877056,0.17204053,-1.822968
-0.78691747,-0.18960614,0.22019804,0.2571485
-1.8091184,-0.6016753,-1.8287216,2.1192639
0.95577306,0.84158535,0.58368636,1.3546371
0.58299997,-0.99726941,1.3540961,-1.3285112
-1.3421355,-1.9320431,-1.7953348,-0.60004752
0.77723519,-1.9081902,0.8161466,-0.10186697
0.1618935,0.79080124,-0.10103813,0.22201095
0.94039056,-0.16067618,0.21230154,0.83686139
-1.5706369,-0.2997317,-0.68037272,0.6860727
1.1452367,-0.73000805,-0.16062435,0.42157997
1.1939399,-1.1471579,-0.4912114,0.20543209
1.2214359,0.51142262,-1.5571811,1.3201523
-0.27607258,0.70764713,-0.65180395,-0.71546135
-0.90166564,-1.7499996,-1.0351888,-0.92870622
-1.2332329,-0.72364169,-0.38773642,-2.3667896
-0.91011836,-0.613946,-0.046007526,-0.64969543
-1.6234125,1.5169654,-0.52945034,0.1025024
1.6985654,0.6306162,-0.44947951,-0.3776671
-1.413946,2.1828469,1.3019147,-3.9892163e-05
-0.14611668,1.21326,-0.37610007,-0.084622939
-0.14968434,0.38791922,0.87440635,-0.60055669
-0.09249481,1.1852994,-0.93118959,-0.94733603
0.032315375,2.4450844,0.52045155,-1.9912418
0.26290164,2.3522208,-0.12194358,-1.5938363
0.65049545,-0.92105142,-1.5179701,0.68037361
1.537087,0.93158198,1.1250253,-1.7843639
-1.4357454,1.275009,-0.36485864,-0.074517409
-0.58539061,1.2300104,-0.34957181,-0.52387177
-0.040714278,-1.220661,-0.17805495,-0.2226786
0.24465614,-1.6763297,-0.64232023,-0.66561134
0.8642812,-0.35512977,0.72527534,1.0211148
0.70737581,-0.7191413,-0.22004009,-1.2865039
0.43604742,1.0003334,-0.18762036,-0.32098945
0.23267374,-1.0058191,0.11629818,0.65152486
1.5561321,-0.8087945,0.66647876,0.72380083
-1.051648,-1.0652398,-2.0890073,0.71928559
1.7703863,0.75094802,1.8367563,-1.1825215
1.0053067,-2.5386031,-0.80186823,-1.6181452
-0.67797926,-2.4905332,-0.68476242,-1.4807883
-1.9879502,2.5462273,-0.83972368,0.51317567
-1.6147698,0.70007581,0.64248466,1.5367454
-1.7939258,0.43134946,-1.4701736,-1.5361369
-1.1614223,-0.4083893,-2.3030146,0.42501882
0.73033767,-0.63339765,-2.0195706,0.72220384
0.68619291,-0.69192595,0.062599893,-0.0076285758
0.9269534,0.32218968,-0.91732974,1.0029206
-1.6638275,-0.89625566,1.1537178,0.79876817
1.1434909,-0.16722832,1.2112663,-0.011780795
1.0573952,-0.30539749,1.026298,-0.82801527
-1.8465037,0.18725699,0.65645585,-0.2130636
-2.1499902,0.16069589,0.60958616,-0.94717602
1.6197969,-0.74595916,1.3883265,0.63562401
-0.54275976,-0.82704692,-0.68419361,-0.6822017
0.19744291,-1.0228569,1.7287377,0.28072744
-0.21637389,-0.73632107,-1.8859139,-0.97825917
-0.48541395,-0.35795791,-2.3227038,-0.0002771031
-0.69404551,-1.2161105,-1.9207176,-0.088318841
0.29170152,-0.55182897,-2.2353465,0.77496259
-0.71743144,-1.0817882,-2.162415,-1.6468278
-1.9158894,-0.59847113,1.022055,-1.5182329
-0.070547234,0.2983234,0.79943631,-0.3321697
-0.17227386,-0.8606505,-0.021146903,0.13472889
0.26480683,-2.5006792,-1.3034089,0.68479096
-0.69621484,-2.4851717,0.86541364,-1.7506335
0.1757162,-1.0107555,0.82268335,-0.14123797
1.2155158,-1.6283904,-0.11160719,0.14791429
1.4404688,-0.67692266,0.46090184,1.1089194
1.2810043,0.062306969,0.88844937,1.0858273
0.19955173,-0.078492258,-0.58720188,-0.24993427
0.3132863,-1.1678325,0.11416872,-0.17990079
0.4338465,0.78460263,-0.77643406,-0.4538245
-0.56191255,0.95236737,1.6225795,-0.34897612
1.1571571,1.0905496,-0.94020323,-0.15012629
0.67943534,-0.6046838,-0.42338781,0.15618978
1.3175237,1.5210236,0.84647915,0.27583312
-0.77390112,-1.6758668,0.2977988,0.2912059
0.80540579,0.43393361,1.1386504,-0.62840914
0.40070892,-1.0926921,-1.3673515,-0.73001673
1.0957922,-0.38241343,0.30587702,0.38653241
-1.5408778,-0.17971789,-0.68365564,0.09182676
-0.024444411,0.16995603,0.19692084,-0.25405413
-0.47608781,-0.44405995,0.49266642,-0.39407629
-0.19377452,0.17957256,-0.37535305,-1.453954
1.1049462,0.2111275,-0.33752492,-0.89731875
-1.7525932,-0.5898061,-0.67036271,-0.29166847
-0.20625211,-0.33318994,0.73481451,-0.55180285
-0.48424633,-1.2661853,-0.35596708,-0.30235649
-0.39409863,0.59364322,0.13543886,-0.036374386
0.36754593,-1.0738431,-1.407146,-0.39679604
-2.1081384,-1.1840711,-1.2976313,1.196047
-1.3764994,-1.3138714,0.99888213,-1.7026755
1.1436739,-0.25829403,-0.86015545,1.1909398
-0.32099538,0.053498969,-0.58620415,0.24438117
0.014705483,-1.3815083,0.29354548,0.30102308
0.77780094,0.16604371,-0.18693294,0.9710855
1.2822515,-1.1074807,-0.32553753,1.268093
-0.76458417,1.1952345,0.073919577,0.56638358
1.076285,-1.226529,-0.12212953,-0.46760803
1.0792034,-0.14310991,-0.79789974,-0.1095908
-1.5041362,1.0607564,-0.16071662,-0.34754557
1.2451665,-1.015223,0.70837629,1.1287122
-1.7104457,0.13097117,-1.3689897,-0.8834009
0.75535719,-0.017292431,0.42342407,-1.352833
0.0054026065,0.036817936,2.3603483,0.54170353
0.46721691,0.46400314,-1.9656831,-1.2895528
-1.0496486,0.45213422,1.6338386,1.0467885
-0.84257113,1.0420943,-1.5658697,1.4703475
-1.06618,-0.75411553,-1.0249255,-1.2564935
-1.5777374,-0.24176169,0.80135149,0.61565545
-2.1146298,-1.0262776,-1.1066742,1.7393079
-1.2751182,0.74992826,-0.9101256,1.7232123
0.67724936,1.8217035,0.79456119,2.2096737
0.71679146,1.5265882,1.0664024,0.47858685
1.3387737,-1.5752858,0.17190008,-0.56269218
-0.50077311,-1.4993011,-1.5655738,0.44952661
0.14071305,-1.0550609,1.0796459,-0.22849639
0.025327834,0.56987249,0.41381812,-0.40744529
-0.85570136,-0.94827854,-0.3538481,-0.86271878
1.3468793,1.7800546,-1.0232009,-1.6341479
-0.22326496,1.4221184,-1.0901173,-1.3169704
-1.7431022,-0.872543,-1.8842594,-0.25105979
0.20312419,0.034044847,0.97443296,-0.59123313
-1.9834195,-0.30208092,0.61588095,-0.33338749
-0.81240889,0.63178825,0.08701608,-1.1522266
-0.30718356,0.78885621,-1.1310524,-0.29888541
-0.18477045,-0.83254067,-0.025251673,-0.21278579
-0.23693871,-1.5960683,-0.52432206,-0.26103088
-2.1496976,1.0100891,0.55597353,-0.67069039
1.3811596,1.4078842,-0.1473873,-1.37952
1.1551537,1.6697785,0.2014138,0.82739861
-0.018546048,-1.7687103,-1.7347068,-1.5154386
0.55619487,0.95577596,0.011124602,-0.91745153
0.12402652,-1.532353,1.2286641,1.2582049
-0.4184968,0.96784739,-0.18883217,-0.70218223
0.89681104,1.8240103,-0.63244051,-0.55721018
0.80154041,-0.89121865,0.64256037,0.06261221
-1.6382605,0.7855768,-0.3186658,0.056608728
-0.54322853,-0.64176825,-0.95504112,-1.1669615
-0.44457405,-0.11471255,0.57893471,0.22903335
0.62877977,-0.10214169,-1.5621023,-0.33960868
-2.4344873,0.038163848,0.27587901,-0.46320325
1.7058258,-0.62447882,-0.43653677,0.62911106
-1.6987451,-0.4734979,-2.1292301,-2.0283383
1.1711421,-0.42989996,-0.20277596,-1.2174341
0.77034869,0.61473381,-0.10397063,0.13237846
-1.0816061,-0.061566266,0.3733654,-0.10187219
-0.098801617,-0.45603446,-0.13360879,-1.7500492
-0.14898637,-0.17042599,0.7605646,1.7996161
-0.11705643,-0.55299436,0.75152473,0.7225094
0.28207832,-0.78460374,1.2455502,1.6050997
0.5626984,0.60582305,-1.5883059,0.61581499
-0.90634729,0.18637878,1.2594723,-1.3728933
-1.9158885,0.40993432,-0.2419188,-1.484848
-1.5907133,-0.75195915,-0.78080167,-1.4514486
1.4764087,0.69929498,-0.21377277,-1.2091099
-0.99658262,-0.001212705,-0.00769575,-0.11930609
-1.6866908,-2.3139468,-0.062353411,-0.67880968
-1.723147,-1.2716401,-1.703078,-0.26726042
1.4384842,-1.6741618,0.88191203,-1.6707508
0.14392827,1.8270582,1.1494437,-1.5966281
-0.10132963,-1.9666376,-0.043883708,0.72014608
-0.17611709,-1.2833367,-0.58964005,0.031868862
0.61967019,-0.43649927,0.21087845,-0.55584329
-1.1913484,-0.89862107,-0.27750548,0.095887817
-0.59715735,-2.4017561,-0.27750548,-0.18397506
-1.7621752,-0.64771484,-1.0803542,-0.77185301
-0.11788305,-1.1628419,0.10156801,-0.35820695
-0.028014396,-0.079571515,0.1211237,-0.62477428
-0.61918949,-0.040540496,-0.34779277,-0.70113401
0.68737134,-0.37521693,-0.62031675,-0.040561828
1.0013508,-0.81279697,-1.3743486,0.12930913
1.1705692,0.81215808,-0.77530105,-0.60393885
-1.1335894,-0.50557245,0.64907613,-0.83805884
-0.46290763,0.19045551,1.1332479,-0.52649865
-1.5811301,-0.24428466,0.8843436,-1.4288487
-0.70796938,0.22696692,0.097481718,-0.62284147
-1.3779721,-0.64702069,-0.30347347,-0.54593388
0.48013285,-0.37861343,0.075875608,-0.80991453
-0.12692824,-0.11820706,-0.095988822,0.20309234
0.16379717,1.8319384,0.627607,0.73728175
-0.57547782,-1.3319489,-1.4023601,-1.6855993
0.40677783,0.331383,0.13765527,-1.6028925
-0.39885184,0.20696296,0.3903344,-1.0491649
0.22497448,-0.6095266,-0.24241751,-1.5295736
-0.12834761,-0.64924727,-3.1746066,-0.77631756
-0.50942736,0.52251686,2.9763939,0.67320953
-0.32838869,0.54191294,1.2994196,-0.088684064
-0.90721525,1.2712443,2.1293238,-0.55360157
-0.38359352,-2.6364466,2.553191,-1.9980968
0.35598414,2.1420116,0.69358154,-2.0142973
0.086430195,1.9110682,-0.00048813496,-0.21488634
1.1896571,0.23642147,0.11600376,0.12699828
-0.26284563,-0.31269263,-0.79674347,0.12587542
-0.38514716,0.41592868,0.58995239,0.36123853
-1.0621619,-1.305488,0.97777891,-1.8737897
-1.2243194,-1.985249,-0.63598824,-0.91764039
-1.2818546,-0.22473334,-1.1148765,-0.80325691
-0.10379006,0.3027045,0.70781298,0.059531692
-0.41428887,-0.98452499,0.84641522,-1.7575435
-0.75833305,0.24818536,0.27257245,-0.3467224
0.44497424,-0.46016906,-0.89355075,-0.22923847
-0.50294463,-0.85945911,-0.66831988,1.0831683
-1.1733707,0.49889907,-0.49087854,-1.2378289
-0.94391558,0.38096467,-0.28910315,-0.99067958
-0.50153409,-0.27006139,0.038309751,0.18607364
-1.156211,0.3405936,-0.14171206,0.45684956
1.3519865,1.2176269,-0.96226497,-0.36703917
0.92156863,-1.9699011,0.31750353,-0.41372243
0.85338075,0.71333616,0.25967132,-0.8004994
1.0545591,0.47443541,-0.55049539,0.24443538
-1.320035,-0.018129164,-0.65150283,-0.59290178
0.92837222,-0.36120374,-0.6045399,-0.84767899
0.25499754,0.25007525,-0.47066254,-0.31950225
-1.6258392,-0.05954022,0.27781817,-1.002514
0.6040356,0.2326886,-0.96771356,0.44814402
-0.00304904,0.060535541,-0.9395226,0.57464513
-0.27130891,-0.52889821,0.5920824,0.47201387
0.74075366,-0.85781673,0.7685793,-0.25400622
-0.011893907,0.28041087,0.3102532,0.64135325
-0.56402715,-0.47491433,-2.0904129,-0.41740798
-0.24192097,-0.67242467,1.8305555,-0.67328882
0.087671047,0.40222771,-1.3098346,0.21387002
0.56692514,0.45581434,0.87751504,-1.6633752
0.019243584,2.6462449,-1.1899868,-1.4231887
-0.17113693,1.961182,0.93542785,-1.3376014
-0.39703265,-2.184176,-0.12688415,-1.6953873
-2.7719824,1.7718243,-1.4769199,-0.25782103
2.3807435,-1.9237515,1.6388391,-0.13134539
1.7242438,-1.8703414,0.13657676,0.085672252
1.3790551,0.0032384474,1.5326102,-1.8483216
0.73291885,0.48700318,0.75490852,-1.8279905
-1.0383464,-0.63407175,-1.2889152,0.59125473
-1.1296844,2.2709608,0.1953416,0.81108361
-1.2346816,1.9141303,0.2451713,0.37889864
-0.70887712,0.014309129,-0.18411574,0.801618
-0.84390129,0.033944695,-1.2237319,-0.40852126
1.2968622,-0.28182741,-0.31547272,-0.13885994
-0.73970952,-0.59925617,0.11234478,-0.23863652
0.20203968,-1.2882576,0.37005591,-0.30330925
-0.84324489,-1.7578248,-0.80091364,-0.38972828
1.5290684,-1.157018,0.55941489,-1.5569505
0.92818441,0.59116948,0.55941489,1.0995238
-1.7154194,-0.26141826,0.14623458,-0.73879196
-0.12570788,-0.30966845,-0.028004069,0.60669354
1.3830144,-0.72743178,0.38284136,-0.1573278
0.20851951,0.10154209,-0.48123769,-0.1064485
-0.60994591,-1.1020613,-0.47984427,-0.9224947
-0.79620658,-1.3816329,-1.4735475,0.24462839
0.44533271,0.27743358,-0.64848889,0.22668649
1.2223667,-0.71743923,0.46527344,0.72624841
1.9728917,-0.57755968,0.57566792,0.10584913
-1.7936554,-1.4533186,-1.4317153,-1.6230934
-0.98298248,0.93193985,0.065671296,-1.8761448
-0.73131924,0.53442655,-0.3501574,0.52298964
-0.74405748,0.36106708,0.47320304,-0.54465424
0.39327513,-0.62857826,0.58274949,-1.8165223
-0.0031330044,-1.8661689,-0.67003425,1.1835228
-0.29345357,1.8942643,-1.4234088,0.8423367
-1.4819069,1.3315544,-0.25214703,-1.8252287
-0.15196331,0.38285553,-0.59970385,-2.1096083
0.68338693,0.034236776,0.42153135,-0.87653784
-1.1762421,-0.96317065,0.28082243,-0.85282233
0.2508323,-0.91939132,0.051611308,-0.08106251
0.21858163,-1.1298314,-0.4275668,-0.51184479
-0.57944276,1.1970484,0.73656542,0.30356221
-0.4801029,1.1642986,-1.171705,0.32312904
-0.8772626,-0.62978342,1.0271543,0.23044317
0.90035659,0.020498279,0.16865664,0.17449734
1.4216999,-0.1910166,0.45303569,-0.17525174
-1.8177521,0.6787135,1.0238895,-0.76458874
0.45988259,-0.81851549,-0.94221816,-0.048489352
0.21273453,-0.69564093,0.32814793,2.2384343
-0.28633583,0.46836339,-0.0088931591,-2.7875932
0.92671654,1.2324659,-0.031333075,1.9469567
1.2579697,1.0323018,2.3095407,0.77588739
-0.48830152,-1.8976804,2.0190017,0.11712195
0.0085939667,1.2441262,-2.205167,0.34661806
0.10078029,-0.61261971,-2.656379,-1.3023947
0.62788698,0.18188915,1.3028966,-1.1636988
-2.2566771,-0.39642883,-1.2261493,-1.6119897
1.2377019,1.7901551,0.38524421,-1.8072021
-2.0993917,-0.25280402,1.1872298,0.7113606
1.0534516,0.38372709,1.0944284,0.36864778
-0.073332494,0.9286398,-1.459375,1.0683505
-0.056222107,-0.73659601,-1.1991826,-1.2081438
-0.42758367,-0.53681751,1.0827582,0.84835797
-1.549372,-0.011690507,0.037864866,-1.5944737
-0.89797972,-0.28033507,0.11273752,-0.53897395
-0.86370141,-0.54852369,0.41258596,-1.0353301
-1.3829756,-0.54852369,-0.6938938,0.24659601
0.51011935,1.1304281,1.3011079,-0.030891414
-0.15927624,-0.18127416,-1.1620332,-0.12034291
-0.42709787,0.80471651,-0.85956017,0.38614712
-1.1363123,0.80496029,-0.3279976,-0.010693278
-1.590318,-0.96369446,-1.086057,0.88697938
0.59657037,0.88551131,-1.1307322,0.38826296
-0.16575815,-1.3894566,-1.1712954,-1.7610183
0.11767764,0.71648608,-1.4945955,0.091026037
1.3290131,-1.3640042,-0.6760583,-0.15747824
-1.2277038,-0.25250399,-0.80874626,-0.31459322
0.78589869,-0.56735172,1.7807152,-0.010105648
-0.062719385,0.17984809,-1.946974,-0.63755898
0.27922777,-0.15453023,-0.70732414,-0.031045465
-0.9920325,0.11522601,-0.49973941,-0.064216357
0.75120546,-1.4632058,0.40238126,0.66775453
-1.3359984,-1.8131426,-0.12419763,1.1429368
-1.5787941,1.4513099,-0.13215436,-1.3664477
1.5908311,-1.137376,-2.2691346,0.40585677
0.71530571,-0.96820509,-2.4592662,-0.26534823
-0.92805825,-1.1021821,-1.4107704,-1.140271
0.11667316,-0.63610346,-3.1634331,-0.45903423
0.31637423,-0.15960537,2.2800221,-1.0564922
0.69634764,-0.9075109,2.7338019,0.51191469
-1.3594892,-0.6531529,1.8723327,-1.0486307
0.42583121,0.14911846,-0.79054885,0.20531881
0.62527088,-0.096052992,-0.58962472,0.70762482
-1.2852226,-0.31210258,-1.1259044,-0.4449861
0.91263246,-1.2679636,0.83723585,0.23705509
1.2316769,1.2982199,-1.0309981,-0.86730017
0.83912378,-2.4062416,-2.2632051,0.024861194
0.7135982,1.9698297,-1.8662617,-1.5886967
-0.69336024,-0.18661855,0.43911592,-0.15887582
0.10857524,-0.42472663,0.42917466,-2.3199539
0.32506971,1.0009208,-0.61677382,1.0264713
-0.43092649,0.38661975,-1.685699,0.36226093
-0.22447634,-1.6706766,-1.63997,-0.75543544
-0.40463726,0.74843834,1.3272257,0.1011082
-0.29897077,0.25061556,-0.97759517,0.67816072
-0.90874044,0.76102149,0.65727153,0.98055386
0.54805711,0.49173708,0.42551005,-0.42530756
-0.74418707,0.49834392,-1.2800408,0.078059471
0.21960113,0.35879465,-2.9547612,-0.74008056
0.2041206,-0.61418033,-1.3509585,1.9277077
-0.84164754,0.81502704,-1.3901707,0.63760406
-0.65350038,-1.6067368,0.81279657,-0.96304154
-1.7086599,-0.61512379,1.3413925,-0.22128593
1.0125845,-0.69569974,0.25249678,-1.1036897
2.8323415,-0.58475125,-1.7188827,-0.28129144
2.3432504,0.23424403,1.4125449,-0.77434399
1.5025819,1.787402,-1.5652444,-2.0086733
-0.42505179,-1.5426909,0.93199675,0.27447148
-0.14282127,0.81505669,-0.22094415,-0.01714652
1.4567163,-0.75581659,-0.13300378,-0.6483067
0.27846615,1.1565819,-0.11841572,0.039163569
0.17955801,0.12444319,-0.39471925,-0.99590828
-0.37961553,-1.673154,-0.2258229,-0.92652916
-0.30353252,1.3270225,0.18693416,-1.0298284
-0.451583,1.7599806,-0.20721402,-0.29695357
-0.5100079,-1.9366294,0.53580926,1.4498577
-0.80199515,-2.1010892,-1.7626315,0.61096547
0.25726682,2.1192369,-0.56618205,-0.84420898
-0.10166619,1.2115633,0.41628276,-0.62727182
0.86799893,-1.6481772,-0.56823556,0.63059656
-0.053960245,-1.6079222,-0.7851049,0.28641271
-0.088143488,0.060518755,-0.88001495,-0.93862147
1.2399173,-0.59856602,-0.45065216,0.56085156
-0.81256678,0.6004291,-0.54743102,1.9451129
0.050980761,-0.47105669,0.85682156,1.0253067
1.0356468,0.43156304,0.51053294,0.90331818
1.4090495,-0.75369125,0.48406598,0.44673331
-1.6999328,0.086394968,-1.5133649,1.4058181
0.39196732,-0.58534901,1.6564886,-0.98344633
0.049612613,1.0730581,0.73533588,-1.0298148
0.57549732,0.67265109,-0.060364578,0.60076919
0.11766688,1.3200642,-0.47881643,-1.455088
-0.38816437,-0.26546329,-0.46242745,-0.017093623
-0.91407139,-0.2867094,0.65024326,0.41010568
-1.5713786,0.36165095,-0.094529643,-1.0062416
-0.76228741,-0.2654005,1.8899082,-0.60574923
0.94969476,0.82101142,1.0905309,-1.3936936
0.34346727,-1.8054253,2.574507,-0.36443215
-1.9315109,-1.9059847,-1.5590741,-0.20383584
0.52391498,1.4651122,-0.81879273,-0.42311487
0.058384237,0.50712712,-1.1547795,-1.0335766
-0.27364297,-1.8516381,0.26195815,0.27864048
0.0232296,1.8161716,-0.50863664,-0.51116794
-0.96952567,-1.9679963,0.39556951,-0.22719844
-0.40650754,0.53851739,1.4416338,0.029500505
-1.5301671,0.2225433,0.31205336,-0.95934631
-1.9827733,0.109082,-0.62136634,-1.5634337
0.270518,-0.051193518,-0.84883005,1.1219991
-0.76967549,-0.74905873,-1.3290609,-1.1813038
0.55356262,0.19574794,1.1153796,-0.7794354
-1.4288704,-0.71074666,1.383977,-0.56188419
-1.7941688,-0.27127487,-1.5826931,0.49610032
-0.30965777,0.43977428,1.1452581,-0.54782425
-0.4906547,0.95421938,-0.82737705,-0.72346732
-1.5584381,-2.159531,0.94186955,-0.8725864
0.047067371,1.8739259,-0.73198837,0.0090353683
-2.3500438,-2.1931074,0.89144116,0.45134203
0.37335669,-2.7044451,1.0034069,-1.3958432
-0.54774975,2.2558356,0.88892457,0.64175783
0.24054026,-2.9356685,1.3531435,-0.7621786
-0.087940746,-0.69122867,-0.99123881,-1.423957
0.26926505,-0.6630371,-1.5670081,-1.9613648
0.24455183,-0.085567528,1.9629202,0.72221773
-0.19788037,0.55856541,-2.2063993,-0.49035761
-0.51018876,-0.77751741,0.6361245,-0.37563393
-1.1007164,0.23079875,1.2198285,-0.41416968
-1.1970616,0.18107968,-1.7723643,0.62949397
-0.52787778,0.94341625,0.38350494,-1.0534668
-0.33842217,-2.1834515,-0.72713775,0.5916669
-0.40070293,-2.3162436,-1.3656775,-1.5585914
-0.1626984,-1.7625189,-0.40885068,-2.3384015
-0.019664859,0.40713209,0.89845316,-1.5635253
-0.81083704,0.13764339,-1.2873815,1.1485684
-2.33792,0.3464574,0.92948473,1.0763174
-1.7295556,1.0938672,-1.421864,1.4458008
-3.7464135,0.1043964,0.36087657,-2.0627443
2.9095038,-0.76408895,-1.2401398,-1.4871518
2.6569331,0.49174065,-0.40891803,-1.5546308
-1.0803109,-0.73802812,0.12455262,-0.28448514
0.48683607,-1.7598144,0.15744113,-0.24813202
-1.1514027,-1.3984819,-0.83618151,0.37788607
-0.0063824565,1.3036535,-0.61990193,0.21525032
-0.63040372,0.6487609,-1.4288096,0.0052969316
-0.45931893,0.35767696,-0.45102509,-0.78556671
-2.0221468,0.86947247,0.108592,-1.0243758
1.6797328,0.24325703,0.32757012,-0.79763602
-1.6520993,-0.022846361,-1.1277086,-2.0440365
-1.6411736,-0.34638752,0.97496489,1.5933151
1.1260368,0.2591816,1.5342678,-1.8211623
0.12130136,0.98506026,-1.1571491,0.28434877
0.090500055,0.99582974,-0.41539622,0.47295859
0.78756765,1.0606589,-0.22991317,-1.632256
-0.055850991,0.79109346,-0.46546065,1.1701039
-1.0812902,0.70218574,-0.0052151906,-0.097529622
0.071610833,0.1257652,0.084049973,-1.6144507
-0.084256314,-3.0043503,0.070182745,-2.3428151
-0.40096801,3.048494,-0.45604187,1.2736909
1.1590769,-0.1962097,-1.1525695,-1.052212
0.24714316,-0.1710532,0.86121397,-0.8211363
-0.86905623,-0.36577752,0.31911709,0.21047808
-0.76026117,-2.6980487,0.78206435,0.081546
-1.2351873,-0.82249035,-0.20093259,0.083115838
-0.49578609,-0.84838409,-0.67820509,0.93736885
-0.87538117,1.2144856,-0.63242312,0.25273452
0.58522015,-0.769015,-1.0677899,-0.62449166
-0.22042095,-0.54213613,1.5383313,-0.30945556
-0.45585691,0.30203594,1.3488511,0.23106774
0.20854948,0.31717171,0.38390663,-0.52414283
1.067981,-1.2851749,-0.27843078,-0.86699217
-1.0203814,-0.82289366,-0.37810894,-0.51987188
-1.4974655,-1.2415548,-0.77266433,-0.024966419
0.10533932,0.55538052,-1.344121,-0.51161584
-0.80124296,1.1977494,-1.1243836,-0.01712471
0.29645785,1.1087593,0.83309706,0.51403939
-0.77618425,-0.9663306,-1.3119714,-0.13005349
-0.95574793,-0.94230148,0.088160892,-0.41186654
-0.014847213,0.18574901,-0.25533129,1.4458542
0.234559,-1.7048876,0.086192139,-0.011155952
-0.84204313,-0.74867942,-0.56920034,0.67474679
0.1935587,1.5387663,0.20945361,-1.1946512
0.4637694,-1.8293689,0.31555325,0.77539951
0.87767838,1.4199815,0.55683058,1.043611
0.95460838,-1.595735,0.46091125,-2.1840802
-0.75958114,-1.3642935,1.1704474,-0.035528255
0.18621125,-0.47799192,1.1171573,0.99028853
-0.54615165,-0.29464262,1.7931679,0.062817815
-0.38024652,2.3635628,-1.1515266,-0.55805214
-1.1582257,2.613234,-1.2064595,0.037328242
-1.3688146,0.012796198,-1.1324929,-0.26409624
-0.5961377,0.12214672,2.362937,0.58542136
-0.91393547,-0.063519779,-0.87577462,-1.5319004
0.55257484,0.65327817,-0.037971538,1.5374863
-1.8753881,-0.82156702,0.22555133,1.355487
0.8412835,0.63463719,-0.014454352,-1.6661802
1.4101919,0.35184508,-0.66415485,-1.774666
1.6075499,-0.44822205,0.12017207,1.224713
0.86994978,0.26857096,-0.3610382,1.0479063
-0.80014239,-1.034629,-0.92508477,0.29632601
-0.94088941,-0.10734034,-0.2492695,0.049923803
-0.8682783,0.22327751,-1.2264195,-0.44249499
-0.9579898,0.33528946,-0.18004453,-1.1201414
0.0063627453,0.38379588,0.12249602,-0.63911473
-0.31408018,1.0528736,-0.49520563,-0.64845838
0.21819138,-1.7676943,-1.1536606,-0.83316502
0.47822274,1.1673332,0.69912049,0.17352997
1.2980143,0.44353936,0.60731119,2.3583063
-0.074787934,0.64290204,-1.1740185,0.082373132
1.4384868,1.4027793,0.68383474,-0.46772203
1.8565669,-1.1814916,-0.96736788,0.70647005
0.6174173,-1.540987,0.44188512,-0.21148529
0.83319948,-1.0705883,-1.2789853,-0.11748187
-1.3692431,1.6648334,1.0473295,-0.087997409
0.65976989,-0.026773203,0.55904595,-0.24494978
-0.83370003,-0.60167531,-1.0124942,-0.87118357
-1.6026941,0.43210539,-0.76933114,-0.88185228
0.96051229,-1.2023104,-0.40425595,0.21555089
-0.97164204,0.47561683,0.83077054,-1.1942544
-0.96223341,1.6817867,-0.83673571,-1.4737499
-0.75991567,-1.9411213,2.3804514,-0.94276209
-0.43153622,-0.37139085,-1.9447736,-0.99337247
-0.73550553,0.40864215,0.45205912,-0.33464406
-0.17062975,-1.7227025,0.25188896,-0.48934289
-0.54411997,-0.82653607,0.074200154,-0.50768469
-0.6991698,-0.73081727,0.1208309,0.39549495
-0.59476242,-0.15322529,-0.30268429,0.67920613
-0.55567926,0.57439801,-0.85320026,-1.1819566
-0.054484852,-0.62033141,1.18844,-2.4984854
-0.87031567,-1.1569479,0.8555746,-0.99565631
0.22810891,1.1442965,-0.85358972,1.6882281
-0.83475931,-0.71034735,1.0725929,2.0121619
-1.4182527,0.14525326,-1.1968515,-0.43903989
0.57565823,1.2966486,-0.24804547,-1.9241716
-0.55169421,0.84971463,-0.73166136,0.2214032
0.85787794,-0.45775946,-0.79403574,-0.42232351
-0.93172285,-0.17535512,-0.011177967,-0.94612183
0.5084555,0.0062228932,0.23565346,-1.7698179
-0.94474194,-0.50759535,0.96281165,-0.64947636
1.2975243,0.049595887,-1.0129376,0.13026241
-1.5541198,0.79320942,-0.98819166,0.033783097
0.276611,0.86053408,-0.053857293,-0.18556778
0.68028042,-1.0793916,-0.29049882,-0.36212984
0.89112921,1.3627103,-0.17854043,-1.2346001
0.97695663,-0.35069086,1.4778678,-0.52270919
-1.2848961,-0.3533915,0.34717635,0.41177986
1.1915535,1.2030134,-0.50341024,-0.44786432
-0.86769741,-1.3944491,1.1092953,-0.068606879
-1.0069927,-1.7418233,-1.4563088,0.59083667
0.12789986,-0.14481651,1.1999657,-0.48232607
0.29113994,-0.33441974,-1.3449798,-0.51329421
0.90409378,-1.6538218,-1.1456355,-0.33007007
-1.2162893,-0.48953263,-1.3698876,0.35471679
-0.56799138,-0.30249086,0.62600566,-0.03052745
0.40100144,-0.064342434,0.48233165,-0.47726968
-0.88706319,0.15514659,-1.4184307,-0.27284631
0.47354102,-0.41850814,0.80627706,0.073743286
-0.82129976,-0.21481598,0.76754023,-1.4065451
-0.13245696,0.61191527,0.19031097,-1.3922979
0.039017642,0.0063557507,0.46756708,-0.48541514
-0.3417312,-0.56605855,-0.73391699,0.82645885
0.014553182,0.37010724,0.53297671,0.83282423
-0.75158749,-2.0579896,-0.44833906,0.68440045
-0.40508684,0.98858403,0.19620574,-0.15180711
0.32991816,1.2151622,-0.16501287,0.44274885
-0.084877687,0.96168055,-0.17404777,-1.6307496
-0.9668936,-0.5948064,0.20663833,-1.0556951
1.9034028,0.022791836,0.41547134,0.70266924
0.30942919,-0.92826747,-0.79669991,-0.29758986
-1.2244912,-0.91019339,0.59378971,-0.30913715
0.68385134,0.4399761,0.38383651,-0.46596926
-1.0220562,0.1976374,-0.85209608,-0.60589385
1.4170247,-1.0004856,2.0745586,-0.42448247
0.6051462,-1.2086837,-0.13068313,-0.72122338
0.94887478,-3.1648167,-1.4844795,-0.19086862
-0.94543454,-1.2693845,-1.1233207,0.89881005
0.60464036,-1.2693845,-0.35816554,0.39787346
-0.57049156,-1.0842755,0.13946777,-0.99697486
0.99301534,1.0403844,-0.37741693,-1.9223715
-0.23828167,-1.21154,0.24830806,-0.4037345
-0.79773733,0.46816778,-0.42090212,-0.0093008962
0.14568307,0.45212042,-0.70374405,-0.69669413
-1.1315812,1.2849218,0.47061762,-1.097687
-1.2200858,-0.29843406,-0.15696331,0.69952831
0.87033184,0.58011326,-0.14834243,0.69421734
-0.47105651,-0.033190222,1.0513828,-1.4479773
0.20852467,-1.2976629,1.9115349,0.96955673
-0.2913358,0.10080399,0.40945064,-0.38786676
0.40397116,0.28368327,-1.3240116,-0.26686959
-0.43122178,-0.87326065,0.80653329,-0.61257431
0.43109783,0.2916327,1.2211589,0.40920173
0.27099682,-0.78551273,0.36593739,0.21892233
-0.46500606,-1.86949,-0.4440565,2.7714145
-0.36086661,1.7311973,-1.1130801,0.87868637
0.86864522,-0.094470636,0.76116786,0.82446229
-1.5473272,0.29015126,1.5137756,-1.4687273
-0.083244627,0.50525665,1.2382448,-0.072437271
-0.66088928,0.90698644,-1.6451759,-0.81130944
-0.14465208,-0.8701512,1.2346204,-0.19961747
-0.38980588,-0.25652463,-1.7935287,-0.47098067
-0.0034447371,0.21375432,-1.0586614,-0.045453212
-0.7127368,0.47258611,-0.89523931,0.08959421
0.60861678,-1.2098431,-0.98699022,-0.38185421
0.4356865,-1.2464439,-0.064895583,0.3666183
-2.812637,2.0387017,0.56347971,1.2744195
2.8950305,-0.73682678,-0.17294109,-0.17784219
-2.2454801,-1.6489611,1.0388119,0.0045160375
1.6488451,-0.5080835,-1.6889716,0.46777379
-2.0840106,0.36991456,-1.4358417,-0.095156707
0.71894333,0.42365764,-0.3349565,0.29118834
-0.68712055,-0.22066158,0.7245633,-0.041018582
-0.73438204,-0.078739976,-0.83792222,-0.19237771
1.0447977,1.745735,0.59329514,0.14355402
1.7715155,-0.18788573,0.65045985,-0.72158362
-1.9259547,0.30086493,-0.48041952,-0.71845074
1.1815499,-1.3056531,1.160225,-0.80912382
-1.6590441,0.84879916,1.5212357,0.75165296
0.37992732,-1.0564255,1.1280863,0.082704547
-1.0092426,-0.3845653,-1.4474791,-0.98402129
-1.9732155,0.71021602,1.1285164,-0.40938656
-1.2635804,-0.54135849,-0.27948151,-0.16250999
-0.58641935,-0.53878808,-0.73952084,0.5603331
-0.096916038,0.44159567,-0.092762105,0.34706304
0.55534081,0.0040537551,-0.027731161,-1.2099556
0.71203307,-0.16247882,-0.21107346,-0.69661679
0.66140196,0.075222754,0.59276094,1.849378
-1.4689541,-0.33538326,-1.2510613,1.5989989
-1.5155935,0.14903608,0.78017617,1.0082168
0.93876741,0.87770072,-0.1142865,-0.53975405
1.4667625,0.36280764,-0.27992782,-0.091399194
0.51149627,0.75546409,0.056216879,0.86988092
-0.55917636,0.14400193,-0.94312152,-2.1998783
0.67141258,0.29770084,0.096718963,-2.3695646
-2.3531688,-0.11485954,-0.34187232,-0.32006462
-2.0131187,-1.2149791,-0.74369423,-0.003070711
-0.99221385,0.70050896,-0.74369423,0.064911095
0.31896091,-0.92065186,-0.46113134,-0.36858754
-0.21221883,-0.53612039,-0.48439947,-0.72350974
-1.1031276,-0.18604362,-0.43141062,-0.82360072
0.83366239,0.84712995,-0.42523501,-1.6927261
-0.29746856,0.56522368,1.086,-2.2170866
-0.63293825,0.63979713,2.087594,1.4553651
0.27398419,-0.69933484,-0.56691361,-0.21925632
-1.7822179,0.071308932,-0.76343086,-0.91114132
1.1503582,-1.0895198,-0.062535713,0.74639533
-0.097465992,-1.2125086,0.35424679,-1.4610374
-0.78738617,0.18533321,0.2650138,0.75794997
0.94692279,0.49869612,-0.81274724,-0.030450754
-1.8696358,-0.27817796,0.77087637,0.022054803
0.19861962,-0.27817796,-2.0268556,-1.4258416
1.4574265,-0.5706963,-2.4131887,1.6121592
0.29028415,0.55325071,0.62626439,-1.3048723
-0.85311934,-0.27190206,0.092170963,0.73975055
0.17210845,-1.0437824,-0.52056426,-1.3717949
-1.0431971,1.214409,-0.13104147,0.54421848
-1.1140985,-1.697538,-1.0614538,0.27195272
-0.1634906,-1.4642841,0.82323264,0.3151073
0.24695872,0.97740414,0.73651953,-1.5552362
-0.99430349,-0.41760707,-0.64575385,1.0756741
1.2006405,-0.15588882,-0.0057498287,-0.72535095
-1.3501034,-0.78826711,0.32901367,0.16308636
-1.290326,0.097661989,1.1108886,0.06847973
0.61085795,0.22997134,1.0271376,0.99974177
1.4654364,-0.56232428,0.39458038,-1.1920528
1.2148048,0.066775226,0.19657711,1.0095743
-1.2182745,-0.82340948,-0.66994867,-1.3966792
-1.5230891,-1.9433098,0.42385616,-2.1309156
-0.41968088,-1.0870481,-0.1741627,0.78592346
1.0451056,1.5419223,-0.85098406,0.56750815
-0.86139449,-1.3100246,0.50735306,-1.8730917
-0.018144069,-0.83056434,-1.6601746,0.81903666
-0.018262571,-0.0423841,-0.8105138,0.27719694
-1.9957947,-0.88155493,0.7688714,-0.83466221
-1.6085932,-1.1321253,0.26256129,-0.049602755
-0.13653191,0.99414263,0.89468064,-1.2875924
-0.80909583,-0.0057016033,-0.20611829,0.045385251
-0.0505865,0.91372388,-0.025935507,0.59115062
0.014841295,-0.012236776,0.84388185,-1.4004561
-1.2129748,-0.47249368,0.27972103,0.067661071
0.45926445,0.22176926,0.66953369,0.72339172
-0.58978787,0.99593395,-0.55667785,-0.76879485
-0.26769789,0.48598714,-0.14282139,-1.2311848
-0.73745404,-0.76066437,0.18281193,-0.027147793
0.89981435,-0.068438469,-0.39676987,-2.1643282
0.73506557,-0.27702429,1.183617,0.89897098
-1.233252,0.36070133,-1.1008806,-0.19348001
-1.0686218,1.0347176,-0.79763966,0.05302094
-0.7300382,-1.5029313,-0.158982,0.086906722
-1.5040755,2.1241256,-0.094778977,0.27447932
-1.4506942,-1.8658612,0.44667075,-0.89399114
-0.22853672,1.500257,0.12773132,0.38126516
0.49598137,1.3665308,0.3280067,1.1215467
-1.0546444,0.78446392,-0.14826394,1.4082137
-1.0515979,-1.2271806,-0.08420682,0.60196734
-0.5251735,-1.1041326,-0.14386534,-1.2522378
-0.85390091,1.7129496,-0.13752588,-2.1675639
0.65531091,-0.90144937,1.0360111,-2.6576429
0.64818651,0.94378183,-0.26241818,1.7407597
0.93374974,-0.90114922,0.79240111,0.48085921
0.10828201,0.53353045,0.53806079,-1.1260202
-1.7328386,-0.31377332,-0.51570965,-1.2732677
0.051871492,-0.46003235,-0.38300014,-0.19870246
-0.36616077,1.3259027,0.022692441,-0.98198297
0.41615295,-1.7310038,0.33639708,-0.86930746
-1.0316325,-1.8618825,-0.66239436,-0.099974837
-2.0319144,-1.5813203,-0.61211592,-0.72229589
0.92387863,0.82580364,0.72619743,-0.48645177
0.061119336,-1.198941,1.0255001,0.26868341
1.3765312,0.41186579,-0.79336755,-0.71363269
-1.8182837,-1.0853886,-0.16748931,0.20287681
-1.3382805,-0.43415807,-0.13607145,-0.016391229
-0.9402472,-1.0495882,-0.81924176,0.93543293
-0.48520203,-0.74904002,0.13343007,1.3954355
-0.92477721,0.58928777,-0.99392909,-1.8025666
0.38833229,-0.90444681,-0.021042291,0.19682541
0.95271379,-1.662475,-0.0027407093,0.10706878
-1.0379391,-1.7162761,-0.34019165,-1.0893252
-1.5890724,1.2131644,-0.7666332,-1.1805615
0.29635009,-1.1446283,-1.1762152,-0.2543469
-0.20261694,1.1395018,-1.2057308,-0.51523588
-1.3205773,-1.0218729,-0.097430249,-0.10341817
0.74367413,0.035797208,-0.021439803,0.52145482
-1.2706519,-1.5446648,-0.47242863,-2.2101147
-1.2100091,-1.7983843,-1.2354107,1.6611974
-0.5216964,1.1315931,0.16372985,-1.8533536
1.3877457,-0.60426493,0.15726562,-0.76737163
-1.1544436,0.70605278,-0.37240343,1.870083
0.028632883,0.57628647,-0.18240101,0.25923375
-0.4752463,0.51229875,-1.4334129,0.89536537
0.27209621,-0.75644138,-1.5227203,0.10779433
0.99876199,-0.020716439,-0.31347921,0.75882417
-1.1499448,-2.2786153,-0.13532699,-1.8333367
1.1013927,-1.9288202,-2.1232783,-2.0543972
0.0059681932,0.76266464,-0.84546384,1.6790943
-0.11443876,-1.3771528,-0.5442313,1.2032377
-0.84033393,-0.17945763,0.19797276,1.0159428
-1.050809,1.6303435,0.89794519,1.8020744
-1.1465089,-3.3291677,2.4120076,-1.4082187
1.0418572,2.8255145,2.1148495,-0.18570776
0.25212105,2.8255145,1.1803792,-1.0914076
-3.6411356,-0.24613399,-0.039552774,-1.9721626
-2.5514936,-0.2806693,-0.14244736,0.29760455
-2.873046,-1.0003552,0.026023566,-0.48436966
-2.469601,1.1362598,-0.2694869,-2.1790953
-0.98094589,1.3030569,-0.72371919,0.9218499
0.60504925,1.1036821,-0.68308592,-0.57676789
-0.26661058,-2.1170242,-0.71887925,-0.30813069
-0.26661058,-2.4135305,-0.27358122,0.15460261
-0.97273926,-0.013884012,0.034542735,-0.75659366
0.56448981,-0.63561875,-1.0980863,-1.3133285
-1.2267685,0.91370836,-0.083925209,0.052454243
-1.2569156,-0.61718712,-2.2724027,-0.79569028
1.3662651,0.22761858,0.91947417,-0.8735956
-1.8556514,0.047903297,0.5129887,-0.94909306
-1.2210347,1.4136101,-1.2117789,0.8565318
0.28043238,-0.31319616,0.07763724,-1.5161434
1.0728423,-0.16283897,1.0795431,0.72951773
-1.9184863,1.0316728,1.3075771,0.093270953
-1.8974201,1.9140669,1.254755,-0.15890398
-1.2329883,-2.0144169,-0.65175601,-0.38624391
0.91734987,2.3848308,-0.4125788,0.09969608
-2.4096346,-1.0564454,-0.76336949,-0.53291798
-2.1500181,-0.58104047,-0.87895062,0.35336356
2.875889,0.36511923,0.30007921,-0.43461063
-3.08858,-0.66827296,-0.40116354,-0.36520945
-2.7416071,0.59600918,0.42228537,1.071851
-1.53127,-1.3157959,0.24704598,1.3672275
-2.8071298,-0.56642368,-0.33410978,-2.9234521
0.88098045,-0.20038405,-1.2487787,-2.5782265
-0.055466874,-0.13536656,-0.74700162,1.293145
-0.3375928,-0.13966318,0.15659391,1.0741626
-0.28456712,0.30451447,-1.2622674,0.94150949
-0.047159404,-0.14977986,1.0211139,-1.5189251
0.41718713,-0.35353745,-2.5334058,0.70639236
0.83300567,-0.71368665,-1.8983325,-1.5132336
-0.62784387,-0.63759567,2.7664225,0.93506009
-0.56070386,1.3750352,-3.1376563,-2.3919778
-0.093242057,0.43110663,-2.3872151,1.7494007
-1.6672308,-0.66857345,-0.99342181,-2.0658972
-0.81307443,1.225795,-2.4682042,1.1135164
-0.20288577,-1.6450996,1.4547134,-0.17276273
1.0048813,1.1409252,-0.00044639807,-1.2050352
-1.885072,0.23396069,0.41416025,0.56507936
-0.71910663,1.4874992,0.18747635,-2.4271114
0.29105851,0.4620889,-0.51784683,-1.2978312
-0.70199686,0.46789402,0.56132511,-1.071621
-0.48065932,1.3728044,-0.67414943,0.28798678
-0.79653343,1.6668056,0.86688625,0.18180415
-0.089081304,-1.8650352,2.2502003,-0.075688099
-0.69094029,1.2066043,-2.1157211,-0.18361538
0.39205117,-0.34568338,-0.60062202,-0.64024557
-0.18699836,-0.64298671,0.34900547,-0.028735975
-1.3883803,-0.1782755,0.22678599,0.37891443
-0.68207044,-0.96758305,-0.79071321,1.3592
0.24688338,0.40319961,0.49962754,2.278253
-0.95688219,-1.2184973,-0.36281088,-2.8903524
-1.1187652,-1.135842,-0.75990562,-2.9864961
-1.8955707,0.97448427,0.46291218,1.2939161
0.91570164,0.97604025,-1.1224315,0.80205571
-1.6799898,-0.77040003,0.76860043,-0.6367027
-0.30722952,-0.52202044,0.47235789,-2.0906007
-1.4147816,-0.0093013828,-0.55665295,0.25379918
-1.1250348,0.06499919,-0.82927615,-0.88388936
0.09509585,-0.17937328,-0.61977785,0.9754814
-0.81837179,1.4703659,-0.11534011,-0.97105315
-0.96321575,1.2873362,1.4476184,-0.53251005
0.045229674,1.0811474,0.8750492,-0.53251005
0.061609588,-1.3813583,-0.58576087,-2.0334448
-0.16902617,0.79453384,-0.45242672,-2.4166409
1.4016413,-0.47153049,0.59954579,1.782158
-0.086379558,-0.42454843,-1.4773854,-1.6501873
0.058279646,-0.41002643,0.70021877,-0.072967528
-0.93668321,0.49567887,-1.2244673,-0.58169627
0.22439887,0.47530289,-1.1440162,0.15468815
0.81199914,0.74288879,-0.86526187,-0.43527852
1.2729923,0.19884534,0.55676222,0.15567813
0.052202791,0.93933911,-1.577156,-0.50840471
-0.33808552,-1.7551293,0.47916388,0.39593387
1.1360689,-0.44397827,-0.61542505,-0.2787369
-2.6709132,-0.52001477,0.50639611,-0.3137202
-2.5678941,0.60142851,-0.72462756,0.49922026
-2.5895381,-0.4377818,-0.30801194,-1.6947805
-0.14973833,0.46661676,1.0292728,-0.90601249
-0.11325227,-0.4240979,-1.0284506,-1.5680477
-1.7481814,-0.10786699,-0.58480075,1.0173275
-1.5853584,-0.13636599,-0.10235845,-1.1404059
-0.80677624,-0.76409347,1.4176458,-0.00061797198
0.83917494,-0.33696583,-2.8861895,0.70645723
-0.42494464,-0.50473341,-2.317075,-1.2813337
-0.93517806,-0.3845318,2.1104927,-1.7384332
-0.16742995,-0.36317815,-1.5929326,-1.8938781
0.10503578,0.87837014,-0.9604937,0.37477682
-0.38137821,-0.19908838,-0.6227818,-0.76890897
-1.0988802,2.0455808,1.7767294,-0.96901748
-0.58375285,-1.9916261,1.3937807,-0.66982924
-0.085352583,-1.9931386,-0.7553415,0.056334368
-0.334115,1.7728758,-0.94142715,-0.70180014
0.61996446,0.78963676,1.3178827,-0.29054832
-0.8147033,-1.803443,0.43739974,-1.4627207
-0.52686514,-0.15915727,-0.74057273,0.13427555
-0.11554412,-0.50540952,-1.7647668,-0.36271261
-0.85778986,0.22202626,1.5139587,-0.38747188
0.044450623,-1.21082,-1.1071392,-0.8474497
0.64516002,1.0017613,-0.91326777,-1.7769032
-0.29322293,1.482993,-2.1093246,1.0874316
-2.1181655,1.0443669,-1.1710229,1.0194117
1.4574463,-0.2640065,-0.89303364,-1.5470795
1.1132965,0.11508938,-0.4093981,-0.83445672
-0.33175281,-0.52137303,-1.1558981,-1.7087469
0.60060565,0.063653094,0.76615363,-0.89298127
-1.0170672,-0.1231709,-0.56515443,0.49265383
-2.3256246,-0.095599656,1.1495726,-0.47070358
0.99194156,1.1071829,0.43158325,-0.81600274
-0.30282357,1.2064312,0.7663256,-0.75087558
-0.20810065,0.30594512,-0.42378046,-0.78783403
-1.2180064,-1.1960348,0.03035777,0.74733777
-1.3498913,0.93138192,-0.41671627,0.87014387
-0.7453308,-0.47245132,-1.042601,-0.33649107
-1.202316,-0.96204271,-1.7693018,-1.2933365
0.74200553,0.94343323,-1.5478665,-0.33592872
0.93733003,-1.7516481,1.1143031,0.44419073
0.81062896,-1.7644711,1.199273,-0.72945486
0.028505466,1.2559018,0.27191065,-0.7178256
-0.39449811,0.93744645,-0.35449002,-0.26912792
-0.083393285,0.63082477,0.14203331,-0.2900898
-0.3017472,0.97890402,-0.22682668,-1.3386382
0.60108273,0.16678102,-2.0073629,0.35196571
-0.56771308,-0.75729845,1.0741001,-0.89268441
-0.46369161,1.5077172,1.6659488,-1.5761093
-0.18062921,-0.25163858,0.026125958,0.73024251
-0.56901372,-0.80918245,-0.13316226,-1.2218513
-1.3398634,-0.92491464,-0.275827,0.66547561
0.77117083,0.45266836,-1.1175381,-0.19811768
0.37020732,-0.36551169,-0.32944646,-0.43770642
-0.37122616,-0.046769872,0.37906455,-0.57765809
0.21472213,-0.44069131,-0.27768746,-0.56787758
-0.25620009,-1.8592928,0.035541139,-0.41887296
-1.2287429,-1.8549839,-0.4533591,0.60015994
-0.90432471,-0.36482066,0.24064742,0.70486153
-0.83088104,-1.694697,-0.6224084,-1.0107135
-1.4555019,1.3717418,-0.76732349,0.028595925
-0.74572475,-1.9605707,-0.081174489,-0.62297299
1.3791134,1.4684646,-0.071725675,0.55667954
1.2830045,-1.7902169,-0.017572011,0.88263981
-0.7858382,-0.16471428,-0.66763427,-2.0645724
-0.10840143,-0.2383402,-0.92370242,-2.3446654
-0.34301864,-0.27035793,-1.1217799,-1.2490088
-0.45542151,-0.49718011,1.1509136,0.0083740109
0.23602615,-1.0393093,1.1070466,-0.29109881
-0.094069257,-1.4661756,0.82981244,0.48209027
-1.266829,-0.72889298,-1.1469588,0.035839693
1.3583484,-0.046813864,-0.1288252,0.39197834
1.9237086,0.45808065,0.33206601,0.58089363
1.1931409,0.6314705,-1.1203936,2.7709037
-1.4757251,-1.1273346,-0.047347177,0.945869
-0.00097043812,-0.90852401,-0.61411228,0.67985039
-0.088747192,-0.1980573,1.1433275,0.60538662
-0.89868049,0.22131404,1.2730358,0.82301712
-0.59883296,0.80374574,-1.1251101,-2.0110226
-1.3241425,-1.2209413,-1.0813622,0.44847804
-0.32225918,0.58270688,0.6717094,-0.70218985
-0.93916715,-0.059240665,-0.98102689,0.24756352
-0.48697625,-0.38940002,0.53218249,-0.79691345
-0.5251326,0.13575117,-0.40427763,2.0527125
0.4027221,-0.16600326,-0.91444756,-0.17407386
1.278349,-0.18765951,1.3790502,0.25866802
-1.1299673,-1.5124183,0.68398186,-1.5240735
-0.25581581,-0.043381412,-1.3985766,0.47654118
-0.99206252,-0.31247456,-1.1937723,-1.6054137
0.18332886,-0.2043279,-0.098138666,1.8795631
0.7651814,-0.13983609,-0.1864765,-2.1013202
1.2564529,1.1379206,-0.07724067,0.50087823
0.67391623,-0.65593672,-0.41026814,-1.0928852
-0.26275636,0.3123001,-0.55608525,-0.61638366
-0.82596002,0.65251325,-0.4464329,-0.19896157
0.36884383,0.199421,-1.2428615,-0.064372792
0.59352711,-1.5786492,-0.26851296,-1.7093838
-1.0703306,1.2366996,0.47412692,-2.1392621
0.72167144,-1.7717248,0.6088525,1.5591911
-0.78959572,0.8765457,0.58403148,-0.50305961
0.35167878,0.73654249,-0.14856321,1.306523
-1.6625493,-0.5721706,-0.22401281,0.10720687
0.88736088,0.091709831,-0.14741777,1.1477797
0.77685132,-0.32933038,-0.96523668,-0.18561739
-1.5266675,0.600846,-0.033816167,0.8474407
1.2059725,-0.86391971,0.081832831,-1.6368857
-2.7998568,0.54258709,-1.7047545,0.89078998
2.4192057,-0.35066665,-0.32603652,-1.3898438
0.31054341,0.25411362,-0.81437052,-1.2801011
-1.0612786,0.30598267,1.0434452,0.0093792121
0.15890239,-2.0401693,1.7839225,0.43095968
-0.6575763,-1.5179659,-1.2244577,-0.67892095
0.16037526,1.147988,-1.3421846,-1.0788544
0.047984185,-1.4535855,0.22979653,-0.70530346
-1.0193329,1.3399271,-1.5367695,0.31575339
-0.97300329,1.4734095,-0.77913139,0.0021029313
-0.316725,-0.49528967,-1.2856904,0.25836856
-0.6185615,-0.93522755,-1.2667308,0.34142121
-1.6060672,-1.2728721,-0.68121103,-0.65829421
-0.23822628,0.71417911,0.47316048,-0.72220807
0.037904982,-1.444977,-2.8601244,1.5931652
-0.42750921,-1.1761632,2.0708475,1.1156289
0.27188923,-0.40965554,0.29362074,-2.7558902
0.79615192,-0.43931872,0.054682451,1.7399716
0.63614842,-1.5665341,-0.80707556,0.85583671
-0.31123174,0.72958949,-1.0688149,1.2076596
-0.12106662,1.0969644,-1.6822826,-1.1029668
-0.086514455,0.2392237,-0.90494981,2.05537
-1.6835199,1.0813439,-0.43374523,-2.3207833
-0.1851308,0.98283383,0.12449435,-0.58515664
-0.43101664,0.52728522,-0.70192447,0.43658514
-1.6414616,-0.83757477,-0.69707918,-0.14521453
-1.698774,-0.32967868,-0.089462113,1.1151605
-0.88811112,-1.1034373,-0.12368556,-1.3470919
0.27163568,0.75943606,0.62351056,0.82152923
-1.3562516,-0.13887563,-2.2650302,-2.2626849
0.29793,-0.34853137,-1.8436422,0.98869981
-0.42384112,0.43172671,0.95164874,-1.5489186
-0.28754299,0.16676884,-1.144082,-0.18037278
-0.28754299,-0.50724156,0.98358276,-0.62372416
0.77572317,0.35604541,-0.073563263,0.72948425
1.084218,-1.3643708,-1.4848045,-1.1001125
1.0865907,-0.37421851,-0.78729321,0.73260193
0.59847279,1.0104257,-0.78729321,0.61842189
-0.92999697,0.14123816,0.51884794,-0.04302691
-1.4267081,-0.18892246,-0.89196016,-0.7985465
1.1046975,-0.30232341,-1.3065645,-0.73765301
1.4082867,1.0713532,1.038741,1.3381095
0.3695139,-1.5439236,1.7102578,-0.75471871
-0.2027685,0.68307796,-1.4124849,0.53207614
1.3280812,0.39258453,0.8999576,-0.62577453
0.55936621,-0.17232991,0.19202648,-0.28207416
2.0854333,1.8301931,-0.8398025,-0.12913644
1.4122959,0.76727281,-0.5567951,0.019175582
-0.56231616,-0.45691642,0.1831163,-0.095914081
-0.41900035,-0.59308066,-0.45890451,-0.29981727
-0.59964785,-1.1535169,0.91952489,-0.37197701
0.40086784,-1.5023935,-1.2102457,-0.18175092
0.073546717,-1.6487665,1.0762561,0.37103187
0.15771633,-0.61250939,-1.5638834,-0.33322176
-1.5836049,-0.033171641,1.3374863,-0.9800773
0.87688351,-0.92691205,0.35921197,-1.3954042
-2.3311486,-0.27880596,1.2465015,0.43697663
-2.1089693,0.30473963,-1.3565892,-0.34802743
-1.8182701,1.6747964,-0.070791518,-0.99444005
-1.7848597,-2.5759185,1.1503844,-1.2235807
1.2976897,-2.5363283,-0.52005053,-1.006501
-1.5841491,-2.2221235,-0.28029309,-0.72350236
0.19876731,-1.7403321,-0.28064443,-1.6660954
0.23826165,1.3699749,-0.93331848,0.37464482
-0.65130065,-0.42520595,0.11219646,-0.64092092
-0.10053592,-0.46547687,1.0176494,0.16836003
-0.10181972,-0.6957422,1.2403853,-0.50131142
-0.31715283,-1.0214743,-0.67810921,-0.61472031
-0.16422903,-0.99291676,0.31616581,0.28099566
0.60239197,-0.52377541,-0.69723175,-0.66039532
-0.8617815,0.54441457,-0.46599215,-0.26414312
-0.46271647,-0.72919371,-1.2325909,-1.9244729
-0.84257962,0.3209046,0.49392307,0.59946396
-0.62407324,0.12800679,-0.7391416,-1.5580302
-0.57896548,0.5443871,-1.0980722,-1.531117
0.21823198,-0.32752832,-1.4442325,-0.68557156
0.25294166,-0.86980102,-0.9586266,0.33788864
-0.31522847,0.039859124,-1.379091,-0.65114922
0.56953941,1.0394035,-0.1991711,-0.89105298
-0.51761191,-1.4931263,-0.6633338,-1.0194756
-0.57309741,0.52543412,-0.34879604,0.74564278
0.39476642,0.40710725,-0.20929059,-1.473695
-0.79918469,0.23194208,-0.75734629,0.18024067
-0.46079288,-1.4058859,-0.49814127,1.1109809
0.84801566,-0.47556665,0.23129848,0.76005196
-1.2910343,-0.014068439,-1.7831375,0.70299669
-1.3862308,-0.40659966,0.31492561,-1.2200487
-1.300948,-0.65321315,-0.56714138,0.17757532
-0.78779144,0.30922373,0.50004851,-0.71541602
0.33180674,0.020293892,-0.64115122,-0.54217559
0.34317925,-0.054305105,-1.324968,0.11243118
0.77248303,-0.94235073,1.6292943,-1.1276573
-0.15828985,1.0445316,-0.87947238,0.48421985
1.1808773,1.1411611,-0.4117682,-0.16735463
-0.81607969,-1.5258895,0.36675811,-0.033594213
0.098898864,-0.20975693,0.50676208,-0.37243687
-0.55087252,0.26159282,-2.3683744,0.0062912367
-0.47461545,0.24523529,-1.9982736,-2.6138726
0.23102752,-0.1868823,1.0622797,-0.56970931
-0.8690391,-0.31382404,-1.8155217,-1.0070146
-0.15602421,-0.56240925,1.5740208,-0.31160786
-0.99280129,-1.3517513,0.14990577,0.16907342
-0.17324893,0.0332131,-0.34182167,0.27428044
-1.8368246,-0.017961618,-0.11267734,-1.0636606
1.4642854,-0.52397972,-0.50646161,-0.055654449
1.5040442,-1.1821994,0.13761068,1.1590058
-1.6966371,-0.942729,0.32485899,-0.16321908
-0.24705833,-0.61785695,0.013440487,-0.75699844
0.97007949,0.060137586,-0.4691141,-1.3246502
-0.75219532,0.66018176,-0.52965617,0.78308176
-0.45683729,1.223255,-0.098897275,-0.78022864
0.60140757,-0.7320581,-0.86501514,-0.26095646
-1.337487,0.2258676,0.51350829,-1.2862204
-1.1711249,-0.62948028,0.42446952,0.1929407
0.73033603,-2.2989306,-0.55742909,-0.59086181
0.21694469,2.0737676,-0.65770375,-0.0008954979
-0.61462829,-2.2941514,-0.028261689,1.1224971
-0.0070018035,1.6499039,-0.85640051,0.45901196
-0.39090293,-0.89637224,-0.24806905,0.066936144
-0.35651903,0.6080325,-0.22711757,-0.019864495
-1.112812,-0.12157636,0.065580234,-0.97945911
-1.7411675,-0.044177643,0.65298375,1.6597519
0.96446085,-0.94112559,-1.5190581,1.1897287
-1.7283049,0.18037029,-1.3417491,-1.5999974
-2.1046403,0.41305515,-1.7182549,1.1612851
1.5891957,-0.63050972,-1.6275771,-1.7881466
-1.8976965,0.25983304,0.47237057,0.26115383
-0.75833077,-0.58718401,-0.43788283,-0.10516627
-3.2261651,-0.43182566,0.92002124,-0.066606371
-0.19109329,0.28873633,0.65506867,0.17299822
0.43168539,-1.4964101,0.27020766,-1.4313373
-0.95469044,-2.3831051,-1.0584438,0.22528646
-0.67313342,2.1086596,-0.86967571,0.61458864
-1.4546627,-0.79555802,0.33154581,1.0828363
2.0171678,-1.5430421,-0.063484706,1.018378
-1.8972448,-0.96586693,-0.85602331,-0.075346079
0.56847998,-0.49059529,-0.40672653,-0.03251929
1.0770027,-1.0903116,-1.4341158,-0.34718424
0.86324783,0.51232502,0.42631195,-1.3005896
-1.2430517,1.1053436,0.27957995,-0.50918437
0.57645236,-1.2256821,0.48355083,-1.3369772
-0.70857891,0.016613893,1.0777992,0.44677436
-0.80817713,1.4103379,-1.2760911,-0.4803904
-1.5557534,2.0431492,-0.74785464,-1.3847183
1.2825838,-2.6385576,0.87273214,0.5096335
-1.226857,0.87571468,0.017187166,-0.62180234
-1.834681,-0.51379769,-1.303848,-1.0071512
-0.23251628,-0.28197007,0.96525835,-0.4186475
-1.2505119,1.7796076,-0.95016405,-0.84570877
-0.457361,2.1571191,-0.35641029,-0.83225477
1.4447809,-2.4081646,1.3774531,-1.0385995
-1.5993362,-0.78881045,-0.96213882,-0.75474583
-0.63965895,0.44515587,-0.75268477,0.40031372
0.24476403,0.8532478,-1.3052866,-0.36885519
0.11676404,1.2375588,-0.24285096,-0.42452401
-0.87049415,0.3027544,0.16084879,-0.38380414
0.33163538,-0.65901368,0.88999791,-0.3438232
0.30594658,0.28629666,-0.091129314,-0.85837594
-1.1774505,1.8077674,0.97240542,0.52495449
-0.80301557,-1.1741236,0.65858525,0.64730272
-0.16935174,-0.46246982,-0.98574222,-0.97396298
-0.77965089,-1.4383881,-1.6678892,0.11203406
1.2576835,1.2577308,1.5738062,-0.7271986
1.2902597,-1.5794455,-0.35020467,0.05863289
0.46811397,0.2933579,0.28066429,-0.56118699
-1.1440064,-0.81523523,1.9356806,0.68303625
1.4607924,0.573883,1.1941811,0.15544361
1.6672983,-0.26112393,0.99596175,1.0751811
-2.0074615,0.21421195,-0.96061147,-0.90070953
0.16828198,0.63479705,-0.10106667,-2.3873815
0.12426783,-1.0641805,0.6364246,1.2899498
-0.43166503,0.057627888,-0.75877507,-1.6824857
0.64824454,-0.81888914,-0.61921764,0.3579205
0.028772834,1.4094787,0.21671468,-0.69930296
-0.81727045,-1.9646137,-0.19716563,-1.3861845
-0.3982654,1.6389645,-0.36424862,-0.79382293
-0.62586473,1.4976356,0.10147921,-1.1029159
1.3051696,1.516125,-0.48895319,0.68443466
0.24582643,-1.0963008,-1.461809,-1.3958557
-0.96181604,-0.83281525,-1.607656,1.1944698
-0.68789471,0.18871077,-1.595895,-1.0846701
-0.77396941,-0.25248366,1.158796,0.3839673
0.32548945,-0.02843185,-0.2445093,0.088492664
-0.18407625,-0.94567846,-1.369373,-0.74090411
0.7024235,0.69930464,-0.99397282,0.12154244
0.67016006,-0.97199148,0.57228427,-1.2697574
-1.941416,-0.70903618,-1.523542,1.2584517
2.6841676,-0.027725531,1.70904,0.20630334
2.9545541,0.28939155,2.1513781,1.2902417
-0.75673315,-0.97304826,2.595079,0.56869498
-0.21142451,0.8836792,2.1577556,-0.40410426
-0.081548762,-0.45322963,0.51401882,-1.1215819
-0.77589954,1.4553627,-0.89468647,-0.63108356
-1.8809515,-0.34777253,-1.1566579,-0.054969713
1.5453614,0.521854,-1.0574406,-0.57512386
1.6974311,0.63737148,-0.85796709,-1.8914587
1.8347677,-1.2200687,-1.313277,-0.54696531
-1.1860026,-0.42113221,-0.992261,-0.27940937
0.93461515,0.76194072,-0.87080098,-0.95923794
0.29420399,-0.50771023,-0.27427754,-0.95923794
-0.13360372,-0.20918913,-0.2227093,-1.5197445
-0.19459486,-0.63540535,0.27281213,1.1075625
-0.74654705,0.52999913,-0.81416078,0.99552456
0.42232229,1.3001409,-1.3952861,-0.032172469
0.0056004772,0.30302396,2.0511097,0.66489334
-1.0296315,0.27505287,1.91305,-0.11622486
1.3785563,0.12919649,-2.1832847,-0.17647294
-1.6104505,0.03666173,-0.70032151,-0.96060497
1.0715463,0.24252817,-0.25493807,0.31127511
1.0581011,-1.1330572,-0.33665501,0.40038179
0.49435021,0.25037181,-0.079466871,1.0002194
0.13426183,0.6529267,-0.0490742,-1.7318166
1.4034908,-0.46544382,0.94712136,1.2508289
-0.67952859,0.69377082,-0.92387854,-0.85968255
-1.4475006,-1.3463133,0.86411618,0.38218497
-0.89091485,0.5924599,0.25922144,0.22778311
0.59594095,0.21240277,0.72043013,-0.94230475
0.51549106,-0.41080199,0.393145,0.62033861
0.75962796,1.5498302,-0.41803633,-1.1014396
0.094194654,-0.084994863,-0.034215145,0.90727027
-0.51088752,-0.053125992,0.33854436,0.63948179
-0.58962935,0.62501038,1.0401532,-0.25252978
-0.70202366,0.80756203,-0.16245039,0.47249693
-1.3681203,-0.020560725,-1.2366579,-0.5579654
0.26041329,0.26607727,0.76103009,-0.45360571
-1.0629052,0.24548323,-1.2241372,-0.35043277
1.1663952,0.65534521,-2.500169,0.22771899
0.74026649,-0.40910526,-1.9294706,-0.87156723
-0.93240534,0.11858236,1.2058903,0.17962798
-2.6516625,-0.027816092,0.98858852,0.11874173
1.9809025,2.0456209,0.41962304,0.75539227
1.8873336,-0.27565023,0.48189223,0.25306435
-1.6777347,-0.41314891,-1.1183755,0.94068894
0.99216369,0.63933231,-0.84776857,0.3983371
0.91025974,0.71253093,-1.6322018,-0.95130776
-0.47557996,-0.083119156,-0.64358188,0.79144027
2.0097931,0.094163928,-0.090583765,-0.53654755
-1.9931333,-1.079111,1.5415045,0.84334622
1.2451197,1.2592338,-0.2823941,0.64221824
1.7970872,2.0632585,-0.26671263,0.0080812697
-1.0957655,2.4449617,-0.28112407,0.060659907
0.28519719,2.2956355,-0.42500881,0.14538663
-0.61180027,-0.56131743,-1.0708522,-0.087555658
0.1073353,0.79065435,0.91806453,-0.87233867
0.42613404,0.41312922,0.34541256,0.20637694
-0.71240641,-0.33045915,-2.2822505,0.7257959
-0.17572115,-0.26157226,-0.46447871,0.28059358
1.2287863,0.10657305,-1.1454247,-0.44103331
-1.5873489,-0.98005277,-0.57516267,-0.049787585
1.7917327,-2.8315176,1.3423073,1.4341928
-1.1778907,-1.4377823,-1.2602924,-1.7678746
-1.172004,1.1414231,-0.63279506,-0.16022222
-2.4186342,-0.23253967,-1.0950405,0.059485216
1.2932997,1.2672265,-3.1597464,0.20411319
-0.8032118,-1.4010523,-2.7939708,0.17754801
-0.71336668,-0.88704429,-2.6137063,0.64336513
0.24262458,-1.0543629,-0.025830559,0.62675433
-0.43127167,-0.052115411,0.27376398,-0.12424537
-0.28758093,0.5502926,-0.56941765,-0.15370168
-0.16253687,0.3135255,-0.25651875,-0.17381997
-0.97586041,-0.40987974,0.88233436,0.41172732
-0.74211134,-1.1456747,-0.82700713,-0.72948154
0.062603364,0.062281534,1.1903668,2.2464972
0.24210501,-0.92383752,0.81029148,0.63547937
0.21260797,-0.065668142,-0.46653222,0.3950519
0.31860913,0.82823664,-0.059386051,-1.0967768
0.017370298,-0.88210703,-1.1706563,-1.0535006
-1.0721345,0.77900966,-0.026060058,-0.47284149
-0.15349246,1.4527116,-0.23567243,-0.90528405
-1.4977214,1.1187717,-0.090499249,0.05822992
-1.2763324,-2.4281732,0.91920302,0.016395792
-1.6333352,-1.1195907,-0.83617866,-0.71020101
-0.40905642,0.18650634,-0.34467946,0.028019201
0.60362816,-0.052116095,-0.61076413,0.50643954
1.1246212,-0.12561124,-2.5691328,-0.7213303
0.073667798,-0.23808716,-0.93054775,-0.1056447
-0.56147428,1.2075706,0.81110443,-0.29530193
0.26297426,0.3885712,-0.8160394,-0.92492328
-1.0801704,-0.648242,0.10541512,-0.89550157
-0.89968385,0.51606011,0.28421852,-0.54273432
-1.0187931,-1.7635969,0.572114,-1.3427273
0.11025993,-1.8149663,-1.0921144,-0.72636587
-0.48460914,0.26153394,1.1394026,-0.85983967
-0.19493635,-1.1557945,-1.4402056,-1.5946331
-0.14178207,-1.968656,-1.0263352,-0.89996644
0.53332324,-1.8058157,1.0336099,-0.086087047
-0.43344357,-2.0435084,-1.0606366,1.2030404
0.19774404,-1.8069326,0.1090418,-1.181528
-0.49504749,-1.3407131,-1.4796849,0.45156549
0.52830492,-0.33589979,-1.2819394,-0.50215435
-0.85877325,-1.268771,2.4513928,-0.53106333
-0.36418245,1.7692212,1.7436106,0.24355076
-0.24608872,0.79250749,0.2296316,0.33362659
-0.40816913,0.014677226,0.72945786,0.56873035
0.29844189,-0.131262,-2.1917437,0.7294714
0.52976975,0.23061787,1.9856656,-1.2736257
-1.1888175,-1.0800457,-0.44339223,1.4825883
-1.8674723,-0.47293612,-0.33678798,-2.0819048
-1.1659086,-0.045181801,-0.31948049,-2.8903843
1.1775033,-0.31016228,-0.34581624,-2.9738978
2.130048,0.15566653,-1.2698073,2.746859
0.68842516,0.59641237,-0.28293278,2.1310078
0.46727199,-0.35471006,-1.4522356,1.7461311
-1.072711,0.33978351,-1.0652946,0.022007255
-1.0491936,-0.36309368,0.61954326,-0.12912123
-0.47794646,0.70408089,0.50136779,0.56492379
-0.88206069,-1.0716312,-0.67498105,0.72615754
0.17181971,1.0125264,-0.070441981,0.2161856
0.1014775,-1.1192996,-0.3905923,-0.74119431
-0.30644691,0.46705894,-0.14083422,-1.024943
-0.091358089,-0.22294617,0.079197143,-0.63308793
-1.2454932,-0.039400766,-0.55086395,-0.051755645
0.28834893,-1.3327345,-1.5126889,0.33575278
-0.99587162,0.24121281,-0.040991675,0.5976508
0.1203996,-0.21932573,0.37146178,-1.5338733
-1.2880866,-0.21932573,-1.9104396,-1.342987
0.078202449,0.15489188,-1.730988,-0.34658511
-0.73583504,-0.52210079,0.70052726,-1.1670881
-0.8574359,-0.014641384,0.95709149,0.54998924
-0.91472542,-0.43021847,-0.12733176,-0.94041561
1.2637149,0.057288901,1.805037,-0.004327888
-1.602782,-0.022844671,1.7462579,-2.3783183
-0.60812559,0.69649099,1.7469262,1.2337692
0.40362819,1.2164455,0.25668306,-0.098343117
-0.59588048,0.73545866,0.18825025,0.68348234
-0.28735612,-0.98484089,0.083246293,0.67167745
-0.048951237,-1.3105724,-0.76624649,-0.94854399
1.6676318,-1.8977087,-1.3293578,-0.7047543
0.081386997,-2.0772027,0.65941643,-1.3252511
0.93779938,-1.5733344,-0.77401306,-0.99766491
1.2548824,-1.8114838,0.63495665,0.4665263
-0.77970834,-1.1854019,0.13134172,0.62511663
-0.16702518,0.34769551,-1.873584,-1.5567535
-0.16235881,1.5161127,-1.3223632,1.5438868
-0.068413233,1.5437471,-1.1099556,-0.3474869
0.043206822,0.27176062,1.2087363,-1.9318485
0.82080526,-1.2068118,-0.80350249,-2.5765032
0.96110282,0.28039024,1.0652929,-0.4583007
-0.82856108,-0.74449329,1.3042556,-0.17864105
-0.18949215,-0.55231298,0.94290019,0.37818043
0.33151104,-0.64178478,1.0124211,0.33472792
0.54596147,-1.7237689,-0.93048826,0.1032188
1.7696197,1.3874642,0.39007739,0.30965655
-1.6750081,-1.0112378,-0.20666518,0.90064645
-1.5981782,0.64635453,-0.99691401,-0.96106511
-2.4033621,-1.2649999,-0.96285299,-0.70908805
2.490352,1.6016116,-0.11311795,-0.2937661
-2.810018,0.8627471,-0.87166634,1.0371096
1.8538167,0.23242601,0.13241106,-1.6146842
-0.42410342,-1.351842,-0.49370187,-0.53491183
-0.47678571,-0.88587799,0.53648219,-0.56748234
0.2912486,-0.55155298,-1.0251006,0.92656136
0.4256134,-0.37499604,-0.087670336,-0.8970168
1.1504145,1.8215274,-0.85213773,-1.0583848
-1.3479022,-1.8334103,0.56373155,-1.1655833
1.1227213,-0.75561002,-0.58214188,0.23512605
-1.7291263,0.21295853,0.29665488,-0.94686538
0.8497572,0.12974679,-0.40166024,-0.20432353
0.20524415,-0.75741064,-0.220515,0.011162557
-0.38578933,-0.6653908,0.60489749,-1.3841277
-2.2618479,0.69412188,-1.1374775,-1.3070272
-1.7292228,0.72042493,0.10623166,0.26967359
-0.36042491,1.1665601,-1.3082632,-1.4724215
-0.61831882,0.8991844,-1.2809016,2.2822319
-0.21112106,-1.1588186,1.194599,1.478451
-0.67905729,-0.3230563,-1.2538533,0.47275897
-0.64708955,0.31814788,0.55055415,-1.597738
-1.2196118,0.85184754,0.58075625,-1.0990731
-1.2900174,0.77031,0.65132324,0.24418353
-0.43523754,-0.040766567,-0.15495373,-0.24704842
0.964608,-0.98435141,-0.20774729,-0.57040433
-1.5185014,1.0343619,-0.11550662,0.74884284
0.047564661,-1.5620079,-0.16948713,0.26385661
0.77363632,0.38981571,0.15546451,-0.48439732
0.71926593,0.30954864,1.3451604,0.15939882
0.20374173,1.0874243,-1.8939467,0.11331193
0.96713366,0.6333527,-1.8404743,-0.87092284
-0.97221806,-1.1256864,-0.40940492,0.043198976
-0.039598113,0.59622554,-0.14653625,-2.0393083
-0.69730533,1.2228128,0.38759577,-0.47955324
-0.0030939945,1.2786269,-0.37023428,-0.81291376
-0.77268985,1.5297186,2.1528931,0.92971573
0.056481141,-2.0454024,1.6359875,0.29167059
-0.52700493,1.4572477,-1.33977,-0.47969015
0.35938138,2.388694,1.1468382,-0.84019482
-1.0090997,-0.49747569,1.2677466,-1.0731016
0.089494954,-0.36215136,-0.54766418,-0.1069773
0.24504908,-0.57133898,-0.091245009,-1.4665807
1.1318694,-0.031901358,-0.25449768,-1.9586266
-1.3437528,0.28100187,-0.81370606,-0.72687572
1.170857,-0.60714307,0.311181,-1.246257
-2.9132757,-0.43897698,-0.86624908,-0.3602046
-2.3034327,0.38447365,-0.63914392,-2.1446573
1.4047789,-0.15384469,0.36126828,-2.5370668
-2.1396028,-0.53914429,-0.80104028,0.73152905
-0.59094861,0.86047159,0.91734254,-1.0664542
-1.0309143,0.7855345,1.6389476,-1.9859376
0.61771095,-1.5766381,-0.95128009,-1.0068109
-0.39239137,0.91996554,-1.1410031,0.90812425
-0.407872,0.75447763,-0.99971062,0.96490214
-0.95213224,0.13579524,0.1196018,1.0286844
0.58356817,-0.49550059,-0.29916008,-1.1819849
0.0031355378,0.609241,0.30899594,-0.31448323
1.7710789,-0.85815136,0.35337765,0.047991526
1.35399,-0.63161152,0.017932064,-0.97139383
-2.0495383,-0.10644312,-0.55433384,-0.00063854019
-2.0000523,1.2674897,0.6561025,-0.20798374
-0.11936247,0.98435646,-0.38181367,0.099654163
-0.49365926,-0.0040531904,-0.59058787,0.16636752
-0.33394518,-0.5564589,-0.90520835,-1.1661713
0.38490389,0.1016547,-1.1340823,-0.1856447
-0.23710941,2.0026044,1.4167652,0.68111087
1.3763938,1.4362769,-1.3515433,-1.8847345
1.4622842,1.2963084,1.0299297,1.5420513
-1.2115808,1.6512678,1.4607477,-2.0786374
-0.74468284,-0.36398471,2.1425523,-0.22055599
0.12277758,0.7295236,1.5023094,-0.28639081
0.81959313,-1.2087632,0.45872978,-0.64298779
0.0024851957,-1.4066884,-1.231628,0.30293493
-1.6042315,-0.46408386,-1.1921615,0.44405982
0.41259435,0.14568525,-1.6968969,-0.55447996
-0.65754849,-3.0145212,-0.6886232,-0.14364103
-1.2778496,2.7499093,-1.0236931,-0.4557814
1.1359184,-0.10586146,-1.1429689,-0.65491866
-1.5039484,0.64921262,0.48515459,0.99623787
-0.50971816,-0.030498916,-0.74271938,1.3451383
-0.33166884,-0.35039561,-0.28873011,-2.3150716
-2.0530371,0.95212812,-1.2212025,-1.2548792
-1.9475119,0.39605944,-1.2064714,-0.90014251
-2.0401393,-0.32575196,-1.12366,-1.1336045
-0.73071902,-0.72314376,-0.46709732,-0.080416624
0.26625306,-1.3717038,0.92534405,-0.38851465
0.80452188,-0.28558134,-0.41975087,-0.031294382
-4.6258666e-05,-0.60813654,-0.62789507,0.47482465
-2.1394218,-0.60813654,-1.0377636,-0.98717935
-2.3086961,-0.88136701,-0.06409618,0.22334249
2.0105785,0.79646331,-0.10153141,-0.62734266
-2.7762975,-1.276972,0.36847719,-0.67341083
-1.842023,-2.2395691,0.49888976,0.21261639
1.2193966,-1.8500143,-0.19347792,-1.0315981
0.2785392,-1.4014186,1.4176378,-1.0331513
-1.5490344,-0.90038592,-0.73244069,-0.64970538
0.88283468,-0.081451055,-0.89194982,-0.13715663
0.062352485,-0.37636544,0.28530848,-0.73421721
0.50568192,-0.37636544,-0.74727018,-0.16041993
-0.82388911,-0.092859422,0.25093001,-1.2145092
0.28386147,1.6301146,-0.62978238,0.055455829
1.9033189,1.520987,-1.5941906,0.56448514
-0.64682323,0.14716555,1.2452446,1.9333903
-1.2744777,0.7594118,-1.3729093,1.4958415
0.047938636,-1.1348811,-0.40462252,-2.01707
-0.74842859,-1.0179941,-0.98136454,1.770903
-0.21366159,-0.87207475,0.95567353,0.87397763
-0.96054002,0.7695538,0.14825195,-1.4578455
0.57802945,-0.92009611,0.25636583,-1.0458428
-0.93055903,-1.5628198,-0.48564773,0.3691741
-0.043992302,0.5166638,0.56476022,0.86515824
-1.1651501,0.92313495,1.5419999,0.38821493
0.10638597,-0.33560329,0.79360379,-0.82498621
0.11704082,-0.93085587,0.31004778,-1.2497818
0.15779805,-0.24299111,-0.96524109,-1.5042843
-0.61396028,-1.19043,0.30883303,1.6842793
-0.11992229,-1.6987823,-0.87942125,1.6872914
-0.27630555,-2.0464966,-0.66417751,-2.2299226
-1.2156897,-1.0810407,-0.033502695,-1.2453931
-2.0532927,1.8951086,0.19628388,0.77951397
-0.98371792,2.0269807,-0.52415764,-0.30903768
-0.092922199,-1.1899293,0.49568561,-0.60455384
-0.24422177,0.056963067,-0.43134792,1.6313776
-1.0662429,0.31067972,0.02502044,0.34838395
0.37721587,-1.2510831,-0.47314527,-1.6411575
-0.59333561,-0.54900625,0.12506255,-1.2623057
-0.4643914,0.25571672,-0.18443948,-0.63857009
0.23018484,0.62479672,-0.35627889,0.72420377
-1.0179068,-1.3804518,0.41880759,-1.469629
-1.0196471,-1.4291356,-0.10677649,-0.14660488
-0.62606102,-0.26657904,-0.8038746,-0.49974146
-0.12330297,1.126589,-0.0029167147,-0.11599614
-0.18200721,0.32733754,0.39294668,-0.78586651
0.13794841,0.44703743,0.16873814,0.37497953
-0.94960725,-0.28772936,-0.30813361,-0.43293792
1.16344,-1.2199035,-1.4951754,-0.58074508
0.9332546,0.39268075,0.93417611,1.2894292
0.14629442,0.28223687,-0.86996657,-1.5063721
2.0614652,-1.1086623,-0.18436949,1.2667841
2.1980371,0.81817583,0.42229364,-1.8365538
0.64199227,-0.88336219,1.1323565,1.8752054
0.19299805,-0.41249871,0.12925178,1.9298981
0.84887069,0.085631704,-0.17708017,-0.67843918
-1.021692,0.2335079,0.11216349,-1.0341927
-0.60189391,-1.0478446,1.1190909,0.18560769
-0.6242177,-0.1666671,-2.0616485,-0.53829773
-1.3744997,-0.1666671,-0.54001616,-1.1606253
1.0666713,1.0005926,0.0085454154,0.48101959
-1.3803987,-0.98833148,0.80232451,-0.24751196
0.060432425,0.026222021,1.522184,-0.17801997
-0.89499244,-0.52006805,-0.6488689,-1.2301815
-0.20927473,-2.8323093,0.22708876,-0.054462271
-0.74822433,2.1253098,0.093889279,-0.37842426
0.82436049,2.1768926,-0.56913447,-0.24547926
-0.86199416,1.4505437,-0.54802715,0.54215566
-1.3351045,0.91295777,-0.65322196,0.359254
0.040515162,-1.4275627,0.13819551,-0.43693402
1.9147682,-0.87616277,-0.88482427,-0.91984493
0.52645025,-0.67708169,-0.58942904,-2.1908013
-1.5966493,0.63865426,-0.27243673,-0.092450833
-1.2515132,-0.4304447,-0.49869595,1.5081222
-0.62475488,-0.060882927,0.30447024,1.1641578
0.71447187,-0.057735949,-1.1019089,-0.2611137
-1.353193,-0.39009638,1.4681493,-0.045651217
-0.050069103,0.96808068,-1.4075979,-0.93230644
-0.46109781,-1.1059298,-1.8899574,-0.39056125
0.026185942,-1.5716355,1.7612534,-0.16116064
-1.9347598,-1.1774307,-2.1380083,0.30632041
-2.9047129,-0.4199667,0.025521445,0.55194419
-1.6835413,-1.0251109,-0.61061712,-1.3818243
0.051296296,0.65603863,1.1516364,0.20067533
-0.40015399,1.1324237,-1.3360567,0.026193638
-0.30529665,-1.1543958,0.24448996,-0.42520206
-1.3846945,-0.77404525,-0.094752793,-0.11689602
-0.11302701,0.47626503,-0.32332046,-0.66359556
-0.72942201,-2.4903075,-0.6577793,-1.769295
0.73107821,-1.1410409,-1.1188181,-1.1457071
-1.1533262,0.33591476,0.21258436,0.041546844
-0.31770003,1.2791501,1.3843265,-1.0157038
2.5501297,0.94320118,1.6015023,1.1005247
2.2612087,0.68460377,1.2163391,-0.6551527
-2.0114201,0.63000243,-0.015191846,1.3125587
-0.34417027,-1.428827,0.32881692,-0.56971916
-1.4561701,0.54557683,-1.4276667,-1.27932
-0.22882706,-0.61631637,1.1423516,0.017046045
0.6913247,1.1583616,0.14793045,0.8408016
-1.2714622,3.8839923,-0.62194616,0.80055272
1.172351,1.5335869,0.14164232,0.64545228
-2.039457,-2.0898801,-0.78750635,-1.3634339
-1.3252298,-0.43485453,-0.56321444,0.2407591
-2.187287,-0.38474199,0.21279086,-0.89150424
1.697004,-0.13107168,-0.19482752,-1.3817706
1.5896672,0.71657558,0.17105923,0.72065077
1.0153202,0.36461196,-0.45432375,0.24182382
0.027203071,0.49689307,-0.40521423,-0.84508388
-0.11134021,-0.16909522,-0.32002284,-0.5566115
-0.43978917,-0.58284007,-0.7197214,-0.82450994
1.0218557,-0.47761365,-0.13429934,-0.76256044
-0.26248835,-0.046120004,-0.36511143,-1.1199371
-0.13883472,0.62521397,0.024407462,0.078564214
0.59275477,-0.57473799,-0.39646085,0.10625759
-0.67658011,-0.33930789,-0.45438854,0.29254895
-0.28971445,-0.10933748,-0.57323725,-0.90863054
-0.53908867,-0.17204812,-0.16016677,0.42544515
0.9052449,0.25939076,-0.39548598,0.46226826
-0.34554705,2.5905927,0.33591315,0.071059496
-0.81361865,2.2913306,0.0016424777,-0.95320588
1.0708601,-2.0994888,-0.45387093,0.49685433
1.1449813,-0.31316118,0.13070376,0.4089345
1.0535432,-1.3262365,-1.0799858,0.45798365
0.46745265,0.28808625,0.71583961,-1.0189708
0.60744788,-0.23069702,0.52593986,0.32369182
-0.40878102,-0.3640093,-0.82369198,0.59882696
-0.98995047,-1.0370543,0.80177097,1.5781231
0.2938,0.60514773,-0.73304109,1.6689523
-0.42985158,-2.1420625,-1.2161276,-1.4230754
0.099630375,1.4386244,-0.50245171,-1.4957915
-0.98635925,-1.5571532,-0.011367971,-1.3485955
1.3286973,-2.2432088,-0.72872675,0.40075197
-2.0216824,1.0871187,-0.073656862,-0.5167493
-1.1387114,0.12748381,-0.47710843,-0.18253806
1.0992538,-1.3264351,0.57008116,-0.052822741
-0.073135876,0.85563733,-1.4184205,-1.0066551
-1.0219572,-0.92124871,-1.7384321,-0.98636178
0.48826644,1.4640697,-2.1706844,0.20000986
0.2100915,0.99385847,-1.954976,-1.0892099
-0.61133385,1.6665003,0.48774114,-0.98350964
-0.21952541,-0.04397872,-1.4480921,0.14820213
-0.66302868,0.60920645,-1.6294922,-1.3314167
-1.6855645,-0.88541834,0.51032156,-1.2658922
-0.33483301,-0.33814479,-0.39364466,0.2688024
-1.2909494,-0.29654779,-0.88072075,-0.28210492
-0.75353906,-0.72325178,2.0987328,-0.4733188
0.54179408,-0.035404948,2.5737314,-1.0669234
-0.30292848,-0.030868182,0.34768058,-1.0757129
0.22125348,-0.32469371,-0.88659111,0.62437271
0.56359173,0.18840657,0.5394945,-0.25988681
-0.05996759,0.1645964,-0.22604819,1.0340862
-1.1029574,1.267145,0.23656731,-0.7983536
-0.81510616,-1.0290278,-1.0403756,-0.92276124
0.51869652,-1.1392875,0.17739619,-1.0159409
-1.078415,-1.7053459,-1.1852805,-0.99008395
1.1296219,0.24518721,-1.504643,-0.70168353
-1.5330239,-0.34018269,-0.91946769,-1.0539133
-0.95295867,-0.1523636,0.52733982,-0.71203831
-0.36282081,-1.2337259,0.29353759,1.7654451
0.73851794,0.64132446,1.7499428,0.92144065
0.50945325,0.63004174,-0.29842925,-1.5648537
0.55352088,0.9105787,-1.0221569,-0.25851644
-0.22059898,-1.3166524,-1.7864344,-0.51008757
0.30429904,0.61016969,-2.0216923,-0.98395423
1.4557472,-0.58186775,-0.5868829,0.38271297
-1.521094,1.1775188,0.69164546,-0.028177076
-0.97565461,1.0668004,-0.27666694,-0.94363494
-0.34348739,-1.181076,-0.46162365,0.14718626
0.51324392,0.7767072,0.43099762,-0.50142775
-1.0307619,-0.93026214,-0.033606202,-0.019668304
0.89153426,-0.28535024,-0.35279311,-0.58881006
0.58963902,-1.3038385,0.23719845,0.077197098
-0.7865822,1.5576482,-0.77549589,-0.4187671
-1.2008078,-0.81961695,-1.0555575,0.0089261529
0.38281893,0.55616297,-0.090287377,-1.2312849
-1.2267497,-0.69392818,-0.37148279,-0.061367674
0.78578874,-0.35655354,0.74424814,0.41727019
-1.046844,0.046264131,0.34961188,-0.26907334
-1.4702385,-0.58493769,-1.0736469,0.34181248
-0.12593331,-0.098672745,1.2204101,-1.3235077
0.30043351,-0.79663735,2.3630497,0.51475609
-0.73309214,0.23826343,-3.0954449,-1.6589057
-0.019952618,-1.7407962,2.2420305,-0.60838095
-0.05881944,0.69625808,-1.1159209,-2.4513775
-1.6421707,0.10936553,-0.17372788,-0.8638276
-1.6429037,-0.010946817,0.68429954,-0.093430352
1.0563749,-0.18867566,-0.46026991,-0.094346186
-1.2467531,-1.2645031,-0.35751682,1.0823117
-1.2822932,1.234313,-0.39053144,0.15677819
-0.3868022,-0.88171409,-0.71125148,0.17702249
1.3941274,-1.2079397,-0.59008998,1.0890236
0.8941009,-0.42850082,-0.22942532,0.64759318
-0.84548541,-0.48627502,-0.28327111,1.3068964
-0.61901405,-0.48627502,-2.7971538,-1.7067376
-0.73612627,-0.56239204,0.13637107,-2.4299796
1.2886295,1.2191342,-0.33318637,1.0722978
-0.49680131,-1.0588908,0.19207009,1.4372412
-0.7611421,-1.3705401,-0.36018221,-1.6525907
1.0028183,0.084990942,0.56580436,0.39760995
0.13869308,-1.7872925,-0.29662891,0.13962523
-1.9010686,-2.219261,-0.39065846,-0.8900561
-1.774013,-1.1185719,0.89939498,-0.28293478
1.237129,-1.1185719,0.89939498,0.47012546
0.66352916,-0.68684393,-1.720873,-0.33699444
-1.3570612,-2.9078803,-0.31568354,-0.47498488
-0.10429111,0.35171809,0.079128303,0.0011136763
-0.12946016,0.29556906,-0.60724147,-1.0890501
-0.088301748,0.29687191,0.72022851,0.49025883
-0.12336343,-0.14628405,0.7185453,0.12093285
-0.43166307,0.86778103,-0.56542555,-0.91608167
0.044693148,-0.75825204,0.38382194,0.88638743
0.20398164,0.68605345,0.96419283,0.0081989893
-0.30486334,-1.2107651,-1.3640873,-0.90548756
-0.90872671,-0.38596468,-1.5103815,0.7680811
1.1939804,0.48203835,-1.0526909,-1.4943101
0.76811422,-0.308498,-0.070108522,0.085493614
-1.5130173,0.14277944,1.7107031,1.6446538
-0.69978584,0.76798457,-2.4201603,0.76926134
-1.7411243,-1.3137028,-1.0811784,0.73191543
1.2244293,-1.790115,1.574348,0.83496742
-1.7966099,1.3966887,1.1458859,-0.44832894
0.027267089,-1.7532359,1.5123336,0.43819186
-0.10757012,-0.30048988,-1.7161006,-0.24223173
0.12645258,0.64657034,-0.17846822,-0.10566804
0.60181043,-0.92051334,-1.733579,0.62549707
-1.6352422,-1.7674203,-1.3805514,-0.72810837
1.1704634,-0.14292135,-0.33175971,1.5123271
1.9599704,-0.70225131,-0.58511953,-1.4703744
-2.0650376,-0.6802396,0.64466693,-0.8151376
1.2745273,0.20643826,0.83632698,-1.2797915
-1.5361644,0.031904574,-1.0532813,-0.69821982
0.44354874,-0.37277601,0.48904752,-0.91396766
0.50013926,-0.044207939,-0.17797211,0.64215615
-0.40352228,1.0741827,2.8406036,-0.11837184
-0.1153198,-1.0917749,-1.4420848,2.1632221
0.33994083,-0.19215609,-1.2120411,-2.2036342
-0.68999855,0.24474675,-0.61170627,-0.052837826
-0.09380843,-0.69858542,0.70330001,0.12840954
-0.18544495,0.60384621,0.02293953,-0.86332065
-1.4142475,0.67719594,-0.33810855,0.051961467
-1.6004562,0.14676673,-0.038285207,0.30542046
-1.4867918,0.18367563,-1.0679699,0.27098765
-2.1606079,0.29437089,-0.62615566,-1.1324932
-0.1845807,0.96014831,-1.5945375,-0.53172182
0.61410778,-0.44241111,1.373674,-0.21931622
-1.1685723,1.4041735,0.07667255,0.36973396
0.38547087,0.87124953,-1.676811,0.26202054
0.78220589,0.39948158,0.88664115,0.17801335
0.8301483,3.692185,1.142884,-0.78802278
-0.40909848,-3.7365277,-1.0771437,0.30305926
0.070922358,0.66798064,0.70597883,-0.65560243
-1.3919171,0.44689641,-0.035111825,0.51755517
0.84613336,-0.94567202,-0.31873635,0.57485673
-1.6239683,0.60849541,0.008784393,0.32528231
0.80224621,0.12646013,-0.55331162,-1.2633657
1.1373011,-0.28319889,-0.01059973,-1.1536769
-1.3188204,-0.14115784,-1.0436213,-0.23974701
1.2978052,1.2472825,-0.78538253,-0.64779022
1.1614926,0.037270298,0.41022159,0.017270153
0.40678882,0.0031362507,0.57094336,-1.0641018
-0.70143126,-0.76676538,-1.9191654,1.3526648
1.1571368,-0.37504185,1.2875138,0.52565423
-0.32089599,0.56417515,1.0031422,-0.014011272
0.14958943,-1.5759384,1.5245894,-0.0056629944
-0.91703143,1.5009812,0.4341757,-0.44856989
-2.7371069,0.52160602,1.3243018,-0.45041664
-0.63669974,0.14916608,1.2045087,-1.1686588
-0.34239449,-0.95719219,2.1102463,0.76476597
-0.78364709,1.0506751,-3.2057454,-0.31308689
-0.74688576,0.38016094,0.93560872,-0.25468279
0.17657814,-0.789944,-1.3991206,1.3140049
-0.39583534,0.46590129,-0.43368678,-1.0591105
-2.2127903,-0.66504039,-0.034909037,-0.73817066
-2.9056601,-0.06727223,-0.7154816,-0.22814323
2.3581787,-1.0767575,-0.39658951,-0.44202897
0.40031299,-0.59008817,0.39673878,-0.35277741
0.25956015,-1.3960281,0.31575287,-0.6622093
-1.3826228,1.054164,0.12761739,-1.107519
-0.15563972,1.0843337,-0.57534427,1.023798
0.64004275,-0.57536799,0.90309582,0.82174254
0.85766274,-0.24308719,0.36762882,-1.5754809
-1.2268764,-0.18466457,-0.17818642,-1.3601955
-1.5283157,-0.71310583,0.95218623,0.81183246
-0.48135771,1.289155,-0.013455801,-1.1408775
0.29402421,1.1949898,-1.4186392,-0.84691878
0.57840455,-1.3368525,-1.1282678,0.40593094
0.18636163,-0.93525549,1.5074008,0.40593094
2.3203532,0.14336686,-0.77655779,-0.0050311228
1.4974868,-0.45677195,-1.2997485,-0.28750616
0.43665344,-1.7033788,-1.2304036,-0.011541062
-0.67089005,-2.1104086,-0.11967389,-0.12546014
-0.39755057,-2.2741851,-0.15290415,0.36489067
-0.7920316,-1.8244972,-1.1541636,0.25540849
1.0721061,-1.9984111,0.013541858,0.94348667
-0.56775753,-0.76792955,-0.11803209,-1.7332081
-0.46136943,0.1135436,0.55584246,-1.6398618
-0.48432018,0.48246917,0.90219852,-0.8598783
-0.17296368,-0.63981285,-0.71919014,-1.445488
-0.27454685,-1.8948821,-0.61959696,-0.24608907
-0.52696608,-2.6067286,-1.2202,-0.032854744
0.43175265,-2.5310752,1.0289134,0.49735099
0.078666804,-1.3817054,-1.789611,-1.0856096
-1.0084037,0.89557289,1.291221,-0.98992032
0.53304328,-0.12920724,-0.94284928,0.14108093
0.15255795,0.39585127,0.26766631,-1.3170027
-0.58393037,-0.50576985,-1.2818845,0.45341199
-1.6730138,0.57106062,-1.026359,-0.72730932
-1.2084257,0.90276017,-0.8451014,0.91494126
-1.8945237,0.71610387,-0.38563401,1.1927512
-0.059026406,-0.61389879,0.42726733,-0.32847574
-0.52641627,1.2020248,0.31596653,-1.1845831
-0.59176848,-1.7165835,-0.98998447,-0.18820695
-0.72746088,1.4796481,-1.8606168,-1.7259792
-1.267835,0.57510561,-1.6067024,-2.0279896
0.52870491,-0.93389785,-1.2497255,-1.1390462
0.46027789,-1.4236566,0.3992892,-0.88945846
0.36928222,-1.9804529,0.017424913,-0.93710872
0.018070481,-1.3868815,-0.92648041,-0.00089688447
-0.0029375683,-1.5685619,0.57540319,-1.3061526
0.26709736,0.82477483,-0.47860703,0.54674867
-0.19657708,1.3750574,0.77054092,-0.20183299
-0.42275684,1.3141246,-0.89492466,0.087840698
-0.23474004,-1.6273135,-0.45037734,0.25883521
-0.94363909,1.6481854,0.63693223,-0.82147141
-0.92297386,0.47759642,0.40081313,0.60483071
-0.51325756,-0.62773456,-1.0279263,-1.2887097
1.1688331,-1.0995931,0.62888875,-0.24051116
0.76274678,-0.38578668,-1.1315979,-0.91939441
-0.11868449,-0.32406728,-0.8871688,0.98837628
-0.023324151,-0.44792087,-0.28747558,0.20680583
0.41691032,-0.27909621,-2.1837241,1.4906123
-1.1735759,0.15519951,-2.449186,-0.65617735
-1.260594,0.12648346,-1.5946564,-0.1042406
-0.2117574,-1.3671377,1.0250355,-0.1859753
-0.67786849,0.36935508,-1.0795323,-2.2210027
0.53924983,-0.69888225,-0.69471463,1.0245159
0.31398235,1.186474,-0.038661183,-0.89827046
-1.1189945,1.0170442,0.56182668,0.26144071
0.51416312,-0.26611658,-0.48382409,-0.98237966
-1.2819127,-0.01320467,-0.037786604,-1.7557512
-1.0351643,0.49418302,0.64662047,1.7954983
-0.45181398,-1.0681322,0.61954303,0.94642631
-2.2779645,-0.17285324,0.12190396,0.21898896
-0.80549157,-0.6238169,1.1488137,-0.47455895
-0.99830235,0.040523028,0.71303266,-0.56993044
0.11682914,0.46365055,0.44212307,-1.3137931
-0.98173755,0.30488222,-0.9873103,1.1781734
0.79236517,1.5016791,-1.2750553,1.2485616
-1.1282984,1.3617304,0.9180185,-1.8490838
1.6457999,-1.6813338,1.2910749,0.66019575
0.49644109,1.4064468,-2.1380158,-2.083849
0.3794759,-1.7038182,2.0732857,0.58654659
0.38213324,0.62884046,-1.1343867,0.17541436
0.21766481,-1.2117539,-0.65886052,-0.50853839
1.1326246,-0.92466593,0.35249277,-0.97703543
0.70451104,-1.3747429,0.46155253,0.66450052
0.38239726,1.1895844,0.55735274,0.61858746
-1.2066114,1.3613938,0.53882305,-1.2540302
-1.4232606,1.3455744,0.50049298,-0.15776223
0.69871401,1.646775,-0.89594721,-0.10389565
1.1583089,0.87891331,0.99429132,0.97429097
-2.1576191,1.3054992,1.1310325,-0.56901691
-2.3967703,-0.72805709,0.95839003,-0.054653776
1.9253066,0.26550788,1.7734317,0.13840338
0.18012689,-2.2586184,1.2312689,0.34881445
-0.76948139,-2.5079072,1.3607525,0.43813254
-0.018969938,-1.5879442,0.98172711,-0.92726179
0.074603364,-1.7141559,0.25308518,-0.72422127
-0.21459796,-0.89978926,0.21741038,-0.28298038
0.54098895,-1.8234008,0.3908407,-1.1652714
0.57651722,0.84022593,0.93057173,0.96418751
-1.8981711,0.67623229,0.63267481,0.37724371
-0.76055855,0.90021194,0.015499337,-1.0696334
-0.57476922,0.38537424,-1.4194753,0.81058219
-1.3349949,0.063165082,1.5241107,0.76793039
-2.0452593,-1.141629,2.4260285,-1.2485525
-0.54831359,0.73768909,-2.6833129,-2.3164932
0.04325867,-0.55613014,-1.1679354,-0.46740072
-1.0926213,0.052052575,0.90706013,-0.47386036
-2.3808451,0.61253784,-0.84063295,-1.4950782
1.8878336,-0.53439256,-0.88707326,-1.0685276
-2.6731321,0.82539231,1.4368778,-0.66910215
-3.231712,-1.186254,-0.73460609,-1.6205256
-2.6992715,0.1176036,0.99125371,-1.7868409
-0.85044506,-0.87045893,-0.72738662,1.2389998
0.089559954,1.1653023,-0.18563958,-0.96578742
-0.63189541,-1.9762347,-0.46280556,-0.13813313
0.16083234,-1.916331,-0.32578599,-0.35597975
-0.65259677,-0.29167519,-0.091041569,-0.39128834
-0.43656226,1.0245059,-0.44139954,-0.48968117
-0.55938998,0.76245558,-0.29058277,-0.89912724
-0.13874668,-0.87247067,1.2052922,0.12474013
0.2743789,0.19366627,-1.4398722,0.40685684
-0.27230308,1.0872589,-0.51876281,-0.44996179
-1.6853856,-0.41488744,-0.86959897,-0.46862898
-0.84753895,0.32888291,-0.48036865,-0.18477801
-0.80080655,1.0252405,-0.15454111,-0.20233545
-0.045266485,0.48150835,0.33278258,-0.86024847
-0.56514693,-2.0011173,-0.48737924,-1.2441677
0.18336813,0.086732937,-0.30351532,0.74867392
-0.83519225,-1.0654454,0.61530224,-1.1444655
-0.39036956,-2.0957467,1.2547633,-1.9684726
-0.39797071,1.4327089,1.3240576,1.0760865
-1.0525875,-0.42693831,-0.27181783,0.94594702
-1.0590658,0.23477827,-0.004453839,0.21884222
1.3832214,0.26508083,-1.230927,-1.2470869
-1.8944872,-0.84627981,0.79679507,-0.071309472
1.2734242,-1.2921677,-0.88711467,-2.9140418
1.2497248,-0.20303703,0.2000015,-1.7914177
0.45155355,0.0843269,-1.3635812,0.82326156
0.63182124,-0.30469669,1.2702114,-1.2662871
-0.22331961,-0.081772024,-0.11842295,-1.2944194
-0.045782856,1.8206768,-0.21905573,-0.9111029
0.80697791,0.41942928,-0.29801644,-0.32153361
1.2281886,1.0763945,1.0544534,-0.98909746
-1.6886787,-0.18981269,-0.87448487,-0.094849673
-2.1314089,0.02806665,-2.7655972,-0.2502335
1.5680691,-0.19987445,1.4522798,1.5232684
-0.73253611,0.084623855,0.7384085,-0.047313792
-0.5970338,-0.40302914,1.6673021,-0.09813741
-2.1395714,-0.62201191,-1.9063482,-0.13540126
1.5135241,0.045303879,-0.016722669,0.71001562
0.4345176,-0.19125197,-0.15645575,-0.85103502
0.39478836,-1.209538,-0.53973918,-0.24265795
0.26329384,-0.22714224,-0.12375485,0.14125982
-1.4902496,1.2853231,-0.89716848,0.21318264
0.48892033,0.96957911,-0.14154292,0.30931431
-0.34627018,-1.1319964,-1.3228345,-0.77565318
0.025779463,0.17400088,1.2472594,-0.69511897
-0.92673207,0.66436904,-0.92060455,0.58661495
0.030202077,-0.48560696,-2.1554853,0.34685206
0.18390778,0.089289732,-1.8533268,0.12749108
-0.17026428,-0.58807441,-1.5290194,-0.71348924
0.27875578,-0.021787832,-0.0088293345,-0.51715354
0.75269248,-0.53856772,-0.37599142,-0.4964711
-1.1031101,0.31419512,-0.38899893,-0.54053006
-0.29751896,-1.6071184,-0.070108507,0.55373962
-1.1638835,-0.86916833,-0.20076504,0.089858361
0.037593505,0.5418823,-0.11343963,0.10358645
-0.012626792,-1.4632897,-1.4931406,0.62525061
-0.38843064,-0.94790704,0.87932528,-1.0150381
-0.32625437,-1.1568316,-0.37897377,-1.0150381
-0.41233519,1.2103298,0.035835605,-0.64228216
0.46905579,0.55591539,0.35266163,-1.1031636
-0.90070651,0.84622644,0.11014234,-0.25462649
-0.61815271,-1.08786,0.008181255,-0.10304938
0.24985871,0.73653159,0.88308895,-0.84218946
-1.6449718,2.699796,-0.7644127,-0.50403208
0.74410213,-3.046575,0.60554484,1.6245753
-0.36216337,0.071549604,0.61960015,-2.2969033
-0.016655444,-2.4916377,0.66414719,-1.2025881
-0.75245683,-1.3877546,0.073819876,0.87395853
-0.15392672,1.0766078,-0.56342918,0.17093262
-1.0620412,-0.61872573,-0.73342206,1.8092955
-0.51826974,-0.35728122,0.19129682,-2.0756024
-1.5285856,-0.62245834,-0.42868236,1.5186178
-0.095832658,0.58698874,-0.20744135,-0.42342475
0.50663314,0.089894643,2.2812116,-0.99222117
-1.0463893,-0.8993353,-0.03787237,0.065504885
0.48897506,-0.12901305,0.67781249,-0.08423014
0.75845834,-0.068917697,-0.10908782,-0.23664062
-1.1339686,-1.8041833,-0.48247844,-0.59051537
-0.60114855,1.7558518,-0.51443033,-1.5347422
-0.79372863,-0.14750226,0.56584589,0.63697001
-1.4216245,-0.12565763,-0.81399634,-0.7683789
-1.9134306,0.58317731,-0.78794808,-1.3892262
0.53003516,-2.390105,-0.41428791,-0.66924735
-1.5602577,-0.90976472,-0.91453465,0.12554768
1.3678758,-2.5275888,0.31446394,0.15001544
-0.86888376,1.9254482,0.095446712,-0.80222108
0.37828011,-1.5489083,-0.8353208,-0.40492727
0.44785733,-1.9720538,0.79361606,-0.67551706
0.58181672,-0.0070629775,0.030040696,-1.3214923
0.90051243,0.28739746,1.9202198,-0.69144093
-0.92116857,-0.058665121,-2.1377448,-0.13510113
-0.85920301,1.2531508,-2.906402,-0.08559333
-0.85934986,0.39989447,-2.3488889,-0.013089385
-1.4362902,1.0746319,2.3987291,1.806555
-0.40839843,0.21618332,-2.724393,1.8146388
-1.6019772,-0.7259197,-2.560615,-1.7414591
-0.056278297,-1.3686229,2.5950607,-0.89733933
-0.53775876,-0.36885223,0.14820506,-0.64997176
0.19741565,-0.17089205,-1.6890008,-1.0004068
-0.45826326,-0.27809549,1.0585873,1.2274461
-1.541129,-1.1125634,-1.0680017,-1.9061687
1.5394083,1.2798566,-0.99516665,0.59370145
-2.0439852,-1.1479167,-1.1918552,1.303728
-2.002232,-0.48416835,0.69599479,1.6562446
2.0701411,-0.46952097,-1.1027363,-1.2701243
-2.6050303,-0.016254832,-0.67413823,0.23520399
0.28545389,-0.80550231,-0.66422631,0.19712065
-0.21797891,-0.38908875,-0.76073693,-0.69524065
-0.2191706,-0.34883457,0.89097852,-0.088183986
0.05289914,-0.3568893,-0.56644641,-0.63948892
2.117109,0.76971598,-0.085373255,-0.11974458
1.11723,0.28953787,0.74974225,0.96233831
-2.1899797,0.29865884,-1.5324736,-1.3995019
-0.87030447,0.78791562,-2.5443212,-2.7188578
0.12907722,-0.96040681,-0.82447309,-0.78450877
0.013548444,0.23418147,0.28261657,1.060912
-0.63418796,-0.77583463,-0.45621514,1.3631031
-0.63902448,-0.67117201,-0.75350798,-2.1088449
0.28953192,-0.49037414,0.31981812,-0.76864885
-0.32691292,-0.66896104,-0.029111473,-1.182901
0.57546723,0.69010791,-1.1853519,-0.29828849
-0.82598511,-1.1583718,-0.44310748,-0.57361446
0.37704823,-0.39798537,-0.16794941,0.0620413
0.0027938304,-0.43145444,-0.20627223,-0.057074511
-2.2727265,-0.28573779,-0.41375453,-0.46375467
-1.7095616,-1.2509529,0.67970012,-0.4581165
-1.5535991,0.55904758,-1.5431876,-0.32734065
0.94983093,2.0345687,-1.601331,-1.4037989
0.95152159,-2.1334608,-2.0172984,-0.08401624
-0.8133898,-0.14371381,1.1375466,-0.68126279
-1.0087404,-0.19634065,-0.60704725,0.66270818
1.4787927,0.55522039,0.58748088,-0.080134605
-1.9700235,1.0797823,-0.89306005,-0.013587858
1.0268138,-1.2877976,-0.84279391,0.030975845
1.5276944,0.8867259,0.20389754,0.47556432
0.72885589,1.0066813,-0.037535062,-1.1574845
-1.3256581,-2.8248617,-0.52378596,0.085520407
1.0601769,-3.1755719,1.3947108,-0.88288787
1.2205911,-1.000288,-2.0202249,-1.0713233
-2.2756401,-0.19741063,1.5612914,-0.064828312
-0.2982837,0.083638498,0.61223114,-0.66443732
0.10279295,-0.52567495,0.6407829,-0.77645923
0.71843531,-0.53395412,-0.46854698,-0.63398484
-1.6784297,-0.6849259,-0.24030077,-1.3624952
1.0061911,1.0215697,0.6389005,-1.0887285
-1.2906325,-0.099383767,-0.15152927,0.95093677
1.4700705,-0.4188528,-0.98633969,1.5928252
-2.3068412,-0.22388719,-0.42384217,-2.3207672
1.5623312,-0.84215395,1.4411005,-2.1179496
0.59560129,0.11171059,-0.32297213,-0.33808586
0.57172503,-1.3668857,-0.030600862,-0.95735218
-0.74539976,-0.14543025,-0.89822953,-1.8960033
-0.42752843,-0.58862376,-0.38928925,-1.8739139
0.43518362,-0.78368375,-0.043458034,-0.61971238
-0.10198892,0.38493641,0.77415021,0.93817463
-1.1317173,0.025899305,1.2930264,-0.21817106
-0.56119273,-1.1557295,-1.0830559,-2.3701447
-2.0904455,-0.48256949,-1.8148821,1.5196572
-1.7050953,-0.050137206,1.6890647,0.35511136
0.49835122,-0.25395174,-0.53528802,0.16750543
-0.48934324,-1.6314922,-0.21683765,0.61294771
-1.183319,1.9299465,0.75961447,-1.5442354
-1.7919467,2.2065124,0.73915431,-0.29158475
-0.36517393,-1.5716341,-0.48889668,-0.33650706
1.9708422,0.75553564,0.99165114,0.49047966
1.8128303,0.67691085,-1.4550782,-2.7204537
1.4323534,-0.84353343,-1.4464154,-1.7501583
1.6671689,-0.028524477,-1.7272782,-1.6433331
1.2056542,-0.3781971,-1.9496114,-1.070157
2.1225815,-0.083697642,1.0763955,0.5628806
-2.5080254,-0.70655545,-1.1643735,-0.38196614
1.1481881,0.49159084,1.1785324,-0.49426551
0.65539742,1.1153854,-1.5134942,-0.21006901
0.57741298,1.5310053,-1.82341,-1.4706147
-0.81376803,1.2632078,-2.7203803,-1.8019998
-0.18866475,0.70345907,-0.68266817,-1.4694357
-0.020249526,-0.39768506,-0.039614288,-1.2818951
-0.37343546,-0.43845241,-0.089513171,0.8694866
0.4323502,1.9803781,-2.1357794,0.096482335
-0.9698948,-0.71725961,1.6136713,-1.1103558
1.221959,0.47712734,0.87381169,-0.17902082
0.19944003,1.0148689,0.29535716,-1.2274837
-0.71996358,1.5103991,-0.37860341,-0.081732437
-0.10671126,1.6469638,-0.74850051,-0.12625987
-0.24289443,0.91822267,0.16617231,-0.22077175
1.1035555,0.84839232,-0.67330854,0.1755502
-1.5447969,-0.89391203,0.22591821,-0.67259265
-1.7236601,0.034031643,-0.4526161,1.2714773
-1.3559413,-0.43548751,1.31705,0.48154738
0.37068255,-0.76122657,-2.1650088,-0.88899885
-1.0867567,-0.77251733,0.24459962,-1.8563876
-1.6472257,1.0179738,-0.17791665,-0.43347427
0.52726841,1.7417809,-1.2774066,-0.62493571
-0.6656723,0.92481254,0.40367049,0.70353967
0.043495697,0.0046674076,-0.9766762,-0.20202846
-1.1596743,0.38109301,0.91913199,0.37748043
-0.75648954,0.55897405,-1.4051467,-0.37769675
1.002472,-0.4907481,0.45532842,-2.3521145
1.416744,0.31268955,2.145048,0.46961643
1.1895823,1.1625288,0.1201884,-0.89769194
-1.7464293,0.65429009,0.90975662,0.90526706
-1.3466868,-2.4561255,-1.3737733,0.070274133
-1.519253,-2.8750724,1.3745763,0.19502927
-1.9396953,1.4740085,1.4834122,0.73854229
-1.112465,0.98484465,-1.6129029,-1.7591541
-1.3206705,-1.4863328,-0.15008549,-1.0309472
-0.83808929,-0.16281261,-0.11391365,-1.4731049
-0.38217908,1.1080887,-0.071974928,-1.8089892
-0.86820279,-0.3618287,-1.6425136,1.5793522
0.46430666,-0.72133427,-1.2532906,1.008054
-0.17259018,0.38671085,-1.00192,0.09577571
-0.85104403,0.53794628,-0.57776715,0.002715751
0.84241385,-0.41145085,-0.24606798,-0.041591982
0.99361901,0.26441149,-0.24578006,0.82829779
-1.4015615,-0.64867356,-0.90850747,-1.4517927
-0.14640587,0.37512403,-0.91067086,0.81901236
-0.57711293,0.060293946,-0.17461034,0.12507865
-0.47645131,0.23534437,-0.43646443,-0.42191735
0.13188019,1.1623115,-0.66281931,-0.33344023
-0.42350463,1.0170686,-0.79852878,0.48771486
-0.42726888,-1.447688,-0.24239477,0.38616333
-0.41321675,0.71329101,-0.88302468,0.56899606
-0.72537601,1.3432689,-0.34753232,-1.4251191
0.7889039,-0.12200178,-0.66800629,-0.34176717
0.65711102,-0.71347112,0.20324335,-0.32748061
-0.79692433,-0.7676985,-0.64503163,-0.45771858
0.52134133,-1.6480359,-0.27583711,-0.93297759
-0.74220114,-1.6480359,0.6952376,-0.23332542
0.86478195,-1.2621335,-0.63997284,-0.66850295
0.41054352,0.75533251,-0.96767936,-0.0060545259
0.81003448,0.26062797,-0.52314475,0.68321537
-1.1535871,-1.3572967,0.57317678,-1.5775722
1.6514276,0.74056375,0.11746932,0.75425229
1.0999878,0.1284897,0.44271033,-2.1611835
0.55883683,1.5456433,0.20372107,-1.9123172
0.64503801,0.26737288,0.045449414,-0.64652503
-0.76928456,1.1202568,0.92829514,0.19722912
-0.16292269,-1.352037,-1.1564781,-0.9538522
-0.59314292,-0.74236109,0.94404096,0.27850045
0.29935332,0.05874666,-1.3082796,0.63218372
-0.75612422,0.13054702,1.041535,0.5690669
-0.63224311,-0.43079561,-0.10391286,-0.59512531
-0.064007233,-0.4390324,-0.321708,-0.073659889
-2.1998239,-0.45802061,0.45480775,0.077015723
1.382884,-0.58377217,-0.17713748,0.54391546
1.3443128,-0.74521591,0.2615472,1.2548717
-1.0062794,-0.1305512,-0.024725155,0.84615214
-1.5829637,-0.70668299,-0.024725155,-0.58546005
-1.0290498,1.5551323,-0.27242308,-0.02061234
0.71690236,0.73680303,-0.1321106,-0.67990145
-0.15399117,-0.7133569,0.43782651,0.67056896
-0.38537118,-1.7086131,-1.0588597,-0.91059914
-1.4060088,-0.24627685,0.64818998,-1.3585706
0.45531658,-0.49449012,0.92386736,-0.67438429
-1.0834294,0.68153201,-1.0196063,-0.11190687
0.85859997,0.42868555,-1.0675691,1.0111181
-0.61431099,0.31894408,0.15561764,-0.012502005
-0.81043686,-2.3953992,0.1955018,-0.14580066
-0.033784289,-1.3553427,-1.271265,0.29791239
0.13893401,-0.40825438,-1.0467838,-0.54944086
1.0550735,-1.0196338,0.46383774,-0.26085909
-0.56702013,-0.26723077,-0.40728699,-0.22711767
-0.40079986,0.0077657509,-1.0401468,-0.57068414
-0.078361545,-0.16116428,0.71826039,-0.14422971
0.13600405,-0.10678628,-1.131434,-1.3555722
-0.17324627,0.33396482,-2.2544578,-0.815726
-0.46266611,0.63856096,-1.5174801,-1.6048938
-0.26097348,-1.4535543,-1.0848363,0.55108299
-0.37863541,-0.19206567,0.73835566,-1.1093183
0.38343956,-0.30673925,-1.3537305,0.044454612
-1.3370335,0.21336337,0.97105605,-0.60911993
0.9744297,-0.44270964,-0.90988045,0.50497188
2.0236716,-0.90848541,-0.51404019,0.6347958
1.883274,0.59886976,0.11568166,-0.36396995
-1.5017784,0.28243454,0.53368109,-0.48105609
-0.85503763,-0.47534698,-1.0648229,0.59349698
-0.84129711,-1.0727258,-0.27427319,0.49315515
0.43239905,1.0861566,-0.40457447,-0.71336643
-0.53495765,-0.621255,-2.1886635,-0.81778295
-0.045429086,-2.3595265,2.6455259,-0.40389666
0.25080088,-2.0545179,-0.93693549,0.27886633
0.13209212,2.1271876,0.032131559,-1.7965267
0.33546709,-2.4590455,-0.43185608,-1.9869103
-0.3805244,1.9816264,0.3087492,-1.6963055
0.77154618,0.84545013,-0.4318939,-0.22801428
0.23568401,0.40141777,-0.17118772,0.94076686
0.96969197,-0.68409507,-0.82460595,-0.31691274
-0.10104302,-0.20893426,-0.7451436,-0.46434094
0.049836938,-0.15474737,-1.2049352,-0.79630493
1.5217055,0.5057522,-0.7511387,0.59960549
1.0094375,-1.1650113,0.77052055,-0.057765959
0.20589591,-0.45034048,-0.064495468,-0.39276224
0.20589591,-0.38687004,0.25354447,0.079508146
-1.7297376,-1.5585571,0.28000379,1.4590002
-1.2009668,0.18158608,0.50480649,-1.4943698
-1.0671594,0.094619641,0.97520285,1.6616766
-0.79419626,-0.048143233,-1.2694919,0.51484777
-0.62109223,-0.6239342,0.68384891,-1.632343
-1.2466019,0.29195095,-0.33559873,-1.4244384
0.53046776,-0.2468448,-0.58060577,1.0512497
0.14363121,-2.9681265,-0.43289022,0.74275255
-0.9181795,2.8460246,0.40406596,-0.20373643
-0.53574508,1.8879507,0.91770021,-0.3554175
1.318838,0.50604656,0.68813112,-0.42853919
1.1835101,0.7478342,-0.71042773,0.64644492
-2.1713431,-1.1716088,1.080444,0.60402759
1.1909869,0.47097971,-0.91054975,0.86732292
-0.5084689,0.37876323,-0.074503705,1.9331872
0.17697022,-0.92022006,-1.6117749,-0.081837051
-0.8794928,-0.87983412,-0.31899089,-0.50293504
-0.13194875,-0.46981158,0.044585762,0.84241433
0.37831329,-0.24583869,1.0363101,-0.1828198
-0.56509722,0.76987199,-1.0382168,-0.53978757
0.35367702,0.322622,1.2486039,-0.27926052
0.68664154,0.64172382,-0.30381143,-0.71374909
-0.27445795,0.92655117,0.3702084,-1.3377336
-0.40393904,0.97512971,-0.4779948,-1.1599356
-0.094440827,-0.040592308,-0.22877507,1.7204307
0.16731522,0.12220909,-0.13573797,1.5495327
0.46849198,0.27713321,-0.39657363,-0.48391525
-0.25633938,-0.65545836,1.1869704,0.30636703
-0.42483647,0.66369611,-1.4707628,-1.3466896
-0.18627685,0.54569307,0.86966589,0.46368606
-1.5415898,-0.54854264,1.1783952,0.5066024
-0.83958944,1.8805713,0.48404033,-0.40348202
0.97323239,-0.94621586,-1.0810879,0.039581556
0.12422067,-0.58883913,-0.36844764,-0.6561617
-1.0907635,-0.47690839,-0.36844764,-0.76567849
0.16432509,-1.4446753,0.77110123,0.92297705
0.4939662,0.87212741,0.53806221,1.1311007
1.5942962,-0.1007628,-0.36889675,0.38995807
-1.8635476,1.1125191,-0.10714846,-0.69659692
-2.2130727,-1.1106471,-0.43156982,1.5946459
-2.8636713,-1.2010576,0.94061035,0.60919163
2.2460139,0.9616665,-0.30142601,0.3931445
1.5933579,-0.47066885,0.32619483,0.90823484
-1.6455674,-0.060236695,-0.24288681,-1.1930585
0.12842977,0.78800085,-0.77973986,0.47413073
-0.8825879,0.69740715,0.55457907,-1.4353694
-0.26037312,-0.53621134,-1.3579437,-0.42694107
-2.1288086,0.20882683,-1.0620171,0.10207316
1.0308733,0.13951339,-0.98068859,-0.52434054
-1.3781859,1.2872251,-0.79840897,-0.35142143
-0.74143037,1.7296351,-0.12962133,-0.99532668
-1.136171,0.34865162,-0.28648137,0.64433736
0.51922861,-0.3156216,0.49435985,-1.7342925
-0.74224515,0.035895597,0.1612233,-1.835953
-2.7048377,0.53083736,-0.041955999,-0.87493176
-0.19902653,0.15718188,0.41678749,-0.56231306
-0.50667093,-0.036274193,1.1667431,0.77698583
-0.5278857,-0.54012413,0.86786517,1.1055738
-0.081835836,0.82655149,-1.1468122,-0.27480755
0.11777763,0.18865592,-1.2682729,-0.10341708
0.75052454,-0.19684355,-0.95169316,-0.74978999
0.34790275,0.24020135,0.9156066,0.44337492
-0.41688903,1.5935204,0.69740103,-1.1908644
-0.46619813,-1.310592,2.2187231,0.057540164
-0.66683023,1.7558996,0.88238266,0.058024648
0.64441019,0.68622197,1.7637421,0.038031571
-1.1631498,-1.1790154,0.75136951,-0.42222469
-0.027198239,0.085574113,1.5171548,-0.7120546
-1.5388632,-1.715,0.92602095,-1.0455448
2.2453285,0.58134177,-0.067660014,-0.086324623
0.89611299,-0.10657312,-0.71662452,-0.24183494
1.7028192,-0.20768465,-1.3203191,-0.47955967
0.7337188,1.6184084,-0.077992189,-0.42773222
1.4720993,1.4081793,0.52834571,-0.96190405
-1.1312231,-0.1516359,0.43897956,1.1312755
0.74065646,0.67874423,2.7151194,-1.4690426
