"beta_overall","beta_novice","beta_inter","beta_expert"
1.3085559,-0.20809066,-0.87179878,0.55095674
1.5567425,0.41368156,0.30900092,1.0036467
-1.9266758,1.7829072,0.20128528,-0.34258992
-1.9698306,-0.94536862,-0.10326148,-0.36818145
-1.8495897,-0.095663135,-0.058176453,-0.2081052
1.355721,0.17841706,-0.72119657,0.27640583
1.8346699,0.5873188,0.54385287,0.60369182
-0.60257506,0.060709497,1.6912475,-0.35203069
0.65759061,-0.32311397,1.7863509,0.45858776
0.096304058,-0.83281857,0.95488645,-1.2505026
-1.7337749,-1.5960856,1.0458337,0.245719
1.3736993,-1.6716869,0.058897738,-1.4756031
-1.6763456,-1.5673918,1.266233,-0.22481349
0.87695901,1.4059851,1.4501396,-0.61838821
0.4928845,1.9007136,-1.4856621,-0.38468098
-1.0300897,-0.85203462,-0.62334015,0.66552245
-1.4507716,0.80942099,0.40208188,-0.21228456
-1.419189,-0.06924871,1.6035498,-0.025343845
-1.6336462,-1.563995,1.2375098,-0.019558579
-1.6697217,1.3233979,-0.24134581,0.21893971
-1.0117623,-1.6258404,0.055430795,-0.58413614
-0.24431531,1.0489613,0.066693974,-0.65496706
0.17156286,0.53461649,-0.18697158,0.19927919
-0.24977798,-1.0545695,-0.70066494,0.47846081
0.51551406,-1.4350743,1.0941928,1.4138411
0.32289607,-1.3902026,-0.55342718,1.6978607
-0.52096823,-1.6103642,-0.086592938,1.6978607
0.72474631,-1.2968059,0.72291678,-1.9053597
-0.39230486,-0.58707311,-0.25244959,-0.27818376
0.77678486,-0.73648359,0.25364402,0.52277619
-0.36920591,0.7688597,1.7230409,0.30332173
-0.016638556,-0.17790219,1.2987977,-0.13659027
-0.44805936,-0.16867693,-0.33447339,-0.27682435
-0.46886569,0.37948374,-0.66333672,-1.1283277
-0.42858545,-1.2284612,0.67920617,-1.2791234
-0.35086397,-0.55777965,-1.5936757,-0.028693883
-0.25299452,0.3511956,-2.1560037,-0.19520745
0.14916642,1.4903167,-2.3480415,0.62894056
-0.34987053,0.56175589,1.909724,-1.6112526
1.2724011,-0.47344005,0.082725392,-0.0074491755
0.13277235,0.096924119,-0.64946987,0.15841571
-0.85953411,-0.99783994,-0.19071933,0.31999451
1.006046,-1.0413238,0.11047059,0.065295134
-1.3243114,0.53412513,1.3414183,0.42089344
0.87622529,0.74495042,0.36523805,-0.27845487
-1.9221107,0.90599469,0.41396979,0.083972773
-2.7242234,-0.93488018,0.069475426,-0.02931318
0.47566328,0.40962532,-0.70399346,0.015047794
-0.21709477,-0.48936377,1.0955954,0.93853773
0.9285724,0.099401998,-0.52920312,-0.47389568
0.079580207,0.85206218,0.76046956,0.20184787
0.15996997,-0.61907546,0.63945084,0.54115475
-0.26811088,-1.70009,0.43333504,-0.096656998
-0.57842087,1.255938,-1.340939,-1.7763784
2.3485243,-1.2491993,0.49720692,-0.77360946
0.37552448,-0.30010357,-0.16162227,-0.28549199
-0.67407965,0.27916349,-0.43287306,0.047751279
-0.31656058,0.56944355,-0.56480537,0.035104404
1.0667478,0.23729014,1.2610859,-0.29720595
0.64640726,-1.4546007,-1.4677062,-0.37989351
1.2760789,-1.8067451,0.44916857,0.24162896
0.39928085,-0.78750266,-0.60303464,-0.3716674
-0.50907261,-1.0855277,1.4051002,0.4414897
-0.80702083,-1.8153564,-1.2118066,0.52123456
-0.3841934,-1.2948033,1.1668748,-1.7290507
-0.0019783132,-1.7077805,0.97822757,-1.5398964
0.44457345,-1.1986038,-0.77289752,-0.72571404
-0.034739813,0.6969953,-0.93083841,-0.064904968
1.5009639,0.13547878,-1.2079195,-0.024791377
-0.50317704,-0.092176238,-1.0202541,-0.082105966
-0.14921649,-0.28907209,1.222331,0.27103865
-0.2433818,-0.33714192,0.49418024,-0.36243799
0.14083865,0.27941456,0.4399287,1.4747789
1.0508378,-0.40192034,0.14905747,-0.26578169
0.08430346,-0.83365223,-0.82853316,0.5443879
0.27202453,-0.48562209,-0.11521992,-0.55151717
-0.18759589,-0.8468361,0.86133044,-0.3553509
-1.3654227,0.09527758,-0.52696506,1.0468269
0.34982437,1.1242849,0.19280315,-0.50904366
-1.0344421,0.58914739,-0.34933269,1.1486307
-1.2371285,-1.3516428,0.33848565,-1.2171086
-1.7250333,1.2182642,0.13447272,-0.31587033
-1.9038934,1.2947808,-0.097948803,1.0746983
1.5967696,0.26200968,-0.027566597,0.93175394
1.6798668,-1.0720012,0.57395782,-1.2851543
1.0658553,0.82693601,0.62958738,-0.93146316
0.76081946,-1.001951,1.0893603,0.36590645
-0.26549349,1.1635256,0.58375184,-1.0124496
1.5175422,-1.0729208,-0.80967263,-1.5564381
1.9306285,-1.501828,-1.1731305,0.3522701
-1.6512082,-0.17568918,0.2829467,-0.10588238
-0.71385123,-0.80459389,-0.16842774,-0.057907417
-0.59241089,0.32167332,-0.45876055,0.35385082
0.74011402,-0.60683981,0.9594634,0.29642768
-0.93663206,1.5143621,1.0959342,-0.23738819
-0.79492797,-0.85146885,0.27679015,-0.1206371
-0.95287507,-0.20689199,-0.21635514,0.061823471
-0.60989658,-0.39900705,-0.2578597,-0.38760304
-1.1471498,-1.3671252,-0.22102454,-0.80153667
-0.605386,-1.4083309,0.21297129,-0.51719012
0.19642691,-1.3477087,1.0406739,-0.3648364
0.65763915,0.96043088,1.6044046,-0.36882058
0.14495578,0.6009335,2.6886382,0.67737357
0.13799716,-0.20018577,1.0044485,-0.9543635
0.23938571,-1.0562696,-0.21259032,-0.86020152
0.46610194,1.3509915,0.42919859,0.41430798
-0.83889726,-0.18574145,-0.37173574,-1.4105618
1.3534157,0.74428935,-0.28055624,-0.93712947
1.0987891,0.69566998,0.69480227,1.7613411
-0.70016445,-0.13026281,-0.7309855,2.2553314
0.39558032,0.0066014684,-1.3806253,-2.4624423
-0.22308019,-2.7985422,-0.076470185,-2.3055939
-0.011146838,-1.6621745,0.13626858,1.4843191
-0.49368078,-1.101988,0.13626858,-1.2197618
-0.58667043,-0.1670068,0.40455215,1.2682775
-0.078632411,0.21449023,-0.37544721,1.0529931
-1.3092786,1.9831826,-0.37751515,-1.3952889
0.8668791,-1.1605387,-0.62263454,-1.7078334
0.65229283,-1.1293058,-0.060279662,0.26097913
-0.017272826,-0.51242496,-0.97075733,-0.6699364
-0.31309297,0.32941707,-1.1563637,-1.0854709
-0.25778528,-0.045369248,-0.82557757,1.4965678
0.63977619,0.11646257,-0.32291143,-1.4521486
1.6465338,-0.43519814,-0.203767,-1.1204341
2.1139684,-0.91236702,-0.0083137106,0.37155372
-0.94048683,0.47346572,-0.75441548,-2.5490974
-0.3682403,-0.037794976,0.47564496,-1.938443
-0.44994895,0.42211954,-0.74809071,1.3113765
0.063157405,0.56354463,0.87340386,1.131295
-0.52628736,-0.70154573,-1.3288653,1.9030096
-1.2685356,-0.62378628,0.7559927,-1.6783528
-0.25145107,-0.27458496,0.54706108,-2.2896824
-0.76194161,-0.71274878,-0.16278288,-1.8799547
-0.212949,0.2162644,0.12325439,-0.0061274315
-1.0683609,-0.2681523,0.34094885,-0.43297674
0.79784964,0.18638178,-0.98106541,-0.20539309
-0.69365414,0.044487764,0.30383783,-0.030849513
0.43904144,0.51348362,0.78495189,0.22182832
0.39227545,-0.15774101,-1.1003364,-0.030565273
-0.67074175,-0.054865682,-0.48668275,-2.2204296
-1.3373811,-0.82664293,0.76569026,-1.2537532
0.79152665,0.41882533,-0.69443659,-0.68334218
-1.256207,-0.26441943,-0.53711282,0.81085778
0.46864852,-1.7286338,-0.09910712,-1.2253552
-1.0577117,-0.88125457,0.7230149,0.95441364
-0.049892923,0.90560698,0.32221934,-0.21942707
0.16070805,-1.0843414,-0.056439456,-0.63098753
0.39174008,-0.4545037,-0.27379575,-0.50875667
-0.53755815,1.4792126,-0.41012742,0.3138102
0.84114891,-1.411043,-0.086937451,-1.7159466
-0.353252,0.82729909,0.41646855,-1.5266846
-0.25427791,0.48776957,-0.54532135,-1.8590562
0.96600908,-1.7757608,-0.15100136,1.9326759
-1.025771,1.2702662,0.3565833,-1.7095124
0.89404099,0.61091636,0.47373747,-0.40610064
-0.98505149,-1.871271,0.26534698,0.69810576
0.23474639,-2.0139837,0.88556101,-0.80281229
-0.89387113,2.2552654,1.2266631,0.022057466
0.72964792,2.7568629,-0.44936619,-0.4927018
0.69460561,1.6384538,1.3183624,1.8041395
-0.45418932,1.4163386,1.3430415,-0.46681296
-0.1141518,0.60193018,-0.40465997,-0.62694412
0.096115123,-0.71071494,0.14816808,-1.1438219
0.60696066,0.44357242,-0.92659756,-0.22751454
0.2701047,0.78690252,0.59845794,-0.15793916
0.43924385,1.2034221,-2.7650068,0.2980484
0.72066244,-1.7072632,-0.76545389,-0.40812151
1.1108268,-1.2061189,-1.2345802,0.45239341
0.7540472,0.84291881,1.4787369,0.49121571
-0.25825646,-0.98330172,1.5106605,-0.25317022
-0.22560649,0.62769083,0.80534925,0.062065172
-1.6099304,0.68629864,-0.45609762,-1.8765552
0.22795764,-0.71425784,-1.4923894,-2.5399221
-1.670386,0.18549303,-0.96920537,-1.9476047
1.3882109,0.50074977,-0.83741514,0.47046383
0.3724588,-1.9925592,0.51785001,0.63601571
-0.54357296,-0.16578471,0.45193888,-0.13122999
0.60536789,0.82152173,-1.9685271,0.059757388
-1.4763333,1.4657756,1.2398703,-1.128693
0.069504075,-1.8501929,-0.51999653,0.96954205
-0.52544422,-1.5002342,0.16558501,1.0382749
-0.74179832,0.29053807,-0.19164071,0.53667988
-0.5361983,0.69780567,-0.20402764,1.6943695
0.88155424,0.14884887,0.059813551,0.47450318
-0.51027959,0.19065007,-0.065000119,1.3057542
-0.0093921367,-0.12321676,-0.26787315,-0.35630689
-0.54478104,-0.24202755,-0.061150848,-0.024062493
-0.1471405,0.55638355,1.5976377,-0.7306935
0.70866967,-0.28512438,-1.9794309,-1.1832582
-1.4332795,-1.083557,-2.6438489,0.12066078
-1.5739777,0.28918428,1.1531029,0.34555259
-1.48954,0.014750355,2.0292198,-0.040469357
2.0549484,-0.10708905,-1.295227,-1.427337
1.5844001,-0.31112529,1.124301,1.1509124
-1.0909737,-1.6546166,-0.95500487,1.9641512
0.44393868,1.3098435,-0.1899038,-1.8421707
0.93760249,0.0088077065,-0.037383357,-0.52090197
0.79367388,-0.17288125,-0.54603591,-0.95796892
-0.33891037,0.44484161,-0.73303162,-0.093718797
-0.64865497,0.9588036,0.23367068,-0.65435823
0.070540054,-0.89941946,-0.442501,0.57408373
0.41979113,-0.28790406,1.7356782,-0.68042923
-0.26707493,1.1787372,1.0231248,-0.56759123
-1.4316748,0.81810193,-0.3626089,-0.79815696
0.93791186,1.360948,-0.32539209,1.1287942
-0.95445386,0.35460098,0.12816769,-1.2725328
-0.84281973,-0.11562258,-1.1811175,1.0657797
0.29644735,0.02087128,1.0102034,-0.60056208
0.85170565,-0.53131151,2.6884441,-0.97760689
0.37735557,-0.45240945,2.2716645,0.63020433
-0.08009361,-2.9625525,-1.5251675,0.23838893
-0.58152268,-2.6641639,2.7998587,-0.0052360637
0.90858156,1.4726847,-0.38942357,-0.20275157
0.32957526,-1.8006011,-0.26860701,-0.43527444
-0.12420062,-1.6793473,1.7821206,-0.34620951
-0.77061365,1.4693757,0.021845771,0.21352205
-1.5107848,1.2823857,-0.38728723,-0.14578316
-0.22173624,-1.5850792,0.14956747,-0.37942801
-1.1130093,-0.97929674,-0.54635273,-0.88502747
-1.7879655,0.11290556,0.89544975,0.086748166
2.2531699,-0.30207104,0.20388293,-0.045927886
2.3001095,-0.88541327,0.41997503,-0.95280977
-1.591612,-0.33935864,-0.30847676,0.3594575
0.79005184,-0.31624837,0.28921693,-0.51148485
0.060064952,0.58758728,-0.12457814,0.39795945
0.61922059,-0.37329072,-0.15722878,0.50764356
0.21511423,0.17354169,-0.092221611,0.86780636
-0.66265131,-0.58494222,-0.14501782,-0.5258544
-1.2417304,-0.1696495,-1.5776686,-1.9609672
0.44608247,0.24730503,1.5878729,-3.2054041
1.3974138,-0.52224034,1.4937328,-1.7780194
2.4849629,-0.24425344,2.4450754,-1.0281504
1.5839121,0.15495162,-2.6021671,0.34771147
0.3010848,-0.23042329,-2.7457494,0.034275395
-0.034809332,0.086361735,1.4970036,-0.62898768
0.060881248,1.440101,-0.13844751,-2.6529705
-0.23022685,0.7279693,-0.29406794,2.2442121
-0.17258785,0.18341885,0.057927237,-0.29788301
-0.18907513,-0.33448966,-0.68413267,0.21086984
-0.16292831,-0.0062884552,-0.44781067,-0.87885803
-1.4217671,-0.11040803,-0.27774811,-1.1625285
0.091023476,0.71767901,-0.46014294,1.0951952
-0.036836789,0.87261225,-0.53395962,-2.4053215
0.14556268,-1.7749224,-0.076329353,-2.1302462
0.23505111,1.5603495,0.34870244,1.3913128
-0.92407817,0.58379733,-0.2161494,0.71511764
-1.1839575,0.38219533,0.3745493,0.42949218
0.64050979,1.7094642,0.62230789,0.5377269
0.21893759,0.16529368,-1.6384306,-1.2497101
1.3204758,0.7301625,-1.4420599,1.0930919
-0.381181,-0.56555353,0.29033031,-1.1425425
-0.89688829,-0.3357951,-0.88411858,0.38497864
-1.1767052,-1.7969422,0.58975622,-0.58852908
1.1484869,0.57258517,0.37889117,-0.040228251
-0.50920106,1.533367,0.81682465,-0.41267225
0.59004302,-0.64304231,-0.4495246,-0.13285701
-0.87077495,-0.87334653,-0.45701946,0.43912874
-1.114045,-0.73469598,0.29441641,-0.58931215
-1.6477026,-1.4333015,-0.053949599,-0.66431281
-0.93679101,-0.7806853,1.0009698,-0.74041023
1.427986,-0.11490472,-1.2036283,-0.50962499
0.2404469,0.18482175,0.77985216,0.64691991
-0.76721551,-0.44094984,-1.1038685,0.026104651
-0.22270455,0.074501882,-0.95030682,-0.57779234
0.083909655,-0.066087001,-1.3051427,-0.11209584
-0.16788678,-0.17734019,0.20352995,0.099544765
-0.33888643,0.49295306,0.42869518,0.45787597
0.39277899,-0.70931895,-0.8277114,0.19401629
-0.6382588,0.15317998,-0.26200176,-1.1107301
-1.773477,-0.45757485,-0.50959126,1.3002218
1.3407145,0.29204342,-0.053715301,1.4089957
-1.4848551,-0.7467664,0.43979467,-0.2373589
-0.28677579,-1.3995022,-0.15277106,0.29881864
-0.91741356,-0.91453359,-1.1034775,0.11346719
0.046234233,0.67941815,0.54984987,-0.19651154
-0.008180451,-0.18212205,-0.64927445,0.44581324
-1.1889794,-0.057833584,0.57362279,-0.45616667
0.13784561,0.71504179,-0.63664653,-2.5320261
0.3047958,-1.2025643,0.245657,-0.32690693
0.029737,1.0541976,-1.1273264,-0.14127162
-0.59908325,0.51535039,-1.2027539,0.13839741
-0.57563132,0.37426303,1.1437368,0.34465523
-0.25614173,-2.3042899,-0.95906316,0.58715932
-0.47050361,1.6524516,-1.1070918,-0.20638479
0.75008928,-0.44693869,0.86821689,-1.8296947
-0.33532269,0.11874091,-1.1247609,0.7872356
-0.65039467,-1.2466423,0.54714681,1.6384336
-0.19147551,-0.69913049,1.0752269,1.5251626
-0.7633865,-1.5687178,1.4079311,-0.92621839
-0.22627761,0.24622763,0.74945321,0.24761655
-0.29912949,-0.39153502,-0.42947988,0.6184428
0.12261704,-0.63652051,-0.73234054,-0.31085291
0.67577211,0.50363298,-0.46151225,-1.0987678
1.0606059,0.64632396,-0.049312988,0.88662405
-0.76347239,-0.19944868,0.040964516,-1.2594767
-0.74969001,-0.49714758,0.056857733,-2.2110821
0.041803762,1.5727341,0.85492923,-0.85755443
0.88526383,1.086718,0.68291317,0.69416376
-0.65092621,-2.8855926,-0.35227623,-0.028305732
-0.241833,-0.73442584,-0.80331956,-0.43870975
0.16277791,0.28227268,0.37510431,-1.0538371
1.1041587,0.12702567,-0.41723799,-0.95877993
1.1431998,-0.57560427,-1.7542561,0.48903331
0.43218417,0.010682856,1.2407465,1.751111
0.92846892,1.1614777,0.19084432,-3.0572458
-1.2776248,0.54107835,-0.29918238,-0.65564995
-1.1790327,-1.364657,-0.83821168,-0.95430852
0.45206017,1.0502951,-1.2047554,0.7183381
-1.2482091,0.89705761,0.79717882,1.0984199
-0.099345355,0.44842375,-0.43580061,1.2611342
-0.1909955,-0.60132841,0.18869826,-1.1138277
1.808363,-0.61283598,0.91879431,1.2458375
-0.73310815,0.79280178,-0.82401289,0.49367774
-0.22435722,1.570256,0.61426936,0.31709343
0.57432803,2.2704507,0.78935372,-2.1460147
-0.88633927,-0.54472916,-0.78047276,-0.74638028
-0.37957097,-0.60570138,0.69781683,0.50346454
0.49980692,0.62648686,-0.82457891,0.24115008
-0.86847617,-0.2881307,-0.94287374,0.49355376
0.42471625,-0.31146775,-0.3987485,-0.091422162
0.81113352,0.1755001,-0.45605619,0.5192525
-0.75898286,-0.12147969,-0.83445047,1.3018993
0.41591797,0.71214797,-1.5358402,-1.1853877
0.24243859,-0.73899732,1.7748892,0.088128885
-0.16611097,-0.30975553,1.3337694,-0.43962529
0.070720529,-0.47799058,1.5028939,-1.715015
-0.58918954,-0.49337228,-0.21629333,1.7092385
-0.896806,0.19416705,-0.98943461,-2.0049611
-0.42343997,-0.30030508,0.10211452,0.40618442
-1.8512424,-0.14658492,-0.88545475,0.77796328
-1.3355183,-0.26868497,0.80799916,1.3660146
-0.3187565,0.098101911,0.51438827,0.8205414
-0.1800086,-0.20588272,0.78281112,-1.184083
1.0324237,0.75439199,-0.43929515,1.1158829
1.3850561,0.63935842,0.9782961,0.64857091
0.0065154818,0.79534787,1.561916,-1.6081399
-0.94153931,-1.4285909,-1.4820348,1.2220496
0.0366268,0.83125828,-0.70899967,-1.4785984
-1.7673592,0.041652086,0.41841084,0.11163846
-0.09514551,1.1718928,-1.0504672,-0.13917545
0.2034192,1.4340645,-0.39845389,0.23745442
0.23946216,-0.22001464,-1.116391,1.3361666
0.21622412,-0.96105232,1.1024046,1.1555959
-0.12787754,0.11451387,0.83162217,-1.3468959
1.0036176,-1.812991,0.6978785,-0.69711789
-0.63839846,0.082161515,0.33763316,1.280652
-0.76948878,-0.19401861,1.1314284,-1.4398156
0.82294204,0.21104665,-0.51065989,0.052621198
-1.7373695,0.019146647,1.727727,-0.13012723
-1.0288911,0.226469,-0.95479825,-0.53326052
0.64398713,1.194682,-1.0105687,-0.14081631
-0.37736515,1.2937894,-0.28567967,0.30784708
-0.4916286,-1.152295,-0.060397316,-0.69828235
-0.40917061,-0.62411488,-0.041540052,0.12226086
-0.52898594,0.74768561,-0.095012378,0.87118638
-0.061451218,-0.89650535,0.41346546,-0.74575155
-0.77250966,-2.0310408,1.4687548,-0.25556937
-0.23827848,-1.4339709,-1.611975,-0.25417343
0.3942903,-0.54955176,-2.687737,-0.30162811
0.023658901,0.33939552,-1.2939784,0.13228817
-0.20146228,-0.45233401,0.070354441,-0.36743912
-0.22208183,0.36648728,0.40275058,-0.1527414
0.079374312,-0.11737876,1.3596692,-0.28468083
-0.38710389,-0.75201526,-1.3516589,0.11850841
-0.46785812,0.46240172,1.2642897,-0.50671074
-0.22385084,-0.56400108,0.84160274,1.530454
-0.57667726,0.85343458,0.60021655,-1.7208291
1.0674561,0.89637493,-1.4862131,1.4779011
-1.0386783,-0.76209275,0.01351901,0.39154678
0.10322325,0.55359403,0.19502009,-0.93574132
0.89510585,1.0885147,-0.069682434,0.26922135
-0.94415417,0.60050523,-0.21540335,-1.0796646
0.67935559,-0.1688547,0.17175798,0.78514058
-0.96510278,0.75600106,-0.61092961,0.82146983
-0.46986358,0.63533211,0.56529191,-2.1176601
0.06024913,-1.0877745,-0.63485908,-1.4697462
-0.31322557,0.71459058,-0.59643377,1.2791632
-0.37251462,0.20190979,-2.2272004,-0.65111547
-0.072903617,0.21546973,0.50628704,-0.4639812
-0.2313234,-0.84111741,-0.4642466,-2.1466247
-0.3809952,-2.463112,0.5048362,-2.1989504
-1.3532546,2.2885958,0.66214947,2.1486197
-0.91705623,2.3589447,0.67749945,0.76824671
-0.74701817,-1.7750216,-1.9775702,-0.076728895
0.44492378,-0.6190814,-1.9891239,0.42257869
-1.7551902,0.68336347,-2.056224,-1.6230135
0.2293849,1.2688846,0.2369971,1.4161427
1.0801905,0.69926986,0.37013324,0.55473448
-0.7896152,-0.66823771,-0.30834093,-0.95949183
-1.307164,-0.61925809,-0.59867274,-0.013334768
0.57493452,-0.56581619,-0.90007079,0.31457491
-0.10642005,0.41915717,0.30714788,0.14367094
-0.027625142,-1.548548,-0.51385727,0.13856575
-0.69510496,-0.37276651,-0.92757844,-0.21093317
-1.0006263,0.3574951,-1.4278453,0.95333115
-0.3155891,0.76507434,0.050200342,-0.85229345
1.3218616,-0.98953624,-2.171718,-0.0013380722
0.29352639,-1.1623633,-1.3253994,-0.52165389
0.47162032,-0.12493689,-0.44037586,0.79954965
-0.42807647,-0.5748994,-0.3139272,-0.61168015
-0.15818702,0.28328355,0.65497443,-0.33532425
0.31729336,0.93551525,-0.58210183,0.30515796
-0.59684086,-0.19390754,-1.4716574,-0.858169
-0.018428855,-0.14856162,-0.36620731,-0.96861927
-0.8980973,0.53495156,-0.61821132,1.1521218
-0.73091551,-0.44228375,0.55953698,-0.51893983
-0.13821843,-0.24038589,0.99553022,0.8655962
0.40391569,0.56505299,-1.077504,-1.457789
-0.74198282,-0.42217196,-0.85861491,-1.3652286
0.043779503,-0.033353386,-1.4614364,-0.65484863
-0.87632103,0.18987459,-0.96428958,-1.1912044
-1.1552305,-0.15358193,0.95834065,-1.4310716
0.53118385,-0.78099641,-0.18270232,-0.34930781
-0.72327447,0.85877234,1.2620753,0.60447084
-0.41597768,-0.96845318,1.2861387,-1.0217342
0.19781613,0.71155341,-0.30867308,0.46338111
0.64595689,0.22496198,-1.5975285,0.52766939
2.7590078,-0.60690588,-1.9958378,-2.0092536
-1.5848652,0.46547755,-1.2599335,-1.7651417
-0.067336338,1.2946746,-0.69614288,1.3097548
0.97242417,-1.5627628,-0.66005819,-2.0107624
-1.2350862,1.5808447,0.63446471,0.76463682
-1.0037679,-2.6288035,0.19204069,-0.4112226
0.58729487,3.189867,0.98198809,-1.2439826
-1.3311145,2.9669039,0.25299372,-0.002457551
1.5703829,-1.7258573,0.6881375,0.83773105
-1.3855709,-1.7258573,1.7382648,0.79412286
1.3465357,1.1590044,-0.14833642,0.170965
-1.9635477,-1.4621136,-0.61373839,-0.85907177
0.037122014,-0.16406652,1.2818463,0.4070066
0.62718629,0.29424875,0.728163,0.23006162
1.2678864,1.3374667,1.1570756,-0.63686223
1.0300457,-1.7832481,-1.2297697,0.26709464
-2.3094573,1.1924242,1.9828304,-0.85113771
-1.9238243,-1.1119465,-1.4487369,0.67128825
-1.0636594,-0.37318365,-0.17112294,-1.1110455
0.89091142,-0.96421129,-0.63096339,-0.25228396
-0.48937295,0.79523899,0.336722,-0.23080883
-0.97217019,-0.35135333,-0.50821466,-0.23539709
-0.73859241,0.84565992,-0.30963195,0.066400972
-0.066593121,-1.1509859,-0.6609067,-0.99334053
-1.2253893,-1.1720486,0.18099273,0.76017782
-0.69664746,-0.85648517,-0.30242107,-1.2591295
-1.0705011,-1.4189323,0.22961459,-1.5318823
-1.3786186,-0.92584162,-0.2663583,-1.5603915
-1.1837967,-1.8025234,0.35249086,1.4884933
0.84735744,-1.8983535,0.5429929,0.3123894
-0.48854665,-2.9454657,-1.0281641,-1.0917822
-1.4922511,-0.12782584,1.3875668,-2.5956369
1.8818635,-0.78659869,-0.25109364,1.9979138
1.8680524,-0.60626894,-0.077893664,2.0041666
1.4881902,-0.85727659,-0.55431572,1.7438671
1.2296536,1.5120794,-1.2247834,1.7753002
-0.44186151,-0.031495111,-1.7612851,0.20666634
-0.16049927,-1.4839699,-0.92817052,1.2264144
0.67795243,2.0767099,-0.10716227,-1.2323222
-1.7841964,3.6702902,-1.8710433,0.024977171
-1.3837848,1.4350523,-0.36782461,0.59484244
0.71811043,0.58594713,-0.29891421,-0.6742941
0.19370322,0.036769184,-0.36361199,-0.47406168
-0.91252039,-0.24477998,-0.90227698,-0.76080529
-0.31930013,-0.036128568,-0.74198324,-1.562027
0.45391155,-0.30330168,-0.87685108,1.4123861
-0.7523779,0.87070019,0.46514913,-1.1044012
-0.013898343,-0.42685844,-0.32468953,0.6551975
-0.38108739,0.078760993,0.6218663,0.65357209
0.13052625,0.23900202,-0.32801858,-1.3308032
-0.79516206,-0.66451312,1.3695534,-0.68180949
1.2693116,1.1639868,0.54281274,0.65453642
-0.74586744,-1.6236376,-1.0360179,0.69057419
0.41774548,-1.3642328,0.2149228,-2.0348864
-0.40801845,-1.4193865,-0.14071111,2.087587
-1.8875569,0.035415294,-0.59968246,2.6807389
0.92854309,0.11955993,0.50599134,2.9069297
-1.0753314,0.11830838,1.3618909,-1.0910466
-0.20929778,0.027926279,1.2994149,0.082381892
0.22632261,-0.084722321,-0.70554222,0.35124899
-0.45112889,-0.12899,-0.92876778,-0.65163378
0.099469828,-0.50420587,0.22401156,-0.040592041
-0.97805552,0.042856419,0.83843902,-0.38281447
-1.5422086,0.39698466,0.98436906,-0.60329294
-1.8462032,0.45378627,-0.38373323,0.25579037
2.1098961,0.69821841,-0.52328797,-0.19478315
-2.0180593,0.38255936,0.38522232,-0.51508485
-0.078976561,1.0135095,-0.1653412,-0.40686427
0.50658159,1.271958,-1.0369327,-0.49331243
-0.3380811,-0.034819467,0.83771257,-0.7096103
0.3705818,-0.4642479,0.66897446,0.55013732
-1.0679148,-0.16063873,-0.50769026,-1.5103896
0.54747572,0.48970516,-0.111481,-2.6734065
-0.62337841,-0.4045371,-0.31028284,-2.4150987
1.0144515,-2.2194349,-0.44214558,0.24620273
-1.0589291,-1.7018729,0.39008618,0.66931388
-0.8091775,0.062348424,0.49251391,-0.27116339
-0.15377218,-0.17228082,0.80781181,0.31073405
0.31728431,0.12084152,-1.17602,-0.66542159
0.34518143,-0.41241344,-0.29361602,1.130972
-0.18665016,0.06295539,0.68063254,-0.72933723
1.0992039,-0.14665899,-0.81263425,0.043069967
1.0364102,0.14277243,-0.73657356,-0.027390303
2.2591049,0.97605107,-0.77683382,0.3590539
-2.6319435,-0.041170632,0.91333776,-0.18284976
-2.5098804,0.56730954,0.62032843,-1.0474292
-0.50038822,-0.3375279,-1.3690357,-0.77371337
-1.4598274,-0.47038258,-1.2451423,-0.5289663
1.006257,0.42633572,1.4201503,0.64179033
-0.3740311,-1.328152,-1.787184,0.17448737
-1.2564233,-1.5709319,0.18787148,0.091037938
-0.19391765,-0.81482494,0.43755841,-0.59154267
-0.22745235,1.6667633,-1.2984597,-1.3753265
1.2113604,1.2264416,-1.3713182,0.80526014
1.4291231,0.30802333,-0.81132091,-0.31970318
-0.53366978,0.41786351,-0.20021354,-0.32518353
-0.84311106,1.1446253,-0.94559531,-0.37942937
-1.2314234,0.3978625,0.77473635,2.5962133
0.24465044,1.5815843,-0.23696909,-1.0705897
0.096838915,0.1544493,-0.0064083661,-1.4737743
0.47274541,-2.6177494,0.45069761,-0.75651266
-1.12035,2.3115976,0.86938475,0.59844466
0.412038,2.1801625,-0.0023840054,1.6085566
0.18693177,1.4759724,0.43409563,-1.9756898
-0.91363878,-0.71164557,0.32921196,-1.394278
0.35342933,0.52990346,1.0857189,-1.4391685
-0.56937653,-0.77964947,1.6672285,-1.4126531
0.18275589,0.90067054,0.93265006,1.3480056
-0.81699326,0.48844097,-0.3970295,-2.3931032
-0.71019094,0.031766261,-0.69313222,-2.6789953
-0.031515113,0.11011896,0.41133848,-1.8762719
-0.36247688,0.7885606,1.1132944,1.9502439
1.7932973,-0.012973373,1.202768,-2.436178
1.505494,-0.47678148,0.16159777,-2.1991749
1.8996645,0.71270082,-0.55825853,0.69342904
-0.4012834,-0.86156385,0.41385105,-0.97616729
-1.2885667,0.61157629,1.3168752,1.071709
-0.16624085,-1.3614803,1.097288,-1.3494027
-0.31774416,1.0752103,-1.2216457,0.79342022
0.99470208,1.3315616,-1.0109564,-0.22389811
-1.1974733,1.1221589,-0.94965371,0.46818739
-1.6165134,0.67538218,-0.84115006,-0.41630134
1.0288833,-0.10694425,1.0648841,-0.54800007
1.0265943,-0.38393155,-0.43108753,0.45435653
-0.38491515,-0.24548152,-0.22538904,-1.0409379
0.42807056,-0.3551902,-1.6910203,-1.3957583
0.34480389,0.93608721,-0.90709904,-0.63431297
1.2138395,-0.35334538,0.97080395,1.4710205
0.91572037,2.0114443,-0.42639998,1.0023165
-2.2536362,0.40928555,-0.012498975,0.10206822
-1.5861721,-1.1187403,0.055497483,0.3043944
1.8700949,0.92732213,-1.4159629,1.1033938
0.90017622,-1.2562303,-0.90077329,0.28220804
1.5431104,0.40075633,0.56666838,0.28220804
-1.6937511,0.85780139,-0.64691256,0.26080384
1.2867392,-0.92106788,-0.54870503,1.5586941
-0.1635714,0.17569759,0.83177694,2.2195005
-0.10996784,-1.9457617,-0.013731168,-0.75535966
-0.2154898,-1.2973393,1.6117364,0.24955807
0.2828581,1.8740347,1.8616579,0.20570823
-0.6695127,0.82278753,1.2263244,-0.19820151
0.16356961,1.5041226,-1.1609298,0.28328847
-1.4002955,-0.22128988,-1.4445153,-0.21645087
-0.55024721,-0.14248955,-1.2463848,-0.61263233
0.060884713,0.10400597,-1.3031584,0.64321378
1.1362869,-0.70717534,-0.54882886,-0.38024011
0.34161889,-1.27522,2.1735964,-0.44675532
-0.54379385,1.4228806,2.7089982,0.013999628
0.37847752,-1.740412,-1.5204574,0.21051093
0.020135245,-1.9489381,0.20951908,0.19456222
-0.5325893,-1.6763711,0.52653611,1.038098
0.2351615,-0.90100106,0.51905847,1.481254
-0.44395055,-0.20751367,1.0089224,0.68840512
0.59819684,-1.1003563,-1.9514789,-0.53084913
-0.43799322,-0.44065918,-2.4846481,-0.12607019
0.086208936,1.483974,-3.4684848,0.12608937
-0.24133827,-0.88522225,1.6803156,-0.93709355
-0.17249143,1.2561157,-1.9079015,-0.77632958
-1.0443812,0.56455967,1.7588522,-0.24738237
0.82483485,-0.58777131,0.19049263,1.0705566
0.30932607,-0.49110761,-0.76478186,-0.74129289
0.61019452,-0.35867273,0.31307759,-1.4846897
0.067100698,1.0637487,-0.63676802,0.62432326
-1.9058453,0.93509821,-0.052861478,-2.2454134
-2.0184003,0.58857614,0.33687154,-0.88052157
0.44431331,-0.40424284,0.92710477,-1.179059
1.1902962,-1.8864409,0.58999502,-0.43083277
1.9709203,-1.7891152,0.51444128,0.34645464
-2.27307,-0.425329,1.2749107,-0.47508307
1.2243777,0.15378753,2.0295506,0.49547703
0.055844107,0.23719982,-2.3468394,-0.82121226
-0.030409578,0.16604193,1.5365802,-0.34801236
0.033607125,0.62299782,0.14280801,0.52785871
-1.0420462,0.44726824,-0.071728373,-0.47867858
-1.5019616,1.7080604,-0.099865859,0.63544134
-0.85702863,0.86971836,0.062116993,0.3247548
0.11882697,1.7936165,0.022945157,0.30842041
0.067990764,-2.2394724,0.11645257,-0.46417503
-0.39159311,1.5331408,0.52951743,0.61819145
-1.393463,0.10759917,0.88784825,-0.70362783
-1.001438,-0.10496671,0.095863421,0.54633751
0.48373926,-0.0020816337,-0.3906337,-0.54626242
-0.16735806,0.38363815,1.4948154,0.296257
0.45210378,-0.43331622,1.556052,-0.25503138
0.48292679,-1.0768145,-1.7480208,-0.11548786
-0.64639301,0.094891781,-1.3943571,-0.72643657
-0.60178736,0.26164295,0.58923345,-0.56543387
-1.4988206,-0.40664872,-2.5390816,0.69625985
-0.47712564,-0.14303483,0.43892314,0.98959336
-0.076904871,-1.4394174,0.073625912,-0.066001224
-1.141439,-0.34413703,0.69312516,1.1443705
-0.70861932,0.38585291,0.14754832,-0.049261428
-1.3928821,0.2819524,-0.55694363,-0.28446385
0.35043744,0.76151103,-0.11706792,0.30275676
-1.2631181,0.096443105,-1.6627185,-0.34434462
-1.3414666,0.52150306,-1.0320225,-0.99711364
0.30811994,-0.23584594,-0.34013826,0.34278613
-0.37136657,-1.2015832,-1.544163,-0.52652532
-0.45297844,-0.88583546,1.7778333,0.13684096
-0.096054829,0.69202944,-0.32731261,-0.78395051
0.19093067,0.31644359,-0.79119174,-0.7555569
0.15938169,0.48370394,-0.82556267,1.6593164
-0.65017844,-0.31197238,3.2133649,-0.85778729
-2.0259775,0.61634335,3.255185,0.51585607
-0.76949128,-0.82052594,-1.129969,0.33284404
-1.8756533,-0.30420812,-0.94448206,-0.33567597
-0.74584028,1.0309153,-0.54688082,0.13556217
1.0410861,1.0838731,-1.3298043,-0.13005157
-0.43968671,-0.34787456,-1.6676657,0.32053659
-1.1385482,0.34901619,0.01193048,0.96941054
0.14460299,0.61524381,1.2064295,0.5082939
-1.0438382,-0.057506626,0.4834733,-0.84589597
0.23724892,-0.070594653,0.26858582,0.4313628
-0.85936396,0.43024747,-0.23387073,1.0740689
0.79136531,0.41834482,-1.353797,2.5740418
-0.46529618,0.61629409,-0.29194961,2.7245945
0.097767186,-0.97100887,0.38604936,1.1806413
-0.031288469,0.61732675,0.5076042,2.3032989
0.04258261,-0.5788604,-0.92053628,1.4416646
0.38538669,0.48512406,-1.7602558,-0.078373063
-0.28360597,-0.2618725,2.1836974,-0.66630493
-0.97529055,0.098227232,-2.283505,0.33062147
-1.107826,-0.17505166,1.1933062,-0.514974
1.3102427,-0.86767824,0.60383969,0.91421081
2.0207805,-1.8418126,0.021863878,-1.3745278
2.1096626,-1.9167373,-1.7910332,0.83900116
-1.2650149,0.29965823,0.6276891,-1.7855079
0.44551934,-0.34770336,-1.0154028,1.1268239
-2.7157081,0.38088882,-0.26283556,1.436601
-1.7297596,0.58061544,-0.9397315,1.1368303
-0.62652595,0.22518112,-0.78853093,1.076433
-0.039297925,-0.92596618,0.48241541,-0.15530463
0.57466594,0.70112164,-0.12447402,1.1170076
0.080285106,0.64564388,0.25241516,1.4503744
1.1022206,-1.4804889,0.22639873,-0.037191979
0.27573917,1.4605971,1.3020047,-0.099583425
1.4506037,-1.5827655,1.2818655,-1.1939716
-0.5124765,-1.2164896,0.28291842,1.0708498
-0.54127089,0.39019978,-1.1661915,-0.92509867
-1.3698581,-0.23101243,0.43756988,1.6174248
0.71313214,-0.86493004,-0.078081522,1.2053283
-1.0547342,0.51963127,0.071793845,-0.41216835
-0.071758237,0.12039655,-0.72050284,-1.2391235
-0.1417721,-0.37492556,0.77837753,1.5699425
-0.32108088,-1.5031572,0.44846337,-1.3997183
-1.3376722,-0.79994076,-1.4404308,0.5554736
1.7856519,-1.1481873,0.40828646,0.59959671
-1.1918116,0.97379209,0.70220016,0.98431039
-0.010585395,-1.4290256,1.3329762,-0.69417253
-0.63038292,-1.3198362,2.1837146,-0.097066514
0.46863257,-2.2820995,-1.0061035,0.41565548
0.71830104,-0.95498879,0.60602138,0.90703654
0.35696561,0.5365532,-0.92166079,1.4826042
-0.94144397,1.6702441,-0.85191695,-0.24678322
0.25403342,-1.478249,0.65450094,0.55623458
-0.0086737188,-0.036889048,1.3918594,-0.61109162
-0.68296471,0.72256225,0.79987033,0.0061350177
1.1670682,-1.069029,-0.6331502,-0.024954233
0.83682552,-0.51692135,0.51840501,-0.97807203
0.8976194,0.43373515,-1.1906803,-0.4400388
-0.92670162,0.54660733,1.1756398,-0.55555973
0.27162614,-1.9812946,0.43257995,-0.6557411
0.32997161,-0.063865688,0.17571827,-0.33207107
0.92090405,0.55883302,1.2252476,0.40513493
0.97774665,0.029308856,-1.6496749,0.8961076
0.89130073,-0.16310529,1.7418252,-1.4636052
0.53039492,0.078137813,0.020904388,0.58977478
0.2089684,-0.72337788,-0.0026381083,0.70506847
-2.5387518,-0.39934819,1.3710512,-0.52192266
1.7943591,-0.066540455,-0.22846822,-0.96854594
-1.7278804,0.067285481,-0.45815526,-1.1086279
-0.83899017,1.7281713,-0.23181172,0.8962188
0.70033484,-1.882048,1.2774148,-0.57610297
0.18676543,-0.38977915,-0.92912781,-0.11473576
0.27580855,-1.011716,0.54880488,0.34150413
0.16500476,-2.0422782,0.1407967,0.51864727
1.3874262,1.6402806,-0.70647731,0.78403475
1.3709784,-1.3704092,-1.4222512,-1.6117828
-0.66789958,1.1586791,-1.2619316,-1.5219381
-0.033763387,-0.4267136,1.0109894,-1.3204779
0.51019467,-0.58190786,-0.44962404,-1.9948783
-0.59563636,-0.71396295,0.57061629,-1.072642
0.30845104,-0.25212209,0.56938071,-0.84947454
1.2045578,-0.05166445,-0.11928301,-1.7682222
0.46016628,0.038448207,0.44379367,1.2899259
-1.3972131,-0.86637664,1.2086387,1.0123434
-2.123778,-2.0045528,0.39594741,1.5133966
1.7950892,0.19002959,-1.2174817,-1.9372682
0.28228183,-0.11191439,-2.0174884,-0.56061578
-1.3282294,-0.37024307,1.8014095,0.045920185
-1.6907342,-0.36354273,0.19906863,-1.6025523
0.097846565,0.65428582,-1.3480477,0.55957098
-0.34527683,0.022779831,-1.7180402,-0.75740407
0.61416215,-1.1860457,0.42461209,-0.24053262
-0.61544194,-0.7334356,-0.58846315,-0.26484302
1.3988583,0.39630242,0.74348638,0.8538138
0.61959114,-0.87058884,-0.059053598,1.1145481
-0.68620638,0.033118051,-0.96429019,-0.61180892
0.20509484,-0.21037045,-0.57110368,-1.1844515
1.0482808,0.42095573,0.50610703,-1.0159639
-1.3498728,0.63243687,0.44238711,0.44321329
-1.0326454,-0.33002775,-0.64787952,0.62490006
0.27550847,0.20024556,-1.1032517,-0.57440541
-0.045406608,0.59593963,-1.0201578,-0.23947326
0.58541211,-0.033668171,-1.407431,-0.54274045
-1.5554989,0.030139042,0.41879787,-0.99465631
-0.75068897,-0.0074259376,0.0070785895,0.78111057
-0.15961863,-1.8447006,-0.87866329,0.76923716
-0.70203228,-2.072312,-1.5195667,1.166246
-0.50417349,-0.014718681,-1.7433282,-1.445852
-0.088734161,-0.99015123,-1.6987034,-0.32143152
-0.20591614,0.59513027,-1.4637644,0.19513443
1.806569,0.70717254,1.101323,0.69749618
-2.2915801,0.67145473,0.40480777,0.59229231
-0.7310992,-0.1910537,-0.34716028,0.39323327
-1.150707,-1.6545911,-0.20389665,-0.60706609
0.61703809,-1.6619222,-1.5425795,-0.6772319
0.57891396,0.20104742,-1.3745172,-0.60640347
1.046962,0.70423818,-0.20219904,-1.1217786
0.12971965,-0.89293195,0.55189419,0.4321554
0.4053257,0.065071043,0.54884584,-0.52538305
0.25956601,0.74925102,0.36522673,-0.68479161
-0.7423123,-0.30215891,-0.70506129,-0.10433406
0.52547189,-0.27737433,-0.034389628,-0.029855449
0.20661504,-0.21353435,-0.56262341,-0.87071159
-1.0334204,-2.1152545,-0.17724609,0.84802514
0.31128786,2.0655811,-0.24732359,1.5981911
0.39596765,1.8232598,-0.13527006,1.8523615
0.013998749,-1.9587501,-0.6045952,0.31714026
0.50177817,2.0544772,-1.0111386,0.55598594
0.62373164,-2.3067555,1.0290197,-0.34396323
-1.5553699,0.86271505,-1.8522588,-1.0321158
-1.0003011,-0.59055527,-0.53578147,0.23800223
-1.2424529,-1.1314658,0.31681021,-1.4573207
0.13529347,0.92287297,0.31679285,0.51827405
-0.99353956,2.8695759,-0.55587114,-0.91732883
-0.98393697,2.994403,0.25934976,-1.1800209
-0.080096516,-1.273015,-0.31481892,0.49112859
-1.4217056,-0.16971613,-0.69960192,-0.1024836
-0.95190854,-0.81662909,-0.17295663,-0.54856994
0.5558891,-2.2939319,0.2156014,-1.0205685
0.60521637,0.70246009,-0.43726794,0.89551973
0.077606201,0.81204536,-0.78279127,0.42477616
-0.46454639,-0.70296204,1.1016857,1.0994924
-0.65348657,1.3755046,-0.67993339,0.93314875
-0.13360789,1.4836497,-0.8405037,-1.323334
-0.4886701,-1.4663489,-0.73068226,-1.4088837
0.094459198,-1.6042702,0.49686924,-1.256646
-0.26332242,1.1321372,-0.21158578,-0.31421028
0.73572593,-1.6755956,-1.5282779,0.38180506
-0.63717398,1.5670217,-0.84057635,0.88005496
0.028074864,0.30251979,-0.34015915,-1.3450862
-0.58298653,-0.41598162,-0.19843217,-0.62430818
-0.043915466,-0.080159659,0.44659505,0.48063266
0.35214441,-0.004649734,-0.030600658,0.45273146
0.29029081,-0.32290945,0.087881728,0.1584773
-1.0904238,0.27239175,0.072021703,-0.30865592
-2.1662371,-0.25914782,-0.072149247,0.84140119
-1.0430124,-1.778475,-0.19409688,-1.1322849
0.93191297,-1.2467153,0.76416566,1.314416
-0.22355554,-0.35326375,0.6070517,1.7178206
-0.66634356,0.41519508,-0.50859501,0.22104168
-1.6234545,-0.14833354,1.6484271,0.13595738
-0.021801009,-1.1333141,-1.8805742,-0.44083598
0.23009806,-0.88594332,-0.42784588,-0.14114131
-0.52744025,-1.8983174,-1.8330012,0.24528901
2.4227007,1.9037572,-1.0528603,-1.4103238
0.25954566,0.10575106,-1.0539223,0.0663793
0.85147226,1.9830215,0.14129446,0.030768405
-1.1781787,2.1168334,-0.23781589,0.079545242
-0.3196475,-1.6062587,0.63507222,-2.1652714
-1.0657571,-0.10551418,0.46099434,-0.41284262
0.65983304,-0.94406622,0.10495533,-1.5803167
-1.2384208,-0.61495911,-0.5995011,-0.47467424
-0.84488657,1.2109342,0.2939371,-0.16866929
-1.1138275,0.38404475,-0.45854596,0.17627608
-0.096693957,-1.1347985,1.7177533,-0.65268301
-0.87900821,0.80660005,0.10170343,-0.62831532
-0.60170165,-1.160314,0.62671244,-0.19497719
1.2137237,0.54453885,0.84392223,0.81027416
1.4520751,-0.23009764,-0.82069438,-0.0094136994
-0.55767539,0.51994069,2.3613978,-1.29285
0.42303247,0.35198102,-2.2640364,1.0240351
0.19202913,0.79612084,2.1462738,0.90425265
0.15837301,-0.96443468,1.6879049,1.2823603
-0.92304913,-0.56957448,0.73000701,-1.9529123
-0.87393333,-0.88540425,0.96444299,-1.8453205
0.048889315,0.020939385,-0.31120208,-1.2018112
-1.0873926,-0.83049266,0.25314957,0.41050241
-0.11676996,-0.51709916,-0.23747949,-0.49837487
0.12602569,1.1814105,0.056245831,-0.51851226
-1.4348179,1.4319856,0.13334205,0.70314685
0.93079249,-0.7968911,0.28425602,-2.3158249
0.020581723,0.74453349,-1.6495419,1.7539486
-0.048865848,0.33329847,1.3425305,0.37484283
-0.73953988,0.27809296,-1.8161105,-1.310354
-1.1007592,-0.91568432,-1.6648219,-0.8449819
0.72810259,-0.43602131,-0.8986033,0.78892956
0.58001832,-0.35018934,-0.32997581,-1.0344942
0.3974127,0.83887703,-0.026631035,-0.17407834
-0.99814018,-1.1935402,1.0125953,-0.25439702
0.87378164,-0.73005265,-1.3556978,2.2954807
-1.3944999,-1.2614136,0.62375424,1.028077
1.7077379,0.804357,0.24980037,1.1299882
1.0364451,0.01618811,0.51419081,1.2559187
-1.9320295,-0.79208968,-0.79813268,-1.1123753
-2.5229943,0.24286053,0.53116082,-1.7789292
-2.0404537,0.1930406,-0.075714502,1.6558709
-0.81407734,-0.066297659,-0.3445445,1.2018679
-0.9588315,-1.0028951,0.11281831,-2.3867186
0.38826037,0.75743894,-1.0841695,2.1453145
-0.19425381,-0.37167845,-1.9061918,-2.5071322
-0.4861936,-0.5302982,-1.5270918,-2.6441599
0.24307479,0.43323329,-1.8925111,-0.68609516
1.0369965,-0.73916641,-3.2133082,1.792128
-1.0434175,0.11391541,-0.5900913,2.4972933
-1.5687393,-0.66844365,-0.06239675,1.8575661
-1.1317228,-2.1926846,-0.25915496,1.6428693
-1.051888,1.6936454,0.38661758,1.2110928
-0.45492419,2.0355755,-1.0606121,-1.448777
0.49804095,-2.0786487,0.21640188,0.53815199
0.83627796,-0.75821001,-0.062913997,0.68557772
0.87707526,0.36620539,0.052711054,-0.60068023
-1.053598,-0.25869502,-0.21980711,0.57243785
1.1065406,-0.29968584,0.22297049,0.049665803
-0.50241763,0.913068,1.1131602,0.000102471
-1.0824255,-0.095260292,-1.4262024,-1.3833999
0.23927749,0.97440707,-0.027626211,2.8505903
1.2241575,-1.985493,1.2347281,-2.8041189
-0.078993318,-2.628067,-0.9975857,-2.7911391
-0.20346708,0.54589469,1.2154215,-1.726399
-0.41853394,1.5399646,1.2047705,0.17198247
-0.064591928,0.76933603,-1.322611,0.56196833
-1.1524233,1.5558568,-0.30605599,-0.38237098
0.58476486,-2.151961,-1.0831654,-0.49340972
-0.43878451,1.5876953,1.1512421,-0.45991416
0.5432759,-1.0205098,-0.72341964,-0.47173208
0.45615746,0.53840913,0.19780862,-0.48897467
-1.2435708,-0.51904259,-0.91014124,-0.78338766
0.79429749,0.30751096,-0.90519671,-1.1823901
1.0007848,0.25525245,-0.70743792,0.79571777
0.72689147,0.03341483,0.16115125,-1.2327432
-0.15481541,0.1810686,-0.15781595,-0.61439102
0.76951428,-0.094282867,0.03779352,-1.1413772
1.022115,-0.33806352,0.44490492,-1.6599842
-1.0644803,0.038524728,0.91534585,0.58407209
0.84423959,-0.34592517,0.55786706,-1.227427
-0.12571145,0.057888264,0.27010747,-1.4021209
-0.25689407,-0.89598858,-0.8651464,0.36812416
-0.19519469,0.86926857,0.81362371,0.56600374
1.3239229,0.93366621,-1.477641,0.33973859
1.2380098,1.56037,1.5936933,-0.88415157
1.8268228,0.018841386,1.8429809,0.61553477
-2.6576097,0.68201196,1.3836695,-0.83555464
-2.0831744,0.21124288,-0.094439628,-1.0055612
0.06471146,-0.16894133,0.41929388,1.1165392
-0.55257064,-0.31013795,0.92641595,-0.9737536
0.32684354,-0.55570952,-0.057043085,-2.0102977
0.29186246,0.58687599,-0.79040111,1.5163972
-0.29833086,0.48386874,-0.87515935,0.65415275
-0.41678355,0.79618975,0.92232205,-1.6166677
-0.08466246,0.13873299,0.76211589,-0.5900451
0.042036106,-0.33068789,-0.45618187,-0.62263346
-0.65519854,0.2505961,-0.69631864,-1.1437527
0.047989312,0.584774,0.64683491,1.1233675
-0.76784291,0.43970592,1.4887201,-1.0269079
-1.2108563,-0.64853442,1.6248139,0.069630537
1.5745256,0.53151533,0.16571122,-1.5119676
-0.56705655,0.067382815,-0.8622205,-0.97816689
-0.028413015,1.3004056,-0.65511133,-0.88346255
-2.5777701,1.2968113,0.58689539,-0.2249887
-1.7332969,-1.6040347,-0.53421072,0.5718449
-1.6063906,1.3971981,1.8464239,0.84271436
-0.92350462,-0.87340738,0.80346963,1.6047146
0.58511825,0.80144024,-1.0594258,0.64663778
1.002874,1.3210795,-1.1615662,-0.18854492
-0.0098580396,-1.3662989,0.9655273,0.45183731
-0.35395497,-2.6263791,-0.9453103,1.3928079
-0.01639057,-1.70043,-0.97337906,0.54963564
0.13654501,-1.5313981,-0.041269822,0.55301956
1.5675534,-0.79445296,-0.10225059,-0.20225699
1.4249469,0.75317579,-0.73718919,-1.739573
-0.05373674,1.0940649,0.52122838,-0.94684184
0.091707104,1.090931,-0.58696057,-0.46400518
-0.63691685,-0.27211564,1.1834634,-0.5190038
-0.51746425,-0.99311118,0.26064755,-0.021174262
0.92804546,1.3660269,-2.1402577,0.69439217
1.2874653,-1.6659327,-1.3736796,0.55538461
0.79386859,-0.4150708,-0.91610755,-0.32511186
0.34801581,-0.91742531,0.10940044,0.38034297
-0.076027704,0.48532707,-0.40731057,0.94698013
-0.77263163,0.013515449,-0.32980378,-0.5656958
-1.1108479,-0.72272856,0.81171771,-1.3841527
-0.22717,0.19439552,0.25954595,0.82034502
-0.67660306,-0.33332271,-0.48148701,0.4721707
-1.1268952,1.0229956,-0.73009341,-2.0382993
0.58009093,-0.051823116,-0.95188196,2.0552696
-1.5703421,-0.16553365,0.13692658,1.9443318
-0.94083132,-1.5954744,0.84147551,1.371865
0.48730998,0.30863954,0.38584782,-0.48568666
0.96249364,-0.40001562,-0.043420864,0.2952223
-0.76856348,-0.16524533,-0.089806737,0.86977391
0.21748628,-0.10681504,0.020666339,-0.29937988
0.57238846,-0.25395002,-0.49508022,-1.0968613
-1.2140751,-0.23689323,0.47656093,-0.99060745
1.2605803,-0.99146372,-0.68155196,0.82577113
1.1640523,-0.57851235,-0.86511479,-1.4703913
0.043887416,0.22889709,-0.99546564,-1.5749652
0.13356596,-0.050443517,-0.27109783,1.6457023
-0.30047421,-0.69815437,-0.4451983,-0.39574826
-0.14382037,-0.8107638,0.91398519,-0.27619473
-0.71276072,1.3647427,-1.4937159,-0.2001994
1.0406213,-1.6799121,1.4964234,-0.061476191
0.050219875,-1.2328863,0.14929319,0.024201947
-0.6725671,-1.2953953,-0.29862533,0.18822178
0.77984352,-1.3329877,-0.27259617,-0.20682005
-0.289437,-1.1309683,-1.4250564,-0.39639008
0.29763305,0.77027955,-0.34407549,-0.56263594
0.47779832,-1.9345484,0.023301993,-0.5418595
0.63709547,0.3307042,-0.74915186,-0.85682436
0.18102078,0.91556625,0.89069593,0.62657664
-1.0166959,0.78282655,0.15549544,-1.1041396
0.34444904,-1.1473185,-0.1736508,1.298386
0.37367319,-1.3043878,1.4749643,1.0699235
-0.88993039,-0.12788024,2.1359512,-1.2099096
-0.66462079,1.999305,1.2978266,-0.23620938
-2.3056926,-1.0964964,-0.8819176,-1.0832429
-1.3127593,-1.2018309,-1.7957424,0.43712831
-0.94712828,-0.72112986,1.1520995,0.20796424
0.48330525,0.4198126,-2.0395151,1.2257576
-1.5767458,-0.5336514,1.8242396,1.6258302
1.1626886,0.41828675,-0.29077529,-1.7354633
-0.36875883,-0.17588363,0.24614025,-0.77917787
-1.3198041,0.20828425,0.37016664,-1.2744004
-1.0684746,0.034978164,1.0882386,-1.4194882
0.8463234,0.21419404,-0.13385444,-0.093336081
0.94449026,0.21419404,0.21520382,-0.10856502
0.6555704,-0.14679243,0.054300925,0.77958021
-0.14215547,-0.17068181,0.31396246,-1.3759899
-0.21114736,-0.41767007,2.9519429,-2.3146164
-0.28852147,-0.39087838,0.92067837,1.4585482
1.2022008,0.10174274,2.3358022,-1.451018
-1.4588706,0.55276093,2.1107476,1.1323471
-1.2283994,-1.8851451,1.3690279,-1.4394654
1.871574,-1.0192785,0.30088793,-0.017941128
2.6345511,-0.83193053,0.80402321,0.4459785
2.2698305,-0.42895692,-0.7325669,-0.34208496
2.2938797,0.21749454,2.1390546,-0.32690121
0.34839233,0.081659929,-0.36951047,0.50260682
-0.13488995,-0.4868369,-1.0403976,0.84793458
-0.68322445,-0.59547307,1.1635337,-0.31849198
-0.12534851,-0.49795327,1.2083399,0.81550774
-0.42717142,1.0156967,-2.4938614,-0.8801269
0.79780544,1.2054859,-1.2205591,1.1357186
-0.44533087,0.59193272,-0.66132279,1.4439614
0.0044804079,0.382225,-0.71036556,0.21471031
-0.15298759,0.033714867,-2.2346996,-0.864376
-0.18889993,-0.44010084,-1.076304,1.3456763
-1.1056733,-0.44435141,0.099684731,-0.90995806
1.0044399,-0.21315106,0.95671225,0.9098912
-0.71713763,0.29871862,-0.12101649,-0.72435209
-0.81721955,0.58762426,-0.08883276,-1.0052173
-1.4436314,-1.2856998,-0.16905879,0.045183476
-0.16168551,0.98606048,0.66643012,-0.74537508
0.92909336,-1.3301904,0.012537731,0.93658691
-1.2491981,-1.0991792,-0.091229838,1.1992103
2.0263885,-1.0812836,1.2325842,-0.40343525
-1.3912502,-0.63866764,-1.5228481,-0.16113358
0.84127568,0.41855294,0.43254349,0.39290625
1.579966,0.53152204,-0.47900164,0.023846466
-0.76875828,0.28563768,1.3686252,-0.15643474
-0.78126581,-0.63477324,0.021690066,0.53407802
0.72716727,-0.003819377,-1.4552875,0.17657773
-0.18562801,-0.47669291,0.027601206,0.17973731
-0.37597011,0.29442627,0.80584862,2.104572
-0.34289796,0.061782387,0.42268074,2.1200702
0.31443761,-0.31738884,0.18414312,1.8081153
-0.28467637,-0.17313537,0.66503909,0.72939446
1.4380569,2.1833794,1.2807127,-0.1707478
0.34278289,-1.5388848,-0.035437519,-0.80013
-0.46977701,-0.18407115,-0.39909513,0.51047752
0.15180516,-0.48575608,-0.99518832,-0.73709914
-0.14608953,0.23962729,-1.4610795,0.68777555
0.97644524,-1.0229421,-0.40474863,-1.3090268
-1.4439023,1.1469339,-0.1231942,-1.6447795
0.54580362,1.1507779,0.52372757,-2.0963906
0.79903479,1.1810851,0.50784394,-2.3876157
-0.30736919,0.8141892,-0.61353771,-2.4568505
-1.2516553,-0.79782419,-0.68471003,-1.8893695
-0.56273398,-0.90361748,-1.5329727,-0.029652763
-0.46140028,0.64054504,-1.3506087,-1.320979
1.3860653,0.73492697,1.1615937,-0.10842503
-1.6812251,-0.74109492,-1.0067246,-0.15318748
1.3586384,0.83190788,0.67672832,-0.7722853
-1.8707385,-0.64333432,1.3522078,0.88943247
1.2947423,-1.2834288,-0.56409941,-1.1269453
1.6062735,-1.6001118,-0.30770526,0.55816477
-1.5964742,1.4997623,0.051144601,0.34208331
1.4708377,-1.5261736,1.1923528,-1.2631796
-0.20235823,1.2677054,1.2451862,-0.63891184
-0.30415373,-0.71526803,1.3692974,-0.65439036
-0.83270424,0.0077062081,-0.84732519,-0.6596405
-1.1725499,-0.69799584,-0.64195239,-1.1598054
0.74412934,-1.2697563,-0.64823776,-0.28360595
0.9331668,-0.15334029,2.0756501,-0.31171254
-0.25792678,0.83697477,-0.25481245,0.039740922
1.2539596,3.2628784,0.088581856,0.75658256
-1.6576281,0.38118483,0.096013273,0.12398709
-1.01741,0.13061582,1.2445282,1.3944722
0.37533078,-0.14253296,1.0112638,1.2599531
-0.63187274,-0.64666722,-0.51500188,-0.59835254
-0.87181739,-0.83747164,0.88054667,0.10314384
-1.3442594,-0.45335591,0.9429853,0.14481729
-2.1324347,-1.8903157,0.2618795,0.52892181
-1.6886083,2.783177,-0.31785032,0.54446622
0.38734172,-0.0095337449,-0.24578903,0.57523608
-2.082862,-0.66371904,0.71470713,-0.79551603
-0.73000017,-0.74596438,2.9338491,-0.35932449
-1.0702602,-0.17301114,-1.1852718,-0.65012684
0.26203821,-0.57908242,1.5386727,-0.76270369
-0.3491281,-0.09590189,-0.63336914,1.1325519
0.65591208,0.44246667,-0.10698778,-1.0018933
0.11763098,-0.51794108,0.60201356,-0.35896553
-0.70748971,-0.08550522,0.27664771,0.039085091
0.91014264,-0.75323941,0.29180114,0.39772719
-0.84210551,-0.22720638,-0.32301796,0.59964852
1.7860371,-0.725464,-0.14305061,-1.6376949
1.1306331,-1.3761128,0.13812197,0.85118364
-1.4751692,1.8794731,0.95783167,0.70235323
1.4690429,0.23099274,-0.89597162,0.48234247
-1.6900144,0.058275696,0.32906177,-0.67308546
-3.2498192,-0.24029016,0.32551623,0.67115397
2.3816545,-1.0514889,0.63640189,0.52183028
-0.17963733,-1.3869326,-0.94714772,-0.5062045
1.5895011,-2.2375691,-0.64411481,-0.43595288
-0.57754315,-0.27020099,0.8150307,0.4370058
1.6183577,-0.35256956,-0.0017945942,-0.37095749
2.8256055,-0.77143829,-0.04605783,0.74068351
0.55080447,-0.85489721,0.52796715,0.70241161
-0.53897263,-0.56456555,1.1713402,-1.1119147
-0.13016709,-0.31711356,0.32710871,0.07913014
0.29630145,-0.32658258,0.75481589,0.083399085
0.45062088,-0.019786705,-0.44485414,-1.3478226
-0.056800907,-0.052520793,0.52322718,1.528479
0.16942947,-0.62281533,-1.3873154,-1.1188715
-0.18528924,0.36763556,-1.8276137,0.21551038
0.42074729,0.47217348,-1.2232451,-1.2887657
-0.32486979,-0.68567297,1.194367,-0.061253163
0.31967968,0.65111329,0.14528015,-1.3152328
0.26968318,0.54331495,1.7957069,-0.31432044
-0.0061701437,0.58192969,-1.3370866,1.621384
-0.15075003,0.017585047,1.3683852,0.28572033
0.35593018,0.092601733,-1.7826119,0.12898851
-0.18993054,0.34236982,-0.74870304,-0.29670604
0.97945813,-0.29002872,0.20486632,0.34327784
2.0780675,1.5819512,0.28759458,0.10091081
1.540217,1.4073796,-0.37536183,0.91590675
0.83949822,1.4395454,0.43407402,-1.1149816
-0.32027194,-1.4809222,-0.6439623,0.70988904
0.082331497,-1.5405529,0.1618642,0.74692845
0.25369912,0.84159429,0.36637226,-1.1535808
-0.17586429,-0.348897,-1.3164473,0.59501696
-2.1233036,0.65988469,-1.6900656,1.0569291
-0.33475625,0.29085317,-0.27942827,-0.20175529
1.0020633,0.8276076,0.20148686,-0.24499832
-0.19413958,-0.48837812,-0.69035021,1.1663977
0.71775448,0.58299985,-0.76535118,-1.5420636
-0.096595616,0.34507633,0.70234609,-1.2343401
0.92243032,0.36094274,-0.75591448,0.72828455
0.81692396,0.45892519,0.38714408,-0.64783213
2.3210599,-0.7337563,-0.090415233,-0.33813484
1.7288461,1.4589239,-0.60907208,0.59421584
2.2667868,-1.1780531,0.99248486,0.11157796
0.74609358,0.49411332,0.48554683,0.16190956
0.79511746,0.68602413,-0.15356527,-0.42437052
-0.5856839,-0.96115319,0.84190572,-0.64014586
-0.19383391,0.72039821,1.1145728,-1.1743973
-0.87179685,1.1434961,0.92172943,1.0163405
-0.24376282,-0.21119448,-0.88882189,0.61273508
0.21508254,-0.45116527,0.99785543,0.36719717
-0.34710084,0.24141459,-0.4476372,0.0087555696
-0.64171729,0.10067379,0.30615792,0.22203149
-2.665049,0.11192208,0.5569664,0.2648656
-2.4686993,2.0455919,-0.43147381,0.84490624
0.0053145649,-2.4373303,0.41423111,-1.4981868
-0.47829428,-0.80841787,0.53650388,-0.87025116
0.90155812,0.5024063,1.5104677,-0.44369579
0.69480842,2.5941754,-1.0026637,0.51370729
-2.1271584,-0.93778541,0.79948659,-0.35982139
-3.4155585,0.95970428,-1.1318632,-0.77964633
-1.7550674,2.0729278,0.83337562,0.30038407
1.5492736,1.8603748,1.0620741,-1.0621335
0.48404803,1.5125063,0.54638003,-0.33960091
-0.76928741,0.74500029,0.65940044,-0.3642263
-0.51943786,-0.043531448,-1.6998636,-1.1500918
2.3953621,0.36599984,-2.0800078,0.3235751
0.19418206,0.13088738,1.2938469,-2.3886476
-0.44318561,0.22473848,1.7352338,-1.605104
-1.7850641,-0.43122246,1.7169966,-1.4560395
0.26671249,0.5348137,0.42982743,-1.4572999
1.5731312,0.10224666,-0.64979232,2.1460862
-0.74633822,-0.8079303,0.010292984,1.8224001
-0.08690675,-0.91557023,-0.94287943,-2.1437876
-0.7530509,0.60485599,-0.20367976,-2.3388594
-1.9752384,0.30917272,0.19331233,-0.42811351
-3.1219688,0.43320471,-0.25508893,-0.18482827
-2.074345,-0.67561756,-0.6304299,0.24981766
-1.5542185,0.15552182,-0.26464957,-0.27062592
-1.4392732,0.38949669,-0.029030774,0.011673852
-0.98337103,1.2498453,-0.26706169,-0.29341895
-0.43776663,-0.28667703,0.51976434,-0.16598227
0.29386967,-0.49672631,-0.048706378,0.10119637
0.54230665,-1.2413329,-0.75919068,0.56390763
-1.0332651,1.1821631,-0.7910361,0.1352024
-0.83406102,-1.4479029,-0.098024426,-0.55882451
-0.16428195,1.0645877,0.082059291,-0.53750539
-1.2288873,-0.41768287,0.44267911,0.43866481
0.58652536,-0.48639688,0.40412909,0.54887042
-0.24870469,0.93156067,-0.090679714,-0.75257316
-1.0491142,-0.1415882,-0.63019787,-0.12833212
-1.075659,-0.49725702,0.07293419,-0.017238188
0.96968973,-0.16530671,1.2603366,0.75640348
1.2724575,-0.13263956,-1.0616538,0.42324625
1.337246,-1.1205171,1.092611,0.74262895
-0.54807251,-1.1385614,0.6873337,-0.048276614
-0.67783962,0.022865052,-0.78596104,-0.016223269
1.8132398,-0.2437347,-0.34167082,-0.40465232
-0.077511637,-0.32423765,-0.73774811,-0.19250548
-0.10453965,0.31575277,-0.4285224,-0.56802855
-0.12501684,0.74985977,0.44815429,0.19749145
-0.11580487,-0.18504097,-0.55434468,-1.2589319
0.37214191,1.3789518,0.070306465,-0.78796776
-0.014842536,0.69972684,0.71793841,0.51928544
-0.26795948,0.83256449,0.12924263,-1.1141
1.8904331,0.60408778,0.92317675,0.20643128
-0.010228773,-0.91426278,-0.82382316,0.41090937
-0.21133085,-1.2274445,-0.75906025,-0.54925132
-0.088906944,-0.2032487,-0.83341048,-0.98120489
-0.70382065,0.16997622,-0.10459023,1.4736523
-0.76360637,0.44518165,-1.0520555,-0.8206439
-0.94334493,-0.18184528,-1.2639821,0.52976922
0.79581293,1.2942882,-1.2913307,0.88152989
0.39936372,0.59078801,0.0095815068,-0.62136278
-0.52176808,-1.6727457,-1.1695684,-0.12355945
0.33102781,-0.21632874,-1.1837992,0.56918256
0.62570444,0.19673,-0.35836674,0.18627024
0.52804954,0.025738581,-0.89643791,0.096218877
-0.57925257,0.17967578,-0.41499666,0.78737791
1.2737836,-0.35646656,-0.0018467615,-0.95381194
0.5029505,1.1715639,1.1337291,0.6863179
-0.036564958,-2.1900466,-1.4484688,0.64254878
0.31692191,-0.9632212,-1.1602386,-0.19530484
-0.56349906,-0.41870807,-0.99701153,1.1297841
0.13273015,-1.7863161,-1.1659019,-0.41135704
1.4346674,-0.14764408,-0.32974734,-0.429292
-0.54112149,-0.24979043,-0.028079679,0.56416999
0.97869563,-0.047379717,-1.2009649,0.14073496
-0.50397452,1.5330851,1.0930385,0.18215672
-0.60862782,-1.5266008,-1.2891477,-0.22703171
-0.53496981,-0.57964273,-2.6250273,-0.48506412
-0.19895517,-0.57927853,-0.63482244,0.17191016
0.35441416,0.82046554,-0.54233709,0.28436389
1.3621512,1.6290279,0.035085633,-0.62734261
-0.66895051,-0.97270286,-0.014809271,-0.29918308
0.13449079,-0.81030912,-0.37766564,-0.33690902
-0.21512531,0.68950904,0.14118237,-1.6653702
-1.1595397,-0.42451559,0.83621209,0.42578875
-0.47553774,1.6823876,-1.3322873,-0.64624387
-0.09834282,1.5172782,-1.131516,0.19084866
1.4702111,-0.26952687,-1.008274,0.73344371
0.2862331,-1.3012071,0.92384355,-0.29726887
-0.024925691,1.3325671,-0.21816823,-1.9334203
-0.42646409,0.79348135,0.64126107,1.8058185
-0.28720621,0.022345157,0.53550888,0.88730963
0.11649915,0.27086157,-0.93552236,1.3174294
-0.76555982,-0.8647617,-1.7646305,1.5485384
0.26931683,-0.72634033,0.17241718,-0.7884647
-0.53747002,0.65155217,-0.68545731,-1.5865165
-1.1374617,-0.21428998,-0.30337114,-1.3744616
0.21801383,0.037222641,0.13107705,0.24078254
0.027893027,-0.24899356,-0.3269291,1.9299406
0.27285488,0.10098489,-0.016807364,0.94551462
0.45756046,0.74213791,0.061155644,0.36453451
0.82787767,-1.150904,0.55291452,-1.1140818
0.88703149,-1.278334,0.37234043,-2.0736146
1.3482636,-0.75784583,0.82552303,-1.6567602
1.2465231,0.13937278,-0.41477581,-0.49642748
-1.5328063,-0.14867692,0.035586683,-0.049488367
-0.20707704,0.053623467,0.48127759,0.43931473
-0.80442362,-0.10782839,-1.0687423,-0.093985192
0.062432088,0.50197964,1.2950127,1.0859535
0.99883989,0.1979891,-0.32614321,-1.062533
-1.1893403,0.1020254,1.378561,-0.43144399
-0.88876793,0.086679593,-1.1801761,1.0969596
0.691327,-0.057259007,0.86168444,1.2302896
-0.87181427,-0.46021529,1.690776,0.69473743
-1.2625287,-1.0349246,0.89756944,-0.80391277
0.71510188,0.028658202,-0.27375956,0.42047131
-2.874786,1.1480552,-0.93369336,-0.72996734
-3.1644406,-0.78140482,-0.34183238,-1.5900602
0.11122334,0.19368582,0.025567701,-1.9045315
0.22712911,-0.14100342,0.14216319,-2.32055
-0.42345796,-0.42234261,-1.0980712,-0.47464403
-0.77175941,0.5291404,-0.61847368,1.526325
0.53435546,-0.91541837,0.1400744,1.0110797
-0.96029519,0.1951061,1.083207,1.2344879
-0.11703042,1.3995418,-0.40498744,-0.47075062
0.74208669,0.38228648,0.070795416,0.89987699
1.4333477,-1.4849733,1.0949959,0.35354323
1.684351,-0.68657337,2.1097024,-0.31550782
0.68366101,0.072651863,1.2143873,-1.3072324
-1.6034059,-0.38741623,-0.30020693,0.68626133
1.2570515,-1.3594886,-1.5618679,1.2455519
-0.34875854,-0.62393689,0.43464555,0.54442261
-0.51983231,-1.149627,-1.4325923,-0.50764941
-0.78878542,1.0329306,1.3955935,-0.92460776
0.76815985,-0.22805565,0.9892691,1.4849168
1.2233957,0.45098255,-0.92130522,-1.1441416
0.59543897,-1.5651126,1.0169462,-0.75229608
-0.61870862,0.59922409,-0.6749663,0.92803348
0.56521206,-0.81129423,0.42723945,-1.9305208
-1.2029742,-0.1575918,1.5630282,-0.099220548
1.0805275,-0.23079459,1.4227076,-1.4535876
1.7851813,-1.3433298,-0.8981746,-1.3479384
-0.25073006,-0.99843276,0.93852034,-0.10372687
0.17448059,-2.0195654,2.2200927,-0.36821803
0.54358802,-1.2549241,0.47397265,0.7600541
0.28832441,-0.064299447,-0.27299092,-0.77543673
-1.4030047,-1.0581832,0.27697461,-0.97312955
1.0757219,0.67884541,-0.46986358,-0.5037479
0.1498735,-0.85799489,-0.34846395,-0.66711543
-1.2651341,0.63119939,0.0080055027,-1.6356973
1.5289577,-0.1000768,0.024266577,-0.078627705
-1.1951118,-0.2015409,-0.51973263,-0.47686962
-3.0405782,-1.4872006,0.093571287,0.46455641
-2.5092625,1.8110113,-0.78860684,-0.60468496
2.4483145,1.8202316,-0.1185551,0.21647552
-2.5859631,0.95014929,1.1171789,-1.2084206
-3.0602979,-1.1325196,-0.5733797,-1.1981812
-0.18433039,-1.376017,-0.065138458,-0.79708461
-0.12133358,0.54247482,1.4105977,-1.3730169
-0.12133358,1.3354135,-1.3036188,-0.83171128
0.31159749,0.5926004,1.2053262,0.34303404
-1.6970875,0.84711505,0.57472194,0.10507202
-1.529,0.22817525,-2.0049311,-0.073984913
-0.0063858545,-0.81262094,1.8498011,-0.78707605
-0.20795505,-0.22474579,-0.12799597,-0.6819366
-0.028703117,0.1321172,-0.36399595,-0.70775708
-0.64352517,1.6114185,-0.21334962,-0.1528972
-0.22943996,-2.1750724,1.1111477,-0.28269468
-0.6766426,-1.9056721,-1.0657368,0.5563823
-0.032231252,0.66561426,1.0962803,0.46236529
0.69160727,-0.94418053,-1.3853165,0.57983206
0.7856697,0.44139814,0.68427522,0.52037995
-0.8367041,-0.37999409,-2.0405689,1.5615611
0.62773717,0.17008597,-2.3653699,2.2591325
0.75414791,0.67037607,2.3602279,-0.5621882
1.2559922,-0.96855132,1.0137087,0.27509516
0.25769737,-0.75746188,-0.080173212,-1.1999669
-1.2311146,0.3629097,-0.54385079,0.65950945
0.96465103,-1.2512791,-0.028950602,-0.66617897
0.1246069,-1.0779323,1.101925,-0.10615438
-0.17262309,-0.18646529,0.88725061,1.8567226
-1.0889216,-0.49817966,-1.1758358,-0.45028934
0.048262232,-0.3573775,1.0571828,0.55111334
-0.28903152,1.5867473,1.0499148,0.35123061
0.11490666,-1.1056618,-0.54572313,-0.65858835
-0.71350271,-0.64311486,-0.75290812,-0.14373506
-0.81413479,0.60261803,-0.13839333,-0.76151695
0.65358916,0.55108695,0.79940955,0.97034011
-0.29901857,1.343042,-0.47937442,0.20428729
-1.0167906,-2.5623229,-0.15140994,1.2596716
-0.75140224,-2.0884362,0.30560285,0.59557775
-1.0592565,0.083518067,-0.44544552,0.25771525
-0.84057201,0.52764555,0.21680072,0.19564174
2.454567,0.048508013,0.30810001,-0.28364718
-0.036339226,-0.36981082,-0.0021126765,0.36764733
0.34537143,-0.66495838,0.55287789,0.35603452
0.25046965,-0.62294772,0.31905989,-0.66099612
0.5839749,-0.17690431,0.32499241,-0.089003274
-0.51763246,-0.5863242,-0.057674056,0.12506476
-1.0830993,-0.060039345,-0.14752275,-0.036357296
-0.58594055,-0.65632491,0.059042564,-1.5978003
0.30085761,-0.47227714,0.68492346,1.4218295
0.29920823,-0.66352417,-1.3571639,-0.48769427
0.29067096,1.1816193,-1.5391451,-0.063130143
-0.26285583,-1.6191046,1.4118493,-1.4257834
-0.33350097,2.510461,0.31899898,-1.4257834
0.67001895,-0.18234007,0.096835828,-1.0584594
-0.26802182,-1.1793374,-0.093110682,-0.53362087
-0.94864675,1.7590171,-2.3505309,-2.6137507
-0.237593,-2.0428396,-1.0384157,1.7350575
1.3119239,1.029699,-0.074697336,1.7450488
1.3423968,1.6629268,0.030454439,0.074970487
-1.4960857,-1.9985339,-0.64007518,0.49131339
1.2226155,-0.40068318,-0.84072841,0.86497587
-1.8333541,-2.1879613,-0.28511548,-1.1851409
1.4839933,0.97490974,0.48361061,0.098692164
0.8676866,-1.2843798,-0.62485217,-0.44700055
-0.26651936,1.8180751,-1.1279024,1.5102335
-0.64159828,-1.9474104,-1.2006813,0.32812917
-0.69902455,-1.8425296,2.093627,-0.63214181
-1.7814642,-2.3093966,-1.9658198,-0.82473901
1.5849175,-1.4448474,-0.51103259,-0.28662107
1.0456649,0.43202863,-1.1074154,0.46914675
-1.0772311,-0.14974005,-0.686224,0.47088534
-0.071858655,-0.48039268,0.38172969,-0.56946437
0.37787672,-1.7407328,-0.063778325,-0.27510504
-0.75116075,-1.6559271,-0.24361804,-0.60584578
-1.2448166,-0.38897113,-0.11654173,-0.45528597
-2.2683807,0.28094889,0.35827456,1.4942145
0.17486678,0.31147384,1.3479446,1.5936002
-0.85959673,0.75209333,0.49723478,-0.087405977
0.73520386,-0.82676689,-0.49366085,-0.32885125
-0.52205749,2.4993002,0.4192812,-0.50765258
0.34882797,-2.9406791,-3.1528038,-0.21854434
0.48991489,0.40696413,-1.0881249,-0.011718638
0.32963568,-1.1426664,0.69723974,-0.41736675
0.31685837,-1.5102986,-0.45037115,-1.2910729
-1.0676621,0.090668826,1.5841239,-1.291043
-1.5611349,1.2756679,1.7208686,-0.86979786
-1.49325,-1.5588153,-1.1859629,-1.1935733
1.4219131,-1.3343026,0.37062525,0.046870079
0.12277893,-1.1210972,-1.6211474,-0.72149781
-0.10310349,-1.3004053,1.5894005,0.036894841
-1.0194632,0.22769786,0.59549757,0.052996172
1.053277,0.43790757,-0.42430517,1.4238897
0.19111084,-0.40810593,-0.50411053,-1.6268335
-0.74946542,-0.61146945,0.33150959,-1.3763336
-0.29242472,-1.4589141,-0.60820898,-1.3245809
-0.88647017,-1.7404486,0.42898562,2.5211486
0.73741987,-1.2172764,-0.93087576,-2.02015
-0.026267769,-0.97948156,1.0032503,-1.3761789
-0.24235878,2.1300982,1.5275813,-0.6933065
0.1168212,0.43152498,0.9838948,0.17376648
-2.5836229,-0.71153142,-0.39687966,0.30882749
0.86876298,-0.34423621,0.26698055,0.61203465
0.51027343,-0.28993298,0.6600637,-1.4492755
0.49106685,0.063412756,0.75678125,-1.675464
2.3942168,0.66395966,0.8017337,0.38889927
2.6009889,0.19866076,2.0780042,-0.54105929
1.9222473,0.80898307,-1.7166772,0.74695107
-1.917489,2.5871677,0.90484078,-1.7698004
-0.040523486,-1.8597519,-0.90630597,1.4105499
0.8224028,-1.1319337,0.059263165,0.74317562
0.1901149,-0.30513011,0.96134513,-0.40306942
1.4535604,-2.1789462,-0.63435761,-0.45357564
1.4538545,-1.1746414,-1.1275077,0.36415559
-0.47778613,0.68377974,0.90002822,0.16952712
0.45472905,-1.0874547,1.2281561,-0.94625745
0.32055767,-0.40001649,-1.5089706,-0.70112618
0.39760126,-0.26272226,-0.0054019307,1.1026665
-1.8587358,0.63722581,-0.32243651,-0.61941038
-0.09382195,2.3037138,-0.84177721,0.55842992
-0.15648402,1.7256048,-0.15657097,-1.043396
0.16333401,-1.3713777,-0.048403147,0.034245428
0.1878704,-0.25604694,0.057594019,-0.97642652
-0.30129601,0.18974698,0.39335371,3.2638392
-0.8438032,-0.37856239,-1.1000008,3.8918708
-0.77490174,0.4073606,-0.88850857,0.13235359
2.031475,-0.22848333,0.46695309,-1.2388057
1.0426222,-0.62227642,0.062306229,-0.077882619
1.0148616,-0.60128103,1.4152645,0.22552089
0.52350163,-0.022155011,0.99152758,0.42300566
-0.60545704,1.2668092,-1.1469339,0.5300932
-0.2910322,0.82750447,-0.54158062,-0.52157025
-0.65218039,-0.049817294,-2.9817928,-0.57416407
-1.4459951,-0.6519354,-2.9006163,0.92732115
1.4541238,-0.91097459,-0.075390502,0.065442713
-0.65425182,1.3329969,-0.18681379,0.21250895
0.50173319,-1.6288695,-0.31341991,-1.1131775
-0.28239238,-0.31338137,-0.22837818,-0.49775862
0.011788791,-0.79902685,-0.64921409,-0.87301273
0.87627895,0.19256395,-0.46956228,-0.57460351
-2.0387263,-0.25603165,0.58493797,-0.27090266
-1.1587596,0.11808253,1.889483,0.066348955
-0.87319448,-1.1213944,1.6871994,0.25571832
0.64973194,0.071074832,-0.84034061,-0.19805833
-1.0381874,-0.46080365,-0.16604668,1.0272262
-0.74261117,0.33858117,-0.14952498,0.17181663
-0.74572889,-0.18771281,0.11544574,-0.15924948
1.2483831,-0.43203862,-2.3012585,0.4841454
1.2519107,0.26759454,-1.8648277,0.34239984
0.12023215,1.0176537,-0.46825585,2.3442453
-0.43612665,-0.48454168,-1.023226,-2.9462923
0.65438628,-0.55575449,0.37522219,2.0845393
-0.50525246,-1.1698848,1.162667,1.726342
0.58881765,-1.8019246,1.29945,0.26380203
-1.422493,0.75134381,0.43515009,-0.71104766
1.5522359,1.9923986,0.8426407,-0.98424686
-1.8641719,-0.72655054,0.97568001,-0.99864437
-0.044640712,0.51746095,-1.7001234,-0.47514412
0.43554592,-0.043437179,0.71507827,0.36239183
-0.65467711,-1.388286,-0.39443388,-0.55829678
-0.50513333,0.57615995,-0.14247277,0.011476308
-0.45870043,-0.27878541,-0.67507294,0.96565575
-0.65048552,-0.053445118,-0.49957849,-0.51013842
-2.7767239,-2.1273912,1.1434687,-0.74930493
-2.4036614,0.049188716,-1.0434112,2.3503573
-0.33275979,-0.56338594,-0.28629061,0.97301273
-0.53101094,-0.52749784,-2.0050755,2.074519
-0.52300754,0.55548625,-0.28758878,2.7503704
0.031961382,-0.27947007,0.39234502,-0.70334221
0.18105005,-0.3065566,0.41612837,0.62785374
0.67661306,0.12823056,-1.2269045,0.35265837
-0.058103961,-1.3388115,-0.75874731,1.109767
-1.7378166,0.50674512,0.5566714,1.3125042
-0.30142562,1.0624762,0.48572419,0.22070711
0.15840722,-0.35995053,-0.581089,-0.011282927
-0.16299971,0.65099537,-1.0377869,0.040155834
-0.018979947,1.2225024,-0.18163024,0.1651236
-0.11923547,1.2638901,0.28020435,-1.155028
-0.99449061,0.99564112,-0.57496336,-1.1662905
-0.19437973,-1.0711587,0.59405347,-0.27423602
-0.26970738,1.0991139,0.6114233,-0.033006634
0.39554932,0.92296152,0.26193625,-0.20246616
-0.21758991,-1.5779691,0.42809832,-0.4643904
-0.21758991,1.3489301,-0.8518264,-1.0048404
-0.086706803,-0.46929224,0.37675788,0.23866555
-0.1363383,1.1100125,-1.127509,0.0098220358
-0.5290435,-1.7071158,-1.0651377,0.48113167
0.32188538,-2.3968295,0.23088496,0.73211125
-1.7910292,-0.62242738,-0.69611889,0.66419817
-0.39100417,-1.9409032,-0.6630157,0.74884529
-0.15437727,-1.871064,-0.5747093,-1.1491125
0.26601357,1.7778271,-0.10782066,0.98979211
-1.1575012,1.1667232,-0.71360777,0.81227296
-0.16779773,-0.64012398,-0.85687929,0.24138243
-0.7981638,-1.2021248,-0.31913575,-1.1912462
-0.85188595,1.1409496,-0.11775264,0.78189837
-0.26680946,-0.8882034,-1.1918739,-0.21857821
-0.96224384,0.39015857,0.19413007,-0.50741295
-0.72090833,0.24886341,-1.3229243,2.2460179
-0.21713207,0.57250238,-0.45539161,1.6740692
-0.23511458,0.24485906,-0.93261917,1.462056
-0.24601644,0.13696459,-0.065602199,0.24940705
-0.51586168,0.20816798,-1.0548225,-1.4111166
-0.43501988,-1.0407989,-1.2282109,-1.2639182
-9.5733337e-05,-0.61731657,2.4264259,-0.13951973
-0.297612,0.95358577,-2.6174272,-0.16628052
-0.2974969,0.52633662,2.5398047,-0.03278676
0.04697594,2.2955829,-1.0707983,-0.32781468
0.051304423,-2.2234065,-1.1342134,0.69501627
-0.0060356318,-0.64285121,-0.69776535,0.88431535
-0.58569559,-0.84931293,-0.70267936,-1.5422533
-1.4921214,1.4056838,-0.27809419,-2.7428529
0.28917161,-0.37672292,-0.21487075,-3.1372854
-1.7190467,0.30095267,0.042533807,1.8979601
1.7993192,-0.88789321,-0.055301991,1.4580421
0.78113334,-1.0957372,-1.2266118,0.70723536
0.1392527,-0.99881284,-1.0878564,0.63342032
-0.73078589,-0.41360552,-0.35736681,-0.46229605
-0.367441,0.62875146,0.75400641,-1.3162279
-0.82118556,-0.86747163,0.683367,0.24267831
0.035204562,-1.0882556,-1.3080354,-0.90252362
-0.13630797,-0.85929679,0.96498408,-2.0784517
-0.11502271,0.20179468,-0.96740412,-1.936143
0.13841212,-1.9611378,-0.52307674,-1.5881228
-0.18144801,0.59163607,1.7433558,-1.0588066
-0.90788259,0.21360961,0.028853279,-0.3108886
0.15474038,-0.43052109,-0.081448045,-0.90414319
-0.20562414,-0.66907323,-0.020044811,-0.14781574
-0.073918805,1.0608566,-0.18911632,0.033624139
-0.72400456,0.42519849,0.88481705,-0.04462842
-1.8931213,0.34721319,0.70615608,1.2252095
0.15000165,0.84204351,0.99987698,1.2408512
0.38696957,-1.0024328,1.1167397,-0.79657152
-0.7861441,-1.4946555,0.23452815,-0.58742693
-0.85583131,-1.5617227,-0.49504042,0.096332159
-0.65765438,-0.35329431,-0.46052134,-0.46004464
-0.55142021,0.86253328,2.4923564,-1.6491653
0.051136557,-1.1342438,1.3922016,0.55345528
-0.97325935,0.45590748,1.2800331,-0.30744181
-0.75426203,-0.076413173,1.2405032,0.11720224
0.17255819,-0.15460569,0.39450668,-0.35327066
-1.0497279,0.0080867111,0.16097467,-1.9195628
0.12150842,0.48617394,0.54580638,0.74368596
-0.087419724,0.69097779,0.88421073,-0.83315297
-0.49848258,0.31693031,0.88177779,0.50372322
-1.1558034,-0.097394917,-0.88735312,-0.3627014
-1.2373546,-0.70606209,-1.02221,0.32736294
-0.71244388,0.43372651,0.88277757,0.78274969
0.29389962,0.35515053,0.62390947,0.39274839
-0.19009533,0.34551187,0.55168847,-0.76714624
-0.049545871,1.3987376,-0.53090631,0.75296052
0.19763143,1.4095497,0.82631296,0.13116528
0.39951279,1.0115383,-1.1312685,-0.20128398
-0.41153796,-0.16544401,-0.82669722,-0.045766516
-0.13121212,-0.017934996,0.63896532,-0.042138625
-0.85815912,-0.32955134,-0.78945631,-0.04207921
-0.066146698,-0.62960196,0.5819271,-1.4704444
-0.22321446,-0.077924296,0.45916357,-1.5271902
-0.49662387,-0.90965079,-0.8866189,-1.8480731
1.363261,0.95457267,-2.2825435,-0.17833784
-0.33098634,-1.2338036,-2.6289042,-1.8830183
0.58456236,2.4357816,-1.8730209,1.6850309
1.2093058,-0.40308529,-0.27106718,0.66054129
-1.5866845,-1.9682165,-0.72452266,0.74652541
-1.5264675,-1.8112312,-0.80201236,-0.98762725
-1.3736416,-0.11358325,-1.2638059,0.48131972
-0.61899941,-0.33184662,1.914817,0.30729459
-0.31348234,0.0011923416,1.7544592,0.63048438
-0.39595674,-0.91295259,-1.1379362,-0.91288002
-1.3727693,0.24783101,0.84158173,-0.093316105
1.2435585,0.14405424,0.16202775,-2.0010076
-0.56095971,-1.227734,-0.51761135,0.48241709
-1.8132066,0.93616682,-0.64815534,0.76831861
-1.835653,0.066559601,-0.74209485,-0.42958885
-1.8877852,-1.94879,-1.6814225,1.2741087
-1.7550666,1.6588767,-0.10783131,1.3513157
-0.12865009,-0.20601095,-0.061470192,0.85376001
0.14104503,-0.27237205,-1.2669202,-1.0418743
-0.070519892,-0.03927094,-1.5763144,-2.1016922
-0.23269322,0.15370855,-3.0437932,-2.0008026
0.67377017,0.13933092,-2.0290987,-1.9397387
-0.95097176,-0.34217392,-2.7225911,1.2140064
-0.34805069,-0.63315318,-0.03997022,-1.2571889
-0.37886533,0.22218445,0.37874803,0.11653703
1.2927026,-0.24728966,1.0975434,0.32125393
-1.1293467,0.19758961,-1.1853147,0.11118081
-0.93969512,1.0746722,-1.5024039,-0.10984662
0.32058157,-0.26217515,0.96738332,-1.7040232
-0.21086012,-0.87063706,-1.0362787,1.0956633
-0.77993728,0.57506455,-1.091344,-0.29787717
-1.0618295,0.71183668,-0.98387778,0.41767614
0.3802765,-0.96829475,0.84993366,-0.25342748
0.084130745,0.22213612,-0.22831715,0.35202542
-0.35824405,0.047304836,-0.47123005,-0.40528358
0.046513397,0.61099637,-0.22161412,-0.40066883
0.81155844,-1.0606453,0.018105724,0.21962755
-1.2154797,-0.33929267,-0.25642329,0.98891884
0.071871258,-0.18195145,-1.9622424,-1.0986935
-0.025841561,0.26891813,-0.44731859,-0.90224571
0.42150113,0.18271137,0.53967671,0.12787898
-0.5893291,0.53020639,-0.75585046,-0.071052973
0.85496597,0.34601486,-0.82476897,-1.5611939
-1.3927409,1.3391582,0.19099047,-0.73774282
0.98459093,-2.5479799,0.88514155,-0.31487603
-1.5284053,0.40909078,-1.4294168,-1.7739855
0.24681146,0.11982591,0.2076659,0.26168868
1.3982327,-1.1960024,-0.012170204,0.21887331
-0.26046289,-1.1915341,0.55893311,-1.1764735
0.11959332,-1.1640574,0.20747378,-0.75652685
-0.90809113,-0.84699162,-1.2991409,-0.7141222
0.61833194,0.66754638,-1.5509727,-0.94375219
0.064525003,-0.023901722,-1.3784558,0.74241069
-0.21376768,-0.065113477,0.85678076,-0.039331552
-0.42745108,-1.5039946,-0.86604907,-0.90565324
-0.50228162,-0.84076281,-1.3651102,-0.51261696
-0.54845618,0.7416043,1.6014997,0.39690581
-0.19728886,1.0116075,-1.5427848,0.81743334
0.57764584,1.1180777,-0.78594372,-1.0106351
-0.049191984,-0.90637961,0.45978966,-0.75944461
0.13610224,0.73021995,-0.098080611,1.4030903
1.0346301,-0.60609831,-0.39719723,-1.3805864
-0.98217345,0.56487823,-0.49415415,-0.81317429
-1.1509933,0.18021299,-1.9073665,-0.96451718
-1.3759045,0.2654059,-0.72062696,0.23327764
-1.9910811,-0.69713972,-0.10770771,-1.8247929
0.39289682,-0.56485891,0.60039916,0.76950007
-0.24505417,-0.77660975,0.70370329,-1.0866102
0.52974758,-0.85975635,-0.64737221,-1.1504128
-3.0119089,-0.40965348,-0.41960951,1.6487933
-1.7694295,-0.0073257497,1.2326664,-1.758128
-1.3398377,0.21524985,-1.2056693,-1.7634669
-2.513065,-1.5393167,1.0202436,-1.3359516
-2.3454883,0.87214139,-1.1366903,0.050117068
0.78262727,0.24537289,-0.60632117,0.56306018
-1.0331537,0.22954734,0.45116732,0.18834711
-0.8698182,-0.064879551,-1.7256074,-0.26453972
-2.0330977,0.26547928,0.21197355,-1.0840225
0.14504191,0.5322109,-0.51139437,0.99542022
-0.037337249,-0.0038301005,-1.7184258,-1.8348851
0.12919049,-0.22012754,0.88233355,0.73768654
-1.9864627,0.19785597,-0.78858063,1.0707157
-0.65978435,0.35673356,-0.61455268,-1.4415809
-0.5913827,0.23222536,0.86092389,1.344543
-0.52647058,-1.2347231,1.7391114,-0.069144153
1.0174845,1.0921031,-1.0153154,-0.010036967
-0.29743287,0.69604295,-0.92598608,0.094361824
-1.0445693,-0.71317944,1.1964112,-0.62456529
0.83541627,-1.3824108,-1.368613,-0.80063862
-1.1578668,-2.074131,1.1521342,1.3143818
0.33855705,1.8055037,0.92916743,0.55442007
-1.0793926,0.99674854,0.34253585,1.4902557
-0.83148802,0.018609081,-0.20215767,-0.075651439
2.4204305,0.10286422,0.61299188,0.38253728
3.0025482,-0.21654874,-0.2518244,0.49896692
2.7488915,-0.07962457,-0.24272841,-1.1287827
1.206939,-0.12924979,-0.584838,1.0030759
1.1432468,-1.3135394,-0.25087265,0.72538698
0.090314075,-2.4066221,-1.051597,-0.98610324
-0.69606327,-0.77577312,0.88088045,0.86376393
-0.70728249,-0.81380293,-1.5125363,-0.27503207
0.65695127,-0.55228138,-0.34755563,-0.42711257
-1.7149159,-1.5125481,0.51191635,-1.6498072
-0.82601896,-1.6682103,-0.26404993,-0.77864066
-0.71211023,1.5567719,0.36185951,0.79599563
0.55935608,-1.0130057,0.11861387,-1.6625388
0.84750013,-0.64164706,0.48031168,0.25384856
-0.28317579,0.52153221,0.66099884,-0.63567516
-0.44225602,-0.42042897,-0.5756333,0.29021927
-0.77346718,0.48382299,-0.58545608,-0.68664434
0.4839993,-0.73885708,-1.3334827,1.4572449
-2.4064866,0.39619717,0.97265187,1.8961007
-2.5274895,1.1307038,0.83536295,1.2812483
0.3931889,1.2652425,-1.3689745,-0.48518392
-1.1843372,0.6006882,1.015882,0.97742684
-1.4368907,0.17437793,1.8346309,-1.8461254
-1.2994862,-0.18682885,-2.5470525,-0.19153374
-1.9323968,-0.098431095,-1.2639116,0.78845667
-1.3462904,-0.12663765,1.5239474,-1.6377603
0.33952231,2.8282018,-1.5286195,-0.41004596
1.515421,-3.070515,-1.847444,-0.33304246
1.1698478,2.6347543,-1.5860649,0.68254894
-2.0326219,-0.7879286,0.41693285,-0.30750002
-0.25667268,1.8914874,1.2431204,1.7712313
0.21706094,-0.3560648,-1.5663099,-0.18129735
-0.9381577,1.4008959,-0.5663576,-0.063047022
-2.7958098,0.51246032,1.206676,3.3624018
-0.37893546,0.4769451,-0.3883962,0.70488673
-1.3187916,-1.0773533,-1.5571912,0.23281083
0.075857677,0.42157877,1.0800551,0.34275348
-0.60325065,1.1984813,0.56508462,0.16168323
-0.53139187,-2.3657655,-0.50753205,-0.44443578
0.23478408,-0.71982642,-0.13434861,0.077062294
0.62439469,0.86849052,0.050863839,0.63960961
-0.0015955706,0.65249452,0.1754531,1.3492777
1.9071883,-0.13558085,0.77369927,-1.5399141
0.78062914,-0.27987764,-0.98890578,-1.7279438
-2.0078218,-0.051998925,1.3603391,0.8462016
-1.7186056,0.36108805,1.1466019,0.04869755
-1.2809039,-1.1369479,-1.3677192,-0.5541141
-1.0733463,-1.741333,-1.9824116,-0.30992177
0.92859376,1.4638569,0.3057285,-1.052077
-0.64344528,0.47720624,-1.3807899,0.68137954
1.0376331,-1.2153444,-0.075190341,-0.2724791
-1.4328484,1.3290546,-0.333887,-0.42622849
0.91971924,1.0584503,0.37501318,-0.17387473
0.844287,1.6490133,-0.60367202,-0.079466716
-0.47932439,-2.2503015,-1.2046609,0.097827985
1.2736922,1.2545802,0.59390519,0.9224163
-0.066453884,0.88963906,-0.9679619,-0.49224718
-0.23435389,0.60941506,-0.36056657,-0.61970071
-0.065805517,1.7604349,0.014956088,-1.856217
0.8533564,-1.3530821,-0.37494924,-1.4760356
0.45292202,-1.9400919,-0.04376965,-1.3944062
0.061938365,-0.29553868,0.8921697,0.173327
-0.19180858,-0.48702912,1.677582,-1.4588374
0.84537823,-0.35585985,1.1129247,-0.18062727
1.1113358,0.13142496,-0.54814518,-1.1284467
-0.58561124,0.1635176,0.45129146,-0.89914369
-0.53528464,0.78292419,-1.204032,0.53798634
-0.72693444,2.1573194,1.4429503,0.54445244
0.44083223,-0.31942718,0.52666316,0.003061324
-0.20231752,-0.27358795,-0.73944262,-2.3991122
-0.22748818,-0.21006912,0.48079909,-1.9372971
0.45828724,0.20753408,-0.8422853,-2.1670299
0.62649472,-0.039927403,0.70350962,-0.48054298
0.44499972,-0.55008475,-1.2804934,0.41356587
-0.65034638,-0.28091147,0.5872914,0.11881118
-0.15719067,-0.50045808,-0.85899414,-0.8124391
1.3640037,0.13417187,-0.64814854,-0.08600138
0.65432007,0.50958834,-0.14904296,-0.5268899
-0.48873068,0.76699424,-0.14904296,-1.9743697
0.37276213,-0.48236891,-0.44735095,1.8180058
0.34486091,0.47594989,0.35133801,0.43482635
-0.12871638,-0.049577185,0.57838509,-0.31651667
0.52293021,-0.55664672,0.69791743,-0.20713512
0.38845965,-0.27136489,0.38482248,-1.1835175
-0.7252393,-1.1024489,-1.1223883,-0.84268297
-0.00937792,0.92908581,0.68679666,-0.3479606
-0.60553661,1.3994257,-0.71354112,-1.1568334
-1.2999841,-1.4524299,0.404337,-1.6282777
-1.2889948,0.35538647,-0.68929251,-1.4242742
-0.6999613,0.55144977,-1.1593462,0.6491648
0.37641275,0.36521201,-1.372395,0.62726045
0.40754956,0.03067392,1.0907543,0.57205232
-0.95868269,-0.66328577,-1.5312025,-0.12186665
-1.2946752,-0.24406912,-0.0080950444,0.4277909
-1.1144666,-1.0057783,-0.36789998,0.91912704
-0.20201637,0.92938613,-2.3675775,-0.5500518
-1.1942963,0.21695257,-0.27265657,-0.33597112
0.12331256,-0.62961023,0.32409448,-0.99013808
0.092658969,-0.57513247,0.12962024,-0.74587569
-0.312284,-0.32568729,-0.57068367,-0.66900119
-0.53583457,1.0940293,0.43096575,-0.91348831
0.24849818,0.759673,-0.81233163,-0.77400538
-0.071579777,1.0256845,0.21083499,-0.83299836
-0.44378742,-0.38007799,0.47059615,1.5955521
0.84099362,-1.2992854,0.66699205,-1.9975005
0.9420124,0.28892038,1.4808359,-3.3445809
-1.1592018,-1.750448,-1.1383113,-1.4953614
2.7538396,1.3392011,-0.77159305,-1.6138929
2.8070651,-0.45028469,-0.19171623,-1.0981956
-0.1394643,1.3068827,-0.17278815,-0.35420847
0.57977028,-2.9774106,0.032227133,0.40615371
-1.5872254,2.6570017,0.13834872,-0.16536735
0.090712504,-2.6087984,1.8448077,-0.46540583
0.52807974,-0.12849402,-2.0199892,0.31597552
1.1584853,-1.4814678,-0.92626247,0.49939043
-1.1569617,1.0020777,0.92269743,-1.2322857
0.82603026,-0.61162773,0.17823969,0.98292351
-1.0137109,-1.3567668,0.99245058,-0.29216133
-0.86252415,-0.27975381,0.35773929,0.39246082
-1.5287581,-0.47192381,0.22355354,0.61774622
0.84544615,-0.27165949,1.4792626,-0.38352796
1.3802065,-2.4506096,1.7725117,-1.2585852
0.21420132,0.35233032,1.4768801,0.067824118
-1.5244293,-0.76162418,-1.0505067,1.2992752
-1.1272638,0.19173723,-1.0672076,-0.20914031
1.0550342,-0.18869674,0.86223482,-2.1478295
-1.281224,0.54325194,-1.2938747,0.93862547
-0.4764477,0.5832728,-1.397099,0.77470795
-0.65958709,0.066998653,-0.36135079,-0.71239563
0.88471356,0.52803401,-0.31387249,0.19440105
-0.41365771,0.11646877,1.4942007,-0.36981596
-0.22693216,-0.83227694,-1.4769698,-0.98759282
0.99483563,-1.1517671,1.4651966,-0.46720332
0.29784855,-1.0529327,1.7350149,0.57027884
-0.46780225,-1.1840412,1.4900116,-0.17291531
-1.4406159,1.3906635,0.32949408,0.23674519
-0.72741281,-0.81791388,-0.080398118,0.17267887
1.6465494,-1.1680702,-1.4322275,0.75555594
0.05733385,0.86196432,2.6762723,1.2735002
0.098552026,-1.105843,1.7435032,-2.4465775
0.09875057,0.90951849,-0.85243941,-3.2786737
-1.1925513,1.0312365,-0.83448046,-2.1683487
-0.57298107,0.91370963,-1.1742704,-0.23915385
0.7221693,-0.58729773,1.3750284,0.76851132
1.2970286,0.092426047,0.25462275,0.081704199
-1.6792445,0.22951136,1.8060012,-0.40373599
1.2533124,-1.4377651,1.3137739,-1.1028473
1.4757571,0.10217595,-1.3554635,-1.3948581
-1.5117224,0.33143515,-2.1108129,0.76240948
2.0790685,-0.72459476,-0.010126763,0.37667645
1.8559848,0.14136395,-1.3355931,-0.0049035353
-1.8298355,0.3998835,0.18365435,-0.4855184
1.5602025,-0.28516943,0.19904801,0.29590324
1.1573562,-0.54749177,-0.96257942,0.7655867
-1.4476919,-0.42956759,-1.6696629,-0.15413806
-2.5417064,-1.8246759,1.3788271,-2.1750406
-1.8099213,-1.6733053,-0.5961544,-2.8068896
-0.16974869,1.3410271,-0.87114871,2.6972614
-0.37986699,-1.3812949,0.35257516,-3.0293545
-0.031026278,-0.020107587,0.29892213,-2.0999628
-0.31542828,0.15853293,-0.50784861,-0.0096420007
-0.2149889,-0.78728885,0.20168923,0.035831232
0.5553075,-0.54450245,0.076565437,0.27231492
-0.69232663,-0.062630815,0.47233164,-0.47256307
-0.67026461,-0.2184433,-0.35779727,0.88785483
-0.60597658,-1.1965672,-1.0611747,-0.35985857
0.43223181,-1.628003,1.1054098,-0.7324876
-0.41348702,1.2713323,1.5099158,0.66580311
-0.59017816,-0.053917034,-1.5266226,-0.89398581
0.55498565,2.058755,-1.1174855,-1.2339666
0.38107525,0.4737001,1.6306363,-1.9901953
-1.1534102,-0.81671836,0.83630472,-0.81374596
-0.074938884,0.091970002,1.5434089,0.91923228
-0.19987606,-0.42315271,0.99904035,-0.65740495
-1.390783,0.78418223,0.53558703,0.7815156
-1.6817762,2.6257754,-0.092408573,0.84194718
1.8647755,1.5478096,-0.67638236,-0.56223128
-1.5751169,-0.052827566,0.65809672,-1.6897258
-0.78242448,1.115888,1.5680431,0.22236281
-1.5397868,1.0898611,0.29413778,-0.31291172
0.97801925,-1.3127727,0.91446145,1.5948194
0.46819173,-2.2214388,-1.0099673,-2.0703893
-0.044650531,-2.5652951,-0.63991696,1.8011965
-0.2737013,-2.7665074,0.40888723,-2.2869271
-0.0065728909,-2.6171752,1.20037,0.099720521
-0.48154818,1.5726559,0.57581965,-0.11980024
-0.37252751,-2.4056012,0.80984215,0.66964127
0.57433041,-2.4339854,0.36263863,-0.253456
-0.31937483,2.8792148,-0.70282118,-0.10759893
0.5913136,1.2595739,-0.62330125,0.28018825
-1.0229351,2.2328839,0.71072854,-0.21366889
0.50230102,1.7343915,-0.027137,-0.0034038834
1.0452565,0.61962073,-0.74776583,0.049601682
-1.4079914,2.4550395,0.26977921,-0.66098081
0.17806517,2.2858536,-0.4248071,0.19167545
-0.13295349,2.8890807,-0.38455347,0.10601565
-0.44393949,2.6335683,-0.39462971,-0.44035034
-1.2663035,-1.2519194,0.050048002,0.26335751
1.6921563,0.96470721,0.32714901,-0.63749551
-2.1855381,0.55206856,-0.60880487,1.1603676
-1.6720496,-0.76505647,-0.52558908,1.5941304
0.65709079,-0.12499517,1.17949,0.82839508
2.1025457,-0.34612421,-1.4779942,0.7184679
-1.5138887,-0.37145545,-0.62305405,0.96866166
0.33977184,-1.1009426,0.5177096,-0.1858845
0.087192517,-2.2494207,0.40018961,0.3890429
-0.56676926,-1.91183,-0.49680351,0.65250013
0.57660224,1.1319989,0.12664535,0.59875348
-0.86194909,-2.2245001,-0.86379691,0.15405316
1.0972146,-0.51222408,-0.96489837,0.098296322
-0.079015214,-0.30337044,0.6704213,0.59886825
0.64402952,-1.231297,-0.84579008,-0.095551723
-0.18969914,0.42661001,-0.91045525,-0.30598533
-0.37314916,-0.81376738,-0.34547349,0.53128393
-0.73446378,0.030420923,0.68086603,-0.21528703
0.093789015,0.35027123,-0.95273746,-0.45554474
-0.54767364,-0.68666325,-0.72615436,-0.99581906
-0.54136617,-2.0190578,-1.8190668,0.5906535
-1.2478356,1.8720619,1.0915235,-1.1935265
-0.87748458,-1.8347359,-0.122679,0.19366948
0.6487971,-2.645196,-0.18268745,0.80900991
1.0270011,-0.80178893,-0.51791156,-1.0231536
0.14809841,-0.64231678,-0.12670071,-2.0869277
-0.52380271,-0.84921111,0.049228434,-0.9753203
0.6834744,-1.1087791,-0.36499951,0.069660657
-1.0974729,1.2613528,0.040083143,0.22808948
-0.054510506,-0.29309328,0.9316794,0.78053929
-0.81921577,-1.8210229,-1.0826924,1.3386618
-2.0795026,-1.4310153,-0.7428355,-1.090052
-0.96126385,0.37949818,0.61044589,0.43704925
-0.76792615,-0.41287088,-0.22389425,0.10807408
-0.62559064,-0.16506919,0.35701387,-2.0559698
0.41763223,-0.088595996,-0.42158461,2.1430343
-0.76815742,-0.04364659,-0.35658465,-0.75307502
0.23929398,1.8884775,-1.4852777,0.69349933
0.29168852,-0.66192147,1.0881145,-1.0937188
-0.93654708,0.7010931,0.73887046,-0.95726215
-0.60162401,-0.15677821,1.2580258,-1.844857
-1.209427,-0.34136501,-1.351469,-1.019124
1.1556768,0.5360139,0.96529096,-0.1151347
0.60743845,-0.23079825,-1.0393685,-0.67001689
-0.7640571,0.36026214,0.80958202,-0.32393086
-0.92755688,1.2570404,-1.2755463,-0.058211433
0.54822913,1.0169025,1.1066807,-0.6262522
-1.1151862,0.50056236,-1.3344405,-0.48123975
1.4838956,-0.8395076,1.165191,0.15982969
-0.92172669,-0.37622004,-1.8279563,-0.34060359
1.6712195,0.68692248,1.5639701,-0.93439241
0.5407893,0.17864769,1.6752591,-1.0250065
0.86735164,-0.44416396,1.444063,-0.061980241
-1.0415535,0.11422336,1.3354556,-0.98129771
0.39811484,-0.47928439,-0.57140746,-0.25987039
-0.0068593471,0.82097915,0.078365795,0.65355896
0.2413888,0.57992112,-1.2297747,0.5801428
-0.34037437,-0.77474971,0.97865525,0.71949154
-0.36034634,0.77746624,0.45139145,-0.52226404
-0.59950304,-0.56614342,-0.63027349,0.36376932
0.2188181,-1.6659107,-0.45482599,-1.3778419
-0.93381094,-1.3492856,-0.45864724,-0.60966257
-0.6943719,0.71349263,0.022804351,-1.0806053
-0.59048087,-0.35876927,-0.014797054,-0.40768075
-0.42149378,-1.0277261,-0.89271196,-0.54194009
-0.50077683,0.027769103,-0.34984216,-0.94485692
-0.95795707,-0.25354856,1.0405977,0.63983823
-0.46219006,-0.0412298,0.52902532,0.58265099
-1.1616062,-0.29652553,0.34124192,-0.065110924
-0.51171221,-1.65052,0.99504264,-0.32003315
1.142156,1.7860767,0.088824424,-1.8028976
1.977046,1.2415405,0.021852373,0.38895524
0.57683683,1.2415405,0.12017678,0.33472978
-0.86116479,-1.2913406,-0.32910567,0.98465272
1.1916413,0.87759821,-1.3123864,-0.70601475
1.3671624,-1.0291045,1.9111694,-0.29422613
0.40433851,-0.76336664,1.5626136,-0.24326699
-0.21853673,-0.43431644,0.30248273,-0.68447751
0.15761017,-0.031958735,-0.22672742,-0.63063322
2.6795803,-0.2621299,0.25614482,-0.56858868
2.3120425,0.12599083,-0.61075688,0.51752514
-0.090541821,-1.2073293,-0.61931599,-1.4217303
-1.1618843,-0.6863315,0.18302,-2.0585366
0.015270304,0.39975559,-0.7879929,-2.0819738
-0.5517765,-0.35181628,0.69951796,-1.9581255
1.4715649,-0.77285705,0.37144396,1.4052228
2.4981745,-1.1196924,-0.30184749,0.3065341
-3.2257596,0.87127229,-0.59958198,0.13514942
-0.61636601,-0.59701211,0.4803997,-1.9554255
-0.75914692,0.09314873,-0.5128745,2.1140959
-2.1480613,-0.51493421,1.0695745,-0.51502189
-0.37170292,-0.77153055,0.46410328,-0.4323193
0.53803584,0.080935832,-0.71476656,0.97913202
1.0553742,1.2054566,-0.094382739,0.57188529
-0.93735762,1.1822451,-0.99328197,-0.98696128
1.0007609,1.5595036,0.67116551,0.72157324
1.0300074,-0.045369368,-0.40023341,-0.49193578
-0.87738729,2.0367293,-0.7962771,-0.054138373
-0.92769922,-0.20916817,-1.0918851,-0.16329774
-0.72665958,0.13258392,0.59752841,-0.42329559
-1.8520735,0.33980768,-0.19843712,-1.4337567
-0.059173161,-0.12395194,0.95621447,-1.4269174
-0.09208655,-0.098916183,-1.6890088,-1.5221018
-0.10919885,0.18987506,-1.1749281,-0.65758777
-3.5764639,0.25729769,1.0319018,-0.23468305
-2.9374402,0.25729769,0.048290657,-0.58928418
-1.8454952,-0.14261607,-0.73988964,0.3650065
-1.5956402,-1.2454762,-1.3486958,0.091755328
0.66155989,-2.3040498,0.96056594,0.25164375
-0.15689261,2.3632095,0.014377596,-0.27941454
-0.17251496,-0.57580667,0.054603984,0.63398479
2.8433961,-0.94043629,0.21813046,-0.6332932
-2.896552,0.65474844,-0.54459554,-0.66906656
2.0378355,0.35193636,0.76881934,-0.25404866
0.75817443,-0.10619551,-0.69739291,-0.91452989
1.1826631,-0.65275941,-0.33382768,0.46153607
1.0122683,-1.8140704,0.12832474,-0.83165603
0.13625284,-1.8891099,-0.18302058,0.87139083
-0.083380734,0.42844009,-0.21092887,-1.0525792
-1.4752954,-0.63694761,0.3292132,-1.0966325
-1.0703056,-1.1681306,0.3242052,-1.6909937
-0.68756204,-1.5547059,0.37766598,0.72521065
-1.5316117,-1.7111175,-0.50988223,0.20538915
0.4070178,1.0002375,0.080584749,0.8148884
-0.54793296,1.0842484,0.24912617,0.87062521
-1.2714094,-0.61704411,-0.10538441,-0.82049189
-1.3241561,0.090017799,0.0033354957,0.11489079
-1.213069,0.63551486,-0.64900269,0.19860344
-0.12815714,-0.037154567,-0.22602462,-1.2319158
1.1536549,0.13730059,-2.4999938,0.37583315
-1.3681599,-0.19313456,1.3008606,-0.48006606
0.85505821,0.036073031,-2.3916935,0.31368661
-1.0882154,0.25202329,0.98517898,0.094467081
-0.77042951,0.43239216,0.17238672,-0.95831201
-0.39374782,-0.70517181,0.28731355,0.31097678
-0.53382809,1.5868725,-0.38119099,-0.16679881
-0.77843094,1.6401445,0.83670549,0.39256531
0.15559415,-1.7285078,-0.36405164,1.5826097
-0.16639867,1.9795851,1.0100082,0.66737718
-0.031541378,-2.2055229,-0.55022512,-1.2316284
-0.17580086,1.7694384,-0.91740632,1.2627025
-0.96889274,1.2894502,0.044029198,0.33288206
-0.7385178,-1.4137492,0.26231492,-0.576243
-0.27024748,-0.2498489,0.87558905,0.67282485
-1.3264162,1.4692263,-0.041026263,-1.3510326
1.8652784,-0.47624482,0.16933577,1.1122469
0.38165099,-0.76117485,0.62829506,0.91871536
0.3350397,-0.65791156,-0.15701714,-0.96080153
0.99336186,-1.6120453,0.32204484,0.57256286
-1.1428129,-2.0076707,-0.38175012,0.88456449
-0.29517762,-1.8745251,0.48464928,-1.0873669
0.0730583,1.7264636,-0.69812975,-0.75865625
-0.037175435,-0.37811937,-0.32917554,0.22743552
-0.96420449,-0.88662294,0.084683605,1.0590243
0.21270355,-2.6704254,0.33413042,0.59595491
0.0098608444,-1.0475461,0.45942324,-1.6374883
-0.38710153,1.2684319,-0.33446523,1.2412828
-0.066715051,1.8152515,0.28517743,0.55370833
-0.1266435,-0.14455254,-0.69325301,1.2299282
-0.70836609,-0.28471878,1.0363202,-0.22807071
-1.0665857,3.4587324,-0.11171946,-1.096941
0.53205455,-2.9155261,0.45818502,-1.5368141
0.37403056,0.68732138,-0.24254805,-0.82082876
0.064272621,0.92599373,-0.58660617,-0.53835009
-0.74138652,-0.41165508,0.54789702,1.0787044
0.64696514,-0.79567587,1.2495412,-1.2004521
-0.37019564,-0.44501735,0.76121915,1.3062286
0.18111273,0.084295121,-0.78399307,-0.36043082
0.024680495,1.7249943,-0.51737478,-1.7871319
0.48601211,0.98342842,-1.1804148,-1.6054999
-0.59960714,-0.1330321,-0.13931724,1.0652025
0.24074417,-0.74808037,-0.59602722,-0.53485743
0.058966185,0.46855884,-1.42573,-0.79892849
-0.15516258,-0.90138149,0.38628046,-0.55393581
0.5471159,-2.4467721,0.34089752,0.34914687
-0.49691825,2.283976,-0.87255453,-0.21272976
-0.445918,0.51746263,0.71859412,-0.41871841
-1.7793737,-0.39596692,-0.96935631,0.15191743
0.35145977,0.58800014,-1.842582,0.39494506
0.19330079,-0.028101121,-0.89541806,-1.061222
0.74342844,-0.42096264,-1.7213879,-1.6670192
-0.7230193,0.2000721,-0.19815224,1.2491641
-0.33143452,0.25164855,-0.26037801,1.3082261
-0.35986818,-0.38073507,-0.87360303,0.44529432
0.6266971,-1.0583471,-0.26176349,-0.59550832
-0.81134229,0.740442,1.0578267,-0.084153171
0.76761662,0.42136059,1.826136,0.12789247
-0.94318504,1.6823389,0.31806892,0.14985677
-0.60538316,-1.1441598,-0.42967899,0.51719584
0.71576586,-1.6304865,0.069494368,-0.1052666
-1.828357,-2.1561031,-0.96399534,0.56269649
-0.091430927,-1.4640119,-1.0373172,0.430178
-0.50124756,-0.45529987,0.016599991,1.3676528
-0.36743665,0.29061741,0.58870803,-1.2196991
0.20392021,-0.29269662,0.57836605,-1.6440517
-0.36838309,-0.46182326,-0.91191199,-1.275047
0.23491099,0.27196824,0.64731825,0.20400394
-1.137992,-0.89650245,-0.67287931,-0.87217015
0.47764262,0.86064568,0.41747666,-0.03401776
-0.39710916,0.086902254,0.58068132,-0.26186507
-0.81204274,-2.0354209,0.3842404,0.53485718
0.02702295,-0.30391542,-1.7107796,-0.32357906
0.5503977,0.46517836,1.6024609,-0.17722778
0.73816713,-2.1515612,0.49396268,1.4366182
0.96730959,-2.1309074,0.20256634,0.57421535
0.61274375,-1.9125167,1.0917052,-0.62421259
-0.034727197,-1.6094379,0.88007257,0.56507888
0.1116592,-1.2036031,0.18950554,-2.3315
-0.77637965,0.98607,-1.4606833,-1.8787911
1.0376233,0.28281999,0.12825053,-0.26219512
-0.78871443,-0.6746204,0.052753706,-0.45268413
0.31422707,-1.8755394,0.73816777,0.2758793
-0.058615071,1.4842756,-0.41128185,-0.85019746
0.67317899,-0.88162759,0.53470313,-1.0495295
0.94558588,-0.034420319,0.97260303,0.54364929
0.44441809,0.57137373,0.46463719,-1.1406031
-0.70171277,0.39024773,-0.6929306,2.093648
-1.2911609,1.2176548,0.67573542,0.9274669
1.3393691,-0.46122968,0.89314909,-1.2275623
1.0521649,0.1291033,0.18353752,-0.12035108
0.862391,1.1470491,0.20144257,-1.6791066
1.9042482,-0.16113257,-2.2373005,-0.5759368
1.3576541,1.470645,1.9244608,-0.5099969
-1.8450487,1.5494428,-0.8135959,-0.78351165
1.753791,0.38209304,0.13555466,-1.3816043
-1.4048235,1.2679545,-0.15700381,-1.147308
0.48894924,-1.0668721,-0.61907042,-0.80331525
0.85791147,0.21206048,0.81739288,-0.080156124
0.69203395,-0.23062356,-0.35977692,0.20673543
-0.63338533,-1.7085784,-1.9105859,0.3879489
0.24872081,0.46130837,-0.83912409,0.66452142
0.052074424,-0.89157978,-1.7016909,-0.72039477
-1.85237,0.46152356,-1.3511126,-1.491735
0.75885824,0.97750085,0.58675344,-0.6374218
0.4960701,0.6953029,-0.10113614,-0.20114769
-0.14131673,-0.87622267,-2.1442255,0.043362683
-0.58827215,-0.70723504,-1.8682346,-0.7203106
0.36890671,-0.64896883,0.80451453,1.424338
1.1374925,-0.034846342,-0.62542867,0.28516691
1.227311,-0.017349403,0.29228075,-0.031578631
1.0245239,0.89253156,0.48649346,1.4796544
0.42803733,-2.4474226,-0.47084034,-0.099906221
1.1324753,-1.0197901,-0.5113041,-0.80283997
0.11190226,-0.63506968,0.40602702,-0.41196571
-0.077481851,-1.5737649,1.3847072,0.47104633
0.041270596,-0.97457274,-1.8175974,-0.43740857
-2.3324798,-0.67750982,-0.96830455,0.21681227
1.8989293,1.0731629,-1.1459605,0.16528777
-1.0327745,0.25488323,-0.91039782,0.70906581
0.039705387,0.54739958,-0.21530267,0.22882483
-0.29538167,-1.1527815,-0.302541,-0.53084595
-1.5042532,1.2651779,0.22196511,-0.23974415
1.2827971,0.80955264,0.090284047,0.21222205
-1.1134347,0.89273489,0.056951468,0.57872928
-0.53796949,-1.7687055,-0.38005259,-0.64154732
-0.5074575,-1.5507634,-0.30412332,0.31768793
0.0065128804,1.4700396,-0.60029685,0.51248138
-0.099738207,-0.72038801,-0.20850919,-0.98419422
-1.2602751,-1.5912098,-1.7646406,-0.95837514
-1.241299,0.73997543,1.4208994,2.4818911
-1.632179,0.22544288,-0.24809338,1.5885231
-1.688221,1.3690502,0.60466386,-1.5854892
1.598696,0.93142833,0.018536866,-0.52768902
0.59489753,0.15264821,-0.2451259,1.4806545
0.25711834,-0.8022152,-0.92743335,0.7153406
-0.50644289,-0.2830857,-0.67523047,0.51756857
0.3260805,-1.2447549,-2.716791,0.73853764
-0.51191047,2.0347593,0.94726088,1.727203
0.26640515,0.17079115,0.024236747,1.317593
1.288502,0.85783132,-1.2431833,1.2407958
0.74845787,0.084141757,0.60057336,0.97531415
-1.5968214,-0.12708218,0.88864344,0.86572218
-0.95814106,0.23102981,0.0831145,-1.0506542
0.40467623,-0.85006974,-0.11858203,0.71039446
-0.88739058,0.55736347,0.29375487,-0.93867037
0.40901351,0.56494848,-0.82886475,0.025123672
2.1731855,-1.8376138,-0.93615165,0.53982053
-0.78416139,0.79718035,-0.48897735,0.49447925
0.77406775,-0.39754798,-0.80374261,-0.26996282
0.85471254,-0.20453798,0.65858174,-0.83501024
0.8493301,-0.33290394,-0.43276128,0.15967273
-2.0118148,1.1577667,0.3731155,-0.23209859
-1.3136655,0.89598795,-0.091620956,-0.17353712
-0.44808463,-0.39281234,-0.080660822,0.1484638
-0.66382849,-0.72483419,0.053871149,0.62857792
-0.40522798,-0.76305257,-0.59670057,-1.5414487
-0.020593007,-0.66967772,-0.20856823,-1.4379543
-0.31417263,0.1411157,0.14871272,-1.9239938
-0.48182136,0.20550211,-0.52597466,0.13209395
-0.45462281,0.28746455,-0.09597684,0.22194536
-0.45768832,-0.30765729,-0.25406641,0.15693929
-0.43812364,-0.79149512,-0.65631949,-0.43589424
-0.37046658,0.96638117,0.46817523,-0.13125081
0.66118899,0.47825209,1.0209443,0.6287977
-0.12696656,-0.50384494,-1.5774094,-0.53489268
1.0321462,1.9274494,-1.479334,-0.15032558
0.70189487,0.081591529,-0.84969873,0.74737762
-0.31716855,1.2516851,-1.2714527,0.28539183
-0.19630896,-2.0936453,-1.2955536,0.97145452
-0.003359928,1.7194754,1.3000792,2.4028238
0.090698059,-0.13183457,-1.2021843,0.056734706
0.78515288,-0.17069979,-0.81052524,-0.29907674
1.940443,1.1180059,-0.32067805,-0.34163726
-1.5167812,-0.5933101,-0.93638314,0.033898022
0.31828911,-1.804946,0.28784198,-0.72984772
-0.72134128,-3.1662173,0.67765105,1.3948602
0.70795582,-0.58322705,-0.81956928,-0.24050038
2.152616,-0.21453404,0.68544076,-1.3561214
-1.3312722,0.24250414,-1.7020551,-0.51298973
0.25619475,0.45800823,0.14529129,-0.23969707
-0.33505484,-0.83639191,1.3451875,0.41980639
1.7881595,-1.357647,0.71391371,1.083527
0.4778361,-1.1962143,1.3521082,1.4773465
1.3566743,-1.5761191,-1.5604556,-0.42431249
0.39685494,-1.0958718,-1.2430863,0.077875954
1.4827195,-0.11807811,0.35503236,-0.66701754
-0.16832886,-0.93002402,0.79855623,-0.010537779
-0.037288848,-1.6845872,0.54137078,0.31167893
-1.0633793,-1.9354369,-0.0159524,-0.42106093
-0.68506352,1.4317696,1.4450034,0.73281431
0.0083283771,-0.76425896,-0.52010637,-0.80072635
-0.058136982,0.58529845,-0.23621514,-0.58664115
-0.61091506,-0.32361298,-0.16175719,0.62136777
-0.46019281,0.30232922,0.01860586,-1.2477234
-0.015955668,-0.41578801,0.13184552,1.3490926
-0.65002947,0.29816239,0.77916799,-0.42967101
-0.53666881,0.15677068,0.23497553,0.452224
-0.37401488,-0.27616803,-0.0027757613,-0.78926959
0.035175334,-0.38042474,-0.22175275,0.39332126
0.34626567,-1.2097457,-2.6440501,1.0504678
0.25530306,0.86103313,2.4231994,0.15612296
-0.33096922,1.4895255,0.42339801,-0.1642983
0.61027866,-2.1169469,-1.1261282,-0.38941136
0.068182679,2.4070896,-1.820334,-1.4666375
0.13503266,0.65530699,1.8685136,1.0208196
0.56997252,-0.63953467,-0.45977652,0.84270697
-1.9430685,0.58877405,-1.1336434,-0.052461556
-3.1112206,1.2229345,0.74842683,-0.70376135
-3.6431461,-1.2791291,0.17609766,-0.27102121
-1.6569862,0.2650661,1.4951453,0.3618651
1.9240197,1.7728551,0.72101041,-1.3672796
0.38692929,1.2395624,0.71624799,-0.27216769
-0.18010866,-1.4359976,-0.50424746,-0.026666964
0.90185593,0.47112612,0.22056805,-0.10791545
0.17025957,1.7568962,-0.90781035,-1.2337654
-0.089422541,2.3682784,0.08420965,0.74118553
-0.60429769,-1.4141854,-0.19499771,1.7944278
0.89258541,0.061553373,0.17718346,-1.7861575
-0.16384624,-0.11958558,1.0025102,-1.9776084
0.92874076,-0.13953366,2.2026704,1.4339387
0.13894495,-1.6285593,-0.80538936,-1.8383934
0.0075981365,-2.8633769,1.1984047,0.50451534
0.077384197,0.52114826,1.1629176,-0.71306667
-0.19460309,0.034005844,0.74367697,-0.29276386
-1.938271,-0.090214724,-0.89476009,-1.361192
-0.59493857,-0.21996581,-0.63627911,-1.4218296
-0.59493857,0.38796351,2.6616719,0.79473458
-0.4541002,-0.22817231,-2.6771434,-0.27614248
0.31902218,0.066529229,1.2083713,-0.41674825
1.1538519,-0.84292965,1.3025669,-0.33765589
-1.4290908,-0.16773806,0.32659827,-1.1783457
-0.65021656,-0.49544327,0.4796853,0.57550942
-1.0978321,-1.2817311,-0.72568276,1.0975538
0.42313681,-1.1006167,0.42690249,-1.1039291
-2.0176482,-0.78123221,0.44363714,-1.855213
-1.4658313,-0.67895933,-0.013015062,-2.0533711
0.70931041,-0.82035913,-1.8504442,-0.56618086
-1.1593388,-1.142253,1.6069672,-0.53583564
1.0481995,-0.95552845,-1.3163764,1.6932718
1.1545569,0.89980374,-0.7712108,0.12889132
-1.205212,-1.1063733,-0.64479186,-0.32381566
0.36763624,-0.39701837,0.99966001,-0.366153
-1.4016621,0.13874711,-1.2140399,0.11994079
0.18581726,-1.2227344,-0.43086133,-0.74530584
0.079853462,-1.6965101,0.20067991,0.47706564
0.12208461,-0.53531119,-1.1930963,0.67244731
-0.001771189,-1.8495539,-1.6458079,-0.38239642
-0.2366558,-0.64803399,-0.47336733,0.2422557
0.15679326,-0.15442676,-0.18857398,0.90315239
1.561324,0.07689876,-0.20049226,2.2263093
-0.15454278,-0.10974392,0.68651917,-2.1504687
0.57073086,-0.40951315,-0.14716924,-1.5010608
-0.63017294,0.20522226,-0.47624992,-1.1790718
-0.84711896,0.1924352,-0.38918617,0.85528045
-0.12614365,-0.14521468,-0.13028924,-1.548338
-0.39609634,-0.96520109,-0.5076301,-0.56706331
1.3254649,-1.1811279,-0.15779094,0.11277059
0.2642255,2.4068316,-0.15562938,1.1415452
0.55420018,1.9581376,0.055478015,0.12105341
1.6106917,1.1331085,0.040129518,-0.25822726
0.28094685,-0.15205302,-0.43006734,0.82048711
0.60501343,-0.30060977,-0.045894112,-1.0628659
-1.3334276,-1.762564,-0.48694396,-0.93284607
-0.67918511,0.16116463,-0.84265005,0.12006284
1.035595,-0.51719502,0.52029642,0.13891529
0.61334686,-0.61597055,0.56495522,1.2897968
-0.90406073,-1.0156079,-0.89942502,-0.36966529
-0.73245085,0.84474749,-0.30547507,0.18010586
-0.42720368,0.5113321,0.57065278,0.15107035
-1.6257646,0.51225209,1.0858269,0.26936472
0.051336891,-1.0925832,1.0492853,0.44997612
-0.60835193,-1.5506508,-1.1537909,-0.52505801
-0.58575098,1.038213,-0.3024186,-0.62689315
0.033831546,0.25137715,0.40510425,-0.92408372
-0.19312485,-0.5329386,-0.62240304,-0.68079526
0.29262153,0.70545332,-0.85572999,0.54698613
-0.20716062,0.78995106,0.17331202,1.485503
-0.45496696,-0.96748265,-0.10280521,-1.7346358
0.30398994,0.61688992,-0.12314629,1.7855311
-0.60528071,1.0274473,0.62109245,1.3751965
-0.73873159,-1.219832,-1.1212933,1.4455951
0.017755211,-0.12653492,-0.13873203,1.4047929
-0.14634606,-0.96313757,-0.66490111,-1.3357372
-0.26945615,0.80077346,-1.7008391,-0.74375492
-1.2878332,-0.58586379,0.4095561,-0.85141966
-1.0732953,-1.2702749,-0.46750887,-0.16137996
1.3277774,0.13245341,0.79398349,-0.17847847
0.67377171,-0.15785932,-1.4121423,0.039643487
1.3970107,0.067442712,0.39961021,-0.3352808
-1.2718794,1.3006542,-0.54034558,-0.27201894
-0.91974264,-1.4444318,2.1769349,-0.39819872
0.18735423,0.46022829,-2.8127638,0.49078675
-0.31799371,-0.58575871,-0.45221783,-1.0042373
0.97881425,-0.38954804,-1.9222805,0.84783415
1.1784196,-1.2865812,0.7720195,-0.030836301
1.0297768,-1.0475406,-0.49968747,-1.411035
-0.66219157,-0.65223041,-0.28776722,1.7901165
0.98050083,-0.099056366,-0.20297154,-2.2557439
0.55547784,-0.25814902,0.30907305,1.0330007
-0.79144943,-0.13941676,0.30211941,1.3190704
0.084446053,-0.26593749,0.029473082,0.44109934
-1.206774,-0.16354058,-0.084551788,0.69896881
0.04787203,-0.74418168,-0.68812188,0.72044918
0.62397936,-1.5644541,-1.5440273,-1.416547
0.65889715,-0.54027077,-2.2143719,-1.0990928
0.56933639,0.031055423,1.6771472,-0.076340047
0.346105,-1.1339789,1.0830682,-0.51957432
-0.38975659,-1.0193369,-1.6663443,0.56547389
0.11616474,-0.92348496,1.1178149,0.62886935
-0.074100357,-1.781105,-1.2242727,-0.097267679
0.52778742,-2.6674719,0.62484304,0.15543148
0.19913374,-2.5794043,0.62484304,0.58613698
-0.4777121,-1.2622164,-0.6135554,-0.09463279
-0.83477542,-0.87194661,0.55770042,-1.0974468
-0.60247919,0.61389567,-0.84842012,-0.84538347
-0.53057223,-0.47321303,0.86394106,-0.027490195
0.23292433,-0.6312381,0.9138301,1.103253
-0.30676425,-0.72079087,-0.14271578,1.5733846
-0.55216101,-0.80020319,0.74265678,-1.7517471
-0.7624451,0.62333415,-0.91682716,0.80954737
-0.83806964,0.76220601,-0.91276014,-0.89626677
0.39338907,-0.47873728,-1.3581598,-1.6063923
0.70443612,0.17341661,-0.64013778,-2.0357251
0.73486493,-1.6428603,0.43682789,0.51781571
-0.8794242,-0.95259178,0.052020796,0.038313968
-1.2463034,-0.79452715,0.79828932,-0.36246858
-1.0579362,-0.63635708,-0.59734154,-1.3887592
0.42981396,0.062009359,0.16504868,0.85399883
-0.80863209,-1.394357,0.27950087,0.13699341
0.51998441,1.6414311,-0.67935401,-1.7900044
-0.67040859,-1.7353437,-0.11930152,-2.0889328
-2.5822801,1.9313024,0.91354089,0.91209136
2.5058709,1.0634293,0.39771008,-0.88720095
1.0459321,0.55063901,-0.15373642,-0.85147304
-0.19730942,-0.65542834,0.47926671,0.68454364
-0.12073943,0.15824575,-1.6603932,-0.077825797
-0.38354117,1.0685779,0.31929111,-0.90578461
-0.18455555,1.2696031,0.836284,0.1416278
-0.83339889,1.1177153,0.037558461,-0.27351144
-1.4793452,0.35963822,-0.4427922,-0.75449856
-0.85792029,-0.52608726,-0.7761255,0.63311663
-1.9042718,-0.5647278,0.4968779,-1.3896386
2.2278002,-0.67619022,1.9795545,-0.2719263
-0.21595711,-1.3231598,-1.4826921,-0.63662763
1.2761216,-0.57376173,-0.39013289,-1.1063201
0.48225675,-1.4416018,-0.45336707,0.20783649
-0.72096109,1.4637938,-0.41668391,-1.5818196
-0.61321601,-0.73549832,-0.37408127,-0.31773278
1.6865735,0.45214542,-0.039225981,-0.93434203
0.38232467,0.13526033,1.334696,0.28549735
-0.075620511,-0.40200873,-1.6886135,0.04263122
1.3531317,0.60306978,0.25026297,0.51250265
-0.060357671,-0.4564544,0.37798281,-1.1777517
-0.14821887,-0.47541797,-0.6269906,0.3836306
-0.7245412,-0.65125719,1.1823121,-0.38520445
-1.6867988,0.57421695,0.032301662,0.43049845
-2.0922194,-0.46966519,0.87745085,-1.370946
2.2608253,-0.5362612,-1.6297187,-0.19370089
0.35089883,-0.51886235,-1.0037564,-0.40388559
-0.42368956,-0.44024584,0.053694403,-0.40863648
-0.71493197,0.44574971,0.19759318,0.18967207
-0.54784202,0.9422285,-0.21513396,-0.92950152
1.3644038,0.31782113,-0.22782325,-1.8824175
1.6808076,1.5416438,0.87583542,0.41784579
2.2931193,-0.49118249,-0.22678198,-0.12649275
2.2374452,-0.21931525,0.60346114,-0.6105539
0.3001163,-0.70925731,-0.42840514,-0.28294264
-0.60818926,1.2454072,0.30487927,0.85667817
0.45247445,-1.4249772,1.5438441,0.31827413
0.47014745,1.3348213,0.71634557,0.7651338
-0.028226942,1.4155776,0.88011939,0.50368098
-0.18527977,-0.91707395,-0.27121427,0.77068096
-0.68785906,0.95557476,0.79245772,0.81338059
-0.15313164,-1.0263542,-0.51982959,-0.14232237
0.69069463,0.21393571,-1.0960688,-0.075337691
1.1434653,-0.012746192,0.38034627,-1.118027
0.46101456,-0.10420189,-0.4845005,-1.2687736
-1.4691461,0.099860541,0.19808011,0.20625724
0.82273516,-0.40692612,-0.51170788,-0.71565267
0.73530175,-0.51240551,-0.43369452,0.43784991
-0.3110136,-0.43045117,-0.40473711,0.05764473
0.93852367,-0.3968054,-1.4331556,0.94528946
0.97708973,1.3343791,1.277767,0.98188428
-0.92060058,-1.0838192,-1.3970682,1.1278511
0.61370026,-1.1726939,-1.6443131,-1.339188
-0.58091432,-3.4382559,1.1233326,-2.0655754
0.10085881,2.6139384,-1.3096492,-1.9977721
-1.2070856,2.718729,0.45093271,-0.52276061
-0.13222691,-0.58865241,-0.24701854,0.10623962
-0.081160794,2.0596822,1.0269386,-0.044346823
-0.97052491,1.3100075,0.14765258,-0.46443028
0.77817666,-0.29170917,-0.6486127,0.23498287
0.82568043,0.85013671,0.46727547,-0.5411373
-1.1609121,-0.43206858,-0.56762593,-0.64994474
-1.3193389,-0.45959616,-0.095614251,0.40225325
-1.3205091,0.083190352,-0.1454024,0.2304356
1.4108204,0.9022329,-0.75000495,1.1376869
0.84550412,0.27455613,0.69375297,-1.2606451
-1.0287423,-0.37201428,0.038729139,0.76895796
-1.2802292,0.92255445,-0.36771063,1.3258846
0.80037846,0.81772745,-0.14005687,-1.2929434
-0.65912939,0.96250228,0.22218581,-0.01914962
0.38536864,2.1470467,0.1024564,-0.58492057
-0.54751959,0.69025686,0.47729755,0.066832895
-0.74287756,-0.042395653,-0.71656108,0.22472671
-0.36281169,-1.5778943,0.2206129,0.70649678
-0.54098335,-1.0720016,-0.046619099,-1.2692015
-0.11209495,0.64228098,-1.6117631,0.63270136
0.05408203,-2.1779013,-1.7910099,-0.51914791
0.058508731,-1.959579,1.7003199,-0.31917762
-0.43538209,1.7618603,0.35143278,0.76879596
-1.0947272,-1.4332842,-0.83637507,-0.465535
0.38731036,1.4841411,1.0744698,0.35722869
-1.170224,0.81585741,0.98176368,0.53716009
0.049551961,0.013443891,1.1550835,-0.086433329
-0.9826254,-1.3641752,0.95905581,1.0618645
-0.69431819,-1.7837125,1.4734451,-0.047723763
-1.232279,-0.41213874,0.64763905,0.88190825
-0.61345444,-0.41413242,-1.1012889,0.77242157
1.0708531,0.21191691,-1.5580215,0.50805534
-1.1257057,0.080314364,-0.78588808,1.595377
-0.34338549,-1.0294818,-0.022732134,1.1880047
-1.0531619,-0.87608768,0.37394356,-0.97829345
0.74287446,-1.1723835,-0.59827168,-0.10396777
-0.82185812,-0.67866732,0.60930309,-0.01234402
-0.99684803,0.028918609,-1.8721497,-0.85475739
0.17858896,-0.24706178,1.8142987,-0.11687603
-0.98835513,-0.2848612,-1.4687459,-0.21227812
0.44053369,0.0847878,1.1388034,0.033732078
0.42800658,-0.34965353,0.23302138,0.18479982
-0.20310873,-1.0052528,-0.23660848,0.79532352
-0.23185009,1.0166068,-0.13306076,-0.5100635
1.1319733,0.18981849,-1.388854,-0.66567889
0.86458465,-0.25368329,1.3751681,0.28085835
1.5053449,-0.18007694,-0.67536503,-1.592462
-2.2592404,0.05529066,-0.03431438,-2.1473107
-1.0393052,0.3733548,-1.215482,-2.0270465
0.77308217,-0.27461951,-1.626595,1.9058883
0.58365085,-0.11537825,-1.8598091,0.14160377
-1.1371953,-0.1872396,-1.6266818,-0.64727464
-1.7763472,-1.2498092,-0.3551997,-2.0476669
-0.89714294,0.69756967,0.20134424,0.43037573
1.2913794,0.9414959,-0.72617792,0.23149863
1.1945381,-0.7406312,-1.1677204,1.1624773
0.66814785,1.6728407,0.068453269,0.86358998
0.57690434,0.62795877,-0.1741523,-0.70947369
0.0080473953,0.83394623,-0.78086425,-1.1376017
-2.5602524,0.3597228,0.68280326,-0.710128
-3.0622053,0.77035143,-1.269763,0.40502931
2.9565385,-0.66669706,0.75565514,-0.20948962
0.41189114,-0.085974787,-0.79594673,-0.54712011
-0.77699574,-0.24519126,0.67154979,-0.67069967
-0.53768575,0.59846135,0.0060319418,1.1590781
-0.40728972,-1.5079955,-0.2653413,0.91808513
-0.39743207,0.42784424,-0.44491211,-1.3562594
-0.56872977,0.76234174,-0.36678276,-1.1539534
-0.48495619,0.50308465,-0.65384562,0.71033883
-1.0399317,-0.19663273,1.2908868,-1.1250446
0.46371831,-0.18950017,0.011754991,-0.39349136
-0.92052721,0.15111408,-0.24079441,-1.5241759
-2.1729245,1.0677611,0.25670148,0.39020101
1.7241078,-1.3899434,-0.56841252,-1.5249695
-2.128598,0.34972587,2.1703516,1.6066052
-2.3232951,0.12217271,-2.3680556,2.0292987
-1.6513944,-1.7286567,-1.1266829,-0.70270792
0.61536804,0.25724652,0.80211424,-0.58832336
0.039996348,-0.36127128,-0.62806957,-0.0595537
0.78688545,0.19348293,-0.301539,-1.0348626
-0.63066733,0.49968931,0.54809919,-1.8150957
-0.45879744,-1.6468813,-0.48713,1.7174624
0.42072204,-1.8359439,-0.63724448,-2.2253602
-0.00072868583,1.5066544,-0.88307155,0.9911677
0.15310815,-2.5543887,0.16058773,-0.089083388
-0.29588124,-1.2137952,-0.44892635,0.027579064
0.1024025,0.69100202,0.2865827,0.012030755
1.791459,0.21584981,0.65524108,-1.2744827
-1.8939122,0.26828737,0.95064483,-1.8851312
0.98343926,-0.65739497,-1.305192,-0.13660408
-1.3240373,-0.55921052,-1.3737509,-0.040844977
-1.388386,-0.097810461,0.85341107,0.073097846
0.8400473,-0.95893933,0.27067113,0.41136378
0.22746112,0.70922664,1.6013123,0.026053421
0.30643657,-0.62181134,-0.83661984,0.068918739
-0.7203219,0.477117,0.076848893,-1.5176344
-0.78411477,-0.65199322,1.5925498,-1.0309596
-0.13831415,0.50800082,-1.9133499,0.50152074
-0.1863398,-1.3309027,1.6089226,-0.090326756
-0.0050513778,1.2101749,1.8053183,-2.0196217
0.6913932,0.4157701,1.0509008,0.68030497
-0.88948768,-0.28151933,-1.0026415,-0.9308713
-0.92769858,-0.088887315,-0.26682327,0.32179708
-1.593369,1.0012568,0.37031372,0.97166917
0.78825528,0.17566823,0.83047688,1.0903524
0.26611482,-0.71473336,-1.0697682,1.2014757
-0.041531286,-0.6834052,-2.0005769,-1.7511576
2.9489138,0.48919052,-2.4967255,-0.17084611
0.14248906,0.96859722,-2.7751784,-0.20105575
-2.3498483,-0.69570561,-1.1503354,-1.0751758
-0.24237989,0.0094856276,0.0092599818,0.65232809
0.057185188,-0.11129172,0.33554086,-0.30831795
-0.21252508,-0.39530471,-1.1749889,0.30751212
0.27951391,-0.60781971,0.98272058,0.10532682
1.2047721,1.0591416,1.0964673,-0.083693049
1.7233985,-1.4684467,0.94085787,2.0746173
-0.70464105,1.8347429,0.70689987,1.8282757
-0.57263338,0.22466906,0.14655809,-1.5856264
0.42835129,0.15553731,-0.37499937,-0.48346839
-0.6554052,-0.23927542,0.080147775,-0.21953017
-0.19860233,0.11608781,1.1844322,-0.88112696
-0.61492366,-0.69339657,1.2867112,-0.88532672
-0.97540646,-1.0108937,0.44601762,-0.7929403
-0.5665457,0.72473085,0.84683353,-1.1133317
-0.12675474,-0.4249615,-1.4457376,0.75212605
0.80457432,0.31107535,0.032392205,-0.3398522
-0.94037536,0.033188443,0.48400789,-0.0048794427
-0.34713195,0.031366206,0.9198522,-0.46076681
0.96722825,-0.39510067,0.0210127,1.414348
-0.57771383,0.667809,-0.81764001,1.2396955
0.73806659,1.236502,-0.34505779,-1.3996798
0.98678526,1.7570996,0.10599824,1.4653254
-1.0594559,-1.7921182,0.19031433,-1.4113572
0.40502404,1.4267416,-0.2139041,0.36004356
0.1511022,1.4892828,0.71264907,0.020364767
-0.48852103,-1.5502255,0.87763606,0.71436161
-0.85761833,0.99821843,-1.2773794,0.74147073
-1.0990684,-0.78357082,1.5015183,0.13566976
1.7426697,0.09209705,0.10880188,0.22880309
2.0112047,-0.43969066,-0.11108174,-0.44812156
1.4492603,-0.14464295,0.5634807,0.39190876
1.313021,-1.4291594,0.38111114,-0.90148467
-3.3580309,-0.5755135,0.45264642,-1.2595538
-3.04159,1.796027,0.48202343,-1.5528696
-1.4033979,2.1715278,-0.52271226,1.4169394
-0.70566854,1.2002305,0.95119112,-1.7360054
-0.65340069,-0.66783638,-0.51301181,2.3242635
-1.3572289,0.058196944,0.88758539,1.8794013
1.2409887,-0.02887096,0.8141009,0.49861342
0.87181,-0.48918763,-0.94384728,0.16295402
1.2460127,0.12746731,0.51071817,0.22039389
-1.1537149,0.1277908,0.28405146,-1.0488127
-0.91544619,-0.35433056,-0.13617709,-1.0362967
0.90932654,0.69716832,-0.18388062,-2.0181415
0.0065123678,-0.10240415,2.1874718,-0.26372607
0.040747036,0.31028915,-0.10303096,-0.72533375
0.1735453,0.20583509,0.95220121,0.39425015
0.3170899,-0.39853023,1.5134524,-0.7722322
-0.72592278,0.95149555,-1.0317648,0.77324854
-0.073247903,-1.1981855,0.55154919,-0.25420412
-0.36577237,0.074015077,-0.70427468,0.05010815
0.11409827,1.4399296,0.68544751,-0.4229831
-0.28598044,1.3079049,0.48601374,-0.59166077
-1.152238,1.1212181,-0.90397156,-0.32067294
-1.6599378,1.0461425,0.33760789,-0.19395626
-1.948743,2.5636653,-0.94101503,-0.55406731
-1.9153786,-1.2035237,-1.2017641,-0.96185856
-0.9397334,0.015616167,2.2323888,-0.26217907
-1.0818628,-0.74643677,-1.8476599,1.4886509
0.62458605,-2.2807217,0.93070383,1.1886218
-0.091827509,-1.9938144,-0.26977629,0.38778276
-0.45271505,-3.5557094,0.039961647,-0.96448682
-1.2067768,-0.57186402,0.074445514,0.14056277
-1.7244436,-0.20902636,-0.054535072,-0.18519353
1.0029422,0.78724424,0.0029104829,-0.34129473
-1.2913444,0.16422458,0.3012038,-0.86765079
-1.1846687,0.40742246,-0.78903804,-1.3652398
-0.198238,-0.42783467,0.95641622,0.18884047
0.37096509,0.3238933,1.6764168,1.0801389
-1.1092702,-1.742412,0.94488672,0.9890879
0.42832777,-0.78842691,-0.24396153,1.8693457
-1.7676054,-0.40463973,0.083099628,1.350003
0.84806159,-0.95060693,0.15533278,-0.012796039
-0.69754824,-0.14410737,0.88059263,-0.81305277
-0.37231307,0.027592197,0.17090075,-0.69388207
-0.58758791,0.67452012,-0.8040661,-1.4521825
0.78786515,0.37418563,-0.35185509,0.24188854
0.38331667,-0.87702496,0.53084194,-0.53005353
0.32312327,-0.71824511,0.3857889,0.35590311
-0.016390252,-0.23838745,-0.32206673,1.9540886
0.039503596,-0.18188026,-0.84350146,-0.3417258
0.55458527,-0.3610375,0.43162058,1.0579872
-0.60361833,-0.8918214,-0.15560322,-0.96764465
-0.78411345,-0.48972117,-0.010702568,-1.5193931
0.05364098,-0.43745769,-1.3948506,0.93650424
-1.3236663,-0.4271451,-2.1204003,-0.17357266
0.20097947,0.73842853,-1.8772928,0.35281942
-0.8338379,-1.4577071,0.18433632,-0.18011309
-0.52569774,-1.510891,0.45501121,-0.71038234
-1.6120772,0.67512662,0.43898977,-1.0432728
0.29917255,-0.12237739,-1.0965845,-1.4215003
-1.2723657,-1.3916357,-0.30592746,-0.20042144
1.2744367,0.74621499,0.3418591,-0.91260114
0.79201278,1.5703921,2.3358777,-0.86368966
-1.1572877,-0.4532376,-1.8270808,0.75636623
1.0864525,-0.098885379,0.17650427,-1.1001927
-0.037494232,-0.89712448,0.57337522,-1.3680444
-2.264073,-0.02439709,-1.5394119,-1.1243108
-1.7771122,-0.35653566,-2.2333425,0.4131575
0.69804485,0.016463837,-2.0187187,0.6814628
-0.65239746,0.22059202,-0.88287912,2.0725299
-0.60725211,-0.49265589,-0.39091775,-1.3586191
0.21736429,0.23082427,-0.96343748,1.4321203
0.045615149,-0.58188501,2.0483748,0.46137931
-0.71109453,-1.3311918,-2.0540089,-1.0668026
0.56876673,-0.45718259,-1.1940793,-0.040706513
-1.8979231,1.8172161,-0.85891833,2.2179637
1.0125331,0.60571468,0.93480922,1.8758941
0.85420762,-0.58093639,1.6870667,-0.99233544
-0.96032968,0.24495997,-1.5984388,-0.43728182
0.31608621,1.0856156,1.5639336,0.5271611
-0.56581954,0.98305851,-1.7109236,0.66497308
-1.3012581,-1.1145838,1.3489487,2.135989
1.4794881,0.18385399,1.0820221,0.53349497
-0.21361333,0.86996239,-1.5396738,1.1667632
-0.47233107,-2.7806576,-1.6031374,1.1207049
-0.59686849,-2.6826516,1.1614879,0.82176426
-0.89791907,-2.2828255,0.81023881,0.30917352
-1.278791,1.1116938,-1.7506693,-0.88470852
-1.0147589,0.80732215,0.66600477,1.5154026
1.4019135,-1.1613682,0.58982934,-0.89128574
1.1947569,-0.77415211,0.32703358,-0.64169725
-0.82383087,-1.0351377,-0.91118113,-0.88055225
1.1044392,-0.66209258,1.6202215,-1.0199488
-1.0456737,-0.76153977,-1.7934949,0.44295898
0.068317736,0.36331743,-0.64866558,0.68109671
-0.57483847,-0.92208798,0.6897929,0.99172301
-0.51956265,0.14014435,-0.73804778,0.11767517
-1.0110296,-1.5497377,-1.4082819,-0.58752069
-0.47268482,-1.5975447,-0.876336,0.57682562
-0.69803561,0.8919718,0.33047745,1.4226816
0.10687107,0.7052324,-0.65236897,1.3275809
-0.27562589,-0.90072029,-0.36593687,0.11915316
0.017715371,-0.89573681,-1.4916225,-0.69551595
0.9043142,0.95022218,0.80851444,-0.6441525
0.29283804,0.074568159,-0.23427386,-1.3862144
1.6187258,1.5932239,0.2181534,-1.6764111
-1.7688705,-2.1256283,-1.001352,-1.9363239
0.59207305,1.8039556,-0.076781602,0.89346293
-0.23811854,1.5732569,0.24883135,-1.1530126
0.77958199,-0.96646684,0.05960358,0.16263446
0.93838271,-0.63064605,-0.48481165,0.052168566
-2.1584242,0.75009741,0.20603326,-0.55045579
-0.85282573,-0.77485261,0.22119006,-0.36229462
-1.8615993,0.76075365,-0.20690845,0.50346175
-0.99884796,-0.2620639,0.2625442,0.80240703
0.3836951,0.41644123,-1.3979022,0.65087387
-0.46643058,-0.81140025,-0.49252139,-1.1918438
0.081734007,0.13688753,0.079243689,0.5330242
0.29406068,-0.42821813,-0.53107688,-1.3148973
0.95738702,-1.82555,0.51359416,0.95629008
1.3805358,1.4625646,-0.011288337,0.47398421
0.83584449,0.47610134,-1.3322578,0.41817673
0.52465267,-0.35518462,1.283928,0.48533769
-2.24597,-0.3492707,-1.583198,0.16141514
-2.1570691,1.7241,1.2632489,0.29588507
-1.2045768,1.082684,0.45608328,0.2778683
-0.68786767,-0.12600515,1.555042,0.42757982
-1.7000924,0.30794093,-1.5443178,0.32982532
0.41573405,0.63666177,-1.3060176,0.096799076
0.71278894,-0.31856262,-0.043658365,-0.14882118
-0.32107792,-0.4479503,0.31198023,0.90892519
0.27750377,1.6032756,0.21221484,1.3807373
-0.46611312,1.7866434,-1.0648013,-0.5353174
-0.015032509,1.5505536,-2.90293,-1.5262096
-0.47296117,-1.5380406,-3.278415,1.6029847
1.7626592,3.0023378,-2.6142486,-1.1840601
0.038112107,-3.055714,1.4225307,-1.4881875
-0.3929134,-2.2297667,-0.19837443,-0.33679862
0.57864043,-1.3494414,-0.38779465,-0.49244081
-0.83411075,-0.19577642,0.74995795,0.76575702
1.1317969,-1.3088599,0.36868012,0.88350539
-0.7823363,1.849377,1.1431376,0.073242368
0.00092434358,-0.79562904,0.62690796,-0.5975909
0.20267132,0.20188436,-0.43018077,-0.24319606
-0.85063772,0.63223525,-0.95961144,-0.0087429916
-0.5795557,-1.0160757,-1.1498521,-0.30829515
0.36906346,0.8067271,1.8245255,1.5889503
-1.2959816,-0.35170875,-0.69625639,-1.510051
-0.68502225,-0.62500338,0.58262045,-1.4612166
-0.18175622,1.9720602,0.029293573,-1.8869916
-0.27129424,1.3143967,-0.48783152,-1.262916
-0.8943525,1.3913498,-0.16391487,-1.8395713
-0.69776623,0.26004482,-0.75942029,-1.9424791
-0.35960134,0.22312334,-1.6024305,1.3451137
0.52032169,-1.3319568,0.14582266,-0.33459224
0.7152257,-2.1830523,-0.89418762,-1.3423279
0.57937262,-1.9622958,0.42984591,-0.11895029
-0.57895227,1.0083782,0.66555024,1.3204264
-0.61114828,0.066898189,-1.561515,1.5913107
-0.5154728,-0.39404415,0.076785649,-1.620178
1.5870511,-0.57357105,0.59822097,-0.00013760127
-3.8722693,0.11180929,1.0020621,0.14190969
-2.7987014,-0.59574168,1.1547535,-0.42724956
-1.2064154,1.9487462,-0.26075202,-2.1504866
0.40563714,0.37332825,1.5199327,0.0043518683
-0.18894722,-0.50536994,0.93306698,-0.91983181
-0.96316541,0.8184953,1.1427959,-0.97475365
1.0638607,-0.38569368,-1.3439911,0.8653316
2.4485574,-0.37452471,-2.1210867,-0.32709299
-2.8054346,-1.0672994,-1.49585,1.0372639
-3.253856,-1.4902115,0.061394784,-1.637244
0.64036385,-0.87132828,0.33926956,-1.5783345
0.95325077,-0.75166081,0.43377637,1.3918952
-0.70935141,1.4289742,-1.3762894,1.4087898
-0.83337549,1.4574004,-0.89284767,0.95446738
-0.28382712,-1.7586157,0.61464066,-0.72837063
-1.3242805,-0.9084791,-0.50427994,-0.14867497
1.1173814,0.067082304,1.1246432,-0.18609011
-1.3876579,-1.6331533,-0.39655256,-0.77591256
-1.4439114,1.0144382,0.13384208,0.81317463
-1.2671333,-1.3850111,-0.28293465,0.82322309
1.278542,-0.00203293,0.99068953,1.6777465
-2.2197792,-0.37345289,2.5066318,0.15145369
-2.0647211,1.2036043,-0.27884125,-0.98436297
-1.2999232,-1.7742544,0.98366327,-0.024404807
-1.6034619,-0.92150691,-2.7290521,0.35170959
-1.6472861,0.54652993,0.86787541,2.055291
1.1442976,0.58415464,-0.9199462,0.55345471
-0.38375737,0.33848225,-0.9612804,0.40612251
-0.034879983,-0.5839685,-0.47132718,0.31441217
-0.39321078,0.76453118,0.53620662,0.87643991
0.33654659,0.20242021,-0.56630121,1.2911086
-0.60903724,-0.33651676,0.51855468,1.1393867
0.44912933,1.0991726,0.28860181,-0.15123287
0.49331367,-0.4063066,-0.13481697,-0.31323475
0.27307892,0.21482337,-0.19731135,-0.056384114
0.75506061,0.18204875,-0.58010499,-1.0146394
-1.8902685,0.028993483,0.00071460516,-1.5519675
1.2859021,0.40892837,0.88141826,1.5142765
1.0677192,-0.56483333,-1.0513597,-0.465987
-0.63073054,0.53836653,0.9051493,-0.089973523
0.78146032,0.81325616,-1.0144926,-0.039835582
-1.9390132,-0.33802466,0.81659763,0.62610704
-2.0795569,-1.4374673,-1.0613133,0.66857914
-1.0760155,1.7204459,1.9563115,-1.1194386
-0.74366262,-1.7761701,-2.5604211,0.30203373
0.60896316,0.27696145,2.1771979,0.2398076
0.64887805,0.1587596,-1.5981276,-0.22939601
-1.5589958,-0.094433866,1.4847375,-0.83373034
-0.86256566,-0.42725742,1.5678089,-0.83788738
-1.0760297,-0.22389903,1.3662388,0.50410098
0.87494718,-0.75238729,-1.2444062,-1.1169368
-0.44010015,-1.6435508,-1.0030007,0.17576295
-1.2502652,1.140674,0.84385402,-0.43645856
-1.1419324,1.5747104,2.4083792,-1.0215768
-0.42658967,1.0675583,0.92250883,-0.38678861
-0.40456752,-1.6566219,0.84552251,0.77170091
0.45094007,1.539295,-0.9806093,-1.2063865
-0.61314999,-2.4007877,0.44572411,-0.036921092
0.080817102,-1.0105132,1.227084,-0.094471943
0.072677714,-0.098785409,1.4303314,1.0860222
-0.77128274,0.77356473,-0.93518758,1.1372874
-0.90531525,-3.2229169,1.062697,-1.4157053
0.29713412,2.8916196,1.4304044,-2.3318168
0.20841025,0.38114726,-1.4679021,0.42883313
-0.69861325,0.30179269,1.2026907,-0.057570284
0.66176217,-0.097399882,-1.5949068,0.070778976
-0.61226453,-0.22917487,-2.4704009,0.013770569
-0.64518413,0.13061774,-1.56701,-0.22620799
-0.1368097,-1.1100995,1.5737596,-0.75776868
0.87453056,1.2061209,1.1512378,0.81319916
-0.12207141,1.5038715,-0.27404754,-1.5120929
-1.0639844,-1.3451699,1.2810127,0.58775731
-1.6448786,-1.3711952,2.7157277,0.023850664
-0.20541889,1.6270783,1.6739674,0.79166577
-0.15524023,0.15221734,0.012542763,0.10867905
-0.70219907,0.23048966,0.37190023,-1.474231
-0.45279175,-1.2565634,-0.5173868,0.34534853
0.46510707,0.6074271,-0.075369586,-0.59025392
1.5133251,0.010793373,1.5169469,0.40638867
-0.57539687,0.22802435,1.8742073,-1.8958512
-1.3818295,-0.81426887,0.30680976,1.6919922
0.51822883,-2.2441573,0.549922,1.8904515
-0.021865194,0.88467881,-0.37445893,-2.1214916
-0.91029077,0.37787967,-0.0044545365,2.1229884
0.28518217,0.78648293,-0.4443574,1.3966036
-0.40892596,0.72784424,-0.14896163,-1.310434
-1.4857429,-0.81666906,-1.2101353,-0.63923135
0.39169376,-0.3118735,-1.2167913,1.3155748
0.2155071,0.20659812,1.273135,-1.6934986
0.33107797,-0.36837708,0.85951919,1.1763685
0.016067741,0.027091967,1.7310212,-0.23345427
-0.023640388,1.8052503,-0.53744151,0.14057814
-0.46761478,-0.92585468,-0.17779032,-0.071443982
0.78404639,0.83408972,0.027272393,-0.57214675
-0.82093353,0.68514779,-0.11498659,-0.58723168
0.1076966,-0.46933069,1.4648558,0.78034311
-1.4658008,1.2707753,-0.91347052,-1.0641085
-0.3405948,-0.56122529,0.62044529,0.58476704
0.17961701,0.048675538,-0.38527698,0.44445525
1.4327196,-0.14676471,0.17189324,-0.7811274
-1.5030082,-0.7817093,-0.18086087,0.81785381
0.30099628,-0.62155476,0.088660155,0.66617727
-0.10908527,1.186571,0.81913088,-0.79933894
-0.18874639,1.1961551,-2.1080395,0.54537113
0.064559034,0.75504703,-2.3759676,-0.0048499446
1.5382738,-0.037545209,1.3837793,1.6088951
-1.4848961,-0.1517625,-1.8785156,-0.46269616
-1.9428316,0.29537161,1.1967657,-1.2841053
1.3548066,-0.50576443,0.3199861,1.0248901
0.086061295,-0.46482757,1.0548397,-0.66576248
-0.19836446,1.0365655,-1.0825315,-0.55107132
-0.14818705,-1.4086973,-1.1609404,-0.1217068
0.048717977,-0.57390912,-0.37836408,0.70857209
-1.6556388,0.28596574,0.36236364,-0.68822893
-0.56872368,-1.3954286,-0.82806213,-1.0945137
-0.46268485,0.42509394,-2.0153653,0.64697292
-0.96672674,-0.34072837,-1.4363909,0.86426244
-0.69177649,-0.50648543,-0.17123047,-1.613394
-1.9469641,0.10246208,-0.36284363,1.5728333
-2.0765943,0.20223325,0.77231933,-0.76888472
2.2422049,0.090645906,0.16693125,-0.23909428
-0.078953056,0.33058783,0.35448142,0.20951782
-0.79742697,0.34442842,1.0525888,-0.68100187
0.6304156,-0.50016287,1.2981848,-0.13847928
-1.0429738,-0.69426584,0.32693213,0.59990425
-0.69736261,-0.87851539,-0.039112122,-0.30667652
-2.1010878,-1.9420141,-0.17086363,0.18864898
-0.57498147,-0.22626967,-0.11471487,-0.73536995
-0.67794115,0.13766948,-0.15460345,1.390891
0.29114743,0.4502976,-0.027883953,-1.1919065
-0.49447364,-0.21351993,-0.10284061,-1.2552028
-0.32325265,-0.27662432,-0.11441705,-0.051452976
0.81087986,0.03923592,0.37034318,0.040648717
-0.96241628,-0.86051887,1.2273816,-0.26826947
0.79343925,0.73179826,1.0940627,-0.59068762
-1.1209716,1.1026583,-1.4091969,0.12896875
1.0329922,-1.1148282,1.4220238,-0.19885844
0.64458129,-0.16379071,-1.6639969,-0.7415246
-0.8221832,-0.099883872,1.3860563,0.33916308
1.0535765,-0.12432735,0.98315986,-1.3238673
0.052122638,-0.8313975,0.29003503,1.130449
0.052122638,0.45548521,0.39857611,0.42817358
0.77929046,0.38379369,0.18813801,0.4480686
-0.57554103,0.38379369,0.38116401,0.52243521
1.0216873,0.95066185,1.5045522,-0.39381053
0.40328009,-0.5491817,0.16775634,-0.59193463
-2.2986063,1.0264303,0.14631603,0.49681147
-1.4690192,0.42046179,0.13269029,-0.9144893
-1.5383576,1.9549474,-0.42265308,-0.77478352
-1.9626286,1.7395827,0.64513657,-0.41466985
0.805439,0.79795602,-0.49481098,0.21029309
-0.21799211,1.1127819,-0.43450712,0.54327036
-0.11702948,0.65302168,-1.3323992,-0.89452578
-1.0816701,-0.67987997,0.98674088,-2.2306477
-1.0578952,0.1140879,-1.3633482,0.25848516
0.3668039,-1.066565,-0.078492846,-0.13107952
-0.46269548,-0.21797922,-0.27081862,-0.91502559
0.055317787,-0.283665,-1.1166162,-0.2800426
0.81984216,-0.17090442,1.2672337,0.25618365
-0.60786931,-0.27914109,-0.19935103,0.35169452
-0.41685433,0.53732218,-0.28033535,-0.48364152
-1.4909472,0.042585024,0.88125663,0.58291144
-1.3909413,-0.28731291,-0.98913389,-1.9254122
0.40717219,0.12216871,-1.7198131,-0.33628775
-1.44489,0.45784529,-0.16694834,-1.314006
1.5650942,1.1072378,0.062951717,0.86266969
1.0745523,1.1823078,-0.052906747,-2.0973229
0.89038767,1.2409202,-0.13969394,-1.0339982
-1.1496822,1.2118748,-0.17880514,0.50902583
-1.1405915,1.1782791,-0.57212999,-0.72723665
-1.9881035,0.19802397,0.42903956,-0.0039853114
-2.1065864,-0.45022949,-0.86515706,0.24221549
-2.2390623,-0.4161136,1.0252912,0.8653131
-0.79434135,0.37322639,0.82619874,-1.6573003
-0.92607514,-0.8031159,-0.15747531,0.64771065
-1.4511245,0.49336188,-0.24319664,-1.2167521
-0.98122388,0.87155078,-0.4437057,-1.0138079
1.0304154,-1.4454385,0.011317976,0.42215198
1.3267452,-0.72338471,0.3314078,-0.76872968
-1.2026366,0.098470257,0.45213007,1.3062851
1.1123251,-0.82170409,-1.0303046,0.80484942
1.8117805,0.69346069,-0.84750171,-0.2910059
2.5481058,0.90101173,0.63729268,1.2947419
-0.9171532,-0.7571408,0.37459583,0.76341098
0.033319333,-1.2648766,1.9729911,0.2168308
2.0756714,0.36469184,1.0785697,-0.016465132
-0.73984738,0.9812603,0.54127371,-0.73940067
0.7053832,-1.0386704,0.45565104,1.4745485
-1.1339694,0.85605162,0.68861955,1.393613
0.82680015,-0.28752332,-0.93410194,-0.41587386
0.33538194,-1.2060125,0.68679519,0.089738776
0.34082621,-1.1522542,-0.81976804,-1.7611912
-0.098559764,-1.6165618,-0.11233982,1.4828124
0.41754436,0.97306725,-1.3209479,1.4150103
-1.0734944,-1.2933663,1.1149979,0.33964273
-1.4460971,0.76082991,-1.2878543,0.58508154
-0.27674092,-0.98530501,-1.6551008,0.71242486
0.094877281,-0.11212867,1.5427233,2.2149697
1.3023619,-0.098757283,-0.92051881,1.4293494
0.29246699,-1.0925737,1.2124218,1.0840297
-0.27208631,0.24787915,-1.3206138,-1.7020301
-0.39265336,-0.11379662,-1.6621142,0.40379001
-1.0248235,0.036601017,-1.5411875,0.11443928
-0.39467937,-0.16105534,-1.3872995,0.2806632
0.88604325,0.55665604,1.4200022,-1.8110619
-1.4246744,1.0602154,0.13321136,-1.436486
-0.88810383,0.94792122,-0.34448584,-1.4958959
-0.88810383,0.14449561,-0.18357879,-0.15691783
0.37668353,-0.17312635,-1.6696181,-1.0826557
0.21724069,-0.76223268,0.37697398,0.54421077
-0.33065967,-0.66388161,0.28827012,0.088825371
0.1789491,-1.2322653,0.3600029,0.28680078
-1.2679253,-0.53545425,0.97286871,0.039707922
-0.66466829,0.5388458,-0.061513886,-0.27227741
-1.4920106,-0.92915191,-2.6327278,-1.1761016
-0.52118654,0.44172362,2.2012276,0.15309134
0.29960958,-1.3915897,-0.82953602,0.15355346
-1.1899607,1.1580626,-0.27564052,-0.43612185
-0.39256236,1.2739474,-0.7019957,-0.91242458
-0.15756129,-0.66855382,-0.58671635,-0.50390444
0.23475062,-2.3026586,-0.7991959,-0.80125164
-0.75626368,1.4763158,0.85515581,1.2310018
0.78809435,-1.601093,0.31509838,1.5535435
-0.95270638,1.1735854,-1.0694486,-0.58250126
-0.22978925,-0.28674412,-1.0095477,-0.45309252
0.70716185,-0.62165823,1.6250845,0.9110426
0.68729271,0.23676553,0.2768487,-0.94016768
-1.3748834,0.5191233,-0.087259117,-1.4995449
-0.15383639,-1.4364937,0.66045443,1.2575747
-0.54149749,-1.2271912,-0.99674276,1.2464661
0.70449951,0.31074589,0.071770351,-1.2416159
1.1601051,0.51964327,0.11896831,0.68745849
1.5063764,0.5037902,0.08850313,0.030495952
0.44377879,0.46348757,-0.091946638,0.061192362
-1.0739717,1.567494,-0.3945217,-0.3616809
-0.13947964,0.0062500949,1.8935473,-0.83018167
-0.031834973,0.13229733,1.4117205,-0.49021611
0.70097139,0.087917768,-1.665155,0.42688503
0.050381353,0.31563271,1.4234955,-0.38385683
-0.85992566,-0.82895666,-0.8031441,-0.57421409
-1.7505423,0.18099686,-0.37062726,0.45420708
-0.83520249,0.8629697,-0.12093827,-0.39388653
0.81723036,-0.83625811,-0.10094837,-0.77994538
-0.22503885,0.94043052,-1.2526236,0.013371169
0.35904166,-0.18167033,0.68787798,-0.44863962
-0.29739446,-0.65258284,1.0602852,0.57514557
0.57602145,0.10759744,-0.92869082,0.24233104
-0.45771492,-0.40084269,-1.2011364,0.16259767
0.38715559,0.81046512,1.5006452,-0.56008627
0.25771688,-0.69121438,-0.24092042,-1.5623164
0.25392162,0.25212188,1.1094093,-0.2146442
1.0282528,1.1852929,-1.0788464,0.58590306
-1.2246774,0.064702178,-0.56685245,0.47080791
0.11331165,-1.9186439,-0.46272621,0.65001274
0.096442265,-0.29089302,0.38953107,0.94453243
1.0161111,-0.11892368,-1.2240292,1.4219266
0.36672837,-0.44412801,0.61998059,1.225268
0.28253387,-0.19404048,1.2291067,-0.28604355
-0.47478537,-0.90329418,0.99993538,-1.2618221
0.042747172,-0.85306031,1.4375206,1.1594305
0.14508406,0.79848348,0.39240856,-0.87266578
-0.024794418,-1.1092974,0.049146894,0.56811339
0.012120043,-0.76487304,0.057195991,-0.86182105
-0.9680222,0.046397765,0.0087184868,0.18549515
0.66471079,0.18588171,-0.48486277,0.048685893
-0.91923389,0.80941122,0.79794994,0.15886576
0.79034193,0.589831,2.5028743,0.32551047
-0.72894375,-1.321373,1.2832304,2.3826144
-1.0643258,-0.39102286,-0.87471807,0.6701327
-1.3269965,-1.9210454,1.0259509,1.7379319
0.27062335,-2.0105754,1.1273398,0.60135426
-0.034117256,1.8619267,1.4621282,-2.2948468
-0.063583203,2.4419662,1.8146035,-2.7409994
-0.17153807,1.8403804,-1.9626448,-2.4818406
-0.091022238,0.87751605,-1.3018168,-1.1804893
0.10489909,0.58946414,0.27388133,0.33843749
0.364376,-0.1750813,0.43025935,0.73406442
0.38854648,0.4085557,-2.1194151,0.94662659
1.2628318,-0.16044926,0.79580924,-0.69292362
-1.637794,1.0405167,-1.1281453,-0.051874495
-1.5175681,-1.513382,-1.78847,-0.14347229
1.9645091,0.24767098,0.83876839,-0.96259531
-0.20589767,-0.2342224,-0.4915745,-0.85462254
-0.90527012,0.053212351,0.33250357,-0.39451668
0.75444729,-1.1062121,0.17415954,0.24494127
-0.082411701,1.0244459,1.9603252,-1.7064445
-0.29575692,-2.0933726,2.1288189,0.12228285
0.7185262,0.75915632,2.4613942,-0.76721894
0.16869039,-0.068149613,-2.8886525,0.42051785
0.9835884,-2.5922568,-1.0576481,-2.0095591
-0.19781747,1.1782625,0.91563872,-0.6001945
-0.35231356,-1.593763,-0.47774038,-0.17297225
0.62133541,-1.5035877,-0.4141551,-1.8873486
-0.44153013,-0.793055,1.0129666,1.078487
0.17010862,-1.2851443,-1.1140883,-0.043815345
1.372487,-1.605011,-1.1211568,1.6951423
-1.3973438,0.82761465,0.87410077,1.1395389
-0.17247974,0.28199418,0.44158075,0.067169643
1.0913948,-0.28353442,-0.62284549,-0.32768909
0.17789303,1.327431,-0.27292531,-0.26788262
-1.3536133,1.0235022,0.35812762,-1.6917609
-0.73351072,-0.32646385,-0.98746515,-0.79410862
1.0280012,-0.064142641,0.92394228,0.66318756
-1.1178421,-0.90021191,-1.5068439,-0.18576422
-0.20124626,-1.6327044,1.4290188,-2.0451646
0.10114095,-2.2258284,-1.0276486,1.1662148
-0.061197381,-1.1895409,-0.13614349,0.26416037
-1.5883907,1.0759455,-1.5066602,0.0098053986
1.214616,-1.7027728,0.91712747,-0.36209186
-1.8410451,1.0856806,0.51649106,1.0473402
-2.3940415,0.2731698,-1.0394261,0.13543329
1.7654005,-0.79794695,0.9857376,0.308271
-2.006972,-0.23176669,0.99657201,0.33437022
-2.0712033,-0.25555082,-0.74416858,-0.050585099
-2.5413625,-1.0002993,0.13513804,-0.70357876
-0.073993893,-0.59419561,0.48260335,-0.0036524325
-1.070905,1.1893929,-1.3968963,-0.58321259
-1.133768,0.76465537,-0.39844865,-0.21364607
0.62078023,-0.074976794,0.76971741,-0.14303681
1.2146154,0.9849827,0.41475975,-0.38510756
1.1502724,0.58443306,0.42867607,-0.70953416
-0.50162654,-0.5465218,0.50076121,1.8426231
0.93040848,1.3805321,-0.81004471,1.1094116
-0.096680679,1.2869038,0.79293338,0.59983006
-0.068106421,0.0015778912,-0.96465525,0.44731914
-0.1629276,0.41491627,1.2535342,-0.99225229
-0.93027269,0.57655644,0.62978507,-0.21531461
0.9061813,2.0904396,0.34250866,-1.569494
-1.0091066,-1.0963194,0.35045402,-1.079255
-0.73724227,-0.31590334,-1.1447257,0.44779136
-2.3280191,-0.97270587,-2.1167141,-1.1110289
-1.3823977,-0.33027269,0.35206834,1.1857037
-1.1964493,-1.5209256,1.0251977,0.30742914
-0.43221468,0.64621316,-0.48753223,-0.93984314
-0.10736074,-1.7050577,-0.48221067,1.0171649
-1.1589793,1.5398907,-0.87602571,1.5716659
0.19465773,-1.5954949,1.4172216,0.18644653
-0.087045187,-0.44647555,-0.41977998,-1.6648308
-0.84972926,-0.60009457,-2.2487548,-1.7459281
-0.52110962,0.26589426,-2.1977537,-2.0664146
0.38101786,-0.62082542,-1.7391361,-2.1591557
0.010587036,-1.3037495,-0.76989604,1.6705007
0.67012494,0.94431927,0.023997765,-0.89908249
-0.44481,0.31553502,-0.66710548,-1.4977497
-2.3129877,-0.030034403,0.40887044,-1.0217206
-2.2633225,-0.045344724,0.46948389,0.78630434
-1.817343,-0.17815674,1.0236337,1.0256076
-0.82964327,0.57745178,-0.34924601,-1.1326556
-0.0056323147,-1.4972831,0.5101097,-2.0416581
-0.6907389,-0.84208576,-1.3634082,-0.9388082
0.37414229,-1.3283076,0.64732114,0.8286538
0.43653722,0.16903711,1.5409532,0.022928137
-0.68297437,1.228724,-0.35106298,0.0010674112
0.95197929,0.43676758,0.89604837,0.91196607
1.4014105,-0.63551608,-0.96454695,1.4562103
1.0051414,0.044431959,0.75174029,-0.92600478
0.59050997,0.56253137,-0.57034826,0.34162695
0.34459826,-0.68245642,0.0084556977,-1.6985184
0.18251973,-0.37770403,0.59992282,-1.3417156
-0.32946446,-0.16271746,-0.36722058,-0.44166359
0.91236889,-0.2511446,0.19181793,-0.28344436
0.28668162,1.51012,-0.68369765,-0.50499427
-0.85964874,1.1299281,-0.36040032,-1.4994696
-1.8032256,1.8616603,-0.43075222,1.9663978
-0.49334445,-2.2875673,0.1297126,0.064294161
-0.075166499,-1.3683851,0.23931402,-0.66863338
-0.013586123,-1.0437836,1.369709,1.3373939
-0.44761019,-2.2686646,0.87066347,-1.8597564
0.18832674,1.4486581,-1.2467605,-1.5965968
0.20393031,1.6937143,-1.4098747,-1.6623464
0.33533813,1.7281493,1.4542594,1.2931149
1.0950114,-0.96488727,0.27304986,-0.63505944
1.7680518,0.8423252,0.073282239,-0.66843679
-1.8981125,-1.2471319,0.61776151,-0.42197773
-1.6291397,0.096181965,1.4521157,0.067127563
1.1220722,-0.81482589,0.94555312,-1.7361372
-0.1775872,0.78385927,-2.9105239,-0.8602654
-0.18931799,-1.967708,-2.8216365,-0.094027751
0.24613018,0.67079108,-0.38880705,0.51284709
-1.2370791,1.744069,0.6599474,-0.45988311
-0.3798681,0.5795525,1.138511,-0.21572289
0.040970177,0.092771885,1.2644329,0.19308685
-0.69568886,0.29770816,0.35722317,0.55031784
1.3974098,0.00039084492,-0.90394264,0.48769222
0.39081758,0.48667104,-0.70324619,-0.83331389
-1.3145464,-0.87788759,-0.21569253,-0.80532438
-1.7671697,0.79551795,-0.35709826,0.13194383
0.88424202,-1.6951389,-0.039211736,-0.10978374
-0.014498936,0.17418414,1.3228312,-1.355629
-0.54854711,-2.6541333,0.27892397,-0.67398831
0.91179559,-0.50971792,-0.14304022,1.3446523
-1.9731795,-0.96440256,-0.67668585,1.3501673
0.91296844,-0.15312229,0.37116551,0.80428946
-1.7684306,-0.053585595,-1.1232819,0.69619298
1.1428315,-0.093837383,-1.2981698,-1.1269845
-0.7152103,-1.0026602,0.23737576,0.33171339
-0.42999604,1.7386882,-1.1381036,-1.3273955
0.16309929,0.1366796,0.40283246,0.56994312
-0.2265316,1.4648929,0.30723329,-0.74751115
0.67939337,-1.6327747,1.111606,0.76447097
-0.018984004,0.66189835,1.5580698,-0.18141633
-0.11572531,-1.2084722,-1.8986396,-0.64405705
0.6155058,0.0048366985,-1.1648981,1.0283844
-0.72822139,-1.672883,0.51461062,-1.1038149
0.68412112,-1.9459841,-0.35535478,0.47228961
0.56001544,-0.73943295,-0.78249617,-0.61825014
-0.99197177,2.2571552,0.73660681,0.3272562
-0.65947428,0.24401431,0.69828371,-1.5732274
0.64792224,-0.41479761,-1.1548878,-1.4858887
1.5740736,0.4867877,-1.1209073,-1.7054183
-1.734044,1.0861634,0.40067283,0.92479649
-0.32262534,-1.346639,0.057363563,0.81603259
-0.088444656,1.2323387,-1.3489161,-1.0654333
-0.17437525,0.77047687,-1.1773933,0.63172607
-1.0294814,1.0748539,-2.245056,-0.47179955
0.7117866,-0.73585405,-1.8519861,-0.043808054
-0.54912231,0.50508017,2.020816,0.083221755
-0.28779446,-0.26487272,0.90952439,0.87904032
1.2093188,0.36839068,0.0022532811,1.14275
0.89625037,0.87404912,-0.1374855,-0.062778283
0.081465779,-1.2072194,-1.2510927,-0.10393749
-0.030710434,-0.4283784,-0.18700196,-0.92199974
-0.034673937,0.46654337,-0.52255538,-1.0366728
-0.47291481,-0.95524331,0.13280355,-0.56933848
0.17631519,0.11875907,-0.92235209,-0.14321757
0.22973175,-0.76618447,-0.94654048,-0.49289059
-0.046707808,-0.82650159,0.52814653,-1.2474636
-0.057696737,-0.83008135,-0.81093606,-2.5111287
-0.096071586,-0.87041981,0.79734263,2.2341184
-0.50535918,-0.641466,-0.24358046,1.2026328
0.24897943,0.032235829,-0.32074156,1.8887373
-0.78433584,0.16931745,-0.11802098,-0.063565151
-1.7891352,-0.27274606,0.32446457,-1.0207479
1.1211923,-1.7306053,-0.43425306,0.6860438
-0.19006176,1.497894,-0.35406723,0.34857637
0.73112228,0.11499997,-1.1987674,-0.49055652
0.30392344,1.2663215,1.1893636,0.30945154
-1.1862261,2.0837837,1.1502522,-0.70025976
0.2997643,2.063943,0.83135281,-0.010939219
-0.69513219,0.19405747,0.69860037,-0.14086048
0.31836774,-0.069728749,1.4988614,1.0404607
-1.0632026,-0.26185739,-2.1313863,0.35583383
0.1518884,-0.10726326,-1.2637781,-0.66044673
0.44662102,0.13691091,-1.5576131,0.44775236
-0.3723372,-0.34627544,1.3392136,-1.6784861
-0.072491937,-0.24690701,-2.4386258,-1.7748485
1.2690764,-1.2182189,1.5653434,0.060884711
1.5030785,0.25280217,-1.6394386,-1.1726483
-0.10066217,1.0679029,-1.011624,1.7231893
-0.3456745,-0.1690667,-0.80088504,-1.4716021
1.0343153,-1.0574736,-0.88483379,-3.0105577
-1.3512554,0.95089939,-1.144006,-2.8337867
-0.84368398,-2.4146901,2.272252,-2.2332379
-1.7020581,-2.424092,1.2860812,-1.5783314
-1.7806221,0.79028122,0.87717829,-0.47780922
-1.2956408,0.50117894,0.18197594,0.68677172
0.92485599,0.60914229,-0.23681427,-0.16893374
-1.1988409,-0.63007683,-1.2469508,-1.3795318
-1.2751017,0.55534483,0.12598463,0.6138166
-0.75897589,-0.47711597,1.2106438,0.88494597
0.85473182,0.99867376,-1.6578885,-1.0840364
0.40480302,0.99289259,-1.9117076,0.54682732
0.61981589,1.1273472,1.5792445,1.1025424
-0.9361671,1.3649935,0.58732287,-0.65858992
-1.0293778,0.8516981,0.38597929,-1.2247572
0.93735423,0.27691896,-1.1232209,0.28600962
1.0851697,2.0161755,0.39439574,0.31192357
0.19789123,-0.089609887,-0.46544593,1.2348104
0.30445533,-0.64226005,-0.85095406,-1.6617156
-0.56949758,-0.53525223,-0.92313111,-1.0932991
0.1986685,-0.64438458,0.45597651,-1.7845816
-0.69821898,-0.57929553,0.67028967,0.050709407
-0.15010552,-0.46820169,-1.2315415,-1.183349
0.056577637,-2.5371347,1.2412853,0.64124348
-0.86902294,2.518436,-1.3306325,-1.1135391
0.76764707,-2.6954575,0.28905872,-0.33342931
0.70676761,-1.1815739,-0.757665,-1.8421231
-0.64802936,0.74125162,-1.5271674,-1.1999587
-1.5656188,0.8880173,-0.35047825,1.4071332
0.83265971,-0.7443333,-0.69029343,0.29758605
1.5363948,-0.26479456,-0.24977986,-0.60782411
-0.98184229,-0.78695392,-0.99296912,-0.15866539
-0.80414147,-1.0178192,-0.46943572,-0.95472368
-0.59565428,0.80836118,-1.1421106,-0.6338372
0.74477192,-2.7913676,-0.61043682,0.6116734
-0.80056937,1.6044767,-1.0194155,1.2548171
0.04527857,-1.1075363,-0.16008072,-1.0781301
0.2070978,-0.61236259,-0.14493238,-1.2979488
-0.73587899,-1.1942838,-0.81815147,0.0061568716
0.60741456,0.71720874,0.17019189,0.41041341
1.2646658,-0.36616409,0.0063277458,-0.058729067
-1.3346563,-0.29244853,0.38945321,-0.056444299
1.5452678,0.40162602,0.21755148,-0.84743296
-1.7395362,0.38582457,-0.90376764,-1.2119905
-0.17576692,-1.3479872,-0.91033583,-0.86999616
0.1090879,1.2787455,-0.62339857,1.4773555
-0.066293571,0.88616875,-1.331122,1.520675
-1.46019,0.92946332,-1.4941059,-0.15408969
-0.48118236,-0.13580842,-0.67796151,-0.1470333
0.93958429,-0.90482885,1.0097127,0.088469142
0.88145721,-0.24492834,1.3652733,1.9355752
-1.4247356,-0.97012521,1.5874177,0.58765503
-0.55481155,-0.44172569,0.64695459,0.22918291
0.14980981,0.22864722,0.66372403,-0.87451885
-0.65768802,-1.060136,1.7488426,0.33306488
0.5798101,0.37104081,-1.6796412,-0.31627157
-1.9296966,0.051287831,1.9866412,-1.5619556
-1.8854485,0.27797033,-0.80125514,1.3980285
1.0431921,-0.75736798,0.82566624,-0.2237211
-1.8933374,-0.90617355,0.21399545,-0.5494202
-2.0161234,-0.079861801,-0.37013372,-1.5776593
-2.1193894,0.094011177,0.79028881,1.1086445
0.2935774,0.069239117,0.69260467,0.9275996
0.2627131,-2.2817229,-0.78698981,-0.94841566
-0.057036719,1.1959173,-0.65928418,0.26618111
-0.50960377,0.39908331,-0.18138322,-0.46649101
-0.23049027,-1.1631355,-0.7758408,0.959032
0.20464389,1.8501382,-0.055452671,-0.34316723
1.9742313,-0.89522593,-0.63794118,0.072138519
0.32518391,-0.11937434,0.27216505,-0.65988426
-0.24386974,1.2708651,1.7466319,0.536031
-0.51193435,-0.70088957,1.6701563,-1.0178261
-1.1456888,0.67174791,-1.4047264,-1.2638216
-1.220965,0.30867011,-0.14880606,1.2764224
-0.550328,0.39818583,0.63062894,-0.029050326
0.54966684,-0.70986344,0.15349428,-0.6335691
0.29893621,-0.5359094,2.3574945,-0.91890583
1.0110766,0.10705574,-2.6423929,-1.6757823
-0.0984975,1.0406985,2.3833461,0.68692212
-0.29302438,-1.387002,0.86964877,-1.4707168
-1.3032405,-0.57423824,0.061526166,-0.11367057
-1.3425981,0.17721222,0.62561486,0.7987775
-0.77321693,1.6545833,-0.78368307,-0.31230996
0.54121651,1.0164628,0.071023172,0.86937927
-0.25460967,-1.1177402,-1.8253007,0.59766211
0.1345733,-1.2003424,-2.0937247,0.94259892
0.16282544,0.17283855,-1.0031663,1.4413625
1.1353705,0.50363374,1.1966385,-1.9504703
0.97530364,1.1423281,-1.3354877,0.40462735
-0.2524281,0.90215153,2.2859666,0.47151928
-0.074598642,0.45531488,-0.073614459,-2.4305412
-0.60331919,0.45702587,1.0262793,-0.85709288
1.0735025,0.9655041,-0.31094589,-0.72742769
-0.37155635,1.3765631,-1.5839397,0.18820756
0.039318575,0.99276494,-0.66597838,-0.29439456
-0.030180946,1.1347945,-0.7697294,0.098892588
0.31233838,-2.1051307,1.0524992,1.3536754
-0.20566655,-0.052749892,0.23477849,-0.82844664
0.90484362,-0.46677479,-1.1246671,-1.2541936
-0.83166198,-0.35521133,-0.38732791,0.54306623
0.31742502,0.55464598,0.14432543,-0.73541336
0.048169788,-0.64490307,1.1668231,0.23813079
2.4025452,0.19390793,0.18397579,0.63454122
1.5625672,-0.31185729,-1.4745078,-0.67150034
-1.0749293,-1.0061949,-0.93006109,-2.0865213
1.2935444,-1.095861,0.86538977,-1.8978447
-0.9260726,-0.48527748,1.0543257,1.7071164
0.12098751,0.45189607,-1.0644449,1.1117593
-1.3930528,0.2167815,0.14982221,1.6827261
-1.0217762,-0.88158834,-0.14444174,1.3375547
-0.77926004,-1.4255504,-0.90607129,1.0989689
-0.74515751,0.88432539,-0.10130704,0.76839927
1.2441956,0.14606922,-0.058129887,0.04983831
-1.4635722,-0.43380099,0.53243863,0.12734497
-1.4104048,1.0203538,1.270869,-0.65429912
-2.5111333,-1.6144134,-2.1899251,-0.47594408
2.077834,0.1157305,0.95229957,-0.43793185
0.9222462,0.28602556,-1.104439,-1.5069064
0.53241267,-0.17237457,0.11820147,-1.9277822
0.4641385,0.78344241,0.66238308,0.89119907
1.5418192,-1.8654235,-0.27093886,-2.0643152
-2.0764334,-0.07137274,2.6575535,-1.9875485
2.0117849,-0.74545059,0.35169518,-0.78386369
-1.6013099,-0.23994579,0.87938748,-0.65493862
0.46903004,-0.087948837,2.1632699,-0.15708158
-1.8262574,-0.68971558,-2.3686537,-0.34211567
1.0242521,-0.34142099,2.5332246,-0.82863312
-0.90465238,0.037003693,2.7935009,-0.075760386
0.45228672,0.87063459,1.4392257,-0.40996784
0.11241101,2.0390356,-0.94037377,-0.34321403
0.93418719,-2.1407933,-2.111683,0.90381986
1.5071788,-2.4855347,2.3557604,-0.50521599
-1.595528,0.37003399,2.3686934,0.52767462
1.3556193,1.344421,-1.9823417,-0.91213436
-1.1235489,0.83540019,-0.077078965,-0.54737986
0.62023165,0.84067156,0.57223802,1.9218416
2.6279486,-1.017406,-2.0413577,-0.5643575
-0.90101313,-1.9254737,-1.89251,0.041867767
-0.77484042,0.80291413,-1.2569184,-0.39353407
-0.28713293,-0.09872517,0.00014935187,-0.43757086
-0.30300284,-0.74501749,-1.0121473,0.040010044
-0.69671316,0.46966902,-1.0914983,0.10597942
-0.18508922,0.82033253,0.86772319,0.038208253
0.25702127,0.077122159,-1.6148936,-0.43490062
0.21525741,0.42504816,-0.42416843,-0.61069873
0.048973103,-0.35149958,0.046921103,0.95664677
0.18544361,-1.1445803,-0.032192385,-1.3267978
0.34743182,0.47571106,-0.47856301,1.1857086
-0.91158861,-0.011048283,-1.5731416,0.65303335
0.14372093,0.086238251,1.4120336,-0.91872075
-0.21573422,-0.10195513,-1.6486205,0.40698659
-0.10089676,-0.13725996,-0.015486633,0.3745423
-1.0594187,1.6003575,-0.54917456,-1.6041594
-0.06694561,0.73924287,0.61356468,-1.3764312
-2.8083161,-0.99079832,-0.34999996,0.13287447
-1.9893637,0.63616642,1.0388307,-0.7745747
0.39608987,-0.91211833,-1.2136251,-0.49818247
-0.19082433,0.61018133,-1.2872806,-0.42519407
-0.022155668,-0.50381521,-1.646462,-1.5420007
-0.57986499,-0.02039093,0.28370423,0.39681273
-0.32041919,-0.24708427,-0.85250523,0.23383176
0.0095916242,-0.24708427,-1.1689307,0.61900126
-0.34514533,-0.10255227,0.91437061,-0.12802517
-0.15025538,-0.59725056,1.0653032,0.48043792
-0.59430704,0.45556611,0.95325538,0.67744429
-1.1333272,0.11164949,0.87214603,0.67267867
0.38535189,-0.13503632,1.2627322,0.30022451
-0.7284273,-0.30970125,-1.6477699,0.85867585
-0.90975974,-0.81720316,-0.97302804,0.48375686
0.54862385,0.13236444,1.4001983,1.1804528
0.67708659,0.099552016,-0.88369653,-0.4983727
0.37004653,-0.072421527,-0.81901798,-1.8359215
-0.20053634,-0.38482258,-0.23540746,0.86109081
0.28171737,-0.67301966,-0.48268734,-0.34372227
-0.5079952,-1.7800083,0.29858151,0.27165069
0.78133038,-0.32141559,0.11426755,0.87349668
1.4601233,0.57621396,0.88737245,1.1887362
0.82507411,-0.73446522,-0.84690726,0.43736378
-1.3373613,0.25317242,1.3197906,-0.53252612
-1.0751581,-1.3010302,1.123171,-1.2011093
-0.51663121,-1.8749681,-0.0019599149,-1.2810529
-1.0219068,1.5655499,-0.59457906,-1.2378866
-2.3028446,-1.4243916,-0.30563414,-2.4131991
2.1504318,-0.38151721,0.10464921,2.0497609
-0.64193291,-0.31277105,-0.12693609,0.21968453
-0.16289844,-0.33165256,-0.31240105,1.8771201
0.68151029,0.20840836,-0.71934035,2.133716
-0.26166329,-2.4011893,0.14913706,-2.4309561
0.38751572,1.8566786,0.6150351,-2.1044424
-0.99991273,-2.2282579,1.9779274,1.5117257
0.28649385,-3.1535939,0.34663047,0.73117035
0.63916039,-2.1244593,0.72052448,-0.1089029
-0.78530799,-1.0227356,0.052569925,-0.51484535
0.48477126,0.53280661,1.0450458,0.00020623888
-0.32249327,0.12099792,-0.68211539,1.509127
-0.21864614,0.10099098,-1.1070319,-1.1718433
-0.29304419,0.19986544,0.36512513,0.72764651
-0.20647841,-0.97273603,1.4985303,0.38625893
-0.28596995,0.054545932,-2.4800246,-1.5824816
0.068264348,-0.94025204,-0.89014886,1.4750238
0.31256145,0.0053045544,0.64907316,1.580882
-1.4643581,-0.0083317489,-1.389108,0.77257219
0.59415866,-0.24510893,-0.77776127,1.1329896
1.3978941,-0.07404372,-0.13606212,-0.95070559
1.9928806,0.23084155,-1.4818522,0.44983627
1.077695,-0.78719512,1.624379,0.81795317
-1.3045748,0.85004514,-1.6405787,-0.61935478
-0.8346542,0.79820017,-0.57566998,0.36660115
0.93572844,-1.5935198,-0.66527003,-0.95427789
-0.85382097,0.47565687,-0.77326585,0.20881174
1.0018912,-0.9298693,-0.38407615,0.10595335
1.5005198,-0.56490551,-1.6248501,-0.48129874
-1.4883879,-0.16622575,0.81763516,0.42792947
-1.0196303,0.071210184,0.14305283,0.01624857
1.2328772,-2.4266826,-0.061124842,0.31909977
2.4902148,2.2346919,-0.79348446,-0.67726923
2.2602124,-0.58133358,-2.2864494,-0.11455074
1.1552558,-0.25431145,1.7126333,0.4294009
1.1552558,0.63753009,-1.6117668,-1.030158
-1.2504909,-0.23352301,1.1718963,0.26509398
0.54705785,0.39105272,1.0439834,-0.42104308
-0.31002426,-0.97280335,-0.50119241,0.38631204
-0.46561125,0.28839423,-0.46387948,-0.286062
0.48675656,0.65586989,-2.0388584,0.12923648
-1.0230476,-0.76294899,-1.9681735,-0.34181364
-0.80761319,0.63121225,-0.95711762,-0.36088008
-1.1607514,0.30611387,1.5207882,-1.050566
0.92138663,-0.50888829,1.6705102,0.57430803
0.88278051,0.69511003,-2.1733844,0.15350023
-0.89770089,1.0219419,0.24012628,-0.90004065
-0.13894439,-1.2230008,-1.3416298,-1.3791878
-0.83583636,0.084931813,-1.472172,-0.63778389
1.1633267,0.13065748,-0.7636967,1.4330688
1.0902237,-1.3170729,-1.1607251,-1.5880555
-1.6857752,0.58425814,-0.35560261,0.91081833
-1.8823973,1.3818811,-2.0586989,-0.16333106
0.51282074,1.9757236,1.2895747,-0.38540225
-0.3851988,1.0820738,0.49614057,0.18216271
0.55154539,-1.2631072,0.15247793,0.88526598
-0.93974067,-0.87911744,-0.37356903,-0.93688148
-0.24117051,-0.019253824,0.28246929,0.31594302
2.058811,-0.29917862,-1.455885,-1.3697595
1.6495752,0.27852107,-1.0617291,1.2174439
1.1456437,-0.49341215,0.15882106,-0.71638852
1.7871974,-2.3756609,0.63803896,0.80986507
0.54350834,-1.7692017,-0.59383213,-1.314742
-0.6198701,1.6607114,-0.32242151,-0.46912766
-0.56511436,2.666301,-0.48049718,-0.154331
0.45965156,2.4165542,0.88287068,1.1869082
0.43518478,2.3331914,-0.88870109,1.3636576
-0.81786184,-2.3655748,-0.52492394,0.32704854
0.61111777,1.5409058,0.017529307,0.27106046
0.15730717,-1.9358387,-0.22231166,0.32332741
-0.082312841,-0.0043853828,0.4904406,-1.623063
0.47184644,-0.40063775,-0.14261575,1.3851998
0.62095377,-1.192737,-0.14897875,-0.28866548
1.5572418,0.64349953,-0.036974975,-1.002326
0.91182712,0.28130946,-0.0087571071,0.99680933
-0.9852597,-0.09252448,-0.88991084,-0.60421568
0.016936343,-0.61418932,1.2987272,0.084592829
0.53480145,-0.42123094,-1.7456464,-0.15353819
1.8231512,-0.41587874,-2.2040491,-0.56859582
-2.1093453,-0.50885277,-0.87333806,-0.96474504
-1.3968113,-0.7015104,0.72319414,-0.0048210061
-1.7173778,1.2471122,-0.22604642,-0.30413753
1.1089861,-0.33450659,-1.0295982,0.61707455
-1.3657599,1.3787231,1.2672796,-0.35477563
0.78883635,0.31355825,0.75222587,0.89904088
-0.67082565,-1.4005883,-1.1215436,-1.3468269
0.58421916,-0.43329629,0.2717458,-1.8397479
0.52053691,0.16908858,-0.57834747,-0.20413264
0.79430057,-0.41342624,-0.54607056,0.77590087
-0.89135576,-1.1961813,0.10817983,-1.1291482
-1.5653944,0.62520773,0.73895711,1.3751817
-1.5974812,-0.47590055,0.70306267,1.6305655
-1.7697264,1.7516708,-0.49978966,-0.049481914
-0.60221121,0.63749393,0.33014314,0.38155899
-1.0433464,-0.5390251,-0.042019125,-1.3401714
0.27317054,-0.0035173906,1.1170691,1.2055304
-0.83068639,-0.39941856,-0.93015871,0.22278549
-0.83337751,0.80310182,0.15103239,-0.52267326
0.42361726,1.1051989,-0.57117943,0.081370031
-1.0444621,-1.1961972,-0.19979381,-0.27979825
0.97991358,1.0512806,-0.79563181,-2.3274289
-1.2503514,0.18783255,0.41644525,-1.2946882
-0.38722319,-0.61092859,-1.2838709,-0.30945236
0.22377929,0.19825002,1.1136089,-0.38179524
-1.5178807,0.33188041,0.076142422,1.5496924
-2.8777655,0.61330563,0.11103284,-1.8581838
-0.18215793,2.3728901,-0.89632279,-1.2157894
0.32426307,2.8366829,0.11596156,-1.8794603
-0.11414804,0.74264779,-0.44564125,-1.9276939
-0.88450257,-0.58829269,-0.66612534,0.95260929
-1.6608204,0.6433046,-0.97971009,-2.6389158
1.3275098,-1.1191106,-0.21614679,-3.5154454
1.0391631,-1.1462026,0.002528217,0.62960587
2.1273777,-1.6420739,-0.30611785,-0.97492008
-1.9695953,-1.4980603,-0.3687051,0.31542506
1.8319326,-0.0082987793,-0.18560384,1.781112
-1.0227866,0.28370299,-0.17601212,-2.0785178
0.068329794,-0.31868908,-0.40911949,0.18214398
0.11525708,0.15639454,-0.056273866,0.25718515
1.3481517,-0.10751929,-0.55381149,-1.1593815
-0.12600311,0.71758107,-0.39799579,0.13907337
-0.039784465,0.15043338,1.3806178,-0.83620898
-0.57702161,-0.46265799,1.2334416,1.9979618
-0.95403214,0.19477205,0.80661155,0.26245554
0.011187611,0.15179071,-1.3427637,0.39637043
-0.11552888,0.29965177,-0.93054512,-0.31362497
0.8467261,-0.62168752,0.64879025,-1.2344049
-0.88073424,-0.13944378,-0.69548108,0.85086039
0.15815068,-0.06125087,-0.10760384,0.60398707
1.3494403,-0.7205349,1.2276889,0.42050497
-1.7114886,-0.89084057,-1.5949225,-0.96918106
0.8396195,1.726323,0.73257994,0.55526005
0.7396067,-1.9038497,2.4385343,0.052573187
0.9056049,1.810674,-1.9774194,-1.8729337
1.1939454,1.2577544,2.5593508,0.47501547
1.5430317,1.3138475,-2.9255066,-1.8252189
-0.73072026,1.1226794,1.2847417,-1.4283564
-0.29577683,0.33378095,-0.75848992,1.038148
-2.5878886,-0.15541458,-0.11863698,-1.3962524
0.78592064,-0.32255622,-0.4352861,-1.5875286
0.048105673,0.079655191,-0.28410616,1.6392923
-0.41820261,-1.1709605,0.27025757,1.5200823
-0.31511252,1.0442208,1.8421274,0.63814173
-1.726126,0.81630214,-0.99134877,-0.84398992
0.020624691,0.84143511,0.29509975,-1.125749
0.1744873,-0.8700888,-0.18564598,-0.89901676
-0.61748311,0.23420776,-1.3858774,-0.1062198
0.98206893,0.34210492,-0.41702638,-0.092694754
-1.5956061,0.39840708,-0.28736598,-0.42991637
-1.7802619,0.30599878,0.74461171,0.20400802
-0.69384005,0.49016467,0.29964575,-0.88623327
-1.232986,-1.7951322,2.0703995,0.25499372
-0.026994622,-1.7259873,1.3450654,1.0333535
-1.7073548,1.5976952,-0.32108847,0.25794017
1.7290795,-1.5976933,0.87251134,-0.09981135
1.9975627,0.78559254,-0.62291389,0.057954654
-2.0045838,-0.66921439,-0.88104734,-0.56458574
0.43934249,-0.23878218,-1.3111007,-0.63266808
0.98242551,-0.62031958,1.0037076,1.1818914
0.8720611,-0.11065622,-0.95546685,-0.98934271
0.64353817,-0.092518589,0.10924659,-1.3213048
-0.30895832,-0.51317379,-0.19633025,0.064654821
-0.047201544,-1.508195,-0.88802895,-1.8078737
2.3364227,0.6589243,-0.096140972,-2.2339088
-0.031880089,0.50476049,0.0042544639,-1.1508193
-0.47862115,0.20143262,0.3498458,-1.1508193
-1.0532471,0.3275556,0.19430035,0.40902795
0.51870911,0.66701202,-0.61932447,-0.56725107
-0.081739803,1.1157203,-1.3548577,-0.84660908
-0.078122839,-1.1214614,0.25764821,1.6437719
0.14997441,-1.1214614,0.4833246,-1.1886869
1.7903795,1.5974473,0.030168841,0.18888882
1.6332467,-1.3677728,0.61206939,-0.10638627
-1.6812996,-0.24076677,-0.75486542,-0.58622695
-0.40313783,0.066490837,1.1765163,0.49218043
0.085973531,-1.9035806,1.1167501,-0.95704975
0.059384419,0.91209565,-1.1728011,-0.91793784
-0.74252816,-0.7608773,-0.24300943,0.42535407
-0.6948106,0.84673796,-0.66565954,-1.0557266
-0.88911281,-0.031519779,0.31479708,-0.3823345
0.39073238,0.53959304,0.89261795,-0.18433039
-1.2451748,-1.2603002,-1.3827563,0.61356731
-2.2660168,0.45146352,0.46947619,0.21137006
1.3563462,0.62612176,0.11778905,0.62071057
-0.082708719,-1.5175165,1.4357082,-0.66808473
-0.41458433,0.0072089904,1.8320879,1.2302485
-0.35771325,0.12940527,0.15025608,-0.017761431
-0.95890965,0.46212074,0.66600308,0.8185401
-1.3056452,0.55901789,0.66163869,-0.89161459
0.22771288,-0.11395584,0.18264145,1.0726177
0.24388451,-0.37420281,-1.2011553,0.47391062
-1.5341469,1.1907785,-2.5615725,-0.0083323134
-1.4136824,0.65015447,-1.0347318,-0.073572408
-1.5636249,-1.7200731,-0.8005737,-0.085706379
0.66851001,0.80511509,-0.12984877,1.1012199
-0.31459958,-0.26616857,-0.051048753,0.42628965
-0.38966553,-0.65941614,0.43573214,0.07348641
-0.21523618,0.00031223425,0.53951475,-0.26955443
0.21112477,-0.14905904,0.2219358,-2.1513216
-0.9297095,-0.071820377,-0.37739635,0.1194145
0.58071965,0.65742699,1.1275822,1.0278076
-0.38955255,0.30475764,0.014317037,0.01760051
-0.078710282,0.43971506,0.72016081,-0.1286011
-1.9444438,-1.380717,-0.038455402,0.42438702
1.0864087,0.94353284,0.59750646,-1.1264399
-1.6625975,-0.40390705,-0.1608572,0.79928706
1.6250733,0.15745702,-0.51781564,-0.82557023
1.9029566,0.81243393,0.27858665,2.067019
-3.1601046,0.82475384,0.74592599,2.2874209
-1.3347511,0.18965476,0.33943667,0.90222206
1.164286,-1.1111338,0.056198151,0.54745894
0.30527066,-1.7559461,-0.82195078,-1.0391984
-0.019098888,0.35841459,-2.0361909,0.52314372
-0.016690318,1.4191926,1.9798777,-0.56840867
-0.50518599,-0.32788945,-2.8573218,0.50540734
-0.57247794,-0.55324541,2.1249365,-0.9972926
1.092912,-2.2048375,1.3695077,0.46533219
0.076986349,-2.1748018,-1.3473364,0.42885937
-0.20147427,-1.1898705,1.1319467,0.12693932
-0.16943506,-0.11891988,-1.2602825,0.18368744
-0.048590778,0.21903833,-0.8720933,-1.3407176
-0.50555328,0.29187384,-0.58662147,-0.93035968
-1.6973159,-0.86514965,1.6500463,-1.849843
0.85894429,-1.0653716,0.98036517,0.041856515
0.76063219,-0.044062767,-1.0389481,1.8619168
-0.42071251,-0.73520265,-0.28691428,1.6451767
0.00020458371,-1.3479299,-0.10786766,-0.024180952
-1.6601255,-1.3529968,0.86137466,0.19659803
-1.1980207,0.47402545,-0.83608256,-0.51202848
-1.8500411,-0.29287412,-0.65459001,0.83236699
-0.10386628,-0.71126191,0.48884777,0.073990376
0.5929066,-0.91222106,0.10954039,0.75454429
-0.077764792,0.39463311,-0.22545307,-0.70541298
0.25500426,-1.597311,0.89137001,-2.0607677
0.29588634,1.0072656,-1.0094791,0.083216716
-0.29472601,-0.8427846,0.15524837,0.28465185
-0.098183923,-0.8887573,0.06465612,0.55122879
-0.24072314,0.19450056,1.0697778,0.39142562
-0.73736062,0.28387442,0.079979544,-0.14723174
2.0460024,-0.53819989,0.14639677,0.069480948
-1.6502202,1.4222043,0.091805669,-0.63808999
-1.4359049,0.21402481,0.58873868,-1.3121355
0.92316465,0.26040449,0.48582546,0.8696411
0.96897777,0.18766183,0.091041972,2.187726
-0.18336098,0.20101987,0.13065498,2.187726
-0.35164752,0.043421641,0.25124702,1.3645605
-0.22622402,0.21957107,0.82612396,-1.8880859
0.45631079,0.24585557,0.15508421,-1.1712943
0.96073455,0.16575273,-0.5302285,-0.49549379
-1.313647,0.41296014,-0.12216408,0.011842791
-0.058142424,0.25197634,0.19849572,0.76485338
-0.25654565,-0.016562819,-0.98126668,0.92760285
-0.021530682,-0.19579612,1.186864,-1.7490798
0.27612678,0.20426959,-0.4108545,0.76326246
0.87404117,-0.43892364,-0.14965766,-0.41876843
-0.54920237,-0.37822796,-0.034889555,-0.067474834
-0.88933881,-0.12760616,-0.6666474,0.20037302
-1.0767563,0.57723228,0.60544839,-0.36131564
0.21950921,0.0089510253,0.0042215351,-0.76754803
0.60291038,-0.23035167,2.5558721,-0.027048814
0.0070356478,-1.3199441,2.7340425,-0.61211654
-0.070854818,-0.11745148,2.404274,-0.90243124
-0.47833565,1.2659991,1.9947442,-1.4840839
2.0722715,-0.86929683,1.1844922,-0.11593867
1.8518737,0.33813249,0.56668841,0.098535213
2.2265374,-0.6263701,1.5522085,-0.20024783
0.48588467,0.78678184,2.2751195,-1.9047327
-0.59487788,-0.87289585,-0.89502032,1.3877869
-0.043705468,-0.85877505,0.32417482,-1.4046489
0.56203099,-0.4811848,0.34925789,1.1073287
0.92041885,1.4793541,-0.36410874,0.89335237
-1.0985698,-0.6853779,0.21860161,-0.29857313
0.44629202,-0.11062723,-0.93925141,-0.25450527
-0.96479726,-0.030519298,-1.294695,-0.42789245
-1.3612999,-0.18601613,0.42368,-0.16397362
-1.1392455,2.8553674,1.5127382,-0.42043166
0.52353391,-2.9286821,1.716345,-0.10701729
-0.90475413,1.1713232,-0.90748463,-0.62919268
-0.6706859,1.7608537,-0.750161,0.96651841
-1.1948089,-1.5674128,1.3892391,-0.63603567
1.1248621,1.2665497,2.2623613,-1.0264891
0.80193459,-0.41016867,0.96022019,-0.73928313
-1.1151412,-0.17005374,-0.06660416,-0.58814129
0.8842341,-0.83326518,-0.45952332,0.5340742
-1.4646466,-0.96927126,0.21017077,-0.36618973
0.45442761,-0.3918368,-0.38568646,0.50592125
0.23920498,0.71072856,-1.846097,-0.97077171
0.33460844,0.2559442,-1.1232886,0.49815053
-0.42606729,-1.3524986,1.1857513,0.93045595
0.27065262,-1.9982672,-1.1181607,-1.3874511
1.0888564,1.8222531,0.73489153,1.5361864
-0.30445018,-2.0280085,-0.67980184,0.54958777
1.1483442,-0.33061371,-0.3681937,-0.27099688
-0.3527982,0.11505456,0.60271946,-0.12960511
-1.7507071,1.228396,-0.45828684,0.1174479
-0.97191568,-1.1558961,-0.07490153,0.68606687
1.4307258,0.60125868,-0.95966417,0.59103721
-0.37026146,0.23126344,-2.0336544,0.47811034
-0.46244835,1.0483762,0.34361632,1.4586025
0.19018588,1.3372749,0.34244972,-1.7142286
-0.37266356,0.14216533,0.067546938,1.1390702
-0.011792085,0.57900321,-0.015777287,0.3636944
0.40716071,-0.036111929,0.0092368621,-0.31959459
2.1286397,0.82254796,-1.7493355,-0.08167048
-2.3835439,1.4073346,0.3047964,-0.43523312
-2.2674269,-1.3926423,0.093149551,-0.29368168
0.80963056,-0.5488948,1.2344216,-1.5912975
0.66242783,-0.74146465,-0.27367183,-1.4057344
-0.12402532,1.1481557,1.3912758,-0.81309506
-0.64091825,0.5778925,-0.57779434,-0.93457872
-0.61070308,-0.92138472,-1.1590429,-1.6349899
0.15520822,1.2923058,-1.6416681,-0.91072146
1.3516683,1.6076057,-0.53582602,0.86306303
-1.6021869,-1.2241952,0.63257159,-0.95739243
-0.41781359,-1.6169354,1.246941,-0.92315507
0.386016,0.90101464,-0.32530717,-0.45033697
0.9334817,-0.3951609,0.17704876,1.3551815
0.33064354,0.19841758,-1.7161516,0.91255861
-1.616733,-0.38204278,0.9625063,0.046020064
0.93702039,-0.74392413,2.976573,0.10019883
-0.98681894,-0.17284569,-1.5369465,0.54419518
0.53491306,0.22073628,-1.0522063,-1.2860112
1.3480572,-0.43594259,-1.4945477,-1.406412
0.25905847,-0.73274841,0.58882629,1.2448005
-0.43106635,1.1097346,1.1946058,-1.4698285
0.34334426,-1.9355547,-0.51092917,1.6971028
-0.45639397,-0.83978325,0.95628095,1.789159
0.52481309,-0.85920577,-1.1619163,1.5349415
0.56462421,-0.56166597,-1.6998209,0.52923759
-1.183682,0.24032583,-0.94323633,-0.58678228
0.88828286,0.12607277,-0.11849458,-0.17433056
0.17306558,-0.82985526,0.050140843,-0.083367408
-0.7168948,0.55099371,-0.20226433,1.1054388
-1.3641672,0.81545006,-0.19997204,-1.2590716
0.77463559,0.70390872,-0.58993292,1.1567013
-0.59013264,1.3236022,-1.3542604,1.2683032
0.56765841,0.47937527,0.39781702,-1.4300912
0.09945521,-0.70017256,0.58365112,1.0875502
-0.57641915,-1.5426113,-1.1863553,-0.95998156
0.15698959,0.12090345,-1.769358,-0.072491591
-0.35708422,-0.42556933,-1.2659896,-0.080984632
0.04336928,0.74643571,-1.4179203,-0.24694107
0.027883852,0.28086551,-1.389367,-0.56878363
-1.4773012,-1.327142,0.61175915,-1.564408
0.62881701,-2.9386355,0.11212946,-0.1288446
-0.11590338,-0.057955617,-1.2340589,-0.40035139
0.13091365,-0.86305957,-0.61995035,0.90514976
-0.68012494,0.70861172,0.48393504,0.83431043
0.88536119,0.90884531,-0.044471074,-0.88186661
-0.73534954,-0.17127266,0.093680677,-1.3321455
1.2528242,-0.29335731,-1.3387163,0.040145265
-1.4472685,0.6203342,1.1988388,-0.41433278
-0.55599757,0.65829835,0.45911521,-2.1701902
-0.1830074,-0.48300709,-0.24065527,-2.1701902
-0.73484956,-0.068261731,0.11022392,-1.0697828
-1.7707909,-0.97006739,-1.9028557,0.86837935
0.57600603,1.0340693,-0.03775796,0.91452453
1.0255713,-0.86891238,-2.0368111,0.82316807
1.0742971,1.5474642,0.30172902,0.72396796
1.8552216,1.5557193,-0.57594234,0.62207798
1.5567476,0.6641031,0.62828029,0.20091281
-1.0809621,-1.6238817,0.43289148,0.60507669
0.1946056,0.97102172,0.59707474,-1.2331486
-0.049252567,-1.2392392,-0.17322208,0.55159249
0.34388766,1.1065033,-1.4591388,-1.1389971
-1.2263026,1.0146195,-0.41730991,1.0028895
-1.0043141,-0.48098516,-1.3213527,-0.32971999
0.6695959,-1.7433071,-0.53722281,-1.0696209
1.7893051,0.63676639,-0.76058291,-1.0824302
-2.2009489,-0.23802313,-0.37386822,1.3964343
-1.829218,-0.18383411,0.10867422,-0.19551076
0.19117649,-0.20300239,0.14269445,-0.35141792
-0.47911509,-0.34692803,0.92742828,-0.28470272
-0.10982876,-0.10214836,0.098728373,-0.81451411
-1.4402002,-0.44286384,0.85692268,-0.01696476
-0.72376954,-0.29244528,0.59816301,-0.45875874
-0.013270708,0.37293148,0.86996532,0.43516464
0.40144717,-0.2360472,-0.87051533,0.10935755
0.51326602,-0.28812942,0.16253034,-0.080988222
-0.58334396,-1.054687,-0.68308911,0.56902137
-0.21183757,-1.6806795,-1.0928184,0.59071561
0.96488438,-1.0925589,0.93990792,1.0357938
0.86572462,-1.6167791,-1.4511846,0.95204736
-1.6558265,-1.4745376,1.3134652,-0.006944912
0.68876369,-0.43946443,-0.33461805,-0.45320889
-1.2486758,-0.18844506,-1.007194,-0.56145373
1.4200696,-0.044240416,-0.40865837,0.25379503
-0.61629365,-0.041492414,-0.73675052,-0.50519441
-0.63566806,-0.051573915,-0.47303009,2.1071225
-0.74295099,-0.084302622,0.30767424,-1.6577026
0.46071132,-0.40519549,1.1254356,0.34113983
0.29884873,0.62946715,0.62446096,0.63155663
0.03392584,-1.7204292,0.76200324,0.16216794
-0.70167381,1.4582769,0.72709706,1.1053625
-0.055259147,-1.8659038,-0.25360769,-1.6230996
0.022644588,0.74561721,0.16469651,1.7003757
-0.48281784,-0.25100892,0.066726934,-2.2206467
-0.35034167,-1.3568311,1.2842366,-0.99583566
-0.32086642,0.1911215,-1.0947117,-1.1274892
1.0003523,-1.7661303,0.46103667,-1.1003736
-1.2075882,-1.3762427,-0.98907725,-1.4484719
0.51613789,0.92102349,1.0408378,-0.95318606
-0.59575556,1.1542357,0.46817228,1.0683466
-1.1972677,-0.26161778,0.52648893,-0.90329815
-0.78233182,0.31566985,-0.22722256,0.30798606
0.2586378,-0.031296413,0.59151571,0.42478682
-0.41837055,0.50874965,-0.51923145,-0.92937876
-2.1180867,-1.7830977,0.82678387,-0.80649852
0.35015814,-1.837949,0.82277653,-0.51341124
0.78501209,1.9963764,0.4176461,0.61559501
-0.50887462,-2.5301585,0.2833586,0.16724263
0.15843709,0.55751088,-0.1599124,-0.41079893
-0.90822651,0.26242454,-0.89073313,0.41378461
0.0082212544,0.22470751,1.0496296,-0.4518293
0.61666272,-0.48631914,-1.3978787,1.0772791
0.48545234,0.74399336,0.83936272,-1.8880098
0.41005343,-2.3152851,-0.23656107,1.3879483
-0.35427195,0.61018904,0.13338428,-1.287808
1.1455412,0.74196191,-1.1470868,1.4091106
-0.70900669,0.73563893,-1.1819245,-1.2723159
-0.77724618,0.86840918,0.059748688,-0.15267488
-0.19576827,-0.21532556,0.28853661,-0.37532543
-0.12376475,-0.7268199,0.033384056,0.020315183
-0.65683514,-0.37036782,0.43702933,0.27627692
0.57332946,0.23552123,0.78302165,0.87489851
-0.5895056,-0.95776007,1.2718105,-0.045853653
0.79557736,-0.36729721,0.93909019,-0.086728245
-0.42167195,2.7444968,-1.1797782,-0.67939745
0.65148304,-3.1307326,-0.56523438,-0.71889658
0.72850457,1.883086,-1.5038187,0.50810917
-0.16575018,-2.2041611,0.88608223,0.076698099
-0.34430558,0.27498906,1.5335392,0.30386203
-1.3099254,-0.2900765,1.9738806,1.0978081
2.7211581,-0.34478712,-1.1928662,-0.28220364
0.96126862,-0.52373373,-0.23222915,-0.17006096
0.40975682,2.3055545,1.2409501,-0.30352553
-0.49478835,1.3463757,-0.52052422,0.17168697
-1.5711305,-2.1037299,0.051931692,-0.78528782
-1.2114902,-0.84535294,-0.38824967,-1.1972585
0.83319585,0.24024285,-0.84490945,-0.58433469
1.0532487,-0.091112994,0.49895654,1.8230432
-1.5280581,-0.67205873,0.69174287,0.48730525
-0.22065991,-1.0329063,-0.59055654,1.2444721
0.14213846,0.28987497,2.5871623,-1.4776825
-0.37540945,-0.032956801,1.3320687,-0.011275455
0.83672331,-1.1259546,0.80801066,-1.3298665
-1.2563535,-0.50877327,-1.1950282,0.33743825
-1.4513736,-0.2376093,-1.8821955,-0.61238535
1.466455,-1.1548748,1.6724776,-0.32659354
-1.0230613,1.0753139,-2.3203632,0.89475756
0.57643274,-1.2682457,0.62973318,1.111513
-0.97443405,0.25879584,-0.61425067,-0.071199229
1.3277903,0.23748828,-0.76625296,-0.51357434
0.4942656,1.4568503,0.67346192,-1.9805053
1.5764179,-1.3473167,-0.08153667,0.064842563
-2.4195045,-0.6409544,-0.73333097,-0.52847493
-0.78067638,0.24318004,-0.11723786,0.64658126
0.73019101,-0.57390092,-1.0753577,0.87101064
-0.47702823,1.5170588,0.90665612,0.18587896
-2.1468945,-0.72223379,-0.8159517,1.4329537
-0.17611834,-0.5290845,-0.93060467,-0.89028467
0.072468397,-0.30541207,-0.45061378,-2.5303278
0.3124672,-0.11282654,0.49645658,0.68789632
0.19070514,-0.47590712,1.1702168,-2.3452035
-0.92784259,-0.57594764,0.22257504,-2.5669985
0.87239994,-0.11314839,-0.14087645,-2.4459681
0.33280883,-0.43365841,1.5979136,-1.7667935
-0.4333619,0.058123448,-1.7805918,-2.2420229
0.79877677,-0.021533623,-1.028126,-1.0072086
-0.068378364,0.76932472,-1.2456001,-0.11333605
-0.14157103,0.48885082,-1.6501519,0.19808107
1.020027,-0.92124651,-1.9354591,0.98108136
0.91397513,0.90079733,-0.75111636,-1.7763141
-1.5618234,-1.2532332,-0.77788489,-1.4726693
0.87541003,-1.6418241,0.76918856,1.7371853
-1.347029,-1.3254582,1.3695682,-2.0868688
-0.7138739,-0.50987123,2.0666232,-1.4660781
0.47071678,0.051976616,1.8091112,0.14398152
-0.01852914,1.2339564,2.1817307,-0.41696896
0.012399129,1.0674054,1.0647699,0.70229403
-0.18308004,-0.97820848,0.56888966,-0.94580925
-0.56077647,-0.75227571,0.26634788,0.28805759
-1.0129707,1.1096809,-0.54872383,-0.48162666
-0.98252521,-1.5107458,-0.2200117,2.4803545
1.5373511,-2.0902099,0.50782453,1.9935649
-1.416938,-0.26569097,-0.47813357,-1.8791961
1.2746905,0.28141964,-0.54925428,-0.37429944
1.2481111,0.81489785,-0.095151581,0.47941403
-1.4168296,1.2437566,-0.22848282,0.6459811
0.13582021,-1.1909069,0.81218921,-0.48035483
0.30175875,0.84671453,-0.73437736,0.18777745
1.2692738,0.11320766,0.17909989,0.69021564
2.0188119,-0.15647084,0.37876917,-0.44755092
1.2184084,0.9231248,-0.40627428,-0.4120471
0.58855109,0.77815912,-0.033464823,-0.20076784
0.91276844,-0.91107342,0.034456626,-1.1788324
2.3051775,1.1375521,-0.076653826,1.3188488
-0.22431433,-1.3320738,0.95889527,2.9419282
0.68893414,-1.043663,-0.12519422,-1.9197807
0.61920877,-0.71287773,-0.095965506,0.48482584
1.030162,1.1064362,-0.68704745,0.22434081
0.53966007,-0.54374613,0.40217309,1.5414649
-1.5265801,1.1765132,0.37597681,-1.8595523
-1.1377275,0.018677037,0.40183829,2.7006388
0.25489915,-0.072893229,-0.42390951,2.576797
-0.37944048,-1.9498798,0.78938405,0.55642733
0.49834072,0.82372262,0.76432544,1.1548604
-0.011851913,0.59935462,-0.27410379,-2.1625413
0.067651471,-0.20801818,0.3860616,-0.95470304
-0.77085935,0.9854979,0.21296988,0.34294316
0.5758186,-0.45984006,-1.2985551,0.47046946
-0.81662872,-0.21833375,0.64459251,-0.31754976
0.81021623,2.2683169,0.61839081,-1.2604837
-0.71516297,1.1872832,-0.21639859,0.29931221
0.94590275,-1.7504515,-0.19102273,-1.2623676
0.86082954,0.90671785,0.76315706,0.98494846
1.3397552,1.1468215,1.001349,0.22050465
0.62408653,-1.339503,-1.2981797,1.0681342
-0.52243538,-0.60595019,0.62672973,0.13185102
-1.4858451,-1.5730543,-0.98541637,0.057711888
0.6140836,1.2036783,1.5741247,0.085717272
-0.97848712,0.44908273,1.6890461,-0.11212502
0.81664411,-0.72455661,-0.14271599,0.14908953
-1.3519688,1.0869417,-0.44636514,1.5363022
0.72313808,1.1875717,-1.11931,2.1420895
0.21295511,-1.0401569,1.3784304,1.3862749
-0.12634297,0.23744592,0.32575786,1.1029038
-0.40667523,0.90049384,0.87460567,-1.1817335
-0.60247675,0.1942249,-0.16331122,-0.85344264
-0.046740536,-0.031960111,-0.26520978,-0.42497409
1.525949,0.076104958,-0.05764736,-0.61473101
0.24853946,-0.65765963,-2.1727455,0.3892193
0.19436653,1.1300817,1.7558628,-0.10257722
-0.96989733,-1.3726961,1.3434092,0.57593232
-0.70635943,1.1434431,1.1102031,1.2660902
-0.51623591,1.4657133,0.84763615,-0.61414622
1.0224137,0.95728926,-0.1987581,2.2463791
1.2126607,-0.23928958,-0.48110006,2.0750399
-1.546541,1.0266465,0.11607741,1.6542064
0.40345388,0.3440605,-1.993937,1.8656716
-1.0553914,-1.5956584,-1.4306256,0.29803567
-0.50655844,1.9921663,-1.1754002,-0.051249457
-0.68063994,-0.84208122,1.0992516,-0.6026714
-0.57803984,0.23923566,-1.3022242,0.36002823
-0.38659268,0.27420317,-0.094486778,-1.2475724
-2.1547249,0.80333835,0.064727303,-1.1735579
0.62248407,-0.92453719,-0.07737209,0.84159661
0.043405019,0.50242116,2.0875558,1.0484932
-0.63080431,-1.057499,2.2639872,0.045391159
0.67920302,0.74115479,-0.55364752,-0.61160602
-0.37934222,-1.1301065,-1.272955,0.91285122
0.72159692,-0.074822467,2.0883927,-1.1412686
-0.79058726,-0.059019648,1.0849655,0.23489229
-0.42644201,-0.042253726,-0.3427632,0.38099776
1.1734542,0.17545772,-1.5949105,0.27218577
0.64292996,0.60776344,-0.7016521,0.056397155
-1.1267038,-0.36120157,-0.71556912,-0.26243418
-0.521563,-1.7790685,-0.029238474,0.50073216
1.0731244,-1.5801348,-0.88465172,-0.2786165
-1.3095167,-0.97359573,0.28621158,0.36884784
0.77814328,1.0301227,1.6521715,-0.58536681
-0.15199861,-0.46733995,1.606323,-0.33774818
1.5298874,0.23243656,1.5499947,1.578394
1.6595375,-0.079974776,-1.9115848,-0.91713731
0.53464695,-0.37301258,1.8514666,-0.47185839
-0.67561065,-0.26089473,0.30941025,-0.079804325
-0.24900089,0.78838534,-0.6601231,-0.6735552
-1.1021405,-1.0340793,0.26388755,-0.82845888
0.7386501,-0.52625283,0.92012834,0.27144849
1.5004576,-0.24658758,-0.98270526,2.0515634
0.044006449,-0.32193003,-0.80952571,-0.52103835
0.26189164,0.61720435,-0.81314819,0.70871748
0.38058794,-0.63484003,-0.93098827,-1.0603808
0.42942516,-0.44109094,-0.27851856,0.89175067
-1.4805625,0.037113379,0.29949754,1.2037671
-0.70377707,-0.78596359,0.27327009,0.32389746
-0.6606188,0.29186232,-0.42924459,0.79426749
-1.1442859,2.5241722,-0.12154447,-0.4038829
0.3537736,0.28699249,0.069144007,-0.40152777
0.33925691,0.99537048,-0.070327493,0.45350189
-0.63354534,-0.23403916,-1.6040004,-0.96841857
0.27571909,-0.094726924,0.56649796,-0.76900446
2.0666473,-0.26707159,-1.0163033,1.1924562
-1.4966731,-0.16352034,-1.2156211,-1.0216579
0.27844712,-0.14254746,-0.020842529,0.51252685
-0.90859406,0.98533233,-0.3454172,0.318557
0.96294736,-2.2586905,0.5407973,0.023110181
1.2100281,2.40703,0.86273554,-0.44786692
0.66078428,-2.8377777,-0.37667378,-0.7921111
-0.28416976,-2.1677762,0.45087243,0.063534965
-0.31559781,1.0977713,0.47058717,-0.12064687
0.70909003,1.5505852,-1.0905789,-0.12064687
-0.96533526,-1.8006498,-0.82232503,1.0703956
-0.33942307,1.4263569,1.3306356,-1.1678302
-0.38974057,1.1580302,-0.59592488,0.11596178
-0.7413674,-1.0609701,1.8490577,-0.048484567
-0.494278,0.78672224,-2.2553166,0.53639031
-0.43350121,0.90605157,-2.9947217,1.4031306
-0.24351701,-1.1302939,-2.2668076,-1.8083438
-0.29823571,-0.64516419,-2.2976316,-1.2500213
-0.33098619,-1.1243223,2.1197962,0.41985821
0.20135609,0.10308462,-2.5560081,-0.84218758
0.49501559,0.32128804,-1.9212365,1.1110659
-0.38641251,-1.3984768,0.45693726,0.27193455
-0.090717596,-0.32355443,0.54494023,-0.70747265
-0.4864528,0.041525449,-0.75929392,0.76846031
-2.0806572,2.1013976,0.49985596,-0.18412292
1.4058819,0.24766199,0.58998827,-1.0887275
-0.88474752,-0.92113011,-0.13166163,-0.66264122
-0.0021676423,-0.97000815,-0.33990217,0.82885864
-1.8590975,0.021990728,-0.72338272,0.33657678
-1.658137,-0.31334254,-0.7327195,0.11414512
0.54247033,1.4512947,0.46118834,-0.089102741
0.28195538,2.1158743,0.60351824,-0.1207118
0.32810385,0.57561338,0.20165224,-0.1695105
0.1952894,0.085869543,0.19737528,0.093007207
-2.1253295,0.22986541,0.85149808,0.016289649
1.7768127,-0.51553384,0.81095586,-0.27794268
1.310685,-0.22082704,0.67437044,1.049836
2.5572262,-0.27547495,-0.37122627,0.68732748
2.1492437,-0.32166493,-0.27740674,0.03615408
1.9236487,0.22213856,0.82434373,-0.076689876
2.1210165,-0.58619811,0.12619303,-0.18593923
2.4184642,1.5973332,0.33057322,0.78387361
-1.0323218,0.63978774,0.72153615,0.52822887
-0.53780742,0.41061467,-0.71111031,-1.4557307
-0.028027623,0.29485621,-0.020104575,0.90570477
-2.0125407,0.45815927,1.1168246,0.61849418
-0.012342849,0.024154529,-1.0971835,1.516972
-0.22008534,0.0043457588,0.86984218,-0.88167178
0.012302084,-0.074912712,-0.017456236,0.53735361
0.40778364,-1.1070153,-0.078769633,-0.39561656
-1.362972,0.71137023,-0.022051872,0.174604
-0.15159443,0.40158363,-0.39329084,0.174604
0.91580566,-1.8709642,0.37590761,1.7847383
0.74930752,-0.37780322,0.71166925,-2.4597112
-0.96332089,-0.93040662,-0.38850069,-2.2317467
0.21995485,-0.20953058,0.51314269,2.523012
-0.15721604,-1.5475403,0.35119361,0.59044272
0.21312542,-1.4884523,0.39173507,-0.70892033
-0.75648724,1.5409099,-0.78788491,-0.17337785
-1.8625175,-2.3747387,0.54220426,0.38514398
-1.212943,-2.1033094,-0.94546847,0.48005056
1.8146856,1.6966749,-0.39651057,0.84587929
-2.3831111,-1.187903,0.054991091,-1.3837181
-1.4521211,-1.1075507,-0.096296281,0.67626162
1.0259054,-0.58420925,-0.30022748,-0.51335795
-0.38868686,-0.14375527,-0.37978381,-0.05056708
0.20659001,0.97647131,-0.16927997,-1.7639783
-0.12808257,0.28542843,-0.88258875,-1.1603808
-0.49364863,1.2184656,-1.4925581,1.0261132
0.48785825,0.4872805,-0.62946374,-0.75887605
-0.82849928,-1.2087283,1.1615427,-1.0482511
0.057858074,-1.878016,-1.6824704,-0.99495026
-0.48450497,-0.55811491,-0.075119449,1.4071834
-1.4586648,-1.2616505,-0.68512717,0.53568475
1.3707679,0.7463881,-1.098421,-0.60109039
0.67254424,0.62549404,-0.38482614,-1.0584379
0.73865795,0.44068564,-0.90257832,0.54204331
-0.19561986,-0.19290318,-0.98443656,-0.99781027
-0.073313789,0.86591624,-1.1115705,2.2434288
1.6845087,0.56410594,0.3767459,1.0962255
-2.0104617,0.21242104,0.99905696,0.69024153
-0.77634381,-0.80748345,-1.6584835,-0.081140256
0.64685502,-0.92594815,-1.5104633,-1.7561026
-1.0551409,-0.059571667,0.36479714,1.1053193
0.77309356,0.23934178,1.5707609,-0.89557417
-0.73127875,0.18509069,1.0738554,1.0044947
0.31667038,-0.33539169,-0.072802988,-1.0158385
0.047331193,-0.42808063,0.18774406,0.5861446
0.036276108,0.97775819,1.4062373,-0.27001335
-2.8812903,-0.84086861,-1.2003197,0.50498841
2.5813123,0.57425468,1.0302002,-0.95984557
0.98669485,-2.2397161,1.2973879,-0.3098055
-1.0503787,1.2461993,1.3566839,-0.673909
-0.10124633,0.62625146,-1.3939771,-0.32335358
1.2039133,0.69800123,0.95230032,-0.76193429
0.82177398,-0.1864686,-0.23162999,1.5632909
1.2888515,-0.25666202,1.1034942,1.9939634
0.64860952,1.3179394,-1.3220251,1.8557733
-1.6104005,-1.4697477,-1.9628974,-2.206671
0.95127949,1.4355553,-3.1129699,-2.3076527
1.5364889,-1.0496823,-2.8529226,0.34597406
1.613011,-1.0803924,-2.8620937,0.019218391
-0.9651299,-0.21822584,-1.8128222,0.66633826
1.3312292,0.13191135,-1.1863341,-1.8000465
1.2684344,-0.93819682,-1.5872818,-2.0386666
-1.1475121,0.90400246,-0.68883529,-2.6063473
-0.77051734,0.11610168,0.73396485,-0.61684739
1.3360283,-0.38364886,-0.0061083478,0.5255731
-1.4271159,-1.9616937,-0.51996963,-0.48193774
0.79312593,-0.94726565,0.37321966,0.36163721
0.60003507,-0.51581709,0.45629974,-0.35691241
-0.44478712,0.88304312,-0.10238625,-0.48268564
-0.027821894,-0.64408317,-0.55180584,-0.44183901
2.6186727,0.76720808,0.28646318,-0.70399855
1.5262417,-1.0382696,0.71310371,0.15976036
-2.1692716,-1.4673291,0.74703127,-0.28284236
-1.5343457,1.3825248,-0.84241465,0.67275729
-2.0226856,1.4236576,0.93192069,-1.7872982
-1.0612016,0.02526847,0.39139309,-1.1815913
0.20708099,0.51479279,-0.89496265,1.2238198
-1.672274,1.0318042,-1.2821956,0.64126151
1.2199182,0.8554276,-1.3330395,-0.39010147
-1.3814012,0.90108288,-1.5764914,-1.8244611
-0.63859802,0.34225145,1.5352767,-1.4822826
-0.30066591,-0.039384316,1.1844161,0.18304481
-1.0194684,-0.23877721,-1.0717732,-0.36349475
-0.39059646,0.16676259,0.44982852,-0.72475708
0.1316129,-0.29558568,-0.041485522,-1.286559
-0.42096946,-0.0020345278,0.42944189,-2.3699754
0.16625308,0.067966275,-0.88763208,2.0532588
-0.70479389,0.44413126,-0.58594204,-2.3346216
-0.50523796,0.16637724,0.58748548,0.84703054
1.603371,0.045705581,-0.68111333,-1.0427145
1.6723266,-0.75714257,0.63711041,-0.79758298
-2.1330393,0.62794134,-0.12058174,0.87507544
-0.2131262,0.35848044,0.36641512,-1.7101221
0.99356217,-1.7565409,-0.19070429,-1.6970863
-1.1276404,-1.8090202,-1.4565732,-1.6994731
0.55401521,-1.4966388,-0.24273959,1.381482
-0.78112513,0.94555635,0.60514434,-1.6220004
0.75141222,0.26046116,-1.1038431,-0.51821948
-0.1773479,-0.43415475,0.90469057,-0.53913281
-0.67118704,0.13436376,-0.36020875,0.53876131
0.60910823,0.59551791,-1.5170394,0.46857073
-0.40398656,0.058774439,-0.95302835,-0.59289403
1.334806,-1.2277432,0.18556182,-0.40112181
-0.16939103,-0.028565656,1.6092815,-0.99912813
-0.56919419,0.54060528,-1.9017562,-0.7142752
0.11358207,-0.95790207,1.7199814,-1.1183898
0.063380915,-0.3215581,1.4171048,-1.5120417
0.11666896,-0.12140118,-1.3673084,1.3214727
0.12935594,-0.24840481,-1.5199566,0.48886108
0.0044216528,-0.29321466,1.6003725,-0.99078586
-0.51218087,0.89643806,1.9368234,-0.10105777
-0.80390036,1.5873781,-1.0213119,0.12859883
-0.23031132,1.1873028,-0.53089188,0.73510386
-0.67102769,0.93655781,-1.6145234,0.27035903
-0.36752304,1.2512586,-1.4560896,-0.70278684
-0.19533398,0.55055325,-1.3932734,-0.35508714
-0.99966782,-0.19749523,-0.62965776,0.72926639
-0.39061651,-0.14460433,0.44044001,1.7629459
-1.0464693,-1.060095,-0.88034465,1.6760009
0.21094555,0.48333835,0.9667575,1.7183139
0.9669656,-0.60677019,-1.1330123,0.31307709
0.018593216,0.11822827,0.44015017,0.074838842
