"beta_overall","beta_novice","beta_inter","beta_expert"
1.1091838,0.53366034,-0.6447647,0.81900061
0.060037897,0.50407186,0.41019675,-1.2898593
1.0399824,1.6734495,0.45663382,-1.221668
-0.39208005,0.90656653,-0.037852042,-1.2722096
1.1495586,2.9930736,-0.0030873251,0.80875737
1.6440065,-0.070408422,0.066221345,0.15620614
1.1511059,1.2036199,0.54396412,-1.0915137
-1.2631705,-0.20498026,0.44126975,-0.57321218
-1.0293301,1.631036,0.78010085,0.3562052
2.4257019,-0.073041739,-0.572689,0.69866577
1.7368659,0.75079288,1.2995061,-1.0656221
-0.11594531,0.53413591,-0.046965236,0.091481936
-0.60257715,1.0286178,1.1671736,-1.4155733
1.390646,0.15813655,-0.62768652,-0.04816677
0.033739773,0.73355531,2.134228,0.96851024
1.2108887,0.84490411,0.32168594,0.89136283
0.76238082,1.0188588,0.34912809,-1.5820736
-0.078698147,0.75649755,0.49123063,-0.75921773
-0.097489052,0.9371401,-1.7123533,0.61457981
0.27727237,0.75353159,1.0108446,-0.030540367
-0.76672786,0.41192096,0.92463607,-0.58358562
1.3902362,1.6097157,0.26706331,0.39209125
0.57801258,0.69624802,1.7762874,1.1221076
0.35036371,-0.019124749,1.4550149,0.18595839
1.107247,1.0067018,-0.43093877,-0.31545431
1.2898961,-0.11050343,-0.89377752,-1.0429556
0.97716893,1.1725041,1.0873011,0.60665446
-0.19620793,1.55933,0.073743858,-0.27776597
1.2235638,1.4176682,-0.37079905,-0.54579973
-0.67534271,0.38058171,0.40051908,-0.28243583
-0.33243111,1.3300942,0.29977354,-1.4126257
0.24535662,0.71816502,-0.58897425,0.29345789
0.91754339,0.74686006,1.2160294,-1.264686
1.2776562,1.1065747,1.3214324,-1.6555926
0.21652331,0.6932066,1.5000121,-1.1753311
0.68517219,0.38186543,1.7350601,0.59987148
1.9820898,-0.32080403,-0.46802371,-1.1724198
0.63710159,1.8162536,-0.30030045,-1.7585002
0.9112266,-1.3893464,0.92733712,-0.95517407
0.51332419,2.620397,1.5254233,-0.55450468
-0.44710016,0.062203254,0.52104718,-0.76662331
-0.78412985,-0.85834428,0.51419699,-0.42475102
0.3592719,3.1235157,1.1800379,0.68646575
-0.63660499,1.2667104,-0.06355047,-0.053212645
1.7617988,0.15706916,-0.17101048,-1.7070361
0.12758677,0.44196549,0.85030289,-0.29306472
0.65461261,0.67868018,0.39999334,-1.5980297
0.93591942,0.89631758,0.7054339,-0.51384004
0.0096098707,0.56074996,1.1235418,0.73801163
0.13839063,0.03473724,-0.65963219,-0.89084189
1.2491809,-0.23513211,0.86974362,0.38826238
0.11170732,1.0714335,0.7807971,-0.82422426
0.61298594,0.073919926,0.22531474,-0.2850607
2.1821428,0.20522662,1.0325999,0.33411916
2.5985721,1.3092609,1.3883422,1.5658649
1.5860912,-0.20260313,1.9623095,0.91021348
1.1229512,0.20989161,0.63372256,0.97941533
0.50791852,1.2258913,1.6987501,-1.7120332
0.99129415,1.3847992,1.504661,1.0365701
-0.27661172,0.85756792,1.4432144,-1.9871832
1.5297772,0.61407576,2.4156404,1.3050104
-0.32830286,1.5568344,-0.86798884,1.3328722
0.54620506,1.4078474,0.20663438,0.014871807
0.92790832,1.6787215,0.50921187,-0.46357133
0.045609484,-0.61666955,2.0664425,-0.38793399
1.465964,-1.001867,1.5979099,-0.46107853
0.89287249,0.52640752,-0.27249008,-1.3349857
1.4513094,0.09853939,0.011620732,-0.92776712
0.85808371,1.8679499,0.79583397,-0.87441369
-0.13913357,0.39159059,0.474433,-1.744551
1.2659846,0.94899874,0.5992666,-1.5081988
0.27658238,1.6864025,1.0006144,-1.6363198
0.31770063,-0.087191726,1.1045891,-0.087287255
-0.23720575,-0.16856436,-0.027430843,-1.4202362
0.40327702,-0.090265249,0.95466971,0.59352195
1.7350142,1.5045174,1.1033961,-0.43466335
1.5824202,0.60481318,-0.52496841,-0.67262196
2.1151987,0.20484491,0.81971126,0.19056791
1.2277376,0.72317433,-0.23756301,-1.8955296
-0.14788327,0.55431586,1.791795,-1.8665767
-0.087115293,0.802878,-1.1887767,1.0173078
1.4628598,0.82716433,2.8050887,-1.2231928
0.012967401,0.32315958,2.6699297,-0.7468415
1.3561875,0.070507006,1.7756542,-0.55735816
0.0039152585,-0.86942445,0.95137842,-0.39185616
0.96312268,-0.64057587,0.017608176,-0.21359559
-0.37688788,-0.76224427,0.30347976,-0.32437317
0.28106842,-0.71465159,0.71924999,-1.3693138
0.59564372,1.9608609,0.6002041,-0.61492392
-0.66164716,-0.89435397,-0.1897597,1.4575962
-0.86378364,-2.729163,1.2131029,-1.7564591
-0.31522353,1.3062202,0.89810664,-0.95071729
-0.44532021,0.30254983,0.40132411,-0.58546236
2.0696756,1.9018596,0.63640302,0.038234463
1.7813279,1.0960995,0.22232969,-0.42060947
0.31506293,-0.011397032,0.98538803,-0.40475721
0.27028603,1.3455202,1.2312753,0.31320468
0.52677352,1.1514469,0.73800449,-0.049719613
1.0716302,-0.99049393,0.6767293,-0.44013384
0.29562757,0.53437193,0.87607657,-0.31717269
1.233689,0.92989196,0.43584573,0.048651408
0.76499627,0.79499573,1.3294805,0.56725603
0.78240018,0.34328453,-0.30151754,-1.8312248
0.074810472,1.0956155,1.381944,0.85121252
0.36205604,0.37018362,0.35273934,-1.7084082
1.727814,0.59202121,0.93247878,-1.4172852
-0.62758913,1.2052939,-0.07806315,-0.22867833
0.13342903,0.6595017,1.2864628,-0.24865648
1.0967877,1.9550297,0.94128606,-0.19300104
1.3326856,1.0534509,1.5783381,-1.0009482
-0.26169924,0.61775025,1.1140822,-0.38016333
-0.007969516,0.16069395,1.7212389,-0.99114176
-0.015574362,0.96802528,1.057959,0.22708215
0.28845168,1.3348513,1.4099605,0.89602972
1.1419963,1.0556581,0.68598994,-1.4077704
0.1286915,1.6570078,1.1173189,0.61078122
1.1777095,0.88662227,-0.24608402,-0.52444705
0.50655588,1.1765056,1.3781819,-0.21586965
0.90062029,0.083781558,-0.49289375,-0.013499143
0.53353786,1.4018276,-0.5821544,-0.65515246
1.8559508,-0.12593604,-0.19166361,-0.9770692
-1.1134029,-0.14590596,-0.0086083374,-0.21318495
0.41040118,0.29985912,1.5551049,-1.3158401
0.38740059,1.0020137,-0.30800297,0.12035283
0.85691453,-0.037853299,-0.92390336,-0.13628454
0.57606852,0.5612272,1.2926362,-1.5494084
1.6507155,0.49034197,1.8490844,1.1264739
2.1866421,0.14448168,1.3560566,0.7579586
0.4814513,0.92393741,1.0768446,1.3748186
0.50912748,1.0985065,0.72363017,1.52942
0.91017024,-0.58484838,0.30664922,0.49662657
0.6603201,-0.45736637,0.85948952,-0.97067634
0.34193109,-0.31889428,0.23579092,-1.1775332
-0.16424534,0.46054934,1.5306074,-0.94076854
-0.10342286,1.7518961,0.64840892,-0.9250041
0.58931965,-0.90992115,0.73450444,0.17462397
1.7800596,-0.9290587,0.60965766,1.2757852
0.30378494,0.2626094,0.18991378,-2.1029141
0.74414799,-0.68272149,0.59898644,-2.395695
1.0937625,1.5593285,0.49886118,0.50576859
0.069689831,1.7256173,-0.5440628,-0.81775124
-0.46420288,-0.78251377,1.5258048,0.11241172
-0.42520578,0.2952829,0.24815899,0.81533026
0.34761189,1.6530302,0.80148066,0.48895108
0.4729697,0.34820037,0.62904309,-0.004318629
1.3666136,0.28291504,0.55932186,-0.91249812
-0.55800346,1.0828072,0.848061,0.69925242
1.4659723,0.076281498,0.66134964,0.15926125
-0.5383356,0.4858412,0.87387601,0.071793333
0.33090102,-0.72669443,0.7378963,0.27758265
0.83091144,0.94272155,0.31771151,-0.93287364
2.6600472,-0.48049877,0.43531252,-2.2072564
1.4798296,0.66802017,-1.1224033,1.0534136
1.5953806,0.50604106,-0.22542924,1.3945902
0.81628789,0.37963082,2.1007204,0.28736003
1.5221197,0.61618054,3.0236699,-0.31429943
0.7706187,0.62922534,2.9507403,-2.7910315
1.3106071,0.80919356,0.4059567,0.48220875
-0.37268006,0.45368874,0.39598131,0.14300908
0.80167141,-1.3327449,0.74093728,0.13081179
1.4967916,-1.2975844,0.6144962,-0.19859762
-0.53277243,2.5903218,-0.32577503,-0.819013
1.4217118,-1.3548508,0.41875396,-0.86739802
1.1031045,-0.50266081,1.520611,-1.0169911
0.7301078,1.6317715,0.059237114,1.2307455
0.2652863,-1.5686709,-0.26947384,-0.57369521
0.56022758,2.2893662,0.53845096,-1.1673798
0.43445841,2.0085213,0.92218187,-0.34286396
0.33108591,0.041256325,0.090720321,-0.69734197
0.7112846,2.1364073,-0.62182768,1.1074928
0.80627735,0.30897762,-0.25384815,0.016131701
0.48501514,0.57287418,0.59627413,-0.99440157
0.79619072,-0.13378398,0.7274931,1.0697147
0.095777467,0.37502622,0.51937831,0.2639582
1.2058146,1.2599972,-0.16109477,0.50336335
1.2115994,1.4667058,-0.56165733,-1.4169037
0.76039152,1.6718386,1.4051472,-0.87311322
1.4717388,0.59835592,0.91170758,-0.21489787
1.5766762,-0.24967159,-1.2152767,-0.24586362
1.1572512,-0.61624999,1.0792491,0.42069599
0.25694376,0.68879375,0.28718445,-1.9989106
1.4810076,0.5402838,-0.080702165,-1.4327531
1.2416599,0.85855519,1.0878853,0.74221493
1.0970244,0.85061884,1.3500254,0.78412808
0.056443171,0.55884403,0.84696879,-1.1969446
-0.13385617,0.13865806,0.98712565,1.3149723
0.57826275,-0.026321503,0.084949164,0.84915912
0.089260134,0.90778086,0.017380269,0.19291553
0.078168344,0.64478943,0.64235182,-0.19408737
0.061772925,0.84442161,-0.32379964,-0.72847257
2.2404811,0.25150548,-1.2416752,-0.5093519
0.32694358,1.6066864,-0.80342621,-0.60685425
-0.24720152,1.2884659,0.9010138,-0.35956928
0.60244176,0.417421,0.40421564,1.2311582
0.38259795,0.69848196,-0.63405594,-1.9239185
2.1574132,0.50698406,-0.73131448,0.76540244
1.0525037,0.20408812,1.40294,-0.19825641
-0.51367344,-1.5265232,-0.064452047,-0.067045646
-0.3641176,-1.3113821,0.3841339,-0.1636856
2.6446478,1.6865184,2.4351883,-0.45019717
1.5963128,2.0512376,2.6665633,0.21959476
0.34827651,-0.73912977,2.1391594,0.071707757
0.93082304,0.49670474,2.1887504,-0.78175872
-1.1063105,0.68486382,1.4131157,-2.4040399
0.1691784,1.0506681,1.6576497,-1.7139482
-0.32148775,-0.25415951,1.7180634,-1.3255756
-0.75298594,0.32864129,1.5612502,0.46752788
1.1883188,0.42006268,2.4075339,-1.0310178
-0.15874727,-0.57054863,-0.1392284,-1.1686364
0.92460665,1.9526736,-0.66257352,-1.0600902
0.060073827,-0.43914459,1.6766165,0.28761544
0.37295012,0.64383939,2.0952816,-1.3475909
1.0110346,0.77804601,2.0928047,0.48789909
-1.7861322,0.55477078,1.7463915,-0.30987756
-1.4564501,0.65776215,-0.76299028,-0.29910734
0.63128633,-0.014420428,1.508468,-0.7659626
0.4792406,0.78575135,0.67296309,0.81146961
0.078525309,1.0379382,0.88280808,0.28670157
1.2929426,1.3126702,0.72212481,2.0760838
1.4568304,0.91996502,0.28373634,0.34306455
1.5081465,0.1620316,1.0154359,-0.3676332
1.4382072,0.43406441,0.89499924,-0.30902272
0.78609677,0.88163913,0.5947836,0.50596092
0.61661605,0.82380413,-0.043061222,1.0795678
0.75355961,1.8392496,0.70943776,-1.7980624
1.3672269,-0.37402622,1.5353368,-2.2790495
-0.26889446,0.728064,-0.71850047,-0.40429501
1.6049089,0.14399812,-0.37471724,-0.41143
0.89695333,-0.25934404,1.4130027,-0.63114025
0.89228906,0.3288477,2.3783242,-0.84669206
1.4898555,1.6846986,2.8051829,0.089494119
0.35949048,0.1760104,3.1030059,-0.48365754
2.3400394,-1.971303,-1.6089878,-1.8336624
0.44985093,-0.20530753,1.2922548,-3.0726204
1.031599,0.5266985,0.30643748,-0.22869704
0.28030325,-1.521671,0.25558602,0.14380597
0.17420722,1.9020476,-0.78336619,0.3312074
0.35694046,0.71702532,0.10055208,-0.38287882
1.671509,1.4870715,0.12909376,-0.2590331
1.2072579,-0.79630574,0.3101206,-0.36499571
0.44692649,0.88297234,-0.9920185,-0.87620147
1.1423755,1.8456196,-0.57415138,-0.82753923
-0.73938944,-0.29223939,1.6202994,-0.28653312
-0.34005673,0.28978137,1.9840156,-0.57981646
0.80523508,0.27663811,0.94646013,0.36701097
-0.97011794,0.91774813,0.88535961,1.4819024
-1.0110799,0.71045408,-0.24202318,-1.7966563
1.5191155,0.70242731,1.4565483,-2.0294001
-0.25433899,0.97222342,-0.10589848,-2.1017825
2.0108063,0.89023409,-0.073668957,-0.47759047
1.5333394,1.2386756,-1.358777,-0.86666917
0.69727095,-0.10231544,1.3705812,1.0282646
1.7475696,1.2393567,1.0021112,-1.248131
1.3841282,0.32340807,-0.32952425,0.43447075
1.3841282,0.28079632,1.1477579,-1.1756154
0.51115604,0.68712589,0.65058071,-0.71932127
0.8619492,0.038419804,2.7748519,0.38018257
0.73971408,0.84557554,-1.935331,-0.73310586
1.6558033,0.81518486,-1.7384431,-0.33639805
-0.35631551,1.5707466,-1.7083279,0.43421417
0.035914474,1.7788578,-0.32588832,-2.1002271
0.50242367,0.19979335,1.2658335,-1.238877
0.50176781,0.21242052,-0.220664,-0.23254662
0.39914299,0.34933167,0.78580827,-0.11128828
1.5557249,1.3103284,0.84023536,0.22397225
1.0792766,0.4682305,0.28839328,0.035665838
-0.41846593,-0.13637712,-1.0917108,0.023045572
-0.22270543,0.021997288,1.1552876,-0.80073352
1.0236728,1.5694073,-0.44428147,-0.37025087
0.97444484,1.8030318,0.60288547,-0.40804211
0.94063622,1.7268578,-1.209559,-0.65634931
1.1744915,1.1659333,1.1802891,1.0565761
1.4220148,0.061911966,0.34642777,-2.1550687
0.67716622,1.2415965,1.5167491,-1.0815642
0.34095516,0.41614012,-0.16432115,-0.79463747
0.51543929,0.41658577,1.885489,0.017855776
0.99087626,0.66633217,2.2956302,0.39969659
0.35918027,0.71647708,-0.5699747,-0.63032249
1.1818876,0.88145429,0.10376447,-0.9433622
0.78606555,1.0802846,-0.2928585,-0.38681444
-0.36567533,-0.3433799,-0.074535679,-0.57816649
1.5368443,2.421068,-0.42995115,-1.2210741
1.9313734,-1.3595073,0.46233207,-1.1641798
-0.86126929,-0.83888418,0.54750548,0.40445903
-0.0019977593,0.31436231,1.2699023,-1.0784663
1.1395989,0.92660086,1.2564229,-0.98708296
-0.94371986,0.351073,1.423624,1.0601898
-0.060020829,-1.2100807,0.81814589,-1.7742129
0.96123861,-2.0662167,-0.057786958,-0.44459417
0.8928038,-1.0652915,1.0879719,-0.12669926
1.1105607,-0.209224,1.2706372,-0.057566509
1.0941639,-1.6648067,0.13366731,-0.88625333
1.1260964,-0.40564096,0.39343531,1.2518934
0.28039022,0.45846544,0.24743978,0.55933675
0.21883107,1.1994274,0.12916625,0.246394
0.27629833,0.027670432,0.61573859,-0.25207664
0.94210472,1.0379634,2.2734088,-0.78892597
-0.030311065,-0.75265277,1.123396,0.33570042
1.5874917,1.0174771,0.87547809,-0.74208262
0.78996855,1.8328642,-0.24504462,0.58323722
-0.1122407,1.5965283,0.66079634,-1.0578814
1.2844282,0.96775329,0.063669646,0.51054741
1.1861341,0.61195411,1.5836232,0.33444937
1.1867232,-1.1127255,0.68729426,-0.78965572
0.29772217,-0.68312485,0.45609754,-0.20983987
-0.1815665,-0.31868357,0.75341826,-0.2708927
1.3134581,1.1079544,0.24910827,-0.21642744
1.0818276,0.31435925,0.35191084,-1.3015608
0.29129056,0.23308278,1.8931574,-0.37225081
1.3032806,0.23308278,1.1177464,-0.41359606
0.051184512,1.8632655,0.011116033,-0.95729221
1.4096805,1.6265087,0.076430093,-0.077818833
0.57865974,1.8150468,0.56883457,-0.61376774
2.3051569,1.7225525,1.2631329,0.038315909
1.0891,-0.19545889,0.28850354,0.1765826
0.79400572,1.2360603,-0.1913678,-0.71582042
0.18211215,0.3065943,0.38845956,-1.6629886
1.4813656,0.9357446,-0.55054096,0.17316563
-0.05171486,0.53769252,0.83921166,0.61045039
1.8253233,0.48504794,0.56366663,0.59028339
1.9049652,1.4740336,1.2335575,-0.15093288
0.71123318,1.9172723,0.55771019,0.091797511
1.5235083,0.92659475,1.8318808,-0.60501836
0.89466905,0.1197128,-0.82698493,-0.067983867
1.1938311,1.081918,0.85698108,-0.42785196
-0.26917962,-0.46952726,2.1493941,-0.26662212
1.5629576,0.84443472,0.41649677,0.49817418
-0.30669746,1.0532645,0.46416377,0.67998903
0.62746148,-0.58911939,1.2506465,0.23907411
0.7074639,0.026269712,0.32625867,0.90723943
1.4394183,-0.18612526,-0.30274115,-0.4969493
1.0877172,1.9206236,1.0812621,0.12139423
0.56514914,-1.0666022,-0.40715154,0.30559523
0.80993777,2.7470809,1.6373345,-0.80054116
0.84014781,1.608119,2.0718642,-0.21535282
-0.35229393,-0.8725049,1.6691248,-0.32312744
0.49729073,1.9728429,-0.71947413,-0.47746028
0.48752106,2.2827931,2.2899538,-1.6260851
-0.034683361,1.1889134,0.73641239,0.51403981
0.86070651,-0.75748682,1.090234,-1.1967459
0.3362208,-0.86415436,1.9731382,0.288861
-0.069534801,1.43977,0.5951068,-1.0585784
-0.50320832,-0.23844668,0.04825993,-0.017184788
-0.55332157,0.020808183,-0.31806079,-0.91306948
-1.3513009,0.81964221,1.4758161,-0.078606379
1.9683098,0.4488709,0.90819912,-0.26000056
1.8840054,1.4459582,0.40799974,0.68290905
1.4644546,-0.47403483,0.10499307,-1.236004
-0.45949035,0.64922662,-0.53894025,-0.27956973
0.21514824,0.33247305,-0.012199187,-0.9380348
1.3177806,1.1253222,-0.056938937,0.17643836
0.90837953,-1.1975342,1.6863708,-0.57384645
0.32204914,0.17274729,1.8743933,-0.43046922
0.35972609,1.2263954,-0.55026984,-0.86784931
-0.72204789,-0.3622134,1.7480998,0.44289613
1.1909568,1.1792926,1.4788758,0.035502437
-0.51628496,0.07421086,0.02004718,-0.097877731
0.61848882,1.1306204,-0.10481647,-0.32747777
0.87840814,0.2752809,-0.63847329,-0.25381843
1.8239477,1.6880566,-0.95324074,-0.35951743
1.519334,1.1198776,-0.19560774,-1.1305151
-0.071043833,0.10539445,-0.37302997,0.91135649
-0.71950914,0.74364291,0.91252638,-1.7798385
0.5302334,1.5600551,0.14089477,1.6226617
-0.14104305,-0.47703896,1.0815977,1.2940659
-0.46043517,-0.8616123,-0.16046787,1.9272532
1.1097929,-1.0939359,0.59115731,1.4581437
1.1164769,-0.65586526,-0.14506393,-1.27533
0.62050141,0.16096498,1.5390778,0.67096126
-0.71903509,1.9687228,0.69475554,1.1800629
1.9174696,2.2598343,0.92595665,-0.38236327
1.103126,-1.0385805,0.70978151,-0.88240544
0.045708095,2.417091,0.46379856,-3.2385106
1.516368,-1.2265685,-0.43683679,1.5794714
1.1325224,1.6833832,0.72500279,0.75984675
-0.51147973,2.1562037,0.76002807,-1.0138445
1.9682229,-0.92441163,1.0136365,-0.99554871
0.4214251,-0.65746887,-0.40515404,0.033161631
0.16264252,2.1432275,-0.14258795,-0.25443742
1.1762924,0.47249775,-0.42048446,0.13003145
0.51853126,2.3425541,-0.94730789,-0.13464758
0.74609012,0.36073008,1.504468,-0.89413606
1.199334,1.3766235,1.7294376,0.045595307
1.5903182,1.2797611,1.4351596,-0.81986119
1.5077542,-0.032775499,-0.059914069,-0.55234794
0.36844505,-0.34759233,-0.74638053,-0.85387024
0.92462631,-1.4854423,-0.77531263,-1.2377587
0.48157859,-0.54279607,2.1086141,-0.20538677
0.12833433,1.7879068,-0.60747649,-0.88023334
1.0708991,0.97073648,-0.44674972,-0.27023067
-0.48227353,1.0638362,-0.24367814,-1.4158207
1.2869014,0.86301763,-0.69384619,-0.93374851
-0.20251312,1.0575861,-0.56734418,1.5100335
1.0607731,-0.66160012,-0.83102882,-1.3036656
0.41796827,1.6070132,1.4153466,0.62920592
0.35157428,-0.10124218,-0.68433832,1.1527531
0.52961294,-1.6005347,1.034345,-1.8003385
0.49770015,0.30359827,0.22211906,0.31045703
-2.0916405,1.6947122,-0.12709574,-1.2015083
2.6932394,-1.0462339,1.4396408,-0.44058487
1.8642643,-0.52937254,1.2974771,-0.79086465
-0.32144417,-0.73586218,-0.031570196,0.27471636
-0.12093947,1.5824684,-0.7422265,-1.4394332
1.3913897,0.97308756,0.40233162,1.7982206
0.78667374,1.3824703,0.12953545,0.67447386
2.0465117,0.43155745,0.8141793,-0.40883922
0.20417673,1.4824814,0.72379631,0.58779234
0.98558567,0.42086007,0.70620065,-0.20490957
-0.054136084,0.88925416,0.62687352,0.2674027
-0.12147658,-1.2931563,-0.2604277,2.0090943
1.6687473,-0.49489831,0.31305596,-2.7586567
-0.36536368,1.5874413,-0.48682275,-2.8418365
0.73000865,2.0476563,0.9030686,-2.1261986
0.65559287,-1.6814728,1.2210169,-0.6623026
0.7509535,-0.52756463,1.0927455,-0.78376575
1.7891436,1.6936879,-0.32793317,0.89849099
1.7967953,2.0680566,0.53721379,-0.42590317
1.0481174,-0.8764946,0.14137128,0.48485746
0.063372264,0.90414996,0.3197051,-0.187962
1.1127112,1.7671444,-1.2733346,-0.34246444
0.20186174,-0.34850432,-0.47985266,0.038356768
0.073278109,0.26830723,0.23826977,-0.29266134
1.2524634,1.7290978,0.58598149,0.6054178
2.1425825,2.0478143,0.44565177,-0.45875002
1.8822664,1.2611555,0.05454049,-1.1404419
0.1065119,-0.26466066,-0.6783942,-0.46851374
0.43704265,1.1022406,1.9939706,-2.5099334
1.2631788,1.4810663,0.98419764,-0.27063777
-0.12783001,-0.62317653,1.828566,0.025708858
-0.078941449,-0.46849269,1.2339509,-0.45920449
1.3663458,1.3948136,1.6508405,-1.8177168
0.85381633,0.83824047,-0.72066307,0.87105636
0.60511098,1.1581408,2.4143007,-1.1246411
1.3813836,-0.88902243,-1.0935155,-0.77957964
1.9793535,0.051520469,-0.38626101,-0.2356183
0.97779133,1.592515,1.1486389,0.72111845
1.0202109,0.38943118,0.25604021,1.0048091
0.38785256,0.74826593,-0.43030903,0.14807896
2.4606898,1.1372262,0.59133536,0.4051216
2.1881219,0.67148169,0.75827152,0.080865075
-0.074145863,0.057760026,0.8179903,-0.35324868
-0.19337124,-0.076100812,-0.90405247,0.73773814
-0.009545144,0.24003404,0.010212903,1.5956604
0.40394745,0.7363691,0.043438567,0.32686228
1.0250954,1.0176266,1.2594581,-1.0879978
-0.26346295,1.6385389,1.8923039,-2.1610503
2.3579746,1.3383438,-0.38163698,-0.49622577
0.53660124,0.18266101,-0.21406614,0.053056898
1.168409,-0.19205154,0.6259352,-0.17948434
-0.34148885,1.648861,0.71406793,-0.92125264
1.7550207,1.5914435,1.6759604,0.024690381
0.39301956,-0.016746401,1.3696798,-1.775773
0.60731672,1.1038934,-0.1931648,0.501239
0.85429431,-0.42868858,1.1245283,-1.2803793
0.087926657,1.9462926,0.37731505,1.0155895
0.24117939,-1.0284502,0.9385117,0.73258656
1.1116462,-0.07189889,0.93680594,-0.42752451
2.3311171,0.63030355,0.59986496,1.0161042
-0.21544522,0.6589624,0.12509169,0.47669518
-0.041172596,1.019079,0.99717673,-0.64519086
0.95352694,0.59645179,-0.3974057,0.69690056
0.2592841,-0.57519129,0.33182142,1.1627352
0.043669404,0.23664197,0.43032258,0.13379123
-0.97698705,1.2592971,-1.8052213,-1.0181868
2.3895156,1.2888366,-1.7077428,-1.592157
1.8519102,0.22075189,-1.6818982,0.55926007
0.74164979,1.6780582,1.3199711,-0.65039828
0.69295692,1.7431952,1.0989027,-0.97826942
1.8535665,-0.69777166,0.13332077,0.64984089
0.97623981,1.1652967,1.4236309,-0.66479839
0.56369987,0.38049414,1.0299839,0.80076982
0.42541984,0.33388577,0.6313024,1.0875246
1.8218853,0.070026493,-0.10515475,-1.0825975
2.114387,0.52787419,0.44134441,-0.085190725
0.18987116,0.86972031,-0.70235492,0.27622828
0.12922786,0.77277617,-0.19933706,-1.7274118
-0.27900279,1.4203424,2.6114628,-1.6542802
1.1910276,-0.11234365,-0.097264651,-1.3982057
-0.16328785,0.68623169,0.99263544,1.0308213
-0.030283128,0.8984551,1.9130669,-2.0236758
0.60009425,0.48167797,2.0905485,-2.009808
0.5397743,1.774486,2.5715767,0.42535374
0.78671004,1.1605398,2.5315769,-1.2263078
0.017207107,1.2408312,2.1297552,0.76678442
1.1365783,1.7584392,0.026952487,-1.4610428
0.75663355,0.91009533,-1.6618597,0.10678457
0.011655735,1.8920797,2.0860516,-0.1975774
0.17995031,1.0859333,2.1658049,0.56727596
0.30719487,0.46239126,2.2553407,-0.0077487467
0.11367648,1.2851346,-1.1823116,0.20717064
1.1232477,0.1954771,1.7400472,1.2847279
-0.025340169,0.86543616,-0.49502656,0.68585387
1.3178284,-0.76086633,0.58280359,0.52081295
1.5831691,-0.28637054,0.46555324,0.25487595
1.3008368,0.72281971,-0.23214093,-0.40094408
0.49086592,0.83416554,-0.58101712,-0.080297367
0.19218668,1.5494293,-0.04092065,-0.54449243
-0.74973586,1.6156735,0.064031987,-1.3930322
-0.46091625,1.5040882,-0.85832572,0.60341034
0.059581639,1.4016366,-0.94169189,-1.4512859
-0.20938005,-0.030172065,-0.11818485,-1.2295719
0.80335609,0.58214867,0.46577533,-0.46850299
1.3368422,0.49731036,0.57968923,0.078457876
-0.64522393,0.65999447,0.80527771,-1.9814082
1.5122814,0.13501843,0.66003976,-1.8551089
0.36301927,0.20946757,0.16107399,-1.7115145
1.0166255,-1.0288598,0.86017599,1.1023834
2.0729978,0.57500374,2.33832,-1.3212846
1.3602448,0.31560034,2.0979951,0.52317959
1.0234829,1.5745686,0.83146287,1.1453913
0.26260156,0.46861911,-0.73865426,1.0464702
0.91532549,1.2682294,-0.05220159,0.68130064
-0.29975489,1.9371513,0.19544163,-1.5252471
0.12867538,-0.69777887,0.47396671,0.66756517
-0.12033467,-0.21362422,0.20447278,-0.89645372
-0.31633324,0.68193553,0.72941113,0.1472893
1.4332855,0.7104766,1.2703582,-0.3982
1.7108573,0.74692693,1.5010743,-0.28585605
0.42840385,0.67295797,1.3843214,0.15048963
0.093892322,0.63225469,1.9578623,-0.83460272
1.9761112,0.13505124,-0.8758358,0.09136153
1.4269681,0.15743638,-0.20217485,0.043872218
2.0955137,1.4698227,-1.577484,0.82292048
-0.18724424,1.0875886,2.119428,0.23349736
1.4191941,1.5567308,0.72258784,-0.56516519
1.7239653,2.5580819,-0.50967346,0.12867175
-1.2230913,1.1149932,1.2766993,-0.9772144
-0.78142032,-0.0098588882,0.42029477,0.59561979
2.4049185,0.98728272,0.86464788,1.1085039
2.2684578,0.24997537,0.91541324,1.5409807
0.8103558,0.87458747,1.3126226,0.8001543
1.7776529,0.34440686,0.039535246,0.47833555
0.40558677,0.23413574,0.045256553,-0.050441665
-0.079271615,-0.50817613,1.1727474,-1.2492796
0.97752251,1.6408183,0.74311557,1.601545
0.41326325,-1.1101503,1.3466468,-0.31340866
0.95976747,2.45213,0.5137147,-1.7904635
0.35959593,-0.94272325,0.88840356,-0.88692709
-0.047639928,2.5674508,-0.34208802,0.43427235
1.3445687,2.0460478,-0.28738178,-1.0042149
1.2302206,-0.83688372,1.4793565,-0.36953196
1.2495769,1.815781,-0.66077195,-0.7390126
0.1319305,1.6162307,-0.44973775,0.4503549
-0.28420376,1.4140924,0.097321583,0.25982934
1.4804205,1.0020676,0.2190147,-1.0265182
-0.22158777,1.6931772,0.30507853,-1.2197823
-0.33343585,0.75183632,0.94710242,-1.0900304
1.4043888,0.85680097,-0.071619903,-1.4236152
1.0723615,0.59446449,-0.30480466,0.53633233
-1.0491646,0.4490555,1.4003139,-1.4874351
1.6407712,1.9015574,0.88194022,0.6314383
0.71966861,0.71447976,0.017142958,-0.35052505
-0.65585718,0.76986398,0.8534712,0.11623567
0.89481057,-0.65995779,-0.34738249,-0.98919633
0.038952671,-0.82269311,-0.0029337756,0.17934185
0.40384884,2.6383938,1.1820948,0.73394076
0.23748304,2.2613172,0.028968429,-1.5568386
0.082159001,0.89886892,0.44465467,0.70504815
1.8384763,0.39359865,0.73838856,1.6560901
-0.50099522,1.2042844,0.70072268,0.47053274
-0.72104701,0.30755305,0.27307584,-0.39127579
1.5497851,1.3076177,1.1986281,0.49998084
1.8167261,-0.45294338,-0.0041792195,-1.1455131
1.7026328,1.3416273,0.12724192,0.48379329
-0.40059264,0.45508893,-0.24182731,-1.1963291
-0.33971314,0.77579812,-0.014659204,-0.27773174
-0.13085424,0.42304522,-0.32414763,-0.63866703
0.2179518,0.32946556,0.34301568,-2.0951374
-0.088140512,-0.10503252,-0.22978074,0.47946857
1.7691139,2.1663825,-0.5361576,-1.6291375
0.14576205,1.2708478,1.2689285,0.97441366
0.25436707,-0.47819884,1.594881,1.3992904
0.78941883,1.551964,2.6008994,-0.28278763
0.11843279,0.48379732,1.0236206,0.4029834
1.9882557,0.42595683,1.409991,-0.61238871
-1.5856018,2.0948903,1.9017387,-0.023315767
-1.0853119,-0.21526563,-1.0971027,-1.4174103
-1.2958442,1.6120527,0.72106796,-1.4203029
-0.83190588,2.2175037,0.65958562,0.62897114
1.8886733,0.8336379,0.40039748,-0.61547778
-0.76612175,0.87315238,0.050337586,-0.40021717
0.18767095,1.9004275,-0.28641941,0.12627228
0.82370551,0.73627869,-0.3277368,-0.92629964
0.46933869,0.69939914,-0.42822341,0.13592117
-0.65186814,0.091386459,0.7236187,-1.1678627
1.3168575,1.0626553,0.034607764,-2.1851639
0.54499909,0.42436346,0.71518206,0.99011608
-1.1028324,0.71664914,0.58530331,0.1448094
0.40479049,0.91701176,0.58029946,-0.98927049
-0.86042354,-0.037703274,-0.11282654,1.5269611
1.9189853,0.32412852,0.13691028,0.23772613
-0.54731262,1.0133574,1.4044891,-0.76937244
0.54800644,1.4689198,-0.45933962,-0.64623874
0.41997262,-0.21138105,0.025554285,-0.71885896
-0.79676223,1.5944097,0.32308833,-1.0205609
-0.5037918,0.56057577,1.2386502,-0.29522961
2.5689622,0.80781848,1.5149632,-1.9724386
1.4360127,0.41517748,-0.11813702,2.4165735
0.89650045,0.95316368,-0.30586471,-0.63531638
1.7896389,1.0356333,0.034438652,0.0094336669
1.0259604,-0.16352968,-0.5449486,0.64908469
0.12587294,-1.8124602,0.46205963,0.45747712
0.03801894,-1.5447136,1.121127,-1.0591973
-0.70141175,-0.78280706,-0.45571346,0.49348242
-0.74140632,0.65437377,2.4374708,-0.54070716
-0.43658313,0.82951364,2.4506568,-0.33617313
1.2109984,-1.9984164,1.3135834,-1.3461233
2.2254426,0.013896245,-0.18662458,-0.99039316
-0.87735454,1.2774443,1.361007,-1.2915456
-1.5558466,1.3453525,0.00082096589,0.53897353
-0.43052016,-0.0056588481,1.1578989,-0.37902182
-0.86999241,-0.58534591,1.2142568,-0.5809232
2.0478728,-0.4437554,-0.20103796,-1.1370522
2.3492972,-1.4041639,-0.21524127,0.030381134
-0.52052664,2.753189,-0.36499157,-0.9228657
1.7431311,2.6313149,0.0071696026,-1.62905
-1.0309679,0.16684202,-0.4407262,-1.5889082
0.71334737,1.7025302,-0.49013292,-0.9587479
0.37583471,-1.4974057,-0.95425876,-0.32365354
1.9519418,0.15324874,2.1604469,-0.69305071
-1.2014537,1.2028766,-1.3621633,0.5728117
0.23302086,1.3842444,1.659037,0.12233655
1.4938322,1.2086129,1.5488632,-1.4707972
1.1409573,1.6022725,0.26475961,0.56553793
0.20640392,2.1289317,-0.52255004,-1.9412353
1.0970608,0.1011372,0.35008014,-1.4040959
-0.76655132,1.5751848,0.079863291,1.0655113
-0.4119222,-0.18401997,0.56719138,-1.7278629
-0.75066798,1.7661403,0.023669924,-1.5112817
-0.41095734,-0.50736373,0.15467325,0.4621983
-1.2959709,-0.188531,1.1206032,-1.3576247
2.5442312,1.9302904,1.487975,-0.37050311
2.2739653,0.26820756,1.5590023,-0.97156811
-0.18388393,-0.00047975668,0.31950941,0.15883622
0.12871582,1.5236323,-0.45599214,-0.030633503
0.89598857,-0.33922666,-0.47988296,-0.78385781
0.6978385,-0.54123018,-0.31363804,-0.16842733
0.28910695,2.050509,0.093009485,-0.86023185
0.38736871,0.6354845,0.54247464,-0.917852
0.32317768,0.25836054,0.39002397,-0.65136024
-0.68913801,0.4957667,0.6294609,-1.4247736
-1.4144787,1.6008087,0.63692272,0.53091816
-0.85656947,0.39490435,0.6399704,0.21661542
2.1085734,1.4013973,0.88610996,-0.83890606
-0.3326594,-0.7440099,0.7944434,-0.89018889
-0.03607033,1.4823095,1.0802548,-0.81641531
1.2150852,1.4806429,-0.0120549,-0.23578513
0.72011952,0.32365783,0.17869516,0.01661227
1.2084583,1.9254666,1.5618061,0.42637143
0.44572701,1.1920703,1.4335394,0.8418943
-0.69634578,0.30975813,1.2597977,-1.9370488
1.6313851,0.84284736,0.84451172,-1.9207303
0.38047129,-0.31193126,0.62714381,-1.2976067
1.1280106,0.75740214,2.2403605,1.7704182
0.65029871,1.0404372,1.1266366,-2.3727935
0.93766297,0.22076795,0.49661869,-1.5769802
2.3369456,1.2732245,0.92196305,1.3647227
0.17125227,1.0339084,1.0461235,1.1099913
0.91729937,0.041315119,0.72893102,1.2796743
0.87701797,0.44435724,1.1649339,-2.087709
1.4976409,0.57980601,1.1366954,-0.54523572
0.2656912,1.566631,0.15343058,-0.30641177
1.0417285,0.47493601,0.12977709,0.30132072
-0.16170642,-0.27748794,1.6927929,-1.0232082
1.3438643,1.7023008,1.9859666,-1.1008133
-0.031677759,1.5660041,0.66678256,0.41638565
1.2406426,-0.26204814,0.18470162,1.4331646
-0.70233654,-0.70507877,0.90422395,1.7389786
0.98090665,1.7130254,0.32794718,1.0841349
0.15629385,1.2038201,1.1432341,-0.11541014
1.3524575,0.81810485,-0.34977723,-0.65665962
1.0943988,1.3005278,-0.42495841,0.21386927
0.30386814,0.28936195,0.60034485,-1.351203
-0.49501826,3.2242355,-0.39307264,0.73772559
-0.036448944,2.5283749,1.1669078,-1.1794744
0.86104149,-1.5958595,2.1596861,0.0010458452
0.22259315,-1.6991342,-1.1129601,-0.93642867
0.99890585,-0.37993974,-0.3424544,1.0221239
0.21172224,2.2116558,0.68904397,0.097016988
1.0805742,0.46250673,0.36939399,-0.69998295
0.7970932,1.5447359,-0.51424692,-0.35810394
1.6861211,1.3106281,1.1882401,-0.035205022
-0.96875507,1.396808,0.84915837,-0.076082139
2.0295141,0.42496758,-0.16108831,-0.07469433
-0.28240523,0.34118515,1.306954,-0.10321715
1.432221,1.1937522,1.3489052,-0.81256466
0.96096087,-0.31118395,-0.017900863,-1.2903743
0.21058146,-0.51823713,1.3276769,1.4875888
1.1571181,-0.55492343,1.8551492,-1.7960511
1.0029892,-0.73690798,1.3860012,-0.18673071
0.67634341,2.2591782,0.67088349,-1.9767442
1.1722483,2.0407263,0.34306199,1.2645736
0.24825533,-0.00012453421,1.2020464,0.63215664
1.186974,1.6764157,1.1883786,-0.32025572
0.23632254,0.90673192,0.62550768,-0.33285257
0.71855713,1.0928851,1.1439404,-0.44172354
1.7097201,0.3761752,-0.42767658,-1.3135063
0.67262601,1.7717945,0.45297057,-0.054156611
0.7111009,0.91678234,0.92229475,-0.58041953
-0.33731469,0.86533373,0.48218521,-0.60321151
0.212059,1.1881509,1.1813211,-0.41752804
0.73267998,0.68258633,0.35522333,-1.1809313
0.046773906,0.65589309,-0.44726088,0.30157624
-0.54039311,1.455037,1.3197918,0.10339458
1.0253438,-0.73150638,0.93856895,-1.2541872
-0.54409638,1.899114,0.08246815,-0.94386021
0.62263363,-0.77498056,-0.12910176,-2.132574
0.54855894,1.5549643,1.6582234,-0.24296595
0.25501278,1.8833893,-0.81098334,0.77885541
0.13345255,1.7488008,1.3574615,1.0545358
1.04756,2.1318735,1.9138635,0.76710141
0.99317687,-0.48677981,1.3975542,-2.5408307
1.7981388,1.4782928,0.21548402,0.74871085
-0.22037693,0.9375534,0.60955479,-0.56617422
0.84319251,1.3762233,1.3165951,0.33464381
0.049776805,2.5899314,0.14457762,-0.64265993
1.5524244,1.8946116,-0.38383189,1.69374
0.2171066,-0.37212966,-0.40492425,-0.050340612
-0.068967298,-0.85129832,0.40564065,-1.4934398
1.211292,-1.2946494,0.93695407,-2.2366595
0.15813626,-1.0481696,0.74501625,-0.98101206
0.45081807,-0.31388057,0.26642543,-1.98003
2.2114822,-0.16462009,0.2554086,1.6815993
1.0390433,0.017400814,1.123088,-0.071409764
1.4267486,1.2309028,1.384842,-0.039729293
1.3968371,-1.120805,-0.069810158,-0.46351652
1.8389441,-1.3165481,1.310528,-1.6912777
-0.29371429,2.0404299,1.5612498,0.42525343
1.0081438,2.3984887,1.4707649,-1.0329455
-0.28023964,3.1099232,-0.41007734,0.4244794
1.8073189,0.76533348,0.4341837,-0.9643724
-0.37523402,-0.62182872,-0.38922103,0.11412781
1.6024828,2.01574,-0.26856689,-1.8725411
0.79952633,1.057816,1.2737794,1.0076178
0.034663375,-0.24058514,-0.3586795,-0.89023044
1.3867713,-0.22380487,-0.88114298,-0.58767603
0.019278259,1.408567,0.70372296,-0.46343738
0.19876444,2.543711,1.3046283,-1.0201974
0.45585618,0.5192159,-1.662557,-1.2881151
0.28887298,0.48383908,-1.6957873,0.59941843
1.0383827,1.4513364,-1.4093581,-0.098219648
-0.39738153,1.3191474,2.3976898,-1.2270959
1.7066393,0.48073434,-1.0581652,-1.4264641
1.1608043,0.69033699,-0.34381857,-0.3175146
0.86640045,1.0574312,1.3894286,-0.01179988
2.4453662,0.36927617,1.5529172,-0.84584839
1.0167107,0.93395385,1.5272708,-0.2081042
0.10941325,-0.885437,0.65060597,-0.66126453
-0.35602806,-2.3083162,-0.62894648,-1.6483337
1.7067505,-0.26094658,1.8480665,2.4964082
0.9873536,0.27439199,-0.037093948,-2.1902438
0.61642785,0.36580321,1.107269,0.30310844
0.86287264,0.16623217,-0.50136224,-1.357414
0.82969119,0.69616703,0.98764072,-1.3853421
0.27228319,0.19018484,1.9520868,0.78902526
-0.11133423,0.90767207,0.87166491,-1.0741459
0.43786562,-0.04147858,0.80708027,0.17253649
0.64631292,-0.38912746,1.2285442,0.15159578
1.088349,1.6183839,0.3665269,-0.1753774
-0.18093058,0.85047431,1.3909855,-0.12355105
1.4478531,-1.0285558,1.5781522,-0.60604169
1.0608825,-1.4101686,-0.5230083,-0.12097704
3.2095142,2.6939976,0.98294305,-2.0282441
3.2994909,1.023094,0.27543617,-0.98740521
-0.9767805,-0.66093036,3.0170914,-0.55052124
1.5774529,-0.35914726,2.2518743,-0.37571538
0.30490527,0.25051798,-1.5677284,-0.44930009
2.0801417,2.0789194,2.5301305,-0.49239019
0.76682058,-1.2635286,-0.71732761,1.675651
1.0816479,0.55469714,1.5335567,-0.91593313
0.71229954,0.28820802,0.71289117,-1.0285909
0.97126715,0.23320125,0.90225004,-1.4229935
0.39919101,0.72598679,1.3344603,0.010895055
0.59803596,0.72598679,0.91332346,-1.811572
0.96178465,0.76302793,1.4535364,0.76908624
0.59975306,0.59962526,0.57995795,0.081101771
0.31117467,-0.1571467,0.3905874,-0.74116005
0.83257811,-0.32893418,0.024529133,0.76516706
1.0692739,1.7677165,1.2841985,-0.7046335
0.48711217,-0.022338328,-0.81743416,-1.6921493
1.9136589,-0.067021522,-0.95757807,-0.28857714
0.65117921,0.87066248,0.37201127,-0.76654273
0.87312466,1.0936552,0.37178368,0.064655035
0.38818838,0.69810679,1.3917436,0.180825
1.2728332,0.96234363,1.6624981,0.3041941
0.2890099,-0.027646577,1.3098578,-1.1702694
1.209791,-0.19922872,-0.4190915,-1.1713616
-0.41164367,1.9144321,1.2428775,-0.85011564
0.34381598,1.221308,0.76582078,-0.056107882
0.7752936,1.7869886,1.0058783,-1.4175573
0.61376902,-0.56237995,2.2481753,-1.2710042
0.23321378,-0.54400795,-0.84011185,-0.85891212
1.33491,2.7173671,-1.1134158,-1.1417515
0.92469419,-0.29762254,-1.8981433,0.83990523
1.0351633,1.3573591,0.81992543,0.69407523
0.66128522,0.66657265,0.12449923,-1.2730379
1.0004285,1.0614148,0.3749733,-0.89521501
0.20087571,0.19980439,0.41959745,-0.67316867
1.0875258,0.8257673,0.73473858,-0.77765399
0.49364478,-0.68761098,-0.91115826,0.024536484
-0.85688016,0.66925793,1.8479604,0.66193874
-0.5559613,0.14867063,1.8179319,0.66718596
1.7702969,0.96435215,-0.24836443,0.27838759
0.27922499,1.715397,1.01682,0.49651998
-0.8473652,-0.39107751,0.58391099,-2.2985052
0.66354368,1.4354771,1.0371987,1.0373481
0.39310076,-0.03415156,0.6989032,-0.75961809
0.79245409,0.2092052,1.7916669,0.29182884
0.21943804,-0.19174145,-0.4134778,-0.44417648
1.3457756,2.4905587,-0.17477399,-0.23086959
0.28974713,0.77764863,-0.046682831,-0.33773045
1.5860544,0.91554816,0.53309823,-1.2774896
0.4145272,0.74000748,1.6649664,-0.96802966
1.3753109,1.2609512,1.423312,-1.2317839
0.020825114,0.13586768,1.7810883,-0.075836509
2.2534164,0.35681572,0.77582158,-0.54289389
1.2805147,-0.11242135,0.93957052,-0.10983211
1.2970632,0.728087,1.4036257,-0.017721759
0.48878636,0.63649335,1.3697952,0.1769199
1.3084911,0.03176392,0.85873052,0.45319828
-0.0075593787,0.58621873,0.55885962,-0.020032103
1.1951881,0.68715936,1.0918226,-1.0162399
0.92644829,0.90859026,1.5653973,0.054327544
-0.0071682882,2.0598036,0.43648842,-1.0673042
0.2958552,2.1666684,0.86416657,0.87733005
0.019404786,-1.1140899,1.3520456,1.1847241
0.073552392,-0.36052091,-0.086414703,0.096692024
0.55186111,0.15797234,0.65782131,0.4806602
0.85769392,0.56351255,0.78400482,-0.90590117
-1.3762429,1.1891146,0.74738312,0.40489809
2.0696406,1.4946632,0.16685489,0.35692816
2.2256541,0.73074626,-0.22705234,-0.53522741
1.9176501,0.75776769,0.32342575,-0.93355342
-0.20750408,1.5559388,0.46939255,-1.101355
-0.0045856391,0.2186395,0.6448808,0.58418691
1.3440318,1.1879769,1.6991821,0.059420992
-0.25460837,1.95752,3.249161,-0.84880247
1.4618377,-1.0904154,1.1885601,-0.70430776
0.76143965,-1.9294028,0.5800911,-0.13606645
0.60465803,1.7546534,-2.1750587,-0.7078557
0.28160431,1.8305108,-0.88248769,-1.4731379
0.052695246,-0.092902311,-0.24923239,0.42437882
0.93258999,1.95488,-0.35912103,-0.62796125
1.0598744,1.5823319,-0.79340254,-2.3453467
1.2539666,-0.28298617,-0.92976684,1.8831639
-0.066630338,1.7038612,0.025984841,0.067300034
0.64348138,-0.14403393,0.31609094,-1.0408977
0.44448956,-0.14339983,0.24738491,0.62936376
0.34345715,-0.43641279,-1.2787368,-0.3600398
-1.0979062,0.0018834807,-0.82180722,-0.6936329
1.7797205,0.061378604,-1.0870191,-0.085560095
-0.82932281,0.34171684,1.8538165,-0.051084036
2.1962792,1.186338,1.8768821,0.69663458
1.8862335,1.5910774,-0.92685369,-0.21710642
1.6262075,1.3537049,-1.2015264,-0.51170569
0.60203796,0.008533395,1.1947222,0.3236571
0.44894671,-0.31320077,0.19718287,-0.34766771
1.4264632,1.5685071,0.3460291,0.20728149
1.4497334,0.29929728,0.88080779,-0.88678034
0.55743519,0.38729144,1.4661608,-0.14285575
0.50008696,0.13989388,1.3084625,-0.62570624
0.16954456,-0.55583654,0.93469933,-0.027648153
1.1403579,1.1083027,0.29923834,1.0014991
-0.054240869,0.40010216,0.46437419,-0.93949456
0.9196132,-0.072209039,0.80471617,-0.070130053
0.49387061,0.21755509,0.2831093,-1.3910378
1.2648161,0.33498136,0.04720275,0.44482601
-0.0070877258,-0.11508367,0.5547215,-2.1252946
0.3618173,-0.30190539,1.5134466,0.42309502
1.0955254,1.760264,0.91067818,-0.68895078
0.30764755,0.5969575,0.3597272,-0.083326684
0.50872834,-1.256306,0.7183442,-0.86187639
1.6873194,-0.22908628,1.4780968,0.99999156
-0.094878685,1.8023744,1.0867842,-1.600448
2.2634798,-0.075036277,-0.067116582,-0.1744407
-0.64593445,1.6888283,1.3502262,0.54998625
1.0633617,-0.94959794,-0.12296943,-0.38849276
2.2234554,-0.60610963,0.42028846,-0.86396805
2.0312264,0.26882225,-0.12905182,-0.6869718
1.595769,1.1000422,-0.19418821,-1.8896789
1.6921821,0.71975334,1.375184,1.016094
1.205518,0.29140086,-0.40130628,-2.0563963
1.3234503,0.69714662,0.60119781,-1.5856298
1.5579709,1.3874753,1.2540508,-1.5533318
-0.18018301,0.23481476,-0.39938862,-1.4476894
-0.83152924,1.4911499,0.64361041,1.2784166
2.8036975,1.5983075,-0.87564171,-2.7795019
1.6486008,0.81713497,-1.8649975,-0.082135255
-1.0761676,0.49524865,-2.5112893,-1.0686217
2.0978496,0.91808166,0.64335661,-0.67953305
2.1107991,1.9554084,0.80305899,0.38179139
1.1760849,0.077214964,-1.2576535,-0.0084258242
0.2363036,0.95703989,0.23216208,-1.0536132
0.92834666,0.13946538,-0.9489703,0.17830355
-0.020736435,0.99729321,-0.23427703,-1.1080659
0.30142636,0.74380194,-1.4937826,-1.2155725
0.70105553,0.96564171,0.9951323,0.65298129
-0.021630317,-0.093615734,0.39621755,-0.71258601
0.52345987,1.2024359,-0.053294665,-0.29176322
0.93180176,0.86802258,-1.2545334,-0.57891146
1.1608129,2.4577795,-0.72407973,-0.57373677
1.032793,-2.1250366,-0.52694798,-0.23666775
0.89781245,-0.2976154,0.40602312,-0.91367486
0.6799592,0.058248918,0.52533317,0.19755981
0.73479517,0.83112534,1.148687,-0.74937815
0.61816132,0.18772686,-0.42573646,-0.64720585
1.102122,1.3767215,1.4244791,-0.96511412
1.772035,-0.13359922,-0.38199594,-0.090371989
1.0101027,0.82435231,0.027314091,-2.0081528
0.33459444,0.55149209,-0.4132963,-0.030457397
0.60693527,2.4514587,0.47550956,0.1320094
0.44938732,1.392652,0.67802099,-1.3624818
1.5150681,1.5726154,0.13225828,-1.0165389
0.23565613,1.6137971,0.91527173,-0.27519643
1.094689,-1.2644972,0.55857306,0.35928659
0.97308348,-1.8612046,0.015035842,-0.21468778
0.9371461,1.8362855,-0.063028942,0.24024315
1.3051634,-0.26164284,1.324851,1.7177732
2.1162534,1.8176806,1.3407178,1.2781454
1.622736,-0.58527893,-0.53478434,-2.4980441
1.5024524,0.68283795,-0.018291374,-2.4110482
1.5794713,1.7317813,1.296171,-0.38140484
1.989753,1.0398482,0.67473999,1.5223088
-0.49036513,-0.091328691,0.11355637,-0.77303592
1.8495881,0.39541365,0.54374134,0.074649144
-0.40576651,1.8495255,-0.12050398,0.63355038
0.47103126,1.7649106,0.90027828,0.15805565
0.76562862,0.86556847,0.68035863,0.88442867
1.2246531,1.47055,1.0210056,-0.55372638
1.430609,0.44492353,1.2171208,0.1821039
1.4837268,1.3397474,2.0775498,-1.6010232
0.78240309,-0.40074873,0.85889361,1.4635074
1.1929462,1.1960677,0.024502888,-2.0031346
0.24517378,0.19635969,0.73058386,2.1332631
0.62966373,1.2116003,-0.38412417,1.1141519
0.38152176,0.12159529,0.78427785,-1.6293425
1.7959484,0.44936187,-0.2664863,1.7309084
-0.67426006,0.76056093,-0.59576464,-1.9217946
1.40129,0.30806047,-0.2686364,0.72097665
1.1963925,-0.53567246,1.5226636,-0.66998355
0.38385811,-1.4928651,0.17841733,-1.0110538
0.33602277,2.2110202,0.86870495,1.0856756
1.1368473,-0.25872302,0.33353641,-1.6534105
0.083916499,0.51891678,1.1258088,0.4539704
0.90267302,0.82890006,0.67208944,0.10937224
-0.30665247,1.2980362,0.70113554,-0.84019303
0.086580542,1.0306264,0.32195534,-0.73332726
0.15226738,2.9743169,0.75794498,-0.930854
0.07784202,-1.7679635,0.75683575,0.17285644
1.8308146,0.92598134,-0.14548183,-1.1138455
-0.85112422,0.15947079,1.4478874,0.70547835
-0.23881976,2.4917777,-0.25357531,-0.31891489
-0.30095703,2.5237092,0.99159355,0.68912756
-0.33523285,2.2593098,0.060947813,0.52105732
-0.19587526,1.3457116,-0.11658989,1.6317087
2.1149787,0.58559174,1.0615801,0.22578958
1.0142085,-0.20433613,-0.11420306,-0.95931885
1.8276151,0.68643531,0.315258,0.54409579
0.24997572,0.047394992,-0.22587192,-1.5769285
0.99591542,2.1295874,2.0483952,-2.3194832
0.9988835,0.21728846,-0.64225638,-2.4087498
0.62275496,0.81748386,-0.55422569,-1.5700251
-0.00039637731,0.68677072,-0.27324171,-0.51500793
1.9378302,0.91887605,-0.96779809,-1.0282648
0.29572948,0.7422684,-0.96938318,0.13488651
0.8479774,0.5712613,-0.17035288,-0.59653475
0.63814107,0.38968609,-0.98613619,-0.36833447
0.42395499,1.0394463,-0.69435454,-0.95256681
-0.54826764,-0.42373548,0.079453235,-0.16918113
1.665443,1.0187489,0.74961172,-0.64888185
1.5669815,0.23220848,2.0219981,0.25836027
0.84694777,-0.08054491,0.74146751,-1.1100839
0.5678481,1.1755637,-0.027680699,-1.1410803
0.79236756,-0.0938745,0.23009691,-0.23329527
1.7653139,0.81958413,0.19671204,-0.27044936
-0.40884455,-1.0710456,-0.14140339,0.65922811
1.6772376,-0.7402606,1.0856285,-1.1392575
-1.0314011,2.4682555,1.4838865,-0.31294096
1.4178251,2.9548113,1.9058924,-0.88846189
0.77172579,2.6031666,-0.91705058,-1.1928756
0.28462801,2.6473661,-0.033216686,-1.1233634
-0.12779814,0.92186886,0.90571048,-1.2929252
-0.40721267,0.62988508,0.35168054,0.71486103
0.0062937124,0.09683182,0.18549614,0.03111427
1.3821094,1.0770751,-0.33150454,-0.075127815
-0.023174506,0.53396397,-0.41535325,-0.52437054
1.3617667,1.5891124,1.9452384,0.075325643
2.2422415,0.28963669,-0.056981029,-1.7641277
2.025914,1.2438997,0.38433079,-0.50036336
0.28275808,0.52475187,1.0861366,0.5337237
1.5350893,0.30924807,0.64745384,0.038910574
0.9522141,-0.34688589,0.61876542,0.98381151
1.2197425,0.70250889,1.1405446,0.57001156
0.42742483,0.44596923,1.4259657,-0.57301265
0.7689086,0.99657604,0.10100074,-1.1143755
1.8081988,1.0091593,0.70176415,0.7555202
0.91386061,0.66748075,-0.74340009,-0.10182328
1.1222019,0.17098066,1.5215893,-0.69268737
0.74290903,-0.44374502,1.1795334,-0.058045957
1.1193418,1.6483685,0.58197396,0.22179418
1.6916633,-0.52890582,-0.63259983,1.5447578
0.67968743,-0.66211347,-0.67448206,0.98633866
1.3876493,-0.051046358,-0.40425443,0.98752264
1.1493322,-0.03450356,1.7485323,0.56508176
0.36400253,0.80726716,0.35487292,-1.1342359
-1.1163334,1.3409772,1.151746,-0.76569077
1.0444108,-1.416647,0.091301299,-0.96889308
1.1631624,-0.50763651,0.57675308,0.25694275
1.8539884,-0.74965312,1.4411994,0.48959771
1.8664869,-1.6809108,-0.094433913,-1.1961576
0.83143869,1.4827568,-1.3744477,0.56958618
2.5276743,2.0772061,-0.26825533,-0.81927531
-1.3063603,1.7033977,0.20420486,-0.954724
0.48017603,0.22000138,1.2828989,-0.2981161
0.25704463,0.49231553,-0.33423282,0.12202974
0.95636213,0.6229976,-0.26862937,0.17294364
1.6295893,0.82855368,-0.064093451,0.41243551
0.74199351,0.16514075,0.74650842,-0.15728312
0.73982167,-0.73099372,0.77606276,0.082757385
0.46828515,-0.81170028,1.4667315,-0.29797744
0.50306501,-1.1310207,-0.54262978,-1.0166203
1.1706798,0.93421178,-0.76882494,-0.40909464
0.064612001,1.0702556,-0.9224399,0.044879387
-0.37984001,0.43842341,2.2838246,-0.47336974
0.77231443,0.83752303,-0.39074051,-0.8451542
-1.1905059,0.50936932,-0.19498748,-0.13548556
2.8386495,0.29367978,0.79596253,1.9710206
2.4806469,-0.74507558,-1.6485717,0.08200901
2.2177545,1.7849696,0.83013893,-1.6797618
0.63030179,0.54074545,2.9129749,0.58176183
1.1384108,2.1312181,2.0121113,0.19516269
0.2591246,0.31796189,1.3714261,0.73258296
0.7220062,-0.69229396,0.11869806,-1.9532379
-0.9196756,1.9388844,0.018334054,-0.99857388
0.57416096,-1.3056133,0.75517904,-1.029846
0.17563723,-0.57921585,0.15677028,0.92609317
0.79209626,1.7144371,0.41517284,1.0954221
-0.040752061,1.2152587,0.33961091,-1.5753281
1.3519826,0.73089446,0.59227893,-0.91938725
0.62484629,0.022616934,-0.67761932,0.50294806
-0.53404594,1.4580858,1.116719,0.54507494
-0.58715995,0.64834544,0.95512559,0.49204796
1.1707379,0.52510426,1.0710699,-2.5807338
0.89533046,2.6744266,0.95329739,-2.4423722
0.33687185,-0.43220668,2.3949159,1.55736
0.73881745,-0.58470205,-0.77805642,-1.336238
0.69228357,2.1923241,0.44229075,-0.26562253
-0.69013442,4.1221613,1.0417036,-0.86135005
0.53537567,0.50996722,0.73088656,0.49409102
0.6414368,1.1979314,1.1428135,0.98908386
1.2834269,1.7643057,0.90930923,-0.78381892
0.96161585,1.7343933,0.81842498,-0.69558185
1.4374073,-1.3198865,1.3654573,0.79328773
2.1012334,0.12243986,0.37275759,-2.2682651
-0.91258164,1.1462292,0.041594461,0.5929433
1.7275036,1.4422514,0.91067628,1.2138634
1.8632871,0.77176437,-0.46294004,0.59163375
-0.16267157,0.93250377,1.2494242,-1.8758109
0.39320695,0.12168574,-0.08070215,-1.652289
2.0238728,-1.3476438,-1.4294224,-1.3741987
0.4819552,-0.48562165,0.89570571,-0.22020176
1.3811861,1.6940583,1.4762841,-1.3878637
-0.94694599,-1.2165608,0.58538584,0.50752705
-0.44819839,-1.6043933,0.2672833,-0.12817408
0.93740231,-0.81220128,1.1886539,-2.3989824
-0.071865535,0.70467284,1.5120546,-1.936625
0.70771249,1.0889981,-0.26695761,-0.4818739
-0.19721134,0.16777652,1.8542189,-0.92629508
1.0199629,1.341744,-0.58485312,-0.41358451
1.578082,1.3377743,-0.77246258,-0.67081665
1.8541348,1.6081586,1.9829836,-1.2099425
0.15581777,2.5568674,0.43114176,-0.90848943
-0.42455572,2.6303237,0.4599336,0.11308762
0.57892666,1.0848691,1.3525326,1.6013022
0.32952405,0.87060258,1.109813,1.2700062
0.9794101,2.54631,0.22547241,-0.90463014
2.2207114,2.4939046,0.64264486,-0.0081759473
-1.3609919,1.5949069,0.58471499,-1.9698458
-0.78254563,0.13281613,2.1558429,-1.8198759
-0.37597745,1.3656671,0.72018489,-0.20833766
-0.17792841,0.2554201,0.33368627,-1.1855511
1.4149236,0.71675538,0.71786516,1.1097422
0.028040789,1.0367025,0.75693496,1.8931348
0.46166355,0.3809559,-0.34426153,-0.61228557
-0.28650316,-0.026428282,0.73522046,-0.2543866
1.4419484,-0.33204868,0.70718447,-0.63590591
-0.10216008,1.2889009,0.062055362,0.15514605
3.1749903,-0.4890934,0.14579662,-0.76280826
-1.1712636,0.74466584,0.32436366,-2.3800313
0.11957875,0.76541317,-0.71448676,1.231572
0.86414986,0.62572485,0.76892652,1.0140328
0.24838388,1.5897999,0.53345981,0.048238027
0.5158786,1.5416937,0.74110261,0.96361392
0.31733349,0.15700574,-1.7147018,-1.8869052
0.94714698,-0.076934957,-1.251674,-1.332323
0.26592716,0.32963205,-0.68610704,-0.90101566
1.1071776,0.087358849,-1.1020522,-0.12602107
-0.13990736,1.1643979,1.4171651,-1.9940865
-0.1069119,0.32756997,0.70470703,-1.7029475
-0.074392592,1.5998539,0.61049255,1.1212745
0.86165703,0.11206649,0.58804389,-0.4876683
0.097090461,0.87497276,0.64714153,-0.83701204
0.4325612,1.847904,0.0048775137,0.75944127
0.821831,1.516662,1.3258651,0.56521661
-1.5090893,1.2624064,-0.20703998,0.24667247
-1.1492299,2.7113298,1.0919036,-0.80439314
0.54130508,2.0274077,0.38911723,0.07062984
-1.3153861,2.9153207,1.0323765,0.16870568
-0.37903535,0.74914184,1.0508094,0.90322713
0.97504676,0.13815,1.4985949,-0.82830753
1.6204602,-0.62210592,-0.50744885,0.039638174
2.5821575,1.991364,1.7122114,-0.28172082
1.5451668,0.20193206,0.45053012,-1.2971184
0.88737125,0.40027569,0.060406487,-1.6094888
1.5834149,0.49343493,0.1821737,0.068527679
1.7428926,1.2738646,0.42018101,-0.89542649
-0.48954586,-0.0090391791,0.25871666,0.55815355
-0.095248029,0.13673959,-0.022696389,-2.3651155
2.4730262,0.58284379,0.36637023,-1.9374659
0.98724914,0.85236731,-0.39727112,-1.6426174
0.24806532,1.4740136,-0.017471759,-0.78813054
-0.60189318,0.053779692,1.0995105,0.44013553
1.4811074,-0.38104874,0.93367841,-1.2167539
1.7487362,0.66447646,1.254351,0.43036415
0.49108877,0.94041602,0.15105187,0.35171583
0.24164536,1.2592486,1.4028837,-0.97495556
1.0554022,0.085734933,0.27742382,-1.2932964
1.2210153,0.084633922,-0.55620725,0.10481387
-0.065959617,0.25672024,1.7190511,0.56371745
0.92074296,-0.84718576,0.89271957,0.55460286
0.10204887,1.6095774,0.53914334,-1.4221342
0.98872323,-0.029508235,0.77091535,-0.17280219
0.22303589,0.85789036,0.26572485,-1.4923407
-0.30775907,-1.4659781,0.42933337,-1.441812
1.0691784,-1.4484742,1.0380955,-1.0037633
-0.77981172,-0.94536765,0.070784401,1.7702576
1.1839743,-1.2756599,-0.75077346,1.2926171
0.14037597,1.1884154,0.19319414,-1.6982264
0.77069684,0.37478334,0.90625462,-0.25043226
0.5055247,1.1750351,0.0064514484,-0.77867314
0.64985301,1.5790959,0.38449926,-1.0640961
0.79574537,0.062054336,-0.23501324,0.20809092
1.6223575,0.22179725,-0.23970786,-0.99432743
2.2115994,-0.67656607,1.2634208,-0.64519916
-0.66495971,-0.68506888,-0.19465462,-0.78001218
-0.40959805,0.75571603,1.0738658,0.17529704
-0.86920689,0.84150192,0.61677449,-0.88805102
0.46763735,0.65426793,0.63975722,0.77800757
0.70576098,0.60317985,1.8932543,1.0339111
-0.19883946,0.58398216,0.31233318,0.43935645
-1.4705215,1.3794689,0.71896626,-0.28143052
0.21767591,0.19187992,-0.92066747,-0.82065631
0.89022476,-0.21898244,1.7328341,0.7040278
0.93823303,1.5845071,-1.4147983,-1.1189481
0.78606682,1.3020945,-1.5444353,-1.8313696
1.1770601,1.2441569,0.86661783,-1.697761
0.74022619,-0.062221156,0.94722104,0.98795886
0.5314103,0.38837194,1.0061499,-0.33393333
0.64277289,2.5525149,0.53193791,-2.8529752
0.26698588,-1.1032287,0.20046721,2.6891817
1.0344069,1.6781634,-0.18651997,2.659398
0.48834287,0.29732807,0.54856042,0.81393058
0.23771933,2.7759727,-0.60333571,-1.7237936
0.75595571,0.94321185,0.5443544,-1.9702185
0.50271768,0.80740873,0.8873696,1.621953
0.28032699,1.2213834,0.41840462,1.8557608
0.39730668,-0.15675745,0.64080001,1.3640675
-0.023626753,-1.3552261,0.98045354,-2.1510808
1.571134,-0.12549474,-0.0055626429,-0.59334776
0.26613903,0.77674751,0.78662761,-0.58115675
3.980925,-0.92883191,0.48249936,-0.044298131
3.4959879,-0.75061712,1.0624563,0.46909234
2.7725604,-1.0167496,1.5324476,-0.45289907
-1.427414,0.69004093,1.8151732,-0.41361798
0.48061418,2.5160354,1.1759345,0.6645118
0.76505281,3.1175297,1.4086235,-1.0590909
-0.52725422,0.77392797,-0.69375594,-1.1937883
0.42802364,0.21453334,1.2717706,-0.1616588
-1.4830156,0.14715748,0.69777586,0.14630158
-1.346628,0.51805013,1.093793,-0.91081126
-0.86126551,0.0014961976,0.62542184,-0.92814682
-1.1550474,1.9619368,-0.80628637,-0.83703365
1.1813009,0.24259863,0.23063848,-0.48112552
1.3958113,-0.30383135,-0.26284152,-1.2023209
0.33921806,0.66683321,1.1588807,0.17840506
1.7573022,2.1412166,0.88923403,-1.0204713
0.46363378,-0.16312216,0.88923403,-1.0352029
0.47172099,1.8850642,0.23530635,0.19785745
0.65388172,-0.4382309,0.50936284,-0.98360095
0.83018569,1.7428912,1.182333,-1.1302933
-0.32980437,1.6785733,1.6363333,-0.3338446
-0.3584275,-1.0418441,-0.20022564,1.2637997
1.6531688,0.94014245,0.14700361,-0.25382641
1.3882011,0.68677594,0.22604578,-0.49737833
2.755673,0.91860588,-0.029680825,0.56696061
-0.5765503,1.0076529,1.3741587,-2.2706589
0.53964329,1.0784887,0.030174182,-0.65992785
1.1144568,0.80160957,0.61150446,-0.96705164
-0.063691636,0.41397238,-0.19045695,-1.4283784
0.76536611,0.84306276,0.1140319,0.86541498
1.8294579,0.64038221,1.3123015,-1.3988263
1.2868489,-0.50741124,1.6875608,-0.95421453
-0.11632845,-0.19204556,0.16613866,-0.0028893658
1.2368915,0.49810385,1.5901897,0.40501426
1.3651595,2.3416446,1.4979361,0.95889789
-0.24427959,-0.78011762,-0.30171652,0.8229326
0.99959725,-1.5452028,0.43548024,0.39699444
0.32314897,2.576144,-0.74822951,0.36919731
0.82403276,2.2019602,-0.39772072,-1.8280683
-0.080908431,1.0744817,-0.41144086,-1.7741726
-0.36369697,0.51695511,0.93095535,-0.85404936
-1.2776812,2.1407066,1.0473975,0.41424521
2.4752754,1.9420727,1.9468503,-0.59210778
-0.83739963,0.52210523,1.6965074,0.16814431
1.1786531,1.2321259,-0.044486013,0.015144616
0.0094499826,-0.17254794,1.2530363,0.54262505
0.79417835,-0.59466462,1.9357555,-1.8621129
0.79417835,2.0561759,0.36427324,-0.74309813
0.61966783,0.057599498,0.20063786,0.51350922
-0.86580384,1.3709448,0.84252259,-1.4922148
0.87986458,1.2637541,-0.49342722,-0.54743436
-0.27262701,2.0632659,0.3426519,-1.0028258
1.4307181,-1.7275037,-0.20080072,-0.96721505
0.63781145,0.77523835,1.4636045,0.10209316
1.1480474,0.0581554,1.8727591,-0.94687592
0.11062284,1.393006,1.0522711,-0.77136356
0.3801094,0.48293838,-0.41386747,-0.81457842
0.80715992,-0.36069132,1.6479239,-0.30040374
0.65413881,0.49371934,2.2199042,-0.44096863
-0.16959664,0.65697368,0.46651764,0.06492714
1.3675893,0.95677692,0.64753004,0.56775768
-1.3934115,0.3983001,0.21694239,-1.4559579
0.088452065,0.32483125,1.3991051,-0.94418139
0.34729188,-0.69424498,0.44516356,-0.89675718
0.76251645,-0.67310609,-0.21356526,-0.0054859651
0.59298841,1.6476171,-0.011278072,-1.4500553
0.84515619,0.95722707,-0.26697787,0.87665256
0.75748873,0.56762599,1.467807,-0.22739599
0.54883165,0.63785206,0.87612341,-0.11711219
3.2549293,0.5569254,1.0319592,0.25740111
2.5955768,-0.13583214,0.2531804,-0.96145776
2.9752813,-0.19684956,-1.8227903,1.494746
1.350389,-1.6141613,-1.3374297,0.81148177
-0.34591629,-1.4801239,1.4827407,0.87725829
-1.5868624,-0.30056551,0.13984548,0.67241196
-0.1967409,0.80683052,0.98078093,-0.71654512
2.137384,0.77820145,-0.13589309,-0.1185845
1.8194643,0.97730195,0.071732741,0.69218476
0.67603464,1.0466717,1.0455229,-0.46096783
0.94616537,0.86359648,1.5422007,0.4395991
0.34832211,0.59524202,1.1533663,-1.0960398
0.63065269,1.1766094,1.0911286,-1.3832855
1.8532785,1.0951651,0.84513486,-1.291252
-0.35530596,1.8585574,0.77807765,-1.9932957
1.4449871,1.5216177,0.19144887,-1.269858
1.1320525,0.0052146905,0.71205085,-1.597008
0.58634855,0.82576377,0.70957737,-0.011743838
1.221175,0.25087176,1.7700973,-1.1665776
2.1447768,1.1220646,0.19453011,-0.58995958
1.0416603,0.73286506,0.034644456,-0.1839859
0.86638451,0.33504687,-0.3351038,-0.051263284
0.34960648,1.378817,0.63562372,0.34733661
-0.14985698,1.0968842,0.49959347,0.29691778
1.5216151,-0.50199978,0.61497082,-0.15776259
-0.38226845,-0.25584943,-0.057177236,0.049040187
1.752595,0.86361906,0.48139399,-0.3740557
1.2766217,1.2096447,0.12778168,0.72422565
0.031286863,-1.121751,0.80366698,-0.17519318
1.4286744,-0.93207053,0.78152653,-1.460883
0.15851516,0.064816127,0.5673626,0.68478182
0.88649333,1.370478,1.0122302,-1.6375603
1.5538469,2.6081575,-0.41405268,-1.7797669
1.6962804,2.5584529,0.48178356,0.42744045
-0.94418607,-0.33702815,-0.38882132,-1.335234
-0.44019452,2.1652513,0.024971678,-1.2205689
0.80421733,0.43396634,0.31124247,-0.83104042
0.46197193,0.0024187006,0.52058316,-0.83104042
0.55518861,1.1389044,0.44645882,0.30074368
-1.2632889,0.97487432,0.078762142,-0.52398752
2.4038361,1.0081467,1.3288311,-1.2998169
2.6382426,0.097519302,0.70989922,0.47657945
-1.18624,0.50693464,0.88322218,-1.0235825
-0.69508287,0.27781843,0.54920668,1.0877992
-0.64961826,0.36377308,-0.29855819,-0.85324332
-0.034329473,0.92781987,1.2426253,-0.04547374
0.063362721,1.7214429,0.32146121,0.25114395
0.099157913,-0.39951257,0.59510874,-0.03044594
1.1787394,0.59135914,1.6351802,-0.38513844
1.3414319,0.12801723,0.76294959,-1.0680041
0.7650393,0.027496124,0.87204395,-1.2776791
1.2249923,1.6718827,-0.059058327,-1.1165201
1.4204316,1.4322464,1.0227712,-0.84448212
0.96121927,0.75332018,0.46704255,-1.392505
-1.7827414,0.45952922,-0.65685839,1.8573024
-1.5102663,-0.14078258,1.2606028,-2.5145671
-1.1543834,0.61229492,0.15189974,1.5485055
-0.092024565,0.74598057,0.49211827,1.8379505
-0.90786043,1.2443892,1.5382748,0.089762731
-0.87465069,0.97360174,1.7914264,1.3085959
1.5191486,0.69056074,1.4806788,1.2866361
-0.027691433,2.1878049,-0.60913094,-2.1851318
1.1051417,-0.62780073,1.5247065,-1.0007479
2.1160908,1.6494102,0.77213822,-0.070937917
2.6894151,1.0742037,1.7531014,-0.40276406
-1.5474035,0.26922121,1.3123625,-0.27427821
1.7604857,0.22759619,1.5241665,0.38222812
2.9021535,0.20067085,-0.21187295,0.11817023
-1.6167459,2.7605172,0.05323155,-0.51239151
2.7009293,-0.85610189,1.6994092,0.50963033
1.0227021,-0.13542296,1.513248,0.73573363
0.58912756,1.0409001,0.41722281,-0.39692674
1.1551968,0.89119176,-0.1145024,0.38903545
0.9936562,1.0597099,0.20487192,-0.63245123
0.26924147,1.0268318,-1.9039059,0.13371542
-1.480987,0.66552606,2.5725039,-0.22339377
-1.1415573,2.4814237,2.9455906,-1.2080023
2.529346,1.7189695,-0.70278155,-0.99273886
2.3293463,1.614152,1.933506,0.63742881
1.9787639,0.5900266,-0.29924409,1.9182967
2.0474948,0.75472578,0.093751459,-0.43191043
-0.6337839,0.99537095,-0.047895022,0.20013491
0.059187231,0.28706197,1.1688039,0.46587306
1.4971393,0.9298423,-0.24055485,-0.3215213
-0.77577581,0.38975041,0.43581631,-0.76253312
-0.62280295,0.12656767,1.3139427,-1.2705717
2.1237524,1.2342075,0.46901096,-0.013685245
-0.83115565,1.385186,1.4372679,0.088844798
0.9100908,0.44768372,2.9184157,-0.74711303
0.86834063,0.10040701,2.0671506,0.56594647
1.3589697,1.5095943,1.6914229,-0.11219658
1.1994734,1.0953973,1.9397126,0.13736059
0.92674317,0.19054044,0.89182904,0.20078809
0.6298712,0.45515906,0.83451348,0.044455114
-0.86506587,0.54672429,1.2751378,-0.32680299
1.3981979,0.15613629,0.14554328,-0.4555057
0.84990235,0.45124073,0.64134501,0.097263275
0.52766785,-0.66976802,0.9370848,-0.17476985
0.997421,-0.49085844,-0.32460668,-0.88391262
0.55916846,-0.58505019,1.0626952,-0.28723939
-0.1611361,-1.1103411,0.68019031,-0.88320743
1.3224789,2.3779511,0.7635272,-0.94219657
0.49219426,2.1312601,1.8988883,-0.82908927
1.5647401,0.75298646,1.634061,-1.714129
0.65593826,0.50337806,0.55038767,-2.696687
0.14352166,1.3176822,-0.015943436,2.1850765
0.17710165,1.1201007,0.0027196939,-0.39698929
0.91262626,1.4085161,1.0656285,-1.2627853
0.3057815,1.2948072,2.8385339,-1.5628891
3.1490943,0.94984674,-1.6922987,-0.021704533
0.28659744,0.29714345,-2.0625338,-0.4311936
-1.1162221,0.47705329,-0.48419774,-0.82993361
2.4441646,1.7255841,1.2251034,-1.3021278
2.089427,0.67984837,0.45367925,0.50659661
0.38084892,-1.3717006,1.6979963,2.1724401
1.0273483,0.99176009,-0.25601855,0.57469438
0.63134523,0.46601936,-0.25601855,1.2444464
-0.27760951,0.2363529,1.023697,-0.31609123
0.15929131,0.83021397,-0.18780503,0.29840102
0.80308197,0.87733159,0.15024589,-0.46280612
0.32842342,0.97452717,-0.039102722,-0.27085544
0.37988393,0.17687455,0.52368622,-0.44120681
-0.2761602,1.175006,0.82370518,-0.3980361
1.1579061,1.2229643,1.8070091,-0.058895136
0.12069966,1.4185383,0.91818907,0.78551485
-0.65403899,1.3074266,1.7112122,-0.32944519
0.36753118,2.4295451,-0.54624962,-0.32126603
0.34506938,2.4018753,-0.1929581,-0.71318263
1.3441614,-0.36731215,1.4356292,0.62474056
1.1562074,0.27375341,0.70593458,-0.58664337
1.464279,1.6374628,0.75711381,-0.50487372
-0.67513503,0.11858011,-0.49539353,-0.7202708
0.21112273,1.7163607,1.1202985,0.082896816
0.019307288,1.8802621,0.65576411,-1.4410091
0.97350449,-0.80406177,0.25108085,-1.148892
-0.64049378,-0.17832404,-0.82750408,-1.6287732
-0.67301657,-0.16927583,0.33552053,-0.65562911
-0.55975553,0.82095932,-0.21847256,-2.0396639
-1.1614574,0.93577511,1.3690569,-0.66884127
2.262067,0.13833262,2.3919161,0.23444506
2.6887582,-0.15206472,2.4251483,-0.70834046
-0.96837904,0.10284341,-0.24220935,-1.1521884
0.0072576208,1.618819,0.25682656,-0.25839954
1.7063299,-1.0238246,1.5733372,0.12919044
1.8751365,-2.2010072,-0.52445161,0.12782097
0.13152545,1.0911054,-0.66050799,-0.95107085
0.21573316,0.027564625,-0.11558638,0.25028793
-0.021049652,-1.1178118,1.1805644,-0.51727577
1.1441606,0.32302989,0.28389481,-0.72692623
0.60694438,-0.08458979,0.61432268,0.48695786
1.0641256,1.3285817,0.23484899,0.57215448
1.4904024,0.026925837,3.7498695,1.8200291
0.9546239,-0.0056264153,0.83916312,-1.2597834
0.31874349,1.4096918,0.031963564,0.29241958
1.4007671,-0.33249802,0.72748402,-0.60562859
1.3314324,-0.067233986,0.88013284,-0.29948684
0.33883018,-0.2393328,0.23416175,0.0085136757
-0.091765236,0.8963355,0.91513144,0.27394244
1.0648593,0.4288891,-0.0099213996,0.27394244
0.55424744,1.4618714,0.95524694,0.77335294
-0.6147973,1.4575378,0.19827252,-1.3499062
1.2655716,1.0007314,0.30655975,-0.66187984
0.55776184,0.35788475,0.73295209,0.30969222
2.0180714,1.1956624,0.72915949,0.3637941
-0.30089606,0.52901222,1.0453181,-0.90581854
1.0769864,0.9456472,0.12040677,-0.94254859
0.08679144,0.63883897,1.1470915,-0.44223389
-0.7156773,-0.090775234,-0.29722584,-0.4634349
-0.053979199,-0.31901678,-0.1738844,-0.38674126
0.68191921,-0.39390289,-0.70780769,-0.49545903
0.60493911,-0.20337609,1.5456016,-0.64760852
0.55380011,1.1685315,1.5107116,0.45498524
-0.35681804,0.10089545,1.6593613,-1.6639651
2.2947957,1.4921097,-1.9915419,0.66765429
1.1122443,0.89773242,2.4173306,0.6070462
0.7968324,0.67846939,-0.1777023,-1.1080952
1.0098778,0.92052434,-0.1542417,-1.2301614
0.66136701,0.21355646,0.57711304,-1.1747027
0.52408629,3.6225207,-0.58187309,0.073707191
-0.2641301,1.5039198,0.18066592,-0.23956456
0.22063191,1.342994,0.69411227,-1.7426147
1.5768278,0.71787763,0.55707693,-0.51444503
1.9592941,-0.21643272,0.34313736,-0.74239301
2.1830889,0.86405747,0.53353678,-0.52934314
1.8189902,0.37514239,0.48617939,-0.50162834
0.95194927,0.74282325,0.050562777,-0.50102733
0.39763361,0.63869827,1.9319969,-0.40013665
1.0900994,1.9923112,-0.17262467,-0.53806248
0.19604296,-0.7745412,1.5808086,-0.034596246
1.3541949,0.63015375,1.4997188,-2.3821767
-0.26945778,0.5740407,1.2951586,0.63935637
-0.031099838,-0.2134702,-0.45602985,2.0098718
1.7507509,-0.31980766,-1.0951623,2.1048644
-0.042185937,0.88644751,0.54212641,0.49517296
1.2450881,0.86133545,-0.74071069,0.55704357
0.84549053,-0.56425864,2.5002314,-0.35138632
1.0318877,0.44956996,2.0099324,-0.2153925
0.40120427,0.72229427,1.2454028,-0.4449546
0.47878223,0.49877299,0.083316207,-0.35960214
0.81048599,-1.7387044,1.5339571,0.63444096
0.55356528,3.2100508,0.32808939,1.1276322
0.82870583,-1.3281436,-0.8031898,-2.3233028
0.464102,2.331866,1.7142991,-0.13223011
1.0890695,1.8267845,0.36625936,0.13963975
1.4240699,1.3604759,1.1489407,-1.1351993
0.93673201,1.1293404,2.0004418,-0.53315811
-0.19574643,0.83120622,1.3207124,-0.24767705
0.23963069,1.0703817,-0.31619848,-0.88781669
1.1283278,1.6576758,0.32764797,-0.80663571
0.97741784,-0.74049621,1.1030123,0.34872282
0.86648905,0.12249202,-0.073118417,0.2205089
0.20195631,-0.70282196,-0.16833037,0.19759614
-0.13863098,-1.3113595,1.7603602,0.41383014
-1.3204835,-0.9290532,1.9570118,-0.87580369
0.12942104,0.040327511,1.5465071,0.64480778
-0.39886881,-0.74165614,-0.38026588,-0.78719041
1.722946,-0.66573953,1.2394419,-0.52722944
1.2212834,0.81263035,-0.71087554,-0.84780384
1.0168141,1.3521962,0.48424838,-0.69445252
2.0491337,1.1539433,-0.054031965,-1.7628808
0.43945719,0.64598133,0.78517093,-0.3740264
-0.34223879,0.63641901,0.87433762,-0.4538851
-0.48831602,0.26219484,1.9427063,0.67657299
0.82892182,0.060271625,2.0158178,-1.5783936
-0.39201786,1.0473539,0.2932873,0.37548393
0.41624077,-0.44622384,-0.017755144,-0.94679718
-0.047217458,-0.20056196,1.5187279,1.291368
0.59379416,1.253649,0.81658237,-2.1789395
0.5646345,1.613722,0.54257402,-2.244637
1.7169281,1.9091596,0.017620548,1.4752882
0.4339257,1.3936845,0.6130164,1.4370334
0.39132811,-0.40619414,-0.63582893,0.03759986
-0.50291472,1.6805739,1.6440852,0.53427369
1.3142325,0.50107958,-0.46855049,-0.96235495
1.3596719,0.58118711,0.83532522,-0.9316176
-0.10237662,0.36882237,0.67659134,-0.80395497
0.65861089,1.1790763,-0.10217807,0.72370862
0.60340624,0.91615203,-0.54752635,-1.3032155
0.69702636,0.85514521,0.11541403,1.1150235
0.5085259,0.97380541,0.078453808,0.49995437
0.37760836,-0.51635042,0.92361106,-0.89091311
1.6745917,1.5538248,1.337516,-0.039564351
-0.33784657,0.49169855,0.020026026,0.42408276
0.4136634,0.83198117,0.66338692,-0.54805754
0.88209694,0.53827407,1.6562427,1.9695288
0.58552836,1.410533,-0.55207225,0.027118747
1.5510091,1.376233,-0.46815054,-0.93653693
1.547589,-0.40847758,1.2054349,-0.33998409
1.5571928,1.8882001,0.11122599,-0.32475468
-0.2698321,0.83075717,0.33702581,0.10346603
1.501782,0.36738045,-0.34896679,-0.21049674
-0.53293216,1.646961,0.21679621,-0.0057764113
1.456152,-0.8435965,0.16728484,-0.90762091
0.27070107,-0.18770606,-0.090147304,0.2238466
0.16765386,1.1134879,0.083820982,-0.13107034
0.14939048,0.95421247,0.24362329,-0.156829
1.8274248,0.85331707,0.86917282,0.86699625
-0.7099624,0.62927081,0.53360727,-1.7796718
1.4122974,1.701516,0.88258879,-2.6417913
-0.20023021,-0.1680109,0.52880845,-1.8152984
0.19405911,2.2126337,-0.82873015,0.80022288
0.30706795,-0.75267732,0.41116971,-1.3826797
0.80914197,0.93056036,0.74930787,0.41105196
-0.51368652,0.54083573,0.22762281,-0.047008572
1.0575233,0.90213195,1.043373,-0.61552431
1.0035741,0.94138078,1.1090658,-0.29490033
-0.091528156,0.46809128,1.2177287,-0.29490033
1.4692032,0.69506638,1.2008643,-0.31752843
0.26687038,1.0311999,1.1887622,-1.3675912
0.17324457,0.97145874,0.93273661,-0.97388077
1.0146564,1.1822998,0.88617322,-1.405162
0.76487584,0.26447028,0.45404503,0.062618298
0.65901025,-0.18516216,1.8577068,1.8406514
0.43822307,0.21977133,-0.51023726,2.5120662
-0.085446089,0.69197452,1.70044,0.93919739
1.94228,1.6243095,1.1165439,0.19184948
-1.6802328,1.5497147,1.9003933,-0.036226852
1.8790694,1.720383,2.3416491,-0.15555739
-0.70800423,0.47388637,0.97457676,0.49925252
-0.54716157,1.0637144,0.53444827,-0.66698183
-0.75035056,0.72970328,0.77392586,-0.093602687
2.7896878,-0.12102612,0.42411289,-0.58016391
-1.4818921,0.32462158,0.65563184,-0.34434475
-1.1576436,-0.61302019,-0.056163722,0.012744641
0.69498764,-1.2206893,0.41098073,-0.086873868
1.4832749,-0.55713939,0.89532319,-0.52025023
-0.36272717,0.97326098,0.82026379,-0.18566185
0.94483592,-0.32599773,-0.22901997,1.3546178
0.15756226,0.17584556,1.1324582,-2.4784488
0.75004536,0.89394562,-0.16034212,-0.66744391
0.51414252,0.41987218,1.4586983,-0.43574222
0.63219518,0.89574598,0.12444596,-0.39449826
1.6055721,1.4121091,0.69535543,-0.74259049
-0.16235437,0.35447668,0.47252269,-0.47789625
-0.3323992,-0.42309876,0.26159141,-2.6436002
-0.012808712,0.42187672,0.2616803,-1.2654279
-0.030570617,-0.85398709,0.54867422,-0.0848511
1.3064514,0.21193431,-0.19113491,-0.40388094
-0.037136996,-0.22656497,-0.28343726,-0.91257279
1.9831963,-0.97245123,0.33249674,-0.28401482
1.9332222,2.2455763,1.6234781,-0.45129514
1.2688407,0.19679969,-0.12052322,-0.76845186
0.15335915,0.018818054,1.3043765,-0.12702263
-0.012982327,1.0859601,0.50132325,-0.58640384
1.8035637,0.68327824,0.67985066,-0.29382775
1.9551469,0.32479729,-0.22093106,-0.063109343
0.99593957,0.42240472,1.8165517,-0.36362853
1.0929109,0.70991837,-1.4571107,-0.72454131
0.66051665,-0.51301559,-1.1867534,-0.21552155
-0.1070398,0.59535841,1.8184049,-0.74264577
1.0024061,0.32891955,0.41169119,-0.94531541
0.53119777,0.36032408,-0.36343703,0.20755156
0.090300339,0.46008739,1.5390645,-1.0651424
0.17373232,0.17617681,0.57010462,0.42880281
0.46291816,0.69655795,0.48832299,0.23153685
-1.011607,1.3143465,-0.52999107,-1.1824693
-0.36235761,1.2169239,-0.12235304,-2.1579967
-0.68456844,0.8920537,0.40836004,0.72739824
-0.89697782,-0.18307653,2.250295,0.031535883
-1.9190662,0.13448317,-1.20929,-0.33121079
-2.1295333,0.66455364,2.0070651,-0.87013054
2.3095389,0.55500613,0.36301076,-0.45344508
1.7362291,0.37963846,0.51882391,-1.0380096
0.7794811,0.26518421,-0.58717156,-0.28352688
0.75086736,0.26538655,1.1621447,-0.64048601
0.25870188,1.3167645,0.94458997,-0.8904529
0.55868679,0.58501011,-0.56237511,-0.49991036
0.68653381,2.4847206,1.2965669,-0.063309972
0.71033768,-0.26522667,0.39714303,-1.7103091
1.322019,1.5795235,0.28292603,1.0874678
0.021677653,0.099147979,1.2133229,-1.6341844
0.37179402,0.57227505,1.541315,-0.84267391
0.89530143,1.8160767,-0.5667351,0.09095712
-0.30873742,0.95165154,-0.37555307,0.40290485
1.7935624,0.016517751,1.1633585,0.4507951
-0.5165991,1.6581067,1.6150646,0.24181531
0.73501249,-0.21733257,1.3309786,0.37857548
1.5497297,0.88073401,-0.91804344,-0.76088528
0.64681092,1.6574334,2.7364592,-1.4424347
0.68222847,-0.30630943,2.4988077,0.04510534
0.85488637,-0.10931445,-1.5191322,0.96349736
1.2320054,1.8491637,0.88758484,0.85959153
1.2547509,-0.4947327,-0.041986412,-0.89847254
0.30112749,0.81770201,0.75539284,-0.38985241
1.5565513,0.90382576,-0.091871394,-1.2577384
-0.8598499,0.44839565,0.62861698,0.043467464
0.57097694,0.96729835,0.53678261,-0.85290474
1.8201845,-0.74028153,1.4000991,0.55358798
1.3049806,1.0260353,0.98495006,-0.73426892
-0.01752821,0.45695132,2.9429392,-1.0316774
1.552695,1.0805277,3.9187399,-0.89945193
1.4282012,0.64717907,0.4236735,-0.67613911
0.90362107,0.71583576,0.65099135,-1.0682874
0.93951367,0.67555873,0.73034687,0.95240748
0.33980729,0.72703173,-0.14919434,-1.7964766
0.31933161,3.5314015,1.5061228,-0.072216625
-0.21080166,3.2512752,-0.67429727,-0.41483885
0.29664133,1.137424,-0.35281844,-0.4561721
1.5000457,0.76407411,-0.88130933,-1.1749845
1.7909341,0.29384124,-2.0865727,-0.14111553
-1.5562209,0.19695583,-0.83989594,0.95715133
-1.0043947,1.1554158,1.5188081,0.54810071
-1.1790446,0.77594287,-0.30045254,0.094945754
2.3153941,0.57604373,1.4661894,-0.86041166
1.5869407,-0.03755635,0.47658769,-0.79432367
-1.0890955,1.4380777,0.51423232,-1.1421006
-0.37591994,0.2011271,0.53196961,-0.29372361
1.8452422,0.2011271,-0.51745913,-0.44247954
0.7207519,0.19799774,1.1969699,-0.58425602
0.68931386,0.53176978,0.38184849,-0.51597281
-0.74915125,-0.17411871,-0.078090867,-0.37202161
0.46842709,-1.6387173,-0.03125878,-0.3538432
0.11757168,2.5850866,0.31677464,0.4180424
1.0735859,2.4542022,0.017821534,0.2068226
1.4500103,-0.77590995,-1.4794761,0.43601186
0.22663843,-0.54210101,2.601802,-0.32576764
1.0561222,1.5502767,2.1661857,0.52703016
0.39405437,1.34157,-0.40805379,-2.2928793
1.9974413,0.35149464,1.7112106,-1.3759993
0.08359586,0.93293761,1.8091184,0.60108119
-0.0090811755,0.33063187,-0.91887561,1.899641
0.56224286,0.85935876,-0.56008099,1.086081
-0.7264335,0.82516284,0.80222051,-1.8025157
0.31680092,1.4964653,0.91561665,-0.30278681
0.5360817,-0.15319693,0.38077054,-0.10867127
0.21681893,1.5146953,-1.3264045,0.22868723
1.0908656,1.9004292,-1.4654381,-0.11613415
0.32438281,-0.11075246,1.6553116,-0.46620991
-0.042502053,0.72136728,-0.48131216,-1.241461
-0.84836803,1.0599697,1.4339264,0.33883622
-1.7275158,0.49713328,-1.4430119,1.4672907
0.69607461,0.63970361,0.98211,-0.96484742
1.5148161,0.4454738,0.30068199,-0.32183652
1.7560187,-0.51405178,0.36737142,-0.41962706
0.18334992,0.89269837,0.42263796,-0.21452627
-0.28767478,0.42111832,0.14203526,-0.032851462
1.4012734,0.95178499,1.6254035,-0.97271369
1.9959666,0.47445174,1.3368093,0.18967072
0.98788644,1.7247154,2.1779727,0.15866345
0.36300969,1.811084,-0.45492539,0.10433327
1.4838876,-0.49997264,1.701396,-0.055447132
1.102272,-0.23411335,3.0519058,0.52851665
-0.60296763,1.4263457,2.2526795,-0.84143289
0.43371064,0.10268283,2.4520642,0.87752034
1.1513655,1.2826884,0.90117073,-1.9631472
-0.01864445,0.14866554,0.21124721,-1.7206459
0.69616326,-0.23084175,0.16466371,-0.80313461
0.99935188,1.513658,1.5390463,-0.11175106
-0.86503255,-0.33012783,1.2166175,-1.2694867
-0.24107572,0.39678469,1.2572911,-1.2719141
0.36612335,0.52594228,1.2885478,1.8329354
-0.4384773,0.53013765,1.2021514,0.76451274
1.3350592,-0.16503821,0.47243516,0.59246156
0.61116604,1.4605702,0.88960281,-1.8537218
0.6830599,0.90767404,0.70984363,1.0697482
0.24642371,0.25362132,1.0249252,-0.12724889
0.13476056,0.62500187,0.63586806,0.40590382
0.69248467,1.1583979,-0.034050837,-0.85699997
1.7294095,1.6498045,-0.44460492,1.0214122
1.0049719,-0.2170844,1.5517246,-2.3996199
0.80971978,-0.27368765,1.7929897,0.49949833
-0.0035708119,1.6286594,0.99880162,-1.4511062
1.2616636,-0.1358782,0.41551497,0.27008385
1.1673369,1.1889013,-0.11751199,0.065706162
0.051230977,-0.45533789,-0.20194858,0.41361957
0.97844426,0.93809943,1.9604376,-1.2088404
0.30410982,-0.93483247,-0.16825855,-0.75088788
0.91683655,1.6939656,0.94552069,-1.9072181
-0.15503316,2.1768374,0.15316506,1.4060533
1.2643881,2.8579209,-0.26575846,-1.010926
1.8120119,-1.4282792,0.77760247,-0.92793057
1.2125832,2.2595982,-0.68036607,-0.25924885
1.5386797,0.1738053,-0.43307548,-0.86268457
0.12902798,0.12051958,-0.047080287,-0.73983719
1.528243,0.43191029,-0.25079431,-0.22151177
0.31570734,1.6111772,0.4224477,0.41783006
0.023531651,1.6987046,1.5108935,-0.042593194
-0.19347216,-0.36057264,0.40335613,-0.52833096
1.3239545,0.24406601,0.057636971,-0.61525114
2.3450454,1.4141958,0.0886631,-0.35787841
-0.3923857,0.30284585,-0.13429012,-1.3647244
0.44111957,-0.88167316,1.2199308,0.38856947
0.056959849,-0.62058031,0.31396689,1.8055683
1.008264,-0.29979283,1.6907709,1.7252061
-0.048134036,1.5570489,1.2153025,-1.2481524
1.3029289,-1.076065,0.53738906,0.20007372
0.66934534,-1.2687135,-0.42950298,0.25970892
0.76594332,2.4784842,-2.0689717,-1.8116747
0.36093395,0.36963848,-1.5503201,-1.2471508
0.90423496,0.87171997,0.40692257,-1.5456917
0.72992347,0.50305697,1.4372742,-0.41873823
-0.082479013,0.65368669,1.6919917,0.44586721
1.9318584,0.30358128,1.9448947,0.84279949
-0.22633024,-0.11052684,-0.45367991,-1.192511
0.16017481,-0.50709752,0.91475327,0.39108389
0.91836237,1.2673719,-0.74693886,1.1175899
1.1753479,-0.33261919,-0.75949164,-2.7280541
0.027148944,1.1230078,1.7111485,0.54463098
1.1507436,0.91658873,0.94076777,1.0183431
0.081093571,-0.35393097,0.31590396,0.73575433
-0.35789707,1.74692,0.24500229,0.63619676
2.1803291,-1.7735338,1.3292993,-0.57857484
1.1365166,-1.2264172,-0.37846532,-0.12805249
-0.32204123,0.16039178,-0.56469232,-1.4954732
0.31647281,1.1040432,1.0746541,-1.4087637
-2.3529478,-0.10703781,-0.45921505,2.0379352
3.6562283,1.146628,0.86294051,1.7092004
1.8768304,2.1858721,0.42406123,0.063899955
0.70956387,0.81839328,-0.52653383,0.93292773
1.2871807,0.69357325,0.76305815,-1.4864415
0.95952103,-0.52820335,0.36298077,-1.4937573
0.10814615,0.82260686,2.2035711,-1.5881742
-0.1308246,0.85187498,-0.39479286,0.87474998
1.6397965,1.0993579,0.85847649,-1.3889895
-0.19795275,0.28181092,0.18356786,-1.0054003
-0.14972089,-0.95996895,0.43478486,-0.67162341
1.5656813,1.0025148,0.35264345,-1.3899746
0.78805419,1.9231643,-0.30356745,-1.9630027
0.024867986,2.2220606,1.9051247,0.46537552
-0.38318646,1.913743,0.44493164,-0.052378327
1.3688007,-0.56140629,2.1241077,-0.43984904
-0.089153108,-0.56796901,-0.50927307,0.94817437
1.019254,0.56898436,0.87911115,0.81011926
-0.0064994825,0.53779326,0.50232191,-0.55167834
-0.4807296,-0.92284706,1.1473103,-0.46366289
-0.55655805,0.17758805,-1.0158688,-0.12020108
0.75727177,1.0216423,1.2539907,-0.2449091
0.33929635,1.7802053,-0.71219557,0.46671764
-0.039506788,-0.39332556,1.7328521,-1.1490921
1.4245202,0.64117583,1.8565338,-1.7146565
-0.69280007,-0.22114198,2.458495,0.68121048
-0.6227427,-0.11622662,1.0167948,0.25575763
-1.1985879,0.16620718,0.17387572,0.24255491
-0.21985843,0.22501503,0.59281752,1.0722494
0.44603805,2.0618405,0.90753251,-1.4960348
0.57361329,1.3155253,1.3880979,-0.26343863
0.3237487,0.10938347,0.15653205,-1.3691883
0.47360651,1.1162737,0.58156599,0.69150216
0.79767979,3.7038007,-0.88315959,-1.4034242
0.79767979,3.6845837,0.54983465,-0.78010907
1.0417215,1.1802956,2.4903233,0.5304589
0.83331232,0.73003562,-0.027570421,-1.152109
-0.28280984,0.90304333,0.51638243,0.95525032
0.96425191,-0.65484197,1.2906845,-1.3782068
0.042824912,-0.67792964,0.66952344,0.4968431
0.641142,1.8480333,0.14076641,0.34039659
0.70282319,2.187645,1.5294897,-1.2199058
0.70545893,-0.78055955,1.3591597,-0.35671149
0.51971804,0.94088967,0.20204861,0.17151531
0.55229634,-0.47931845,1.7258617,0.97127082
1.177544,0.72642375,0.85105031,-1.1711422
-0.53225181,0.4988545,0.86370003,-1.6776279
0.21412984,0.18082855,-0.0091703907,-0.10244896
0.762811,0.17080743,0.75058038,-0.14599167
0.72519834,0.54547022,0.81713814,-0.79283219
0.0094141855,1.7410042,0.88358972,-1.1124104
-0.4018191,1.4190733,0.389,-1.560645
-0.50737609,-0.35776138,0.68472568,0.21577231
1.8448392,0.14136983,0.88256223,-2.400261
0.43014418,-0.51959225,-0.094088183,-2.4478782
-0.3215909,2.0054586,-0.88581065,2.2102494
1.6055572,-0.03535836,0.46806858,0.96729415
0.20244679,-1.7752657,1.6298466,1.7783637
1.9115072,2.7147341,0.87787174,1.395928
1.0097123,1.5555127,0.86621587,-2.2016448
2.0969563,-0.18549546,0.50074118,-0.79719253
1.9559629,2.3424992,0.39607933,0.28042309
2.7174704,0.62096401,-0.5607636,-0.027694451
2.0179652,0.15326804,1.5074198,-0.24096399
0.92870021,0.80139873,1.5216286,0.083179412
0.80779597,1.497174,0.7044374,0.13126796
0.46445094,1.4721499,0.85785327,-1.1198205
-1.3275434,1.8889093,1.055708,0.4714459
-1.4344029,1.3002345,0.72335284,-0.93698883
-0.38391563,-0.079807876,1.2452224,-0.72375551
1.3287168,0.89393621,0.12219224,-0.77478932
1.1715998,0.40300627,1.9562068,-0.4196789
0.88062912,0.80024928,1.6807968,-0.57053227
1.3916346,0.91831881,-0.38180373,-1.3959547
1.8947494,0.78456001,2.028806,0.39168077
1.7152333,2.4523908,0.73908648,-0.22840641
0.57554789,-0.25769565,1.4596625,0.28326025
0.70628015,-0.25769565,0.21032114,-0.72206514
-0.43770702,1.5525497,1.7261447,0.094816119
-0.042916231,1.067403,1.0696274,0.37511995
1.2192169,0.84441601,0.67887301,0.024274012
1.6497199,1.1301906,1.3668985,-0.33001765
1.6680081,-0.21851631,0.63763802,-0.19307097
0.54179166,-0.55793192,0.59569471,-0.25563084
1.286721,0.89744666,-1.1878297,0.54030021
1.1542043,0.77613959,-0.96589528,0.12687754
1.603177,1.7685514,1.9611796,0.33030712
0.67400584,0.49700749,-1.8337299,0.84629094
-0.79639159,-0.084266158,2.4241989,0.87039813
0.38070494,1.0461566,-0.3955589,-0.16895218
1.9330041,1.1094031,1.6369093,-0.14482905
-0.59965837,3.0697436,0.98219361,0.68097461
1.7050011,-0.15571164,0.79221873,-0.73285791
0.74514637,-1.1242442,0.20491846,-1.4051473
0.64818853,1.3269933,0.91429755,-0.82285844
0.49857127,0.29786036,-0.51729621,-0.50855962
1.8269663,1.5207089,0.38176445,0.060348842
1.4969716,1.9654832,1.0381625,1.0893687
2.1359814,-1.0289273,-0.37621462,-0.40791926
-0.93195242,0.4096314,1.3854905,-0.14868185
1.9168196,-0.4595847,-1.2479927,1.8112007
-0.11753712,-0.60560667,2.3846373,1.6834701
0.56658856,-0.68779046,-0.93520992,0.61331962
0.60900947,1.4722292,-0.49805208,-1.1389884
1.6204088,3.1911851,2.256024,-0.76256177
1.1234181,-0.2702161,0.98534345,-0.30835421
0.4335792,0.86419695,1.6489566,-0.24033686
0.71504695,1.334622,0.87481705,-1.0562295
0.92435767,0.83179107,1.6697364,0.34298302
0.27410993,0.70157388,1.7499242,-1.1823693
0.52871029,0.55672696,-1.0689918,1.5051443
1.013333,2.3043344,-0.83623266,1.2456032
1.013333,2.0354049,1.368088,-0.65275846
0.92080157,0.037172208,-1.0553934,-0.68629547
0.14325188,0.51295423,-0.34211003,-1.352631
0.36473271,1.5731458,0.70521252,0.75233072
0.36473271,1.4650325,-0.085430564,-1.5863502
-0.31758606,2.2166822,0.75951706,1.0663674
-0.13729804,-0.47972498,0.90068453,-0.71329978
-0.56997891,1.0809831,0.92242794,0.55887548
0.29198045,0.93726809,-0.63062885,0.33424285
0.81072342,0.64441879,0.29194294,-1.1680902
0.99889568,1.2316431,0.22385415,-0.90113164
0.3547989,0.27793886,0.93573902,0.65530312
0.42358887,1.1178262,1.2346641,-1.2296626
0.89762559,-3.1793439e-05,0.55262515,-0.25113218
0.49383495,1.1261829,0.95566135,0.75275574
0.87746395,0.71520925,0.2579734,0.3774795
1.3163853,2.4172635,2.3556485,-1.509521
-0.088550887,-0.43621068,2.4610547,0.88599149
0.56188329,0.010670833,3.3160983,-0.92978421
1.8762294,2.3527041,-1.8284525,0.17410382
1.7323331,-0.54339507,0.30341473,0.064448743
1.7556463,0.6224957,1.1691356,-1.261198
-1.1914167,0.62727991,0.36988629,-0.23871163
1.1759956,0.5157334,0.21927984,-0.0844742
1.5258917,0.90543481,0.76600881,0.28203158
1.3041625,0.87270272,0.98128203,-1.1701575
0.39143461,1.0663466,-0.29078931,-1.4485835
-0.63801629,0.54776501,0.27053702,0.87012887
1.8382877,1.2217347,0.27983773,-0.23496694
0.50925876,2.6461588,0.6801147,-1.8537104
-0.14946796,2.8980594,0.74877071,-0.42994639
-1.3353399,3.8148166,0.18480064,-0.2603324
2.1500764,-1.3601417,-0.088845309,0.4634755
2.5992057,-0.059807513,0.31025471,-0.34158649
-1.4236911,-0.17856759,0.345056,0.13684822
1.0862182,-0.40048941,0.27425319,-0.50829432
0.14629425,0.66998204,0.63409877,-0.57297144
1.0333531,0.5027825,0.67480191,-0.80644281
-1.1042451,0.96748561,0.35639785,-0.47980051
2.3072344,1.3327314,1.0243301,-1.0482997
1.0795744,0.84135032,0.29676583,-0.1839806
1.2969291,0.48691701,-0.23464047,0.97005047
-0.20684389,1.4393777,0.52719178,-1.0384981
2.1606724,2.1168456,-1.596002,-0.77293287
-0.39366305,-0.69753566,2.1391274,-1.4506756
0.039033888,0.024209418,0.28881492,-1.2887907
0.0051334768,1.0562734,0.68121021,-0.39306936
0.78016938,0.20905946,0.34733171,-0.74404448
-0.42457348,1.1495162,0.87409283,-1.4240816
2.3732517,0.2633732,0.9223884,-0.23710022
2.6600454,1.5286061,1.4892959,-0.06493034
0.80651945,0.82767258,1.7100572,0.92122161
0.26294542,1.7602222,0.47777262,-1.3606429
0.13485944,-0.65962061,0.16122597,0.73541721
1.1495395,-0.20671866,0.64238693,-0.50649377
1.4033422,1.2445037,0.77352979,0.44034761
0.0932735,0.12139099,1.1222994,-0.084044503
1.1247314,-0.46203342,1.0768903,-0.21858684
0.78995409,1.5383628,0.11808097,-0.063110938
0.49838758,0.23153794,0.54008311,-0.45953025
-1.077129,1.0892688,-0.27349607,-0.50384591
2.8140967,1.8449769,1.2301451,-0.20948595
-1.208819,0.62761007,0.62534321,-0.5061097
0.90010126,0.42334823,1.1515537,-1.0307587
0.19125686,0.66508293,0.71127148,-0.61133528
1.005985,1.2342479,0.79092878,-0.71198635
0.46255316,-0.1192332,-1.0285645,-1.7729767
1.9837336,-0.12077647,1.8505989,-1.3956129
-0.70292459,-0.85331643,-0.33178719,-2.6853843
-0.74994319,1.5904994,-0.10625863,1.6787006
-0.72446934,1.4626009,-0.17860204,1.5860771
1.3558631,1.4645038,0.61523732,0.74387749
0.66424662,1.7510911,0.38951224,0.75489369
0.58689678,1.2107008,0.0081362801,-1.4333209
0.45097399,-0.34068716,0.33886756,0.67183199
0.53616126,-0.46343663,1.2666661,-1.0130526
0.38640598,0.64560912,0.033634889,-0.13979268
0.89178879,0.37806486,0.54271179,-0.46828863
1.1513197,0.6530968,0.56245266,0.463835
0.11152842,0.54551198,0.4183344,-1.285732
0.2454818,0.89326143,-0.29118227,0.76292608
0.36275078,0.31380414,1.3631091,-1.7485905
1.3268778,0.39327603,0.19124083,0.85706594
0.79393686,0.87716541,-0.066411031,-0.078044913
1.3979418,1.3752752,-0.31223455,0.6026513
1.5345489,-0.30670285,0.28963342,0.73369181
0.28688224,-0.63481608,-1.110134,-1.2927604
2.6951544,-0.73774045,1.4754915,0.22884867
2.4873518,0.10834437,-0.43593447,-0.24297982
3.1073872,-0.25099762,-0.44393622,-0.23215604
2.6409639,1.1355558,0.22233149,0.90539833
-0.021466759,0.36093118,1.0018007,0.65774391
-0.62497525,1.8500228,-0.16096051,1.1796603
-0.57786691,0.29875996,-1.1068263,-0.70869271
1.4750785,1.4555042,2.3147688,-0.50633349
1.5198912,1.0695659,-0.874734,-0.49832256
0.75503944,2.7239188,-0.0095785669,0.82309489
0.92738481,1.4375599,-0.90710459,-1.684011
-0.85907555,0.7165716,-0.30968024,-0.1364235
-0.0025032234,0.3511976,0.39686446,-0.23801048
0.86996372,0.20577077,0.23185505,0.82896217
0.82963417,0.4970298,0.26319112,-1.2742108
1.0448528,1.0261908,1.6622233,0.26989269
1.7978179,1.1893193,0.68585321,-0.59476224
0.60845677,-0.17570585,0.85394711,0.032098253
0.42509383,-0.56785839,0.87694341,0.45425401
0.65281849,-0.2680003,-0.25775551,-1.7361311
1.1871139,1.120797,0.70799895,-1.7827069
-0.056002824,-0.7115946,0.7640943,-0.55823694
-0.067779614,1.5679051,0.64208991,-0.89861155
-0.768759,-0.14797462,0.37898516,0.64818701
0.4058909,0.39074513,-0.011880521,-1.215072
0.55752036,-0.2264687,-0.12962911,0.42348981
0.7281839,1.2901255,0.68236272,-1.6026893
0.21257163,1.589663,0.91850197,0.69874919
1.5004846,2.2316002,-0.9348868,-1.041367
2.2816963,2.6188297,-0.27358593,-1.4657531
0.93929305,1.3830765,-0.18252659,0.71767623
0.28509062,1.1379648,0.88872302,-0.050440759
0.62429868,-0.7832541,0.88872302,0.22940936
0.4944011,1.9851736,-0.010142365,0.97655356
0.877641,2.4411195,0.35545557,0.16765909
0.20713475,0.70732057,0.16166764,-0.012879442
-0.71281619,0.59732129,0.75476191,0.6041356
0.7975311,-0.81000811,-0.10581263,1.1114565
-0.22587599,0.97156004,-0.34513417,-1.0560721
0.15237115,0.32879732,1.3255356,0.30913368
-0.32284519,-0.59183327,-0.13974411,-0.41460175
-0.23901327,1.4497684,0.65392497,-0.40092058
1.9293462,-0.27834532,1.8557124,-1.1272483
1.6539032,-0.2516205,-0.60149092,-0.42639442
1.9999753,0.68743233,1.5344265,0.2390502
2.0325649,0.68743233,1.5227033,-1.9112029
0.034369932,0.76860914,-0.12154508,1.7305656
-0.15986821,0.37207908,0.94172694,0.62739234
1.328065,-0.021056991,-0.076643474,-0.31967423
-0.17323099,0.77765338,0.035057902,0.15911773
-0.77835856,0.058219914,0.040638275,-2.3009731
1.8508431,-0.26012677,1.1466522,-2.8403604
0.039298734,2.2031281,1.1812817,1.9190095
0.87894857,0.58559838,1.8327208,-0.53466105
1.9017812,1.8134292,-0.19950743,0.28326274
1.9557586,1.9579524,-0.092894465,0.96167684
2.8345812,1.4020017,1.4532601,0.0048587396
0.58831042,0.22776632,0.80384562,-0.18280714
0.83598515,1.6127518,1.1899035,-0.12159842
0.45568799,0.5895327,1.5325719,-0.80834546
-0.041666418,0.30119203,0.41339769,-0.92972214
1.3006813,1.503113,0.40701367,0.63535749
0.65336335,0.47239194,0.46641657,0.55181523
0.70832917,-0.15962325,0.9776468,-1.2652601
0.50704738,2.0489019,-0.10325952,0.64308858
0.95872583,1.0368259,1.6082898,0.33836614
-0.073155812,-0.099787118,1.5714628,-1.0919397
1.3888206,0.43293315,1.3384314,-0.85422199
0.091946623,0.99969507,0.95593146,0.16537684
0.75113459,1.029267,0.19405399,0.058926593
-0.31739183,0.92365237,0.20115089,-0.19286356
-0.55822602,1.3173264,1.1566094,0.3043215
-0.38013329,1.3173264,-0.05713367,-0.13636441
0.37394547,0.089278415,-0.87593933,-1.3883023
0.18702374,0.90285405,0.32906979,0.012801313
0.89328342,0.23931209,0.40968763,-0.27302169
0.93053089,0.87810091,0.53408058,-0.47479407
0.97177098,0.61411304,-0.9564042,-0.32173442
0.67264497,0.94554314,1.9446647,-1.0418021
1.6879334,0.28507075,1.8199157,0.77309446
-0.90977617,1.1473591,0.34030704,1.3477745
0.11183754,2.0395015,0.65787793,-1.3122792
-0.55175108,1.1690771,0.84183486,-0.026302897
0.63402854,0.52856669,0.63154869,-0.41874231
-0.48686063,1.0210854,0.77300263,-0.45830064
0.09095015,2.4632806,0.0032765149,-1.3510268
2.737673,-0.29786608,-0.61001411,-0.25729482
3.3575018,0.67895212,-0.98004846,-0.40319723
0.32879746,0.19386367,-0.65140594,-0.07867277
-0.63178568,-0.27785131,1.4881563,-0.071566319
0.56924946,1.4407046,0.4582596,0.34296622
0.071941741,1.3943556,1.3944297,0.056543119
0.85692143,1.6336678,1.2406698,-0.68015784
0.80977878,-0.10596305,0.047382847,-1.2715539
1.4695809,1.4186098,2.1583951,0.88148964
1.1241026,1.1427695,-1.2588856,-2.3538056
0.98933401,0.79187965,0.9661658,-0.45676269
-0.9441876,1.3222812,0.79804831,-0.45136125
-0.10175064,0.66535196,0.19454204,0.59512355
1.280744,0.62190944,-0.072263882,-0.99349577
1.2075973,0.2908164,1.4710204,-1.2546673
1.6753803,0.65312703,0.44154871,-1.870378
0.96772231,0.75411641,0.43426495,-0.93682079
-0.28064935,0.58362726,0.79170044,0.25244776
1.5473317,1.5435273,-0.38766833,-1.5266861
1.9982975,1.6348093,1.4737742,-1.5717947
-0.99363473,1.6347611,0.23980665,0.65048326
1.028467,-0.51178828,-0.22421475,-1.3956154
2.08636,1.0620685,0.63304426,-0.025237958
-0.51822003,0.061903805,0.82003505,0.71652433
2.4106444,-0.85299835,-0.77460436,-1.3016629
2.4368171,0.24653617,1.7523564,0.60159899
2.8666913,0.5184971,-0.1780723,0.59664812
1.2779318,0.46269389,2.3367757,-1.3846609
0.61152872,0.79290525,1.9113571,0.72957677
0.40851191,-1.0711623,0.54972368,0.53916909
0.88139402,-0.51979885,0.63658325,0.10594255
1.3309589,0.96835001,0.25291858,0.61344725
-0.2942249,2.8629714,0.45502935,-0.67762934
-0.77205245,1.5154913,0.77626426,-0.40873963
0.56372652,1.391676,0.79058257,-1.1583976
0.91279141,-0.36168359,0.87156818,-0.98766349
1.7040263,0.16795958,0.83083615,-1.7273574
-0.39922452,0.53963911,1.1378725,-1.7239667
-0.017015885,-0.64069308,1.3477526,1.1765817
1.3688903,1.5913917,-0.29121497,0.044341519
1.1383487,2.8608037,-0.35354204,-0.28711612
-0.34561521,1.1372186,1.5984548,0.075179799
-0.62971522,0.25628954,0.70656903,0.43881763
0.48311842,0.76209492,1.6703335,0.71867906
1.5104943,0.40964584,0.11135616,0.70511362
0.030118231,0.0080510965,0.70636057,0.12038297
0.70209328,-0.15635012,2.4705248,1.0774003
1.8479643,1.2631616,2.2569711,-1.2694374
0.15771406,0.17077184,-0.33797842,-0.98217306
0.60475441,0.6309124,-0.56608034,0.35203463
0.52812219,0.48165468,-0.021240985,-0.74022073
0.52124238,-0.90203364,0.037646887,-0.7059622
0.74891669,1.2027725,-1.901301,-0.39981166
-0.13510171,0.0065062556,-0.8790942,0.58934731
-0.38600548,1.1777607,1.0370549,-0.11295327
-0.069372659,0.78900901,1.0786563,-0.20962752
1.006592,1.3776077,1.3902089,-0.66657249
-0.27628927,1.8811272,-0.17171536,-0.23689993
1.1889072,-1.3927431,2.2187549,-0.060110952
1.5962426,2.1292952,-1.0143251,0.65023832
0.44594629,1.2865765,2.020739,-1.7519145
0.72519693,0.76407474,1.7569802,-0.81018114
-1.1239806,0.16652921,1.512556,0.19480038
2.3798431,-0.1981906,-0.02314952,-0.0082604159
0.60616209,-0.029072269,-0.05121544,0.11000858
0.42874058,-0.35560074,1.2343045,-0.4889003
1.4141669,2.2966675,0.41381863,-0.45861604
-0.11844287,2.4242692,1.0847774,-0.78106414
0.67836214,0.45005728,0.58107697,-0.70674734
0.26247724,0.66310102,1.5035805,-0.18476223
0.41092375,0.51984424,1.6978912,-0.096719937
1.380039,0.45646471,0.52764386,0.22293476
0.60947985,0.39517407,0.99309981,-0.3725819
0.22360399,2.2768827,1.2030374,-1.5523422
0.91846622,-1.2249453,1.1664531,-0.82516351
1.0288264,1.6742624,0.73649329,-1.0800281
-0.52251396,-1.324437,-0.19435271,-2.0651195
-0.29088427,-1.7930894,-0.35793729,1.4119902
1.5468756,2.6290888,-0.31207598,-2.1493741
0.31984096,0.51983942,-0.43363535,1.3307887
2.25042,-0.0024036276,1.6712798,0.061989547
-0.21706475,0.49427557,1.036578,0.6836836
1.2658455,-0.065755756,1.7829566,-0.65252344
0.94331188,1.6198425,0.0010210154,-0.99341998
0.40911237,1.0495794,1.2312804,-1.0974985
0.87776785,1.1247606,1.3425535,-0.65061387
0.58877274,1.1247606,-0.35897523,-0.47605758
1.749312,-0.32178356,0.21217155,-0.31470957
1.7432145,0.81025257,1.7234517,0.68170989
-0.081904026,-0.95427589,1.8603614,0.72397444
-0.86296501,-0.51814279,-0.78703775,-1.129989
-0.64635901,0.23231255,-0.28691878,1.2284344
-1.1369201,0.90685766,0.6280196,1.5075927
-1.0367614,2.8020527,-0.77887393,1.287663
-1.2819061,2.730641,2.1346935,0.87934503
-0.75965112,1.9198616,1.8838521,-0.33235846
0.88289085,0.70139824,2.2507058,-0.72890108
0.34286118,1.3155297,-0.87033529,0.02292238
0.84215778,1.7206064,0.51209244,-0.82375755
0.51338396,2.0844211,-0.32835641,0.31336757
-0.21024603,1.7710594,0.8885238,-0.40623229
1.8726403,1.7509824,0.048184794,-0.15805487
1.3105655,1.7111227,1.1567966,-0.45165294
1.762022,1.7041339,0.067177468,-0.21239466
1.7422274,0.27367391,1.543082,-0.48880634
0.00012962949,-1.4795965,-1.0849196,-1.8253487
0.87358346,1.5991614,0.64690623,-2.3899939
0.30000702,-0.1352329,0.0034000188,-0.98909939
2.9198707,1.3021208,0.90898489,0.1339699
-0.44712825,0.27439964,0.24174681,-0.98310105
-0.13046457,1.4094394,1.4444749,-1.3728231
1.5439643,1.1108835,-0.29073785,0.82880205
-0.37128185,0.69740597,0.18388522,-0.23005138
0.28499467,1.4433585,0.62558237,0.66041103
0.4033877,1.336742,0.54358438,1.2491692
0.78260125,0.86649074,0.32998203,0.056052831
0.52707189,0.67005787,0.35299693,-2.3777078
-0.23712645,0.057224209,0.90775235,1.9662322
-0.83972467,0.85143678,1.5208593,-0.3693779
-1.0259539,1.5096009,-0.47274947,-0.57771091
2.0907699,0.74481316,0.87058723,-0.62768192
0.59955417,0.20956578,0.31500323,1.3337447
0.52257946,-1.0752476,0.016168911,-0.12653363
0.84787687,0.80450529,1.660597,0.42770119
0.28322249,-1.2739156,0.10512642,-0.46011021
0.36786716,2.1496449,0.25689269,0.57459373
1.3848313,1.4336464,1.0036417,-0.53138422
0.42792529,0.34599545,1.2075665,-0.51741867
0.70884373,1.0964791,0.66253953,-0.83274832
0.76781992,0.6151725,0.74549958,-0.40943279
0.038293678,0.84127144,0.82469645,-0.8719637
-0.3668439,0.37772822,0.92283733,-1.7051812
0.7657885,0.45853332,1.0636373,-2.8154504
-0.45234963,1.1348216,0.49423086,-0.97732176
0.60216001,0.27419228,1.0215044,0.25006982
0.92025711,0.3446106,0.64946799,-0.71246539
0.43132845,-0.18825339,0.7384345,-1.4953267
0.27035011,-0.92148283,0.33323223,-1.6068975
0.89416247,0.31398568,-0.49172074,1.1390709
0.94047171,0.56205573,1.0019195,-1.7973036
1.0277101,0.75217135,-0.23576098,0.55981964
0.04874737,0.62590255,-0.27157318,0.26803206
0.95269527,-0.465113,1.80694,-1.260101
-0.49589729,0.29274799,-0.90452843,0.8978368
0.41786751,-1.0702798,0.19986845,-1.3885229
0.10044294,-0.4339091,0.51329172,0.4823294
1.4924517,1.5978342,-0.031989142,0.050639005
0.35618889,1.3045841,1.0620568,-0.32185816
1.6259015,0.3490703,1.5574078,-0.66235908
-0.32999377,-0.033851516,-0.34702255,-1.4910465
1.6322167,0.25587554,0.87995331,-2.1825517
-0.59244069,1.1165445,1.2109669,0.81819805
2.1053466,-1.6492946,0.43124423,-0.93820525
-0.028016685,2.5724987,-0.7451193,-0.61988253
1.2583956,-1.6388538,1.976023,-0.52674064
0.057032247,1.394369,-0.73331207,-0.34539391
1.0839504,0.56107998,-0.38102772,0.077586051
0.81689439,0.69815465,0.85569459,-0.68124519
-0.010181804,0.9477044,1.3320069,-1.4362922
0.76116667,0.55932134,2.3943218,0.76208873
0.54235023,0.88665949,0.42283421,-0.15379209
-0.070355302,-1.1481755,0.58466932,-2.9636576
-0.38153261,2.8794474,0.93928508,0.81991035
0.065199896,1.7555877,0.44192232,-1.5468348
1.3147668,-0.16642767,0.72701873,0.3415154
0.40920923,-0.23695335,0.98852729,0.54000671
-0.5944484,-0.50285613,-0.73154916,-1.7121768
2.1378084,1.7391552,1.0352002,-0.25481503
1.7844401,-0.32473053,-0.33631094,-0.22202226
-0.77227055,-0.017635718,0.4457652,-0.060504793
-1.0999292,-0.11534331,-1.0643892,-0.08693427
0.002377598,-1.9700107,-1.0239145,-1.9157908
0.024170736,2.0031616,0.97282333,1.1628777
0.74270459,0.83215446,1.240123,0.041534453
0.43382301,0.069137581,1.6406478,-1.3183501
1.0035456,1.2845177,-0.82829339,-0.67030252
0.70481864,1.5060252,-0.28875894,-1.8385788
2.2207873,0.66238278,0.9952793,-1.1032434
-1.1851731,0.62515177,0.9821221,-1.1786742
2.6098986,0.50929495,-1.0293637,-0.4904121
1.83311,0.48978539,0.63788631,-1.2646576
1.5011742,1.07419,0.62057877,-0.44868929
-0.16888798,1.7787893,0.92486192,-0.50325097
1.310335,1.8078398,0.8109593,-0.37282454
0.075576597,1.8869478,0.72186799,-0.51510936
-0.20359339,0.76766569,0.54041635,0.61024467
0.7360681,0.76766569,0.14098803,0.87916804
1.0565813,0.8152586,-0.1936973,0.85709635
0.24920026,0.75974279,1.9031572,-0.59341237
1.9259091,1.016416,-0.24303011,0.16854796
-0.46878523,1.3611565,-0.28569355,-0.44920209
1.4131317,0.35305618,1.1722033,0.061431707
1.1639542,0.38283023,0.72097551,-0.3347941
1.8254563,1.6531011,1.3241371,-1.3342911
1.9299484,1.3560096,-0.27539898,0.0010931093
2.1348129,0.33270676,1.1699085,1.0353456
1.9220475,0.13902653,-0.49019767,-2.1383998
0.55137152,1.4566967,-1.2541036,-1.3005855
0.94996238,1.6518918,-0.69456,-1.3081724
2.4509837,0.053528895,-0.3963957,0.46896752
2.4865058,1.2684138,0.00066906771,1.4752632
-0.50603829,-0.58512995,-0.86247356,-2.4982843
-0.26995123,2.6274484,2.658299,-1.8692337
1.1430228,1.9213088,0.70303556,-1.4921869
0.61298521,0.040373088,0.47135319,-1.759825
-0.32914751,-0.74543,1.5634682,0.81041957
0.80771808,1.6461293,1.6149413,0.95798799
0.76713379,-0.118164,2.3395347,-1.6395992
-0.67901668,0.016427605,-0.061711336,1.1013377
-1.0006071,-1.705319,-0.14697853,-2.3625461
-0.41794276,2.459786,-0.32036097,1.1334004
-0.17857219,-0.9837453,-0.70417439,-1.7730696
0.21735762,1.2417093,0.83748625,1.0387917
2.4759541,-0.42899507,0.89431635,0.046128175
1.1829974,1.7193357,0.9902732,1.1887139
1.6067287,-0.44313651,0.0091900106,2.0519675
-0.32432457,1.8092258,0.74844139,-0.88275328
1.3021457,-0.43262547,0.25537501,-0.41504383
1.0332407,0.59945071,-0.47944132,-0.015387333
-0.46964589,1.8562221,1.0079479,-0.12975939
0.1799657,1.0991199,0.15324943,-0.74636876
1.202139,1.2468312,0.93016755,0.22731749
-0.40675314,1.0660741,-0.47765038,-1.0730953
1.1240262,-0.31838006,1.3168268,0.46981352
1.1764098,-0.43191229,0.84422674,-1.5717777
1.2065079,1.5052917,-0.4034646,1.2982286
-0.10055328,0.77144519,1.4229291,1.203336
1.3550888,0.38137744,2.2587516,-1.9363194
0.81135579,-0.11770312,1.3510716,0.18293191
0.3883902,1.5510505,0.36209863,-0.70516693
0.55694657,-0.12016616,-0.6002933,-0.095814571
0.49962155,-0.3876979,2.2326612,-1.0017975
0.29997723,1.1200798,0.15618984,-0.37781394
2.1495462,-0.55222403,-1.0377374,-0.67121452
0.84849562,1.7146494,1.0870965,-0.14367789
0.14246849,1.6053649,-0.33760079,-0.58855481
1.2482541,-0.12463335,-0.068050895,-0.3162146
1.3718564,0.49659945,-0.9043857,-0.14226626
-0.18339009,1.4619392,-0.9561493,-1.3596642
1.1971769,1.8683161,-0.71641478,0.60330052
0.30222841,1.1903748,-0.86325238,-0.069328954
0.87234571,-0.72962328,1.7823881,-0.50407294
1.8623386,0.083507662,-0.67664193,0.086248821
0.52247485,-1.2345241,-0.65119186,-1.8249506
0.97191584,0.88629894,1.0841921,1.0764928
1.1658248,0.27420526,1.5471267,-1.3758325
-0.11368518,0.6320721,-1.8607624,-0.28049283
0.29719341,0.77648414,2.7611865,-0.0084054122
1.1632905,0.013772067,1.8547982,0.019945714
0.89190779,1.9606911,2.518681,-1.4794839
-0.81169481,0.15191337,1.59392,0.99667131
-0.90588882,0.86243183,1.4750614,0.14040127
-1.8626684,0.54973704,-0.38547868,0.3449614
-0.57389186,2.0722196,1.1102703,-0.77048895
1.5132709,1.0954571,1.0054978,-0.88918584
0.10782866,1.0497555,-0.09380773,-0.69532207
-1.3040087,0.72834855,0.98918785,-1.0150992
-0.56442698,0.47701925,0.67349995,-0.90699898
0.99036515,0.61543769,0.75494578,-0.076648148
1.0686365,1.2555411,0.46140829,1.2256548
0.6787696,1.5997738,0.092354249,-1.8317971
0.49535271,2.119563,-0.23704364,0.32232659
2.0700154,1.9463093,0.9916556,-1.0223983
1.3022193,-0.36894081,1.0376499,0.62212208
0.94323653,1.3519136,0.10206145,-1.1263665
1.1226377,0.77394157,0.59468809,-1.0973205
0.91528405,0.26304227,1.0763403,0.19038507
0.16832132,0.58837616,1.8794146,-1.1128823
0.90845265,0.58837616,1.097521,0.87828794
0.52762105,0.73909425,1.4076092,0.98707923
0.2004657,0.61426468,0.36842082,0.32013384
1.9577676,0.23335108,0.22782621,0.35470815
0.84889632,0.4302255,0.13477434,-0.85820471
0.80761564,1.4506837,-0.446404,0.31075805
0.15919865,0.93133604,1.3670484,-0.84811389
0.85487022,0.1607133,-0.23258809,-1.8511519
0.77836306,-0.26424778,0.31867105,-0.91152097
0.32649724,2.6042615,-0.22376633,-0.87000051
0.9859165,-1.3433699,1.0718945,-0.47795791
1.8065044,-0.021662741,1.149397,-0.15801878
-0.19395563,0.11166427,1.820867,0.23432095
-0.41746592,1.7524264,1.4112606,-0.95519051
0.66564784,0.32033716,0.3270904,-1.4542769
0.78937878,1.1176343,-0.34039445,1.1730082
3.3812277,-1.1822193,-1.0737521,0.67657537
0.42306145,1.3762186,2.3685891,0.38754635
2.1457535,0.13268374,0.96771977,-0.456657
-0.37240108,2.0381836,1.9842983,-0.6600256
0.46316798,0.11223939,1.817875,-0.42165092
0.048974215,0.70628293,0.64335458,-0.91718875
0.27287262,0.56100926,-0.41396793,0.2360999
1.8749635,0.65973122,0.18379801,-1.1025631
2.0841366,0.88045179,-0.50644509,0.30004499
1.5536805,-0.22633082,1.7903068,-0.40912991
2.0472909,1.5548616,0.40448704,0.39434099
0.37576537,1.450979,-0.024678621,-1.7746907
1.5035974,2.9344332,1.1303826,1.00076
0.3106029,-0.62450512,0.14810979,-1.3729232
0.97429012,0.25216425,0.44876009,0.59720225
0.41808215,3.8358053,0.11297162,0.61123391
0.37956672,-0.92113108,1.0442042,-1.9076716
0.80805878,1.1492527,-0.01873868,-2.0364592
1.3731135,0.29658044,0.54190076,1.1695009
-0.53068103,0.24394362,0.91842616,0.82938074
0.064514173,0.60706547,-0.15215111,0.043599831
1.534117,-0.25931048,-0.33286992,-0.021712357
-1.2594644,1.5919257,-0.064541541,-0.39522034
-0.78945471,1.5628314,1.477863,-0.12150128
1.9454186,-0.37314386,0.82877329,0.066058312
2.1203408,1.4177123,0.4855938,-0.68071517
-0.42055239,-0.83934834,0.40786363,0.58113917
-1.499615,0.68591536,-0.9060744,0.62390558
-0.88717963,-0.45118545,2.5021919,-1.282468
-2.5820306,2.063705,-0.21986333,-1.2921832
3.3141827,1.2716204,-0.51803558,-0.63366687
3.2192086,1.4971777,1.3171872,-0.57125656
1.3671714,0.25568923,0.45802069,-0.61657569
-0.16655738,2.0492561,-0.9698118,-1.2185997
1.3831929,-0.60794924,0.33265617,0.29834997
0.25748675,1.0098013,-1.1428626,0.036080603
0.51095314,0.6494461,1.8333774,-0.60518829
0.70261776,1.0829557,0.16727256,0.70464228
2.3615946,0.55007682,0.81093593,0.47167022
0.22670354,0.73625442,2.1802208,0.93740811
1.5606311,1.3447991,1.5436762,0.16677768
0.80905696,-0.19061682,1.0923944,-1.8324414
0.99762063,1.6167116,-0.075569275,-0.68329434
2.0443877,-0.40237484,0.75741609,-0.1654469
-0.4000025,2.0775828,-0.21361808,-0.6611483
1.3029956,-1.0061823,-0.23565215,-0.36645388
0.12131293,0.60900359,1.5047982,0.44877314
0.42153073,0.86920054,1.6391972,-1.3079351
-0.078107046,0.33982206,1.278752,0.16873178
0.66649174,0.35546662,-0.027702392,-0.87219112
3.3347571,0.59895293,1.1420885,0.23658067
-1.9260101,0.62812241,-0.50361532,-1.615388
-0.91049268,-0.18716239,0.74177295,-1.2739221
2.5087256,0.55748345,0.58697916,-1.6294142
1.3857397,1.2312648,0.82444653,0.16206485
0.27311314,1.0396258,0.92950609,-0.35975546
1.0306966,0.015211556,0.7667286,0.026396084
0.80565765,0.89435842,0.50219779,-0.58603558
1.2653629,0.60639363,2.2278882,-0.41743467
-0.84572077,0.91948747,2.264317,0.82541532
0.31480298,1.0515203,0.77617584,-1.0736069
0.6770899,-0.30232563,1.1165375,0.42752564
0.635094,1.9199843,0.57982177,-0.32933972
-0.78348644,-0.09774614,-0.43586927,0.27519186
1.6794461,0.6979683,0.68544835,0.28846128
1.0456186,-0.018267333,1.2631279,0.34395801
-0.82193441,0.49302165,1.7870865,0.573886
-0.89424429,2.9724611,-0.81279892,-0.87311191
0.68073353,1.6302038,2.0136256,-0.67763216
1.07343,1.4010763,1.2991717,-0.45254443
1.5605701,0.39808584,-0.33608012,-0.65141102
0.016281796,0.097414484,-0.91806241,-1.343574
1.4532538,2.3404044,-0.55374942,0.78242834
0.01030813,2.0838234,1.9431088,-0.0046170581
-0.24603598,-0.88437119,1.3267413,0.60157121
0.27991521,-0.7072209,-0.15531268,-1.469683
1.0950023,-0.19941792,0.42780122,-1.2899771
1.301667,1.12157,0.15254633,0.2896179
0.61271774,1.2438333,0.54601079,-0.75665021
0.57646275,1.2239083,0.88359602,0.11371866
-0.021523064,0.68435322,2.1565643,0.98076259
1.0909709,0.29861341,1.860333,1.1874588
0.026669529,1.818245,-0.60042491,1.8362151
0.18552507,-0.48394536,1.2054315,-2.2533015
0.99840851,0.33631339,0.63122569,-0.73262064
1.2630168,-0.28262519,-0.15093438,-0.70432293
0.19177325,2.154695,0.35636194,-0.90012552
0.23860989,1.4222697,-0.88013104,0.28830422
0.02512826,1.5191352,0.1091935,-0.093360717
0.93595038,0.038215749,0.74011249,-0.6091526
-0.17559322,0.1588706,-0.37900386,0.021711696
0.58529844,1.5300883,2.3578589,-0.78458586
-0.89317719,-1.2539957,-0.98428973,0.03060619
2.0435631,0.19086746,1.2613237,1.0379897
0.24687739,-0.57799156,0.65006758,0.52510655
1.3255032,1.3477877,1.0014304,1.5416433
-0.20701866,0.7304859,0.4290381,-0.29329382
-0.42310346,0.34176041,0.72752973,-0.10181933
2.3715694,0.68388357,-0.12101386,0.25385249
2.1744437,0.35662597,0.66281733,-2.5376776
0.74024918,-0.34558608,0.73414652,1.317617
0.52395064,1.8547637,0.21702375,-0.60474415
-0.20266701,-0.73236701,-0.072230919,0.20886212
0.16515556,-0.34068831,0.19330015,-0.91144988
-0.19752912,2.8022406,0.74177994,-1.3428117
1.518906,1.632497,0.66064486,0.5841089
0.096219194,1.2361743,0.89562491,-0.73275431
1.3715022,0.29396193,0.10457271,-0.038029024
1.10389,0.13308791,0.44711963,0.26904413
0.097760492,-0.53184714,-0.12432248,-0.95590727
0.80916885,-0.027883993,1.2303816,0.15199097
0.77212996,0.80464462,2.1777623,0.68832609
0.20849227,0.82204729,1.4280329,-1.3838894
1.2611935,2.0742991,0.13538122,-1.2759164
2.2812263,1.2068819,1.1159306,1.4462646
-0.11756944,0.36501594,1.2848671,1.7370738
0.75003052,0.31931488,0.90830311,-0.70577704
0.75426965,1.07603,1.2050894,-1.7399744
0.5471142,1.3056621,1.0327032,-0.75016003
1.9564202,0.63124895,0.13405773,-0.5235123
-0.96758056,0.3114551,0.56759303,-0.73956522
1.3784219,-1.2051177,0.6890549,-1.2096031
-0.10989466,1.6724301,0.75642259,-0.11353916
1.0611421,1.0837998,1.08108,-1.1522633
1.2387055,-0.26383417,1.2231434,1.4027047
0.74423366,0.28271912,0.36835008,1.4975669
0.60233629,0.65632574,0.1291526,1.4751907
0.38529352,-0.44207127,0.32751352,-2.4409798
0.33973957,1.4187211,0.29292298,-2.457046
1.167472,0.82171724,1.6525225,0.91982031
0.30832582,0.049821546,-1.0762234,1.2277095
1.4131896,1.5364376,-0.3309215,-0.18308108
0.19140233,0.08717115,1.0372537,-0.65308629
1.3397139,0.34747994,0.69323806,-0.53905158
0.15098115,0.64573918,1.0018111,0.22226453
0.63871644,2.3190557,1.3413913,-0.53107241
-0.44759084,2.6794947,0.38141947,-0.37383244
2.5402549,1.3580374,0.51376225,-0.027038699
1.8372993,1.7206249,0.75272883,-1.0050273
0.93043374,2.0975994,0.8257435,-0.083869784
1.4284258,1.737048,0.25551593,1.5730567
0.58042053,2.1009108,0.36691417,0.42410409
0.55283928,2.8464453,-0.69856166,-1.4908997
1.0985919,0.30102818,1.8333525,-1.2472124
2.2357785,0.65808228,2.4682295,-0.17151924
-1.1297515,0.33131214,-0.71947028,-1.1977434
-0.9819562,-0.35836881,0.088977957,-0.75437368
1.3065049,2.1183053,1.9121174,0.83642204
-0.010963361,-0.54784596,-1.1881013,0.93930673
1.9879811,-0.77685424,0.69650401,-2.2613144
-0.050398638,-0.11532111,0.97356168,-1.3120714
-0.057928872,2.46538,0.10142286,-2.3961312
0.66023849,1.8627992,1.3490094,-1.4920761
0.70698293,-0.75372517,1.1088959,0.95958717
1.3237954,0.47165027,1.156221,-0.60102179
0.58598071,2.5288115,0.94125679,-2.4427401
0.18573527,1.4001362,0.17317777,-0.59461295
1.524128,0.88312379,0.86416177,-0.87509795
2.3090144,0.51987458,1.580592,-0.43033318
-0.74196946,-1.469465,1.0166776,-0.72338902
0.10780797,-1.2330434,0.52461283,-0.44744308
0.18530211,0.71904837,0.68215438,0.076101907
1.148148,-1.518326,0.52451304,-0.69459584
1.66717,2.6758475,0.44180726,-1.2821469
0.37140046,1.224322,0.19854438,-0.899554
0.39271109,-0.48777827,0.40306752,-0.79076364
0.65832878,-0.44079058,0.90514676,0.23037431
-0.26042266,1.7912049,0.37054481,-0.33537366
0.032347863,-0.2444053,0.14890973,-1.6368646
1.1932484,0.057437648,0.27441386,-1.3222542
0.19666809,0.8681536,0.53428085,-0.90649238
1.0899338,-0.39000825,0.30334969,-0.36116588
0.39088698,0.66215768,0.77529345,-0.288223
0.71709552,0.66215768,-0.38000345,-0.40540094
0.26562056,1.4478172,1.4475322,0.35584601
0.67181375,2.5266835,1.4052568,-0.62338718
-0.91867948,-1.1366413,0.00041675043,-0.63292216
-0.47798014,1.1275468,-0.36707327,-0.62321642
1.3074773,1.2855965,0.088376911,-2.1047475
0.15347661,1.251051,0.46777102,-1.8388601
1.7890721,0.48783652,1.0233666,-3.2979123
-0.94966714,0.28412385,-0.15313147,-0.48956209
0.50965138,0.57357579,-2.1664619,-0.21273174
0.50965138,1.1322192,0.12239313,-0.23734031
0.59855936,-0.011171112,0.4863005,-0.32632415
1.2675772,0.70053386,0.28267656,0.22260881
0.024351758,0.7739757,1.7054737,-1.1368255
1.9741398,0.78482047,1.6095302,0.22819033
-0.39879933,0.85312558,-0.6959486,-0.5244349
2.1300968,0.75781129,1.2062786,-0.045570266
1.754942,0.61026265,0.31472772,-0.65761206
0.76747859,3.1948534,1.0052928,0.37636615
0.71861116,-0.51433296,1.9481408,-1.3342475
0.4895776,-2.2082239,0.62311042,0.16208057
1.2233921,0.3696065,0.20647987,-1.3529529
1.1584868,0.12594986,0.63380458,-2.115385
-1.7808074,0.85632472,-0.11114471,1.1103995
-0.225231,2.0504214,-0.26214048,-0.65139551
1.4556793,1.5587513,-0.9840492,0.28220768
0.25580292,1.3505094,0.163954,-0.38188386
0.072530222,0.34199106,1.6406092,0.051913231
1.0924584,0.85716633,-0.69496441,-0.26274733
-0.087262807,0.80580636,2.3285397,0.57590175
1.5972924,0.82124322,1.7769258,-0.2244754
1.0653252,0.31566212,-0.59826711,0.13207439
-0.70371846,1.2961829,-0.39712901,-1.5831228
0.50818368,-0.20316879,-0.079849206,0.23960589
0.1792884,0.58426773,0.21744021,1.3772829
0.73761073,0.78016773,-0.14798963,-1.7313451
1.0913355,0.40494474,1.3424833,-1.5270913
-0.027452882,-0.12140047,-0.36237226,-1.005623
1.1407505,0.97838018,1.7809787,-0.11624308
0.22545125,0.29719257,-0.80355677,-1.1013709
0.65381338,-0.14979049,1.1389011,-1.1943072
-0.068531786,0.56092718,0.95336432,-1.6631469
1.1817034,0.54434803,2.9192347,-1.0457831
1.159536,1.3283183,2.5177789,0.17286826
0.65381158,1.7213566,1.8983345,-0.74678964
0.63543296,-0.43382801,1.9414102,-0.44589549
0.32861237,1.3967608,0.15524499,-0.17996668
-0.13575698,-0.66542123,1.0634382,-1.2839709
-0.35526107,-0.51292532,0.42584134,0.74889274
0.7318427,2.3849953,0.50570606,-0.46819956
0.06802731,-1.0519267,1.0508509,0.2304771
1.7337199,-0.22925224,-0.5785824,-0.66507207
-0.63992383,1.6872959,1.7538128,0.45468238
1.325349,-1.1111814,1.0111362,-0.93231101
1.0613529,-1.1886735,0.52686098,-1.2008619
3.0016726,-1.1335388,-0.10987978,0.5416501
2.4880724,2.7242326,0.34523797,-1.5958845
1.8272586,2.8966668,-0.37448333,-1.3733937
1.8651314,2.2175306,-0.48318712,-1.998537
-0.62210299,1.1447039,0.26750967,-0.26304587
1.8972432,0.22387938,0.54450666,-0.32891553
-0.31821241,0.3081559,0.59663362,0.89550848
-0.12182246,0.1936225,0.74823351,-1.2895527
0.67317319,0.9792833,0.63503823,-1.2893554
1.2238169,0.18288256,-0.097457454,0.41483589
-0.029739348,1.1657462,-0.67440564,1.1831098
0.47128478,-0.30023148,-0.21887337,0.95720199
0.60266039,1.0735863,1.5784876,-1.1505119
1.5338368,1.0379703,2.2778912,-1.4208578
-0.048990861,-0.17582232,2.0649557,0.11829746
1.3947001,0.34119508,-0.32483633,0.28322035
-0.89504185,1.3103433,-0.83688801,-0.81745733
-0.78250233,2.2085077,0.64073161,0.25884598
-0.23729747,1.5209546,0.72955508,-1.0769541
1.3824219,-0.53379757,0.80434972,-1.2985767
0.12547075,1.3784467,0.65486366,0.27675295
1.8349185,0.06012453,0.41620035,1.6158018
0.04160494,0.99478298,0.058481637,-1.4142434
1.3538443,1.3968328,0.99239185,-0.79317601
1.8858854,-0.15866832,0.49131616,-0.35037291
-1.2077728,0.028675991,0.39598276,-1.5112761
0.20052462,0.51050797,0.65197068,0.55238727
0.95591755,-0.32595467,1.5952564,-0.45297503
1.4073075,-0.2429568,-0.31058133,0.30271606
-0.30195975,1.8360006,0.99415575,-1.281459
1.7483835,-2.3529753,0.40001992,-1.1396868
-1.0579266,3.9278772,1.1894562,0.65338654
2.0991346,3.3281019,1.2221147,0.13817371
1.0126287,0.11068883,-1.2532643,-0.14527791
0.55449038,1.1473716,2.4488616,-0.44451052
1.0816147,0.77772161,-0.84060853,0.35344924
0.016054351,0.50178794,2.0316471,0.53989357
0.13109307,0.83911717,0.74457056,-1.2973631
0.69127398,-0.57324524,0.77818933,0.12892224
0.80587557,-0.5036395,-0.288395,-1.0199965
0.88446573,-0.76746026,1.2974106,-0.012267631
1.2895166,-0.88676627,-0.27667667,-0.13857462
0.57987569,0.38926319,1.432415,0.36384393
1.9588409,1.878586,1.1594614,0.5984893
-0.12413434,2.2660026,0.23493224,-0.81093664
1.3500398,1.2838362,-0.56224861,-0.55162855
1.3682325,0.58779619,1.4555738,-0.12568353
0.87551094,0.84892035,0.40428668,-1.3473055
0.62481006,0.87919522,0.59282259,0.34426632
1.2947859,0.81400507,0.12893754,-2.0727067
0.78228855,0.86520414,1.6276162,-2.0797044
1.2283879,0.1520409,-0.049768807,-0.63918377
1.4218709,1.5330653,0.047197576,-0.7256767
-0.1215026,1.7698237,1.1134815,0.69577723
0.36630699,0.045290042,0.94449594,-1.4907794
0.29941791,-0.53040462,1.8236638,-0.76472495
0.58788329,1.1649633,-0.63083885,-0.088328352
1.2422672,-0.13940171,-0.47787372,-2.3521274
1.6788105,-0.042165969,-0.12771776,-2.7550551
1.3344201,1.7143308,0.35686078,1.8089077
1.243668,2.7576245,-0.093523393,0.36377676
-0.17922957,1.4521701,0.91827092,-1.0214295
0.98037439,0.27671328,2.2858476,-1.1881337
0.6332732,1.0827183,-0.72691072,0.39214994
0.95595665,-0.14612974,-1.3559223,-1.208786
-0.52450612,0.62504152,2.0043028,-0.10611503
0.10893644,0.45459929,0.4714095,-0.37568311
0.80892345,-0.41578671,-0.17625273,-1.0144877
1.0160652,1.7047555,0.82428398,0.79423484
0.98779313,0.63346969,-0.84661115,-0.9482797
0.062554722,0.48297681,-0.34965317,0.27332991
0.079495902,0.78405257,-0.79351909,-0.20891857
-0.062941016,0.55487481,1.9624315,0.81716377
0.51978524,0.67239469,0.85697009,-1.3042541
0.60660658,0.50722083,0.50093253,-1.7521387
0.59353342,0.21284657,1.2890979,-1.3977715
0.50527466,-0.093480991,0.45278785,-1.932554
0.27543316,0.53080001,1.0892731,-0.49755962
-0.6650243,1.2295527,0.84592369,-1.2414508
0.00059984891,0.14914319,0.70435031,-2.0961505
-0.073489671,1.6459392,0.43573578,-0.91848447
1.6545759,-0.40714171,0.60925109,0.21873055
2.3482642,-0.16034985,0.96985502,-1.8161722
0.55766095,-0.048505145,-0.97010177,0.58795848
-0.4859774,1.7409766,1.7387626,0.27359232
2.100325,0.55637434,0.33397567,0.16841253
0.90203098,-0.99243602,0.72444211,0.11884508
0.20914262,2.1595371,0.63978269,-1.605781
1.1672515,2.4144413,2.2195577,0.71525203
0.38905488,0.73684629,-0.68649639,-0.82665288
1.2001026,2.4305885,0.25137134,-0.97861398
0.80971371,-0.67599706,-0.32079826,-0.043021268
0.76131439,0.042093894,-0.533595,-0.63770034
0.50988387,-0.10346818,-1.0413123,1.7551067
0.59664789,1.2171309,-0.1257154,1.084193
1.0558408,1.5673326,0.58704247,-1.328784
-0.71027686,2.5304854,0.89468975,0.63676512
1.8302557,1.1604559,0.92240641,0.72513073
0.12753773,1.1673681,0.069502983,1.343342
1.17118,0.15969694,0.36147619,0.80764556
1.9468744,-0.63284842,0.59765006,-1.1277623
-0.57988349,0.34002061,1.3188094,-0.6746296
-0.95731182,0.82652472,0.74036314,-1.4449747
1.6468028,0.89136607,0.61172543,-1.1488292
1.2553498,1.2959162,1.0587565,-0.87239026
-0.07128645,1.3300302,1.5016351,-0.84360212
1.6701333,1.3667779,-0.052113253,-0.65623747
2.4305974,-1.2777645,-0.044083987,1.7243289
2.743307,-1.0966658,0.076771207,0.42567806
-1.2028162,0.63789444,1.2135152,-2.0542908
1.3704167,1.5233191,-1.0104713,0.073801272
-1.1630713,0.28652775,1.7038113,-0.48434682
-0.078132255,0.80368646,0.16697767,-0.2169906
2.6054804,0.2581591,-0.21448133,-1.0446372
-1.4644728,0.97909235,0.58292686,-1.1759264
0.8638,0.15695702,0.88841137,-2.4291621
-0.61781475,-0.43221425,0.76033981,-1.3221653
0.36725789,2.2687231,0.15582068,-1.1902995
0.5505093,-0.67135068,-0.34768655,-0.060155756
0.69294023,0.31340178,1.0567073,-0.66583693
0.73557086,1.4152639,0.78875403,0.55886951
1.3872539,0.11742092,-0.31946892,-1.548731
1.5808914,1.0155508,-0.070661896,-1.9031851
1.661681,0.0080073318,0.30009254,-0.23516508
0.58240774,1.4822113,-0.047700889,-0.80822868
1.3292213,-0.57736926,1.9577152,-1.3555102
0.76933569,1.1377661,1.6335034,0.21046273
0.34261195,-0.18229409,-0.53639094,-0.078428997
0.38528589,1.5480272,0.33507945,-0.73054026
0.62012908,2.2411321,0.92920447,0.92521797
1.0132563,2.5941311,1.8461179,0.20777523
-0.80492844,1.6799169,-0.15905172,0.2828965
2.0257241,2.3839669,-0.19029858,-0.2350239
-0.20052149,-0.2315615,-0.60016607,-0.8575603
-1.2069615,-0.53657261,1.1229157,1.5959671
-0.48742104,0.74050961,-0.021961986,-0.52486125
1.2917662,0.40390283,1.3484621,-0.53291958
0.53629818,0.76461498,1.5706391,-0.91501015
1.4255453,-0.3495446,1.6339466,0.18489199
0.14525753,1.9454421,-2.590228,0.17664575
1.3812938,1.4130091,0.3569155,-0.91962237
-0.67927249,0.29169655,1.0473669,-0.28877911
0.59209191,0.93934197,1.3939612,-0.92875357
0.4442389,0.47130149,0.81780531,-0.72142953
0.75483355,0.048592023,-0.04998775,-0.63532311
0.8658285,0.47739555,-0.026371141,0.02946452
-0.80254934,0.9250669,-0.022634918,0.92195835
0.52880945,0.5557567,1.2615567,-0.012866115
1.3082948,0.5577269,0.53064285,-0.44504897
1.3688817,1.3484422,0.50096752,-0.18686193
0.039233621,1.2622028,0.59378826,-0.41337154
1.2314726,0.5612815,0.031170377,-0.3253995
0.69878016,1.4793352,0.86104356,-0.1970081
0.83683661,0.25191683,0.7406785,-0.39895273
1.222396,-0.17825793,0.84879072,0.095319254
0.13124365,0.40389249,0.44205099,-0.18750189
0.51431639,1.392789,0.83690515,0.38229555
-0.43464444,1.5199905,0.80805932,-0.42401918
1.7371077,-0.028086319,0.84041084,-0.47181551
1.7799435,0.31305846,0.096310999,-0.055765114
1.1279665,-0.41593643,1.0164654,-0.12234835
0.72656307,0.09198072,-0.070627125,-0.31569039
1.020958,1.3391603,0.58996673,-0.33311467
-0.38153182,0.24144723,0.36861254,0.35652318
1.4301743,-0.60548045,2.4489689,-1.0011933
0.19083392,-0.43360243,1.7757388,0.73622869
0.32197561,-0.65219742,1.2474179,-0.024746754
-0.54529549,1.1251189,0.45627157,-0.81479774
2.0924641,-0.15929361,1.7828946,-1.3362925
-0.59818021,1.8456638,1.2160616,-0.87902863
1.728511,-0.40149682,0.51612137,0.11548556
1.3832871,-0.51630824,0.62902302,-1.2517096
-0.32271264,1.1422741,-0.42652553,-1.0479955
0.28248927,0.39066508,0.11081327,0.58220689
0.45868596,2.6769487,-0.1195887,0.83968466
-0.51154958,0.69566891,0.2326451,1.131131
-1.4812621,0.11461875,2.454708,0.55339516
-0.15771502,0.65391302,2.283529,0.30457056
1.7111802,-0.48578462,2.0891489,-1.2783416
0.012346773,0.56811009,-1.0443362,0.015826269
0.41100205,0.14512959,2.091591,0.42295017
1.4586407,1.4323673,1.9672515,0.49343096
-0.18372617,1.4323673,1.9545528,0.38492926
1.708702,-0.79907445,-0.42474593,-0.33538641
0.58634989,1.6520473,2.5629584,-0.97646092
1.7928543,1.375004,1.8488073,-0.72630265
-0.35983459,-0.93182008,1.7664234,-0.20905982
0.35909087,0.10906726,-0.87104155,1.2013341
1.0694762,1.1246883,-0.18854885,0.39954945
-0.054234786,0.66787941,0.86896337,-1.6408346
1.7367315,0.96422396,-1.040546,-1.6227554
-0.69732242,1.5871197,-0.28349012,0.82477747
0.19767416,0.96925096,0.18329894,0.56067007
0.66718613,0.089606997,0.89220662,0.93348902
0.63900523,0.38523709,0.41511886,-2.6627523
0.045888678,0.44879659,0.41255581,-1.9501313
-0.040460122,-0.66179123,-0.044582965,0.97482785
-0.32037182,-0.30094984,-0.43721743,-0.35039461
1.1142264,1.6145866,1.4078603,-0.27684327
0.49814948,1.52931,-0.43166289,-0.31403099
0.44730439,1.1184361,0.28925523,-1.3575103
1.6177527,1.3945599,1.3022684,-1.1011522
0.10239367,1.6495739,0.75356415,1.1512204
1.3948683,1.6695657,-0.016329164,1.1698691
0.97478906,1.9721887,0.80589646,-1.5729806
1.7752569,1.952362,-0.36074467,0.73718493
-0.79036127,-0.14394839,0.10029042,0.2665679
0.39271458,-1.0104508,0.52225928,0.21908773
1.3206887,3.1042506,0.27649561,-1.1394527
0.066650646,-1.1187376,1.8476034,-0.22163124
0.46612831,-1.1859472,0.75738174,-0.83280268
1.2510083,1.5287861,0.027411247,-0.47627805
0.4271391,0.80370614,-0.15990569,-0.086473518
0.83503853,-0.47061925,1.2156682,-0.74239807
0.056506803,0.84167681,1.3201526,-1.5422554
1.2301202,1.9999658,-0.70395432,-0.17907573
-0.11673654,1.9467277,1.5720739,-0.6959828
0.76495718,0.97008375,1.1439376,0.49069507
0.98261812,0.091416608,0.96198565,-1.73842
0.53209284,0.396768,1.0546859,-1.3680733
0.65931727,0.42742762,-0.44605313,-0.57180136
1.1382901,1.4451756,-0.11152205,-0.53882173
1.025427,0.63179289,-0.0062743248,-0.63419537
1.2564586,0.70685015,0.58534644,-0.20387936
0.42868304,0.45604507,0.63495765,-0.31338207
0.59104226,-0.07375944,0.43887266,0.80010804
0.8903213,0.16094324,0.81394096,0.66989687
0.74165289,-0.37802634,2.2881214,1.3521226
0.49404315,0.57531935,1.3300714,1.304797
1.1047258,2.6141566,0.43641084,0.81774467
0.71389157,-0.94304757,-0.42856546,-1.1497636
2.4757754,-0.12582213,1.1991641,0.49955763
-1.5485985,1.3479049,0.62456308,0.26745725
1.847401,0.94723622,0.29924677,0.75872684
0.59527859,0.52262483,-0.44425082,0.13841396
0.59527859,2.8719699,-0.27384495,0.60031021
1.3086651,2.2797379,0.89058704,0.2924975
1.3503269,1.4222788,0.12577865,-0.25431729
0.32738782,0.78156034,-0.18899224,-0.57740424
0.72764804,0.78621829,1.2187148,-0.45084503
0.97086928,1.2797335,1.2540059,-0.73624237
0.44046584,1.4530057,1.2946963,-0.75986529
-0.19774776,0.54830118,1.2984628,0.30474035
1.2353258,0.3986339,0.61355715,-0.75961328
-0.00042276988,0.26374397,0.081427705,-1.0852192
0.37437551,1.3132687,0.83754552,-1.1315806
-0.83041015,-0.097570835,-0.12553834,0.2711802
1.4720535,-0.98072092,0.22296782,-0.26889508
1.6507763,0.71325732,0.72234382,-0.45732031
0.34065229,0.058309701,0.57165837,-1.0724905
0.57896605,0.36447529,0.40900679,0.40096086
0.056553694,-1.2929492,-0.53012297,-1.8452065
1.0156574,2.0556496,-0.10898083,-2.2057107
0.22745154,2.0072231,0.028639045,-0.83234329
1.2654475,0.43870234,0.86680492,-1.7973156
1.3414582,-0.14591543,0.22298721,0.94181975
-0.0167513,-1.9693779,1.5772625,-2.2486023
1.5320873,-0.19059324,0.25923401,1.0129224
1.6581449,-1.7146451,0.30719284,-1.73267
-0.63614081,2.3368696,-0.28453642,-0.48379598
-0.18455263,0.59658231,0.42719354,-0.53566807
1.4084322,-0.04877128,0.49789674,-0.34877118
0.33593535,1.3927841,1.024774,0.20371031
-0.49531587,1.1803979,1.3174425,-1.610447
1.5999631,-0.37389146,-0.038557708,1.1603006
1.0497688,1.3939478,0.28687682,2.7510663
0.75404967,0.32099661,0.82889939,-2.2666499
1.1141921,0.87086621,0.49277812,-1.5973821
2.1312833,-1.3874389,0.12032335,-0.9394078
-0.90370172,0.47005693,1.5711359,-1.1472064
0.19804517,1.362319,-0.49185086,-1.2638018
1.5375935,0.43125531,1.391893,-0.031840965
1.445755,-0.030636715,0.66911898,-0.32449075
1.6648797,-0.00092494204,0.41514849,-1.1612904
0.53146278,0.1306737,0.69886071,0.22976247
0.81737122,0.79687192,0.31746436,0.27416281
0.76469999,0.58658801,1.4544955,-0.68202246
-0.15458798,0.86024546,-0.22115928,-0.19963675
-0.71363348,-0.048654264,-0.11379116,-0.19669831
2.153601,1.261279,2.1138654,-0.50450598
1.1960114,0.59582467,1.8409303,0.38458367
0.94323708,-0.145212,-0.55314601,-0.58895679
0.22829908,-0.28365211,1.710256,-1.0854915
0.74876092,-0.1541411,-0.23732941,-0.11414926
0.72898987,-0.11930925,-0.6727688,-1.1122499
0.62582151,-0.497713,2.6808171,-1.0488266
1.0275393,1.9327365,0.8673926,0.92509008
0.27897459,1.505896,-0.71750902,-0.16386009
-0.054894178,2.0207125,0.48445064,0.90761501
1.2380502,1.6799142,1.6882943,0.73075299
0.40361561,0.68667833,0.32957288,-0.14824423
0.9716389,-0.26927436,-0.17792086,-1.6259879
0.89225632,0.24182798,0.16418659,0.67198099
0.21308797,1.0594032,0.40833239,1.018573
1.5660842,-0.65844433,0.31568161,1.7363636
1.6504285,1.6390055,1.1827856,-1.8873385
1.0842251,-0.25297762,0.7535515,-2.3355723
-0.521531,0.24538136,0.313368,2.0295794
1.4393265,0.91331629,0.55050373,-1.3347929
0.64671665,0.67481441,0.63872662,0.57651537
1.1905333,-0.36077073,1.6795551,1.0127398
0.63745356,-0.46861309,1.6162115,1.1238053
-0.59035992,-0.11268085,1.5451876,-1.7202738
0.73392434,0.86563919,-0.52429946,-1.1728533
0.59783403,0.79776749,0.14252182,-0.59163155
-0.918011,0.32947149,-0.010356681,-0.84148337
0.048205888,0.12579473,-1.1930332,0.12936134
0.13190922,0.56446413,-1.3644118,1.3168355
0.195211,1.0001208,-0.33375468,0.95980904
1.5009095,1.4111958,1.7136685,0.67670484
-0.046523851,1.2284825,-0.782943,-0.47596036
1.0303058,1.3607545,1.663888,-0.25395433
1.1039699,-0.010396749,1.0968559,0.81825092
0.6025586,1.2861076,-0.14410092,0.99119426
-0.27330285,1.662571,0.67350113,0.48752578
1.1393426,0.93001822,-0.70445179,0.50126207
1.4807491,1.0567884,2.2316587,-1.2847812
1.6852682,1.2176388,0.83528912,0.42600396
1.2281832,-0.49573607,0.7058917,-1.1368655
2.1716062,1.0951087,1.5039356,-1.318304
-0.099194552,1.8623283,-0.84416424,-0.14869165
0.039516451,0.79952634,-0.9739003,-0.39175473
-0.44503428,0.054899016,1.4808093,-1.6085256
-0.4547487,0.44308427,2.7229548,-1.0373158
1.6582753,-0.27559947,1.6185217,-0.58495224
0.94167776,-0.25974596,1.3437291,-0.54987408
0.84459083,1.8388316,0.36462983,-0.55662873
1.8422572,1.9760441,1.0393151,0.69744338
-0.63345284,-0.58111233,-0.16462473,1.2556428
0.64554791,1.339256,0.93282327,-0.92611478
1.3833219,-0.44007234,0.97107347,-0.11881704
2.3715305,2.9735161,1.4810318,0.25320652
0.91276165,-0.41818182,1.3731727,-0.4972108
0.39546082,0.24975595,-0.11398666,-0.88084465
1.2748424,-0.19572265,0.26961129,-0.27618844
1.4182733,-0.59779764,0.82309594,0.059060123
0.067600192,0.942039,0.035436788,0.9418752
2.0113167,0.91624504,0.68302747,-1.641534
0.64873389,0.77738756,-0.28097717,-1.5711556
0.59833394,0.14966305,-0.56005587,-0.36899314
0.76323721,0.83705077,1.2926173,-0.61331337
1.0705505,1.2175628,0.49979121,-0.43204872
2.1010567,1.0701409,-0.041194967,-0.94548867
1.455954,1.489933,-0.16161613,-0.98170416
1.3489331,1.5738444,0.6068204,-0.41952903
-0.028054597,2.5212206,-0.82177192,-0.45818982
0.86384814,2.8116686,0.14923261,-0.1883098
0.054893528,2.2858455,0.93424731,-1.5558967
-0.13593412,-0.83425644,0.80297249,0.83514879
-0.74507737,0.85111049,1.3893809,0.39898484
2.4099795,-0.60227931,2.8990658,-1.2079346
0.36859197,0.92997662,-0.58502048,0.86931432
-0.63150647,-0.24067955,0.92811246,-0.084384409
-0.64645548,1.2059312,-0.080280067,-0.3651621
0.48337791,1.1297339,-0.67834623,-0.042768981
0.98370314,1.070019,1.3556425,-1.7614269
-0.41014524,-0.93300937,1.7506186,-0.73328711
-0.7986706,2.0893679,0.93677347,-1.2059435
2.0778591,0.30027572,1.0910483,-0.25525913
-0.36639899,1.3581997,1.3492512,-0.42179363
-1.0510441,-0.28118603,0.081148946,-0.37601665
-0.28683381,0.60694041,0.55155717,-0.13093702
-0.47555056,0.95567777,0.64963768,-0.58017362
1.872633,0.019413804,-0.37884529,-0.81203935
-0.60018627,-0.021333638,1.0517748,0.096710282
-0.10889944,2.6584398,0.7393462,-0.1475313
0.97322799,2.4922424,0.81559856,-1.2027261
1.4481665,1.8805244,0.19286091,0.34521468
0.96210147,1.0552262,0.72092445,-1.1681003
0.62618763,0.2437486,0.11170661,-0.74701015
0.11969127,1.7768867,-0.24611282,0.60153225
0.43693451,0.14453668,-0.24537559,-0.81086274
-0.12146333,-1.4631733,1.3552817,-1.0991528
0.99986174,2.759767,-0.25119827,0.31412896
0.7947782,0.84561983,1.0272771,-0.16782168
-0.15840009,0.72162097,1.958114,-1.2824307
1.0843238,-0.054981606,1.6830525,-0.47215532
1.0686577,1.0195211,1.6085881,-1.1417572
2.2817976,0.9044478,-0.44625872,0.68915309
-1.1019251,0.52047751,1.0482019,-1.428301
2.066151,0.23393586,1.0988344,0.632006
2.2021185,-0.51179446,1.644991,-1.1786764
-0.73302427,0.058974822,1.0636217,0.58915418
0.67616901,-0.17468766,0.16867703,-0.67897337
1.9002482,-0.97270301,0.65519877,0.76544446
0.98609246,0.94505065,0.35877592,-0.55395997
1.2597931,1.0020712,0.0012731838,-0.13186669
0.21243227,0.569911,0.89705255,-0.0087057884
1.6101484,-0.0046751092,-2.5023915,-1.0280115
-0.15221498,0.92297515,3.6118056,0.74642979
0.7672586,-0.76471216,-0.9342965,-0.74346353
1.1071601,-0.80843785,-1.9012365,-0.40797272
0.78186142,-0.13845767,-0.94704419,-0.30190622
-0.53756349,-0.28728587,0.77636086,0.1033764
1.3532493,1.7333331,-0.091139797,0.61362924
-0.60731463,2.4812625,0.14311446,0.27829135
1.3231768,2.5778108,1.0216811,-1.5141703
1.1772001,-1.0386603,1.7172693,-1.4461124
0.39543307,-1.5769562,1.6594205,-0.2860612
0.96149833,2.8139497,0.1899836,-0.034689371
0.41641565,-0.87411705,-0.41494188,-0.085436653
1.0344038,-0.43395457,-1.1386523,-0.1387832
0.30150164,0.1574893,-0.16157083,-0.60775582
1.6797507,0.0025511907,0.50457102,0.97701642
0.54726997,0.20927264,0.025672388,0.87092454
-0.42641257,0.12307483,0.97973776,-0.3629479
1.085688,0.18294475,-0.0033986666,-0.86092111
1.8954523,-0.81138964,-0.38118282,-1.3588921
-0.4845881,2.1451601,-0.93579119,0.86858531
0.64749664,0.68118011,-0.20641445,-1.0852531
-0.80584545,0.75058388,1.7314358,-0.44927255
-0.61647082,1.2395601,0.4963595,0.56124741
-0.7117494,1.5472603,0.017457649,-1.0655824
0.12782741,0.62171559,0.83853691,-0.91109201
-1.6051099,1.8781535,-0.80285828,0.0044033383
2.9379771,-1.1085512,1.1152891,0.75508747
1.9488166,-0.46581742,-0.27630705,-0.12390926
-0.19077264,1.1417428,1.8411919,1.9502186
1.4783095,-0.70155513,1.5933294,1.9449148
2.6660745,-1.1237043,-0.50233059,0.35905486
-0.094598477,0.869506,0.32847677,0.0517217
1.2450509,0.75362784,0.42389978,-0.8066163
1.7866398,-0.040227947,0.80857401,1.3374831
0.53505937,0.5037914,2.0508042,0.62303555
0.76054559,2.0454362,1.9325546,-0.72661314
1.4579898,-0.81442039,-0.98722237,-0.28617314
1.0997943,-0.35238069,-0.59265731,-0.60072569
0.42876056,0.90726712,1.4711915,-0.52948903
0.14873995,1.2710385,0.30514951,-0.74413273
0.26520752,0.73731475,1.6714746,-0.19731707
0.056062825,0.63846203,0.25778144,-0.64364004
0.89680788,1.3154276,1.024252,-0.059957864
0.58820788,1.5526161,1.0474919,-0.61104499
0.67480913,1.8616205,-0.00039558767,-0.17323785
1.5046499,1.5627386,0.73737687,-0.59448147
0.70495548,0.64815833,1.822525,-0.34113867
0.5941524,0.9251772,-1.4334408,-1.1300777
0.70139225,0.5121659,1.4197909,-0.48803389
-0.37820765,1.1056507,0.61146918,-1.2992385
-0.21561001,-0.5007179,0.32267197,0.32852727
1.8004448,1.1637522,-0.084598583,-0.72932235
0.83214789,1.1508993,0.83664963,-0.50677785
1.4177945,0.17356818,0.61807352,-0.62132648
0.80348628,0.46882828,0.44829916,-0.81264508
-0.037801124,0.38990019,1.0581054,-0.55417645
1.5730455,1.2668566,0.69043653,-0.25468075
2.0033927,1.010954,0.39371581,-0.070099929
1.1623891,2.9973111,0.73323858,-0.61604281
0.43065227,-1.0159529,0.7583516,-0.30829434
0.71192989,2.8922329,0.57708984,-0.30451844
1.1006269,-1.5455855,-0.41845205,-0.061239527
1.0101434,-1.9756268,1.2755527,-0.53135678
1.9780728,0.14852964,0.19732346,-0.22892795
1.8604808,1.1146055,1.4078976,-0.75826024
0.42789594,1.4467782,0.83373956,-0.14390891
-0.23015214,0.56474549,0.31210291,-0.046559886
-0.64669801,-0.090939973,0.91581288,-1.1676674
-0.13929862,0.88698641,0.35653145,0.26518958
0.25396365,0.16382102,1.8187892,-1.0544361
1.279331,0.20692599,1.2182943,-0.021606853
0.38995915,1.6793504,2.4029683,-0.037583962
0.74573945,-0.30708762,2.3456324,-0.10671077
1.5141326,1.6091916,0.73171996,-0.89374346
1.0496736,0.29840739,1.0948274,-0.34709517
1.2076648,0.83649088,0.19454748,-0.28099224
1.3026649,0.88385973,0.42087839,0.46509524
0.77632395,0.25886242,0.34915012,0.41278003
0.475205,1.3472347,0.73011284,-1.6613468
0.026873432,0.94585494,0.60043876,1.4819993
1.195703,0.54372232,-0.55005862,-1.338974
0.41790773,0.062087104,0.31835446,-1.1506106
1.4652368,-0.17662685,-1.4410925,0.46124238
1.5355859,1.4652633,0.00072106228,-0.17551635
-0.42127394,1.2453677,0.50597276,-0.11500483
0.71986077,0.25831004,0.31565725,-0.8269589
0.70141853,1.7790763,0.15249353,0.78890235
0.44974033,1.3000708,0.4933917,-0.98395835
0.63397016,0.83658888,2.2040517,-0.34089902
0.3546675,0.96121096,2.2242761,-1.4586522
0.46397394,0.92158944,-0.04832564,-1.2971814
-0.43769638,0.73681663,-0.0091890357,-0.15247961
0.85372903,1.2493721,0.49051082,-0.58830198
0.23878181,-0.1100475,0.59246908,0.082607737
0.03764132,2.1070432,-0.0060091396,-0.54338908
0.75363776,0.55587158,-0.53585583,-0.87642084
0.44886632,-0.92574781,0.60715857,-0.37984525
0.16780939,1.5595671,0.049671103,0.044690631
-0.041498011,-0.12573587,1.4540805,-0.91648499
0.34600404,2.6491029,0.509152,0.6765653
0.58822496,-1.6838512,0.25515283,-1.4122745
0.45336964,0.77448364,-0.46418696,-1.4656379
1.6748157,0.59002737,0.1613084,0.60820244
0.50004469,0.21454222,1.1231015,-1.4845803
-0.32051063,-0.81362896,0.54643009,-0.081171996
1.9824929,-0.082566323,2.9255593,1.0658477
1.8359005,0.9166219,2.909024,-1.346219
2.1842067,0.29776278,-1.4241782,-0.66984324
0.02844141,1.0264454,1.1747249,-1.4917195
1.3685291,-0.84591778,-1.962994,0.52254601
-0.19821322,0.25976821,1.9514265,-0.72835268
-0.34836555,0.043885801,1.0321819,-0.7029164
1.0821096,-0.3651215,-0.15314528,-0.84113912
1.7887127,0.17723175,0.22184224,-0.83637207
0.11030109,1.049638,1.205826,-1.720459
0.71265985,0.097163403,0.36320867,-1.2431891
1.2511051,-0.098242289,-0.010614364,-0.0071559524
1.1908567,-0.10602453,-0.028000508,-1.0781015
1.8277346,1.2140139,1.1879685,0.38337486
1.5803101,0.7026535,0.00066037308,0.53200319
1.1586791,1.6940466,1.3055732,-0.60806385
0.27727007,1.3127433,-0.75323886,-0.91367941
0.58292345,0.09397167,-0.23528737,-1.1141424
-0.88270507,2.0612926,0.50931672,0.34113114
1.4633125,-0.28027811,0.8057909,-1.0119595
0.89347823,-1.0182951,1.112989,-0.21783048
0.35933944,-0.70844398,1.2782567,0.15708917
-1.8650961,2.0516756,0.4845782,-1.3290152
-0.19962708,1.4082438,0.48847355,-0.14037941
0.35980726,1.4904577,0.23737869,-0.8940605
0.73042234,0.58562099,-1.2759965,0.33486547
0.1318776,-0.82921591,2.1876295,1.2498683
-0.067494709,0.71787883,-1.1221564,-0.73563152
1.3396886,0.64549702,-1.6891167,0.22192957
-1.0087911,0.88945904,2.3462773,-1.5276007
0.9718385,1.26018,-1.3523437,-1.7240562
0.57225791,0.29786855,2.2488055,1.1041594
1.0912237,0.027952388,-1.426321,-1.4955759
1.0671097,0.77039443,1.6805979,-0.63740337
-0.090583499,0.62297924,-0.51727565,-0.053193237
0.5054659,0.97432484,-0.19167856,-0.33016512
0.66436454,1.0123078,1.3416616,-0.10494985
0.59182406,1.299448,1.0933179,-0.26254919
1.0724816,0.86053149,-1.8535971,-0.85669538
0.73913374,1.2223988,2.2625038,-0.32860829
1.1710495,0.49373529,-0.64257964,-0.31748252
-0.064031471,1.4824378,1.7742316,-0.60493611
0.13550882,0.15293396,1.7646837,-0.40164112
0.13298121,1.3775817,2.3231384,-0.79106574
1.3805184,0.010580747,1.8557454,-1.5118989
0.92614945,0.77364738,1.7014971,-0.79605759
1.2333287,-0.3312287,-0.49467035,-2.8464092
0.71284497,0.59155779,-0.90586026,1.2859053
0.24975746,-0.81018572,1.6490713,-1.1605333
0.75865863,1.557845,0.47266814,-0.63331532
0.090415733,-0.35991047,2.426443,-0.78836696
0.33143933,-0.58347771,0.6696679,0.29478089
0.18989116,0.8648228,0.95367829,-0.27650544
0.19211322,1.5836359,0.27138835,0.57530427
2.4397762,-0.093702558,2.3674462,0.08255924
-1.1118536,1.5248816,-0.84014717,0.2513259
1.816368,0.97773349,-0.6795497,0.70911899
0.73517629,-1.4757096,-0.061510436,-1.6529814
0.6937151,3.2026557,-1.27165,0.40228923
-0.17598058,-0.087473005,1.6526761,0.021423356
-0.39952732,-0.5182063,0.10046685,0.6252225
-0.0049034483,-0.70772878,0.32134395,-0.4030594
-0.45744739,-0.17466767,0.25019628,1.2582307
-0.75936599,-0.54329425,0.59641014,-0.66148699
1.8049051,-0.87471918,0.044212312,0.47166155
-0.55307027,1.8196728,0.85490645,-0.1246228
1.9692174,-0.63896899,-0.14755001,0.16168591
0.4586915,1.9921431,0.38811438,-0.99629505
-0.096930451,1.3392541,0.86034688,0.40535888
0.66837294,0.6893742,0.82243772,0.93211452
0.58914389,1.2463374,1.1390236,-1.472514
1.1779855,1.0633435,1.2311953,0.6047474
0.38744615,-0.13730208,-1.1282537,0.57816761
0.92482666,-0.51687326,2.6740558,-0.21694596
1.6473032,-0.1310977,3.0700109,-0.030519983
-0.039811419,1.9344168,-2.4114208,-1.086686
1.1787924,-0.80152968,1.1978034,-1.8319324
0.54512805,-0.03465652,0.38795356,-0.3626446
1.2461412,0.55816679,1.1107094,0.13254699
-1.0256935,0.030474828,-0.22843148,-0.94557405
2.1351839,1.701028,0.56383136,-0.73596358
-0.84161039,1.4334653,1.8870492,-0.91614402
-0.47683974,2.6433364,-0.90246517,0.45366033
-0.16991849,2.1477669,-0.48402934,-0.55633599
0.41843997,0.69875794,-0.38751387,-0.24096276
1.0152905,0.89598792,1.0794236,-1.1110801
-0.17816203,0.094791225,1.4806437,0.19888532
1.8219209,0.56163818,-0.36383068,0.022654062
-0.11602576,0.95295162,-0.23961981,-0.37478386
2.3828016,0.50364238,-0.30759815,-0.10867906
2.1689594,1.1951857,1.1642226,-1.8673387
-0.94216594,0.38310753,0.57011116,-0.4340533
1.7049831,0.79037011,0.20668991,-2.7895976
-0.39174617,-0.92336199,-0.49958643,2.0767038
0.65476573,1.2859473,0.18504579,0.87972725
0.34176848,1.7384608,1.0331377,-1.3963314
0.30970116,0.389338,0.29697295,-1.3571699
1.4463928,0.52424605,0.54124161,-1.0245456
0.16410732,1.1972432,-0.63714205,-0.90469536
-0.38456903,1.2344833,1.8319478,0.45188184
-1.2734239,1.0499032,0.10814054,-1.2795163
2.7964529,1.7846587,0.60544913,-0.20702045
-1.3837789,1.6553034,0.93447424,-0.57708595
2.8482086,-0.8765521,0.60628242,-0.87853574
2.9878551,1.3873876,-0.14261978,-1.2505698
-1.5174411,0.59943706,1.4179769,0.074269692
0.82031526,0.42342939,1.5944068,1.2654204
2.0026856,0.98315302,0.96335524,-2.0136827
-1.8859765,0.86727221,1.0571189,1.8485585
1.0391287,0.96441069,0.72095911,-0.61818975
1.6238719,0.12046647,-0.17067978,0.15138801
2.0541851,1.0984514,0.5955014,-0.34761636
1.808337,2.2383213,0.5870203,-0.10157972
-0.54324231,-0.33102413,1.369947,-0.53270312
1.3787157,-0.93816945,1.6715658,-0.60680917
0.87949284,1.017572,1.1601449,0.46854911
0.78515088,0.78141002,0.029931077,-1.1401139
0.96692735,0.7072381,1.4078038,-1.1474366
0.64991145,0.34000211,1.9597168,-0.74943478
-0.044996767,0.82926002,1.9324728,-0.26008697
1.7539948,1.2135181,0.22920095,-1.0441846
1.4252349,0.44497359,0.66914406,-0.39824612
1.8780401,0.64183536,-0.30424243,-0.59165537
-0.33611166,1.3539749,-0.061365818,-0.39593158
0.35769969,0.41692696,1.2494786,-0.36948921
1.6321382,-1.0651225,2.1724089,-0.99130828
-0.5488789,1.337914,1.8304374,0.14448756
2.0845837,1.3440804,-0.021051033,0.093949301
-1.1896854,1.3268547,-0.10245478,-0.89244179
-0.066240228,1.2826263,-0.10245478,-1.1194012
1.8255286,-0.72157597,-0.82257179,-0.37377442
0.11920057,-1.6410662,-0.90630256,-0.46307261
1.064695,2.5465028,0.59537237,0.4144113
1.3885088,-1.1287925,0.83677107,0.061651941
0.24821295,1.3192397,0.44231481,-0.19114539
0.58674616,-0.24954175,-0.39396328,-0.48568805
0.95713163,-1.2209309,-0.6412035,-0.84674709
0.15862922,2.4034445,1.3617363,0.25942796
1.2801939,-0.69238713,-0.11714787,1.0063105
1.4939824,-0.28505619,-0.27554823,-1.8352736
1.5313295,-0.68360795,1.6440203,-1.1062818
0.64645167,-0.44344755,1.7510743,0.39525075
0.42826002,1.3762063,1.9196827,-0.3454364
-0.23291111,0.61826496,2.010966,0.15044587
0.95991965,0.62278726,1.1575472,-0.30648153
0.46457368,-0.012751378,-0.72962678,-0.54278943
-0.98217357,1.2234578,-0.49953623,-0.040905929
0.52941399,0.26853566,1.6302897,-0.5687152
1.4569133,-1.5121485,2.5203872,1.1162137
0.45860256,0.42065395,-1.9062145,0.91740386
0.62758126,-0.41257721,2.0716201,-1.8863139
0.99860652,1.8382596,1.6431718,0.39950355
0.69204246,0.39264919,1.0369659,-0.0096342989
1.0655555,1.0528153,0.3998756,-0.59430886
0.19087123,0.036496471,1.0112274,-0.96707068
0.75191553,0.062360715,1.7814664,1.0786217
-0.23062125,2.0086007,1.7888033,0.33706312
0.13792805,0.44145858,0.73341222,0.49569501
1.5198089,-0.70145444,0.8241483,-1.4883291
1.4081393,0.85210624,1.2140855,-0.14065587
1.4739338,1.5780572,1.0674358,-0.71479205
0.018734137,1.2703859,0.8019542,0.46367522
1.1004908,0.49427462,0.60938146,-0.22312154
0.29713409,-0.25670179,0.8750643,-1.3921837
1.5239148,0.75399164,0.63648285,0.30644365
1.9148108,0.34926208,1.043673,-1.2594354
-0.83180156,0.46513253,1.2015437,1.3761398
-0.96228518,1.8999073,-0.25884013,-1.2525102
0.63033958,2.0092914,1.188399,-0.30212415
0.84687608,2.453188,1.800904,0.040058897
0.39104467,-0.46724062,-0.69813997,-0.45167925
0.8247993,0.42756714,1.5527471,0.70428544
-2.1559028,0.8151351,1.546898,0.2330972
2.2722064,0.79978694,1.1054896,0.27687075
2.3615991,0.45097365,-0.069598122,-0.75941176
1.9654215,0.50119955,-0.17278359,-0.46794965
-0.92578643,0.82199708,-0.89846418,-0.65172515
1.188499,0.51204399,-0.61249563,-0.8099655
0.11840393,-0.19152284,2.0909419,-0.054333091
1.2660788,2.0286097,-0.49916371,-0.039949687
1.4068699,-0.54420843,0.6420929,-0.53151225
2.6507435,1.673285,1.16278,1.0913333
2.0002825,0.345012,0.13662885,0.83430944
-0.34510956,0.0023802967,-0.062716374,-1.3994266
1.3172904,1.2720493,0.83373154,-0.56716262
0.59319616,0.97967308,0.72549918,-1.4026934
0.42696626,1.4898372,0.66291494,-0.47219196
-0.084661252,0.10438901,2.1465262,-1.3731982
0.99294929,0.34836153,-0.66183594,-0.9904187
0.89904901,2.5374393,-0.39836907,-1.5800575
1.299537,2.8769688,-0.24608987,-1.0589474
0.92013996,-0.40517927,1.9423114,0.062641489
2.3146969,1.1460207,1.2387665,-0.96381951
-1.2036564,0.36391956,1.4664482,-0.26462573
2.3783095,1.1040954,0.099469619,-0.59001701
-1.0338171,0.74279248,0.98153853,-0.6612435
0.06943889,0.81411232,-0.16452429,-0.57384358
1.349889,-0.29054391,-0.065031924,-0.39196837
1.2565085,1.4927983,0.70393557,0.36064824
2.2313475,0.48005018,-0.5971807,0.39581407
-0.59334128,-1.2682265,1.6769784,0.27683161
-0.45114537,0.28864061,0.34357172,-0.20299818
0.81794549,-0.013162011,0.57825875,-0.20299818
1.141462,-0.35568512,-0.64251034,0.026581502
-0.92614634,1.2861386,1.6517894,0.6210569
-0.71090203,0.3164604,1.5123838,0.90278515
0.4253483,0.71300793,-0.0033722996,0.38733294
0.55498974,0.28756648,-0.36416393,0.13179999
1.6536693,0.84976222,2.5161746,0.36353787
0.57216189,-0.19858883,2.3987957,-0.88106566
0.80416376,-0.10855475,-0.88984293,-0.15989089
0.56512123,1.0910022,0.56809981,-0.20952275
1.3638103,1.1352305,-0.1758188,-0.137712
0.18733642,-0.40058523,-0.43254345,-0.89427761
1.0270481,-0.82348541,-0.60276884,-0.3885619
0.35592,2.4750241,-0.98721657,-1.0700079
1.0103053,1.6808936,-1.5611501,0.36463784
1.0229273,0.45511157,2.1889865,-1.3578053
2.3108534,1.1432119,2.7464154,-0.40658971
0.48557123,0.84966162,0.28826921,0.37844339
0.99020993,0.37515452,1.3496298,-1.0098802
0.17585004,1.2287317,2.044032,-0.69279013
1.0927395,2.3904201,1.1541422,-0.52650194
0.52240276,0.14463012,0.56725212,-0.58748303
0.38714712,1.1285134,0.93705332,-0.17282822
0.34836765,0.2684327,0.40407567,-0.23394321
-0.15237629,0.51318691,-1.1572486,0.58989759
-0.64239633,0.8307813,1.1720943,-0.98603953
1.6659596,0.58330527,1.4901965,-0.35001706
-0.56146937,-0.75700745,-0.865846,-0.22598921
1.2239201,-1.3756345,-0.22247503,-1.4583174
-0.084726026,2.0637874,1.8256233,-0.90929025
0.75660612,0.0021219951,1.3650506,-1.0499724
0.70298521,0.66807197,-0.7520559,0.16771178
0.42834269,0.63121977,0.16249237,2.0791311
-0.2341122,0.91368865,0.52811125,-1.0813517
0.23368173,0.99323434,1.2152653,-1.3569106
-0.30783278,0.88233555,1.2747592,-2.0039302
1.9774821,3.2179707,0.3647133,-0.89642124
0.42676556,1.835941,2.6093881,-1.8681537
1.8739048,1.4890623,-0.81851146,0.41256017
1.194658,-0.024121839,1.7697391,-1.5659147
-0.12695894,0.87498889,2.5910134,0.64070954
1.2169572,0.76897684,-1.815186,0.51769629
1.2686239,1.6314794,0.70348842,-0.18514184
-0.47921822,-0.22903141,0.48303581,-0.87137255
1.6466777,2.0184933,1.8057711,-0.58037876
0.59314303,0.23275832,0.096315656,-1.4618269
1.4433119,0.73603948,0.25110844,-1.9016462
-0.43243141,-0.014275301,0.8300448,-0.068576236
1.0120729,1.3249552,-0.39482072,-1.4014097
0.42593052,-0.37765326,2.0646834,-1.2095038
1.7695378,1.1124561,0.7922191,0.69737257
-0.56267396,0.7111226,-0.44814611,1.2263886
1.5903467,0.91445445,1.704854,-0.16528773
2.8798662,0.38242969,1.9682941,-0.45400819
1.4295981,0.19374483,-1.5790115,0.65345115
0.0038236524,0.43995565,1.5333663,-0.33905452
1.3793038,0.39686822,0.43815288,0.57493714
0.024052145,-0.4620965,-1.4514283,1.083654
-0.40686135,-0.79751277,-0.10501144,0.43395002
0.42302494,2.6216526,-0.58894396,-0.09233592
0.86354519,0.90888365,-0.8534282,-1.4887443
0.15422836,0.87665385,1.0482529,0.52087093
-0.42789706,2.182023,1.5462895,0.93517193
0.84630585,1.5564228,0.8713691,-0.89367761
-0.07192355,-0.1139343,0.47194176,-1.0314547
0.58861215,-0.20565804,-0.17095567,0.10146797
0.71853598,0.83549468,1.625173,0.11092034
0.81056055,0.41606594,-0.28723203,-1.657468
-0.51612498,1.216531,0.45298268,0.14857581
1.7513729,0.042582785,-0.20209614,-0.78889849
-0.72722211,1.5319533,0.78821379,-0.11852404
1.3796477,0.13967881,1.383266,0.23125934
0.43049814,-0.20369409,1.7943759,-0.95108455
0.71104645,-0.014686721,-0.20527213,-0.090295736
1.1026514,0.21158114,0.80752911,-0.52762064
3.1177258,0.17963772,0.65149518,-0.18386894
2.8644577,1.0384875,-0.31923181,-0.51334541
-1.1203212,0.15250261,1.156105,0.065655057
1.9477842,0.4167902,1.3902326,-0.3107712
0.40007067,0.60736321,2.8044254,-0.27920015
0.31681543,0.54390819,2.8754407,0.72918371
0.66247958,-0.73526676,1.6216536,1.8838491
0.016212185,-1.2124383,0.77477541,-0.57180641
0.62316205,0.55743337,0.79471314,-0.59214504
2.1458658,1.5403911,-0.021059622,-0.74795893
-0.1408743,1.7722621,-1.2871868,-0.86684222
1.213629,2.0175222,0.80780681,0.47362616
1.9396876,0.3749118,0.16724128,-0.029871141
-0.72554656,0.81125952,0.96052202,-1.0624238
0.51342529,0.042741461,-0.57644509,-0.53447804
0.50138671,0.98985475,0.85589841,-0.6595671
0.35311638,-0.098328991,0.45869246,-0.61046078
0.13790965,2.0321325,-0.74693486,-0.44729179
0.024012934,2.0797162,1.9493633,-0.28454603
1.3249411,0.53823724,-0.40054614,-0.10575975
-0.042680883,0.98753247,-0.51913002,-0.54929979
0.95261708,-0.056841532,1.1132516,-0.18986997
0.55462417,1.2608356,0.46102743,0.33114764
1.3753289,1.2969517,0.43796173,0.22499183
1.5668548,0.43757484,0.42908372,0.49244919
-0.051448391,1.3018098,0.73167196,-1.9662467
0.60888227,0.078179234,0.26663935,0.75454886
1.0347407,0.71704632,2.0743589,-0.052717294
1.0389242,0.55476477,0.3816006,-2.2483216
0.59475194,2.1627252,1.1220285,-1.0925846
0.62410991,-0.23191093,0.62747545,0.24766526
0.48768764,0.34187209,1.1946629,-0.97195452
0.61795248,1.2028684,0.78239102,-0.81270026
0.53043925,1.1885308,-1.0580976,0.50186889
1.175136,2.0775489,0.60400363,0.38407895
0.055567659,1.3862262,0.3099171,0.7599863
1.0609139,1.3862262,1.306277,-2.3501184
0.58009948,-0.18509963,0.18728706,1.5845674
1.7448972,-0.086277137,0.18444333,0.439555
-0.29863893,0.82878083,1.1961695,1.0974586
1.1182939,0.54256046,-0.33051747,-1.6848751
2.0102129,0.77092764,-0.89532727,1.0558988
-0.22840549,0.60325539,1.5590074,-1.7488439
2.0107531,0.58915777,2.0352637,-0.057193372
-0.47615309,0.86147304,-0.49996485,0.096072317
2.7177901,1.3385549,-0.49996485,-2.507096
-0.89709761,0.44013787,-0.41444607,1.1313173
1.4069433,0.75717088,1.0320749,-1.6808802
0.18670156,-0.46190407,1.2401506,-2.1763172
-0.27150058,2.0188196,0.7009611,-1.0475206
0.35749422,0.20086951,-1.5466456,-1.3212849
0.73510206,0.17238316,2.2953555,-0.23113252
0.22867899,-0.51323736,0.99075705,-1.3014212
-0.58881369,-0.14316515,0.20111565,0.63775904
1.688957,-0.97468083,1.1863279,-1.9219033
0.6723859,0.037541425,-0.030428063,0.94930647
0.96401279,1.4342884,0.0358392,0.82462625
0.5562236,1.0596266,0.28549676,-2.5046874
0.36048153,0.70517731,-0.064523957,1.720204
0.48862132,0.65962056,0.97031791,0.56610638
0.9643948,-0.15392392,0.32950386,-1.5437893
0.28557617,0.52371147,1.1813322,-1.208282
1.5261358,0.19564134,0.87940917,-2.3036236
-1.2300524,1.5484196,2.0558421,-2.1319603
-1.2711173,1.5044685,1.2814288,-0.42166549
1.7190895,2.4067221,2.4724096,-1.1377602
-0.38736144,1.6807724,-1.442718,1.3087056
1.4817036,-0.57031428,-0.46479814,-1.1937058
-1.1842735,1.1948126,-0.50615733,-0.13871961
2.2846694,0.4195389,-1.6954859,-0.43706457
1.6156655,1.9248523,3.0940375,-1.1730616
0.20736766,-0.12913313,1.5965546,0.24868192
0.54130206,0.38009117,-0.29146334,0.058078292
1.1058574,0.94140522,1.0370398,-1.2048161
0.42860472,1.2526057,-1.6834238,0.41718969
-0.80967223,2.2660311,2.3509366,-1.4240753
-0.66924617,2.3242932,1.4732927,-1.6920236
-0.64575982,0.75590779,0.88087775,-1.3916298
-0.47799005,0.9171557,0.34054575,-0.34259288
0.77150689,0.82816495,0.053573151,0.052395665
-0.83786087,0.66877201,0.14652859,1.9983564
-1.2064833,2.317589,1.3366022,0.72156867
-1.0216159,1.780847,1.4214461,-0.092213298
2.0291925,0.26173617,1.1622421,0.55978682
1.7732144,1.3490952,0.61710816,-1.0573148
-1.2878153,-0.30637508,3.0074294,-1.0851163
-1.1881455,2.508362,1.1708823,-1.0775787
-1.1232438,0.74004779,-0.31504303,0.40861594
0.65102725,1.115499,-0.82730268,-1.0180188
-0.061890266,0.62731032,0.67841814,0.087124417
1.5850937,1.1559999,0.11146544,-0.020260094
1.7879706,-0.43320713,0.54146111,-0.65937105
0.50461516,1.146848,0.57228015,-0.42534593
0.97641318,0.67798608,-0.61176956,0.11663231
2.2621515,0.8681748,-1.1176206,-1.8137943
-1.1526138,1.0307087,1.602482,-2.2032121
-1.1641807,1.0402646,-0.23249178,2.4001441
-0.76647328,0.52289291,0.54135248,-0.53165533
1.920567,1.8652546,0.53002889,-0.75549561
0.049527619,1.6210535,1.8152105,0.17620784
0.39136094,0.2087055,-0.61221606,0.91717184
0.87891676,0.30264901,-0.64049053,-1.7937278
2.0099873,-1.229417,-1.1774643,0.55630203
2.0103274,1.6947045,0.046828757,-0.96230974
1.7537429,1.136755,0.87758965,-0.25978246
0.72841162,0.42771469,0.4068199,0.27048709
-0.27077084,0.54256884,0.567621,1.4743381
-0.24023397,1.4748383,0.32198588,-1.767734
0.93539965,0.060157382,0.9888031,-0.56973054
1.6865364,1.0340642,0.33302058,-0.097252245
3.0722047,0.32365927,-0.54437503,-0.61239756
1.4115766,2.0494293,1.7423269,-0.74918986
-0.20900616,0.78466602,0.93853274,-0.20627921
0.032129536,1.6719913,0.41901822,-0.91172193
1.6207963,-0.036913792,1.1009739,0.61645598
0.10356128,2.3148855,0.1687306,-0.7973307
1.2921659,2.2729884,1.0959483,-0.50412427
0.69652227,1.3732083,0.44939961,-0.46644307
0.86105427,-0.90709781,-1.3620302,0.79781859
1.392645,2.1468923,0.98115952,0.76292204
0.68362785,1.6060588,1.4232798,0.17601308
0.99699635,-0.61683435,1.0964243,0.18530573
1.2630215,2.028438,0.022194254,1.7083504
2.3771265,1.7696715,-1.1974771,2.0689032
-0.29427371,0.37077562,2.0265298,0.035173255
1.5716259,0.15788356,-0.41134057,-1.060148
3.0920757,0.25187386,-0.033358262,0.93231744
0.45418068,1.1675889,1.4434623,0.91544314
1.1771892,1.3017136,-0.35357659,0.88762217
1.2424507,2.2828083,0.38390647,1.5352183
0.94405,0.78659502,-0.88078704,1.4637743
-0.35302472,0.71267168,1.2694977,-0.018944752
1.6199181,-0.39568233,0.5659806,-0.88828834
1.3008705,-0.020802519,2.1944667,-0.15208454
-0.38818347,0.2325725,-0.4762619,-0.85015472
1.1643275,1.8485393,1.0444819,0.13805491
1.3666965,2.5776077,0.072884714,-0.36718454
1.340122,-1.4911101,0.26515622,-0.60732197
0.7255954,-0.47477278,0.1673702,-0.77253119
2.0915231,0.96269055,1.0950214,-0.38659258
-1.0253019,2.6238151,1.2264494,-0.34871674
2.3104142,-0.85778294,0.6317583,-0.96768551
0.53188477,-0.12270934,0.72688713,1.1641905
0.48679716,-0.94714486,1.5968714,-1.7832613
0.6881965,1.4376939,0.3888783,-0.69935648
-0.14974419,-0.66864233,-0.093994625,0.54556479
1.6049055,-0.18109539,1.5266147,0.51456577
0.99590316,0.92974262,-0.26850409,0.10852253
-0.39474967,1.1402639,0.9227191,-0.98255674
1.0597428,0.53591537,1.6423616,-0.9044944
0.68344518,0.87378721,-0.32542812,0.48654171
0.69048156,1.1874386,0.0059987961,0.59312523
0.3358223,-1.1064521,1.073671,-1.5134656
0.25034484,-0.36161041,0.72003489,-0.96432519
-0.4089221,0.96688003,-0.10671412,0.19064183
3.0538468,1.6437543,0.16927038,-0.15051444
-0.02264012,0.7001129,1.3122996,-0.44624019
2.4932783,0.95961936,1.0264511,0.54872979
-1.3769167,0.61959679,0.58305508,-0.80365687
-0.57174136,0.72239129,0.53313105,-1.9401703
1.7136052,1.4818243,0.89362861,-0.81953468
0.56113279,-0.33313386,0.87411109,-0.013683712
0.58555086,0.71513011,-0.012331605,-0.68227937
0.62330793,0.83419424,-0.31627073,-0.34069648
0.34073735,1.5376102,0.39833364,-0.65548613
-0.1422877,1.2175994,-0.013810029,-1.3531129
0.30125387,0.14461123,1.2704912,-0.2361807
0.60903288,1.3599053,0.062313732,0.3445507
0.29861043,0.29652236,0.96706795,-0.14905652
0.13264553,0.076921264,0.32866226,0.15865283
0.24628404,0.47883502,0.6961644,0.64898135
1.1506841,0.69891444,0.25969069,-1.6687381
-1.5248832,0.69891444,1.0686837,0.83613745
-0.89510522,0.51875609,-0.25338561,0.36519655
1.3648982,1.1003018,-0.67095011,-0.262093
-0.20376759,0.75939551,2.1903014,-0.39634337
0.31019073,-0.40583201,2.1420489,-0.92816369
1.3915151,0.61993064,2.2779167,0.13631841
-0.33847911,-0.54582817,2.2390775,0.15604145
0.27831432,0.92224638,2.101262,-1.1433627
-1.1571011,1.8179408,-0.36033254,-1.0150222
-0.96522651,2.6832839,0.51581173,0.27371311
2.3540558,-0.94996933,-0.51946518,-1.175452
1.3909807,1.7072279,-1.2246031,-0.2188075
-0.11866285,0.50948027,0.84406102,0.0021470212
-0.24438189,-0.018752867,1.1061546,-1.0501627
1.0614639,-0.13534636,-0.11679185,0.93747428
-0.2178083,-0.86952315,-0.71784571,-0.3284344
0.94588674,1.01311,-1.3271523,-1.0735399
0.87906527,-0.3665199,-0.3944651,0.42541759
0.0052769797,0.63903623,2.1229952,0.84220458
0.84170025,0.37843447,2.3749987,0.48778588
0.52835373,1.2581857,2.3777105,-1.5135204
-0.76910025,0.5985782,1.1745226,-1.6663242
0.7442266,-1.0128007,1.3304904,0.73035247
0.05812676,-0.049251231,1.03418,0.63224902
0.12698124,1.1710654,-0.50611371,-0.95278053
1.261209,0.32181148,0.52587178,-0.99883558
-0.16934772,0.3687017,0.70211648,0.67290123
1.9483776,0.81866514,1.0548,-0.70924734
1.8107266,0.51137732,0.98501279,0.83782875
-0.51471185,-0.064846897,1.4199539,-1.707958
0.050049294,0.92794834,-0.25356302,-1.8161559
0.49217541,0.60040153,2.217976,-0.12740486
0.51868774,1.2315867,1.1911667,-2.0942626
0.42690577,1.5275242,-0.61180826,-0.99617836
0.57205192,0.50835836,-0.90509709,0.20907501
0.71554701,0.29699595,-0.54299945,-0.91154396
1.5616503,0.75074098,-1.1275558,-0.45082755
0.4736061,0.93619146,-0.16207852,0.44978283
0.29798275,0.67974716,-0.76890777,-0.35286679
1.5891262,-0.81470231,2.1160448,0.28662238
-0.26474014,2.2186975,1.7355552,0.099730825
0.88626879,3.2870274,0.26501052,0.58358159
0.25440983,-1.1502467,0.48010988,-0.30061909
-0.84575688,-0.96818614,0.74070929,-0.21053271
1.5159615,0.23182999,1.9610327,0.12476194
0.66392171,0.81743982,1.7239485,0.097013874
-0.071549493,0.49215174,2.1620766,-0.46661227
0.61988311,1.3295525,-1.1281706,-0.36015555
0.78037287,0.049664683,-0.22620969,-0.097706391
-0.87743486,0.76801995,-1.2356409,-0.10763127
-0.53401554,1.2504885,-0.38560836,-1.3282881
0.47884759,0.36641521,0.78010311,0.92277892
0.16863264,2.2311155,-0.15536345,-0.26850233
0.93534364,-0.81998621,1.3879574,-1.7985079
1.2189899,-0.51250653,1.5095262,0.54739367
1.191868,1.9493123,-0.10193497,0.60722123
1.2507966,-0.68235993,0.85769451,0.15418478
-0.12666204,1.5020004,1.1089688,-0.38786544
-0.86289666,-0.15486486,0.5061574,-1.1024922
0.82257115,-0.35387642,2.0202117,-0.67253553
0.29193597,-0.91667049,1.7394858,-0.7513767
0.95847519,0.37970659,1.3861662,-0.43365398
0.64430977,0.49847867,0.0093879001,-0.4550334
3.2967439,1.0033204,1.3087008,1.7308962
-2.01847,0.94266143,1.4734769,-2.3085695
1.684838,1.1726284,-1.1899454,-1.47562
-0.78185317,-0.15618563,1.8913037,-0.14908143
2.2642455,0.80329382,1.2239645,-1.0386334
-0.33691447,-0.92501213,2.3237219,-0.11177462
0.1380305,0.50799769,0.58517308,0.6374622
0.81158303,2.0485445,-1.1438314,-1.2097881
0.39629078,-0.90050142,2.1245187,1.3070162
0.51965633,0.08637799,1.4691403,-1.7236391
1.6395218,0.52755028,-0.93621296,-1.8025236
0.7948623,-0.28786391,-1.2197414,0.97824955
1.1679787,-0.5839745,-1.6049044,-0.52182546
1.3862169,1.5174411,3.0353633,-0.63121057
2.2021407,-0.54229539,-1.9695007,-0.22104964
0.91713418,0.056436204,-0.90663691,-0.60948286
0.20203987,1.0441163,-1.5045307,-0.57114066
0.73601007,1.0054911,-1.3009832,-0.91003142
-0.47000118,0.02946498,0.52343348,0.5289246
1.3765195,1.4114222,1.2213126,-0.35757269
1.8331253,-0.086542277,1.3820783,-0.20412713
-0.37140678,1.3520571,1.2338455,-0.23079437
-0.018978225,2.3199407,-0.29721116,-0.11093713
1.1094332,1.4237426,0.34830923,-2.5850848
1.8244932,0.3791524,0.21002603,-2.2104207
-0.22505648,2.0256292,0.82504829,0.015087351
0.34530467,1.0586332,0.88617869,-0.97662987
1.1755302,1.4534597,0.032824168,-0.74108622
0.61682522,0.94098984,0.17511052,1.0735549
1.5560206,1.7985561,0.23073094,-0.53671971
-0.090822583,0.51165134,0.32306573,-0.15257638
1.1396801,0.63087285,-0.76165367,-0.83965085
0.84174914,0.26591334,-0.06097962,-0.7751832
2.1212124,1.1906131,0.019955791,0.071613006
1.4610841,0.70600299,0.018381136,-1.5572231
1.5982738,0.085634341,0.71996315,1.0259976
0.61491197,0.63447077,1.458901,-1.5242753
1.4135968,1.823221,0.8897302,1.3376454
0.33666121,-0.6962404,0.19047408,1.9833298
0.086393456,-0.57640187,0.2497634,0.81690662
1.6476254,0.41455183,0.058426666,1.0937863
0.38315166,1.3801199,0.30004218,0.61175336
1.2584138,0.95932203,0.66138435,-0.33570379
1.1454966,0.50432611,-0.22962258,-0.61595441
1.1578405,0.75668447,-0.72176503,-1.0755291
0.21810325,-1.312157,-0.29493789,-1.681801
0.12225671,2.0293083,-0.056370951,-1.8332896
-0.60333314,-0.051709413,-0.42615954,2.1074394
0.27799164,1.392488,1.3428939,0.49180325
-0.12896409,-0.12125917,0.61227229,0.20939243
0.43798325,-0.89901854,0.54913506,-1.0365011
1.3177873,2.8947297,0.38388487,0.97848281
0.59699677,1.8921231,0.4057055,0.74434181
0.42256283,0.17198618,-0.010988442,-0.2791752
0.2097614,0.15646137,0.96974522,-0.29158929
0.097172326,1.450972,0.099193491,-1.5225682
0.30928312,-0.07288029,0.33166216,-1.3533223
1.1177814,1.2033074,0.92840879,-0.6011094
0.074154564,0.59361717,0.35872442,-0.473261
1.1005066,2.8626185,-0.46426889,0.053375022
0.62997679,1.5679593,1.9075021,-0.04120124
-0.43094845,1.2724686,2.1099674,-0.39152113
1.7624298,0.8290293,1.9918423,0.35483855
-0.66712626,-0.27827051,1.1206006,1.5268797
-0.8714831,1.9274597,-0.073274214,-0.97457142
0.082801464,0.11911905,0.63099264,-0.3390652
0.95101151,-0.1735521,1.995562,1.0295891
0.059040874,-0.30356622,0.29058676,-1.9819538
0.45952189,0.46730315,1.8633917,-0.12024761
1.1110656,1.6437918,0.49830559,-0.32202923
1.1703762,2.3476904,0.1547298,-0.92523613
1.8898381,1.194341,0.1547298,-1.2357481
1.5718603,0.26190391,-0.058266741,-1.4831231
0.28879696,1.9394892,1.2494632,-1.2687284
1.471419,-0.52885136,0.37843592,0.89922513
1.0677345,-0.056092213,-0.07880294,-1.1700318
1.12904,2.0159301,1.1173123,1.2803245
0.43452268,3.6727809,0.27529156,2.054872
0.33895095,3.4205259,0.3889851,-2.7522308
-0.17367425,2.6253746,0.52482583,-2.2442529
-0.56965211,2.4840171,0.68479557,1.6619208
1.716629,-0.0029972956,0.58403471,1.586371
0.13252668,0.16630411,-0.33927224,-0.81674472
0.29839289,1.0781002,0.7224796,-0.0093478716
0.26271221,-0.044355971,1.5417645,-0.41307947
-0.53789604,1.3980174,-0.43760056,-0.23619229
0.86362754,-0.62007101,-0.71766823,-0.43146633
-0.44977069,-0.039738242,-0.43481462,-0.98751225
-0.62656373,1.3881197,1.8689314,-0.79839577
-1.5805195,-0.43398492,1.9059205,0.16300725
1.2319655,0.41338913,2.5780982,-1.0777345
0.3112689,-0.13098853,0.45972623,0.1801584
1.1913184,0.12649501,0.87592191,-0.3733612
-0.30115016,-0.51266109,0.92765927,-0.54402291
0.29363822,-0.085166181,0.91822442,0.60026823
0.99782236,0.7300719,0.96888004,-2.5851585
0.15801429,1.4532728,-0.97020896,1.2644814
3.2491417,0.46872809,-1.3195906,-1.3992282
-0.25594297,0.51444676,-1.4938134,-0.14950014
0.61194188,0.76321092,1.9820735,-2.7442522
1.0024298,1.9046459,-0.79051315,1.2341378
0.027544455,0.09682459,0.40519515,0.67505629
0.18720027,-1.2275966,1.3214851,0.39053727
0.81938451,2.189113,1.2645783,-1.2218826
1.3085715,0.75957399,-0.0078997371,0.77239275
1.0420644,0.62980726,1.4791821,0.79703981
1.2913589,0.061188451,0.90946099,0.64120376
-0.52522821,1.1238221,-0.3141919,-0.40516503
1.9664909,-0.30244263,0.99158643,-0.087948259
1.1577737,-0.27374576,-0.15681336,-1.6778521
0.88492647,-1.398673,-0.11122512,-1.9407187
1.2958589,-0.23581245,-0.9397459,-1.5377142
1.6152271,-0.036614854,1.5273306,-1.2719847
0.47425827,0.58184553,-1.0964886,-0.18963347
0.63279234,0.6907855,-0.098928141,-1.0744018
1.7155598,0.16129018,-0.098928141,0.038134309
0.47248639,0.59895108,1.128696,-0.51384339
0.081579193,0.80569198,2.0982248,-1.5024864
0.20682116,0.78165223,1.8289931,0.8347599
1.4099375,0.98131325,0.35902306,-0.58890964
0.50528187,0.90423082,1.762769,-1.5191974
1.0361084,0.59249652,-0.6088166,-0.03407237
0.73639583,1.4696815,0.78026261,-2.0620679
0.94440496,-0.099283078,0.78026261,-2.2199119
-0.10329197,2.1214335,0.011507899,-1.3943351
0.32558017,0.17859022,-0.16135335,0.016867796
0.0816891,0.63834966,-1.0402731,-0.60819152
1.0474171,0.72131338,1.6411409,0.5407723
-0.86403811,0.14053212,1.9036792,0.4746947
-0.29559791,0.57603417,0.73394874,0.091931268
0.79774067,0.65387769,0.12308122,-1.3212638
0.77145573,1.2407421,-0.12360168,-1.0088834
0.058389351,0.28736129,-0.64982887,-0.22216844
0.20321347,1.0714562,-0.63848079,0.48904733
1.167675,0.7291029,-0.92380125,-1.1756374
0.22516172,0.9253836,-0.40602966,-0.84312458
-0.59039431,1.1932117,0.98147455,-0.0011261323
1.112741,1.5399945,0.5128221,0.047566132
1.9987422,-0.30884782,-0.29560841,2.2390694
0.86165592,0.50715028,0.51554931,1.7268464
0.85076912,0.057846277,1.1265775,1.613369
0.44941353,2.4275956,0.95243991,-0.64260123
-0.54818454,1.2998235,0.40478391,-0.68801138
0.81784308,0.52193099,1.0530082,0.10938394
0.49089928,-0.033836231,0.53980523,-0.89265788
0.048929478,1.3331212,1.1241922,0.021078849
0.00089115235,-0.19962886,0.26114952,-1.6643512
0.61820273,0.40211941,1.3792095,-1.0607999
0.0021679477,0.40492656,0.42630686,-0.28799036
1.2966852,1.9648211,0.70251475,0.28496789
-0.14423312,1.1058697,0.57890488,-1.172006
-0.15170678,-0.28549287,0.13561988,-1.5950442
1.4502696,1.8003382,0.81614931,-0.50487962
1.6044596,-0.67923163,0.41322595,-0.18083395
-0.61605058,1.9777605,0.78222413,-0.43976763
1.6238625,0.04354304,0.66198994,0.51702829
1.7908602,1.9263077,1.4871608,0.75311506
1.0601162,2.0274981,0.81306817,-0.82081883
0.57188039,0.91102263,-0.38726702,0.0068358004
1.2040165,1.1348713,-0.49599618,-0.66885147
1.6631715,0.33407815,2.0342339,-0.66885147
1.2539655,1.4810096,1.6071225,-0.10246029
-0.094519633,0.10639779,-1.0351432,-0.99732279
0.48141179,-0.46737596,-0.1490211,-0.8500908
-0.53410536,-0.28038427,-0.11891121,0.035571089
1.8812381,0.86977695,1.6432213,-0.79522586
1.7760983,0.50058467,0.250457,0.408609
-0.25915251,1.0141227,1.5186963,-0.87889296
-0.92394515,0.10670677,0.90671975,0.73976541
-0.96471515,0.59232148,-0.22527096,-0.53427999
2.1110419,-0.42035793,0.53630901,-0.091043013
2.3337462,1.1014584,0.14373317,0.14517159
1.0371345,-0.76698705,0.58114,0.016046863
0.40206427,0.19147267,-0.46945785,-0.94700288
-0.050029083,0.080018269,1.0554498,-0.38420644
1.425624,1.6965563,-0.50332301,-1.5169668
0.14372901,1.2370278,0.033149799,-1.2552274
0.75829191,1.3363303,1.3067278,0.55670621
0.84841397,0.54727375,-0.35629067,0.57795435
2.1408517,0.19963907,-0.44188686,-0.28294144
-1.133707,0.40655623,2.3839725,-0.27016832
2.3650413,0.48328022,0.69431255,-0.2030725
-0.79174904,-0.16572931,0.48833665,-0.53769866
0.31969888,1.093082,-0.035881866,0.87421314
0.69269403,-0.14361374,-0.069853935,0.45333012
0.78221525,1.1604516,1.0404322,-0.75235339
1.5551914,0.96121048,-0.02603632,-0.78494523
0.37746547,1.0490232,1.1517001,0.54824014
0.59818346,0.48719717,-0.79858743,-1.0020802
0.27691812,1.9862872,-0.15986521,-0.66832254
-0.071120558,0.33642806,1.4215149,-0.67455724
1.2471954,1.0228669,2.208502,0.22688845
0.24715809,-0.71766537,1.0595834,-1.0133389
0.85249834,2.4774419,1.2966248,0.91010208
-0.29845318,1.0422728,0.44725524,-2.1216077
1.1202203,0.29709538,0.73948741,-1.8797381
0.7627325,0.81699628,-0.36839409,-2.6860234
0.64637685,-0.030028276,-0.030851056,-0.9497639
-0.064567918,0.049013095,0.9106896,-0.45276895
1.4434313,1.8344036,0.69117961,-0.27429679
-0.011721054,2.4499812,1.1211662,-0.22661637
2.1830271,0.69685293,0.69742748,0.94660172
0.068059782,1.2173786,0.41974785,1.4210213
-0.2092798,0.75036082,0.35489569,-0.25294848
2.3413271,1.8910012,1.2854154,-0.35357317
-1.3941237,-0.55430572,1.2056022,-1.1217955
0.99316404,0.05025952,-0.9474817,1.1147639
0.4144137,0.75133378,-1.2088931,-1.0573467
1.5123914,-0.33557977,0.026591881,0.323696
0.74300911,0.26942771,-0.74092613,0.36007271
1.2255945,0.12368064,1.3249669,0.39356687
-0.16919815,0.50277725,-0.27433329,0.28646108
1.1491163,0.55389137,-0.66843345,-1.0088843
0.68556021,0.43799163,-0.082751183,-0.50715505
1.0499978,0.89791995,0.91826178,-0.76906515
1.6111919,0.68060254,0.76968745,-1.4183283
-0.3125459,-0.015333666,0.29325115,-0.3214029
0.97421291,0.60958563,1.1201655,-0.12646839
0.94250669,2.3963232,0.19850867,-1.1932111
1.0079795,-0.75987986,-0.79919043,-0.43598497
0.11282955,-0.54226146,0.67071933,-0.3806547
0.84199236,0.64419335,0.24705712,-0.40681878
-0.18775054,0.15601398,0.39114976,0.50079127
-0.035155326,-0.7449961,0.85752932,-1.1220254
-0.088321679,-1.017302,2.5681062,0.12461873
1.2008142,-0.77941082,0.83017689,-0.47424587
0.40524234,1.3042489,0.10548832,0.60839996
0.45905823,0.077303045,0.58943219,-1.197233
0.91300919,1.6069334,1.3056652,0.011182342
-0.12201407,-0.20195171,-0.41121825,0.083403711
-0.27628871,0.35276369,0.082752936,-0.90798455
-0.59274974,1.1043289,1.067354,0.18380354
0.59694715,1.5228962,1.2151107,-0.94036182
0.59694715,-1.421722,0.82316799,0.80559479
0.034555187,-1.8303141,-0.62537007,0.85608741
-0.24327168,2.7612235,1.4783775,-1.542255
0.8310842,2.5783029,0.39733672,-0.20256799
1.176828,1.2422163,0.6233188,0.18476308
0.83436714,1.1887435,1.6704844,0.32449705
-1.3782012,-0.55920364,-0.29275165,-1.9845732
2.1419976,1.1139078,1.7267052,-0.97299593
0.26947269,1.0017636,0.90550583,-0.1553853
0.64767967,0.46297303,0.15959291,-0.14492976
1.1515171,0.46297303,0.62330681,-0.089890773
1.0238585,1.53852,-0.81589561,-0.49169517
0.28563236,0.24506783,0.15461748,0.14803662
0.23209397,0.95968806,0.099711915,0.11267424
-0.27118797,-0.90852229,0.50933065,-0.98572571
-0.23337065,-1.7327121,-1.1502096,0.48027202
1.3831296,-2.4703746,-0.54595206,0.74566041
-0.90265434,-0.40517966,0.95970836,-1.2835773
1.9375308,-0.15564118,-0.45539528,0.78716663
-0.85635037,0.75331872,1.024972,-1.735705
2.1991109,0.42911459,0.022058645,-0.83956971
-0.21213645,1.2556585,-1.3678655,0.11411656
-1.124236,1.7554236,1.0310961,-0.45055269
2.1281971,-0.71996785,1.5436824,0.61039779
2.1912373,-0.53115989,0.92449554,-1.1692388
-0.036108327,2.0880208,0.36836255,0.19976409
1.1197197,-0.89208892,0.50087553,0.27867068
0.11921531,2.0274281,-0.64680766,0.33259123
0.56679913,-0.80292774,1.8801297,0.71984657
0.82708497,2.0316155,-0.60083733,-0.42580112
0.54585409,-0.9253275,1.7665526,-0.20989188
0.41048527,2.0277142,-0.11520026,0.87756691
1.0517746,1.4975581,0.91049435,0.59415682
-0.86529912,0.094337195,-0.67939194,0.60159635
-0.17327027,0.30683969,1.690232,-0.14910301
0.014868396,0.30435005,1.1217714,-0.15689602
2.0640826,0.64759396,3.0403768,-0.76072778
1.9369731,0.74129037,2.6337288,-0.41928798
-0.70519249,0.36613225,-0.0043512967,-0.57063068
0.84931728,0.27204225,0.17259552,-0.044954809
2.1687234,0.7926779,0.25822062,-0.59885003
3.0889159,1.070364,-0.277145,0.21873491
0.98725394,0.77466478,0.4361989,-0.38483918
0.12665216,-0.20732474,1.4730917,0.10317329
-0.3699041,0.62961291,2.2508905,-0.82690464
1.0587493,-0.26151448,0.051155696,-0.085497213
0.59775918,-0.22597132,1.3997106,0.065622608
0.11080779,0.2628112,0.36770604,-1.9670707
0.92476544,0.17810489,1.1304733,-1.267707
0.55189923,0.94144559,0.45856545,0.40696446
0.84345611,1.1867225,1.4905733,-1.3198949
0.73546593,0.52405811,0.32180777,-0.26948898
0.079006287,-0.3402698,0.91237096,0.23000107
1.4018311,-0.36148541,1.5730556,-1.4841477
-0.6863967,1.3534245,-0.58243413,-1.9724459
-0.82154776,1.1098819,1.0317608,1.265867
-1.3199177,1.6380344,1.8080607,1.8729708
3.0895742,-0.29063392,1.2409909,-2.4492046
0.43936162,2.3721813,1.0151702,-0.14637194
0.60950325,-0.49753217,-0.16035383,-0.32512671
0.25107185,1.3180203,0.68270098,-0.32030245
0.79227751,1.8751729,-1.1969268,-0.34114204
0.61732141,0.014668657,1.7259518,0.88561199
1.8338513,1.1483392,0.75147838,0.21409577
-0.24717095,0.081578942,0.6599596,-0.35322805
0.23678002,-0.3023309,1.2468233,-1.6749338
0.56040316,1.7605807,0.76300359,0.67210033
1.4248875,2.4446378,0.8043287,-1.2387693
0.76581925,-0.43479544,0.055235677,-1.2856291
-0.1100086,0.81647768,0.12933416,0.54008203
1.1466802,0.2312049,-0.5237869,0.21237347
0.10830717,1.5555253,1.492936,-0.66210353
1.0775183,0.68127333,-0.15356565,-0.82079472
0.58337992,0.82256019,1.5247857,0.076477496
0.42699812,2.1320599,0.34111607,-0.015866952
-0.61531439,0.98420113,1.1397228,-0.88353158
1.7859748,0.22714213,1.3064093,-0.67459218
1.6821764,-0.48892055,1.919428,0.22210198
0.81952243,1.7966961,2.060285,-0.24259253
0.71958327,0.29645827,1.4551138,-0.079241423
0.6566815,0.13641235,0.033082213,0.76744707
0.18353239,-0.23581687,0.49131415,-1.0466201
0.29844607,-0.29929891,0.93370499,0.24920343
0.14595752,-0.34276217,1.3106152,-1.8369138
0.56759286,0.83603368,0.99873762,-1.1975683
-0.53604418,0.59493502,0.91443906,0.87286835
-0.1160013,1.6143216,1.1089466,0.24718882
-0.40108911,1.7468888,0.2750505,-0.80536306
1.459639,1.186489,0.3741178,0.20821969
-0.27828629,0.540161,1.0556661,1.0631662
2.1168855,-0.23924328,-0.30632556,-1.5708614
0.78892444,-0.91469989,0.12887341,-0.1835189
0.54032273,-0.88918004,2.1073987,-0.066007621
0.87397604,-0.14816635,2.1737209,-0.74208238
0.89367995,-0.089547048,2.3674108,-0.21942715
1.14524,-0.089547048,0.43322894,0.37833045
-0.43825282,2.0918171,0.46921495,-0.073758763
-0.39668396,-0.4215281,0.58112709,0.12553338
-0.75804952,0.41112214,0.58112709,-0.038633735
1.9663658,-0.020692271,0.48682879,0.29617441
-0.24427043,0.29956082,2.1006067,-1.2503637
1.0022006,-0.22434751,0.60588686,0.46361748
-0.0056940088,0.92562893,0.50871364,-0.17534836
0.51265708,0.092013905,0.87469157,-0.50612982
1.0099613,1.156159,-0.85477578,-0.61696231
1.0199788,-0.31093298,1.6783024,-0.3628632
1.777272,0.94417195,-0.011733794,-0.38220518
1.1626782,1.1267579,0.072611372,-0.38735474
0.50176673,-0.45634907,0.58420208,0.87388733
1.0633417,0.52633479,0.13040499,-1.4659302
2.4923212,0.24249919,0.63569798,-1.8608774
1.3342965,0.21795389,1.7220264,-1.8628706
0.27422707,0.82271339,1.2780652,-0.66342368
0.87935155,1.7403855,1.2522581,1.2061808
0.33246524,0.85807569,1.9929486,0.42029344
2.2110328,0.7902742,0.58349429,-0.15825455
0.68388711,2.6715352,0.4416296,0.57934497
1.0326892,-0.94617506,0.0010210684,0.23853394
1.1702875,0.14562745,1.2477975,0.025414248
-0.36139899,0.59943074,0.42142291,-0.42902884
0.40387569,0.7238982,1.3631436,-0.65978338
0.47849155,0.33381598,1.5331934,0.034958086
-0.56372515,2.0253699,-0.84945738,1.7038322
-0.25416765,2.6214972,1.8096433,1.1005624
1.9114011,-0.16470427,-0.29791127,-1.3870071
2.4026842,1.5958698,-0.23311523,-0.22746685
0.17182946,-0.026868091,-0.26015687,0.060347489
1.1188073,1.1062671,0.98626087,-1.0615795
0.74395612,0.31903929,-0.34023287,0.43725311
0.62244485,0.59418163,1.0898078,-0.97544573
0.41068382,-0.27991749,2.1547982,-0.097492981
0.83117771,1.1742013,1.01021,-0.75980809
0.32133941,0.0016912806,0.52927198,0.28298397
0.235164,1.4714514,0.31630835,-0.97250483
1.1434188,1.8676603,1.7683087,-0.060894638
0.29154748,-0.76456873,1.4983736,-0.82863125
1.1937877,2.2798915,0.98436705,-1.3838943
0.024864003,1.0992409,-0.42957132,-0.67741955
2.097388,1.061731,-0.36513164,0.23995206
1.0624072,-0.018871199,1.8037805,0.020533303
0.45024627,1.0295044,0.78414038,-0.6833437
-0.36611642,1.2842908,2.2732355,-0.69541336
-0.50425008,1.6318842,0.010344034,-0.59632249
1.4892248,-0.16391381,-0.17573217,-0.0052282676
-0.89366072,0.95269261,0.28923772,0.28793972
0.97061046,-1.0191758,0.68186557,-0.74984087
0.73676924,-0.37219921,-0.34199728,-0.58962461
-0.82603221,0.79385242,0.724767,-0.54087814
-0.69651935,0.56518982,1.1616889,-0.58731325
0.52399348,0.89809592,0.36578587,-1.673526
1.1504926,-0.42280231,0.52423823,-1.6829577
0.17868673,-0.053859619,0.53318387,-2.1290484
1.186717,1.2212166,-0.60875206,-1.7360264
0.17960591,0.9076014,-1.1736422,-0.89040547
1.5217167,2.5891039,2.0220201,-0.85736577
0.64953944,2.3047617,-0.54585309,0.322395
0.33357951,2.1085589,1.8492076,-0.98570237
0.5710387,2.3732377,-0.9234987,-0.95595246
0.037472076,2.7287739,0.60873047,-0.47242281
-0.40730906,0.83737641,0.17770826,-1.8043379
-0.24439901,-0.1285917,-1.543378,0.9452553
2.3890315,-0.33069725,0.020923305,-0.64130354
-0.82238224,0.1718259,1.2427507,0.48119361
-0.55031689,-0.76275823,1.509718,0.53813753
1.1547675,-0.056028089,-0.11320852,-0.76294127
0.33582265,0.8244079,1.5572533,-1.0597773
0.17199224,0.55278834,-0.70724188,-0.77922126
0.41306513,1.5852775,0.53501794,-0.22128618
1.1100649,0.99131326,1.0756419,0.11761535
0.51172967,-0.0028952468,1.1378125,-0.016707745
0.88733119,1.2084631,1.3907286,0.044682655
0.70184786,1.063863,1.6821835,-0.078064421
0.74782868,0.98328538,0.67160572,-0.74650785
1.226773,0.67224634,-0.41066979,0.40642102
1.3633892,0.39928206,-0.99778004,-0.54907328
-0.53392085,0.71851133,0.94540395,-1.3071094
0.035428295,0.25757953,0.25000987,-0.99181868
0.20516631,-1.0068507,0.40560609,-1.0139592
0.61052961,-0.30994649,1.06206,-0.080204524
1.0190099,2.3457787,0.87579791,0.65622452
1.7038669,-0.8954444,0.46473679,-0.47489264
1.1314286,-0.27056467,0.29242401,0.05794593
0.87151527,-0.5678337,0.11626946,-0.84965378
0.99289482,1.6966906,0.66704907,0.049733283
1.0950935,-0.6515962,-0.46479082,-0.29699715
0.019961272,2.3044356,1.5764121,-1.4144023
0.65179311,1.0388828,0.8685564,0.44019414
0.66130267,0.18575727,0.49971517,0.041977041
0.42144457,2.0761474,0.48375463,0.095160265
-1.6569481,-0.45232505,2.2010901,-0.31784605
2.5919273,-0.18087868,2.7338882,-1.0047511
1.9737029,1.227376,0.87968764,-0.75062717
1.7677417,-0.035815713,-0.54603216,-0.62891963
-0.1740689,-0.17022265,-1.684122,0.70509151
-0.51545869,3.1833079,-1.6245147,-1.6342894
0.18231826,1.5357385,-1.2451781,-0.34766938
0.54225974,0.11939659,0.59104638,-0.66645757
0.55059163,0.65928267,0.41708702,-1.3798249
1.4033002,-1.1844465,0.063827276,-1.8416823
0.88441656,1.272817,0.53841342,0.8904547
-0.21393888,0.79335958,1.6239986,-0.49667846
2.36155,-0.082239589,-0.26252516,-0.38844072
-0.29655308,0.396361,-0.35947137,-0.42773318
1.1543537,0.99886403,-0.03932466,-0.11154807
0.43668862,0.77317041,2.7111301,-0.8915556
0.87892739,0.83231002,0.64183692,0.27500746
1.082176,0.69386611,0.16147606,0.48305124
0.88514803,0.22711514,0.92870723,-0.33712449
-0.093907843,0.98620341,0.5021946,0.42764509
0.30277323,2.1203691,0.41104678,-0.21546449
0.89102603,0.16874576,0.85800534,-0.3158783
1.4166103,-0.053741722,0.3242469,-1.6677557
1.0227636,1.7930178,0.71495721,-1.5901013
-0.047452645,0.085736576,1.0022718,1.0203009
0.62399557,0.75283151,-1.6947044,0.71892963
1.0075932,0.96943344,1.3070961,0.031028286
0.2185637,1.3570631,-1.0517371,-0.82986749
1.2113805,1.4798053,1.4505806,-0.57678525
-0.20071529,0.3804215,0.91294386,0.14035408
0.35806907,1.3516276,-0.14073636,-2.1413911
1.1435978,1.0568605,1.4821391,-0.075363755
0.37968778,0.87166138,1.2173515,-1.3382824
0.44921341,0.45951887,0.18356283,-0.26673849
0.14454091,0.13424215,-0.53834439,-0.79715779
0.80986522,1.1936449,1.7564434,-1.2310036
-0.24994528,2.8720226,0.2066183,-1.0345978
0.1720313,-1.7112516,0.60757797,1.0840412
1.5075832,1.2493231,1.2044678,1.6832324
0.16302525,0.35979584,-0.2599518,-1.9138866
0.29374304,-0.73234002,0.25923835,-1.3596552
1.268788,-1.5090825,0.55002711,-0.57501018
-0.40055908,2.3281418,0.77633749,-0.91266406
0.26210911,2.8044523,-0.37665024,0.22418208
2.0558105,2.3967833,-0.69946876,0.75238534
2.1611819,0.99166438,-0.44135923,-0.14518307
-0.86140944,2.0269173,1.3864217,-1.4851285
0.43582517,0.17047275,-1.0495339,0.28623117
0.96683881,1.1501094,0.77566787,-1.5022864
1.339897,-1.0107001,1.4021867,-1.2132778
0.68953385,1.3532965,0.4292052,-0.72644007
0.62641428,-0.3968855,-0.2091304,-1.1976952
1.0831378,1.707129,-0.49098315,-0.17507789
1.9692403,-0.3509831,0.13289506,-1.4065138
1.2899912,0.40105957,0.53501551,-1.2047936
1.0983637,1.6004739,0.27809677,-0.13425524
-0.026936223,2.0482351,1.3799145,0.57592116
-0.15663846,-0.85653145,-0.3000508,0.39242443
1.2312413,1.9527775,1.3397874,-1.2061151
0.23352479,0.050118035,0.47745618,-0.095950549
-0.20122283,0.7110769,1.5501958,-0.36666126
1.4864754,0.62044348,1.4021085,-1.1961186
0.031852403,0.63439242,-1.0348354,0.48648016
1.4470074,0.86725722,-0.11518776,-1.3151679
0.46529001,0.72763069,0.80450478,-0.47721301
0.82230972,1.7389358,1.348301,-1.781498
0.094192351,2.0282126,0.59292764,-1.2667909
-0.37287464,0.55697197,-0.21172813,-0.75176433
-0.56903179,0.68241165,0.11635868,-0.0098942707
1.0880809,0.070761961,-0.22464427,-0.42595544
0.0069661419,1.3130455,0.55894436,-0.87538452
